const uint32_t Image_horse_rgb565[160][160] = {
0x008410, 0x008410, 0x008410, 0x008410, 0x008410, 0x008410, 0x008410, 0x008410, 0x008410, 0x008410, 0x008410, 0x008410, 0x008410, 0x008410, 0x008410, 0x008410, 
0x008410, 0x008410, 0x008410, 0x008410, 0x008410, 0x008410, 0x008410, 0x008410, 0x008410, 0x008410, 0x008410, 0x008410, 0x008410, 0x008410, 0x008410, 0x008410, 
0x008410, 0x008410, 0x008410, 0x008410, 0x008410, 0x008410, 0x008410, 0x008410, 0x008410, 0x008410, 0x008410, 0x008410, 0x008410, 0x008410, 0x008410, 0x008410, 
0x008410, 0x008410, 0x008410, 0x008410, 0x008410, 0x008410, 0x008410, 0x008410, 0x008410, 0x008410, 0x008410, 0x008410, 0x008410, 0x008410, 0x008410, 0x008410, 
0x008410, 0x008410, 0x008410, 0x008410, 0x008410, 0x008410, 0x008410, 0x008410, 0x008410, 0x008410, 0x008410, 0x008410, 0x008410, 0x008410, 0x008410, 0x008410, 
0x008410, 0x008410, 0x008410, 0x008410, 0x008410, 0x008410, 0x008410, 0x008410, 0x008410, 0x008410, 0x008410, 0x008410, 0x008410, 0x008410, 0x008410, 0x008410, 
0x008410, 0x008410, 0x008410, 0x008410, 0x008410, 0x008410, 0x008410, 0x008410, 0x008410, 0x008410, 0x008410, 0x008410, 0x008410, 0x008410, 0x008410, 0x008410, 
0x008410, 0x008410, 0x008410, 0x008410, 0x008410, 0x008410, 0x008410, 0x008410, 0x008410, 0x008410, 0x008410, 0x008410, 0x008410, 0x008410, 0x008410, 0x008410, 
0x008410, 0x008410, 0x008410, 0x008410, 0x008410, 0x008410, 0x008410, 0x008410, 0x008410, 0x008410, 0x008410, 0x008410, 0x008410, 0x008410, 0x008410, 0x008410, 
0x008410, 0x008410, 0x008410, 0x008410, 0x008410, 0x008410, 0x008410, 0x008410, 0x008410, 0x008410, 0x008410, 0x008410, 0x008410, 0x008410, 0x008410, 0x008410, 
0x008410, 0x008410, 0x008410, 0x008410, 0x008410, 0x008410, 0x008410, 0x008410, 0x008410, 0x008410, 0x008410, 0x008410, 0x008410, 0x008410, 0x008410, 0x008410, 
0x008410, 0x008410, 0x008410, 0x008410, 0x008410, 0x008410, 0x008410, 0x008410, 0x008410, 0x008410, 0x008410, 0x008410, 0x008410, 0x008410, 0x008410, 0x008410, 
0x008410, 0x008410, 0x008410, 0x008410, 0x008410, 0x008410, 0x008410, 0x008410, 0x008410, 0x008410, 0x008410, 0x008410, 0x008410, 0x008410, 0x008410, 0x008410, 
0x008410, 0x008410, 0x008410, 0x008410, 0x008410, 0x008410, 0x008410, 0x008410, 0x008410, 0x008410, 0x008410, 0x008410, 0x008410, 0x008410, 0x008410, 0x008410, 
0x008410, 0x008410, 0x008410, 0x008410, 0x008410, 0x008410, 0x008410, 0x008410, 0x008410, 0x008410, 0x008410, 0x008410, 0x008410, 0x008410, 0x008410, 0x008410, 
0x008410, 0x008410, 0x008410, 0x008410, 0x008410, 0x008410, 0x008410, 0x008410, 0x008410, 0x008410, 0x008410, 0x008410, 0x008410, 0x008410, 0x008410, 0x008410, 
0x008410, 0x008410, 0x008410, 0x008410, 0x008410, 0x008410, 0x008410, 0x008410, 0x008410, 0x008410, 0x008410, 0x008410, 0x008410, 0x008410, 0x008410, 0x008410, 
0x008410, 0x008410, 0x008410, 0x008410, 0x008410, 0x008410, 0x008410, 0x008410, 0x008410, 0x008410, 0x008410, 0x008410, 0x008410, 0x008410, 0x008410, 0x008410, 
0x008410, 0x008410, 0x008410, 0x008410, 0x008410, 0x008410, 0x008410, 0x008410, 0x008410, 0x008410, 0x008410, 0x008410, 0x008410, 0x008410, 0x008410, 0x008410, 
0x008410, 0x008410, 0x008410, 0x008410, 0x008410, 0x008410, 0x008410, 0x008410, 0x008410, 0x008410, 0x008410, 0x008410, 0x008410, 0x008410, 0x008410, 0x008410, 
0x008410, 0x008410, 0x008410, 0x008410, 0x008410, 0x008410, 0x008410, 0x008410, 0x008410, 0x008410, 0x008410, 0x008410, 0x008410, 0x008410, 0x008410, 0x008410, 
0x008410, 0x008410, 0x008410, 0x008410, 0x008410, 0x008410, 0x008410, 0x008410, 0x008410, 0x008410, 0x008410, 0x008410, 0x008410, 0x008410, 0x008410, 0x008410, 
0x008410, 0x008410, 0x008410, 0x008410, 0x008410, 0x008410, 0x008410, 0x008410, 0x008410, 0x008410, 0x008410, 0x008410, 0x008410, 0x008410, 0x008410, 0x008410, 
0x008410, 0x008410, 0x008410, 0x008410, 0x008410, 0x008410, 0x008410, 0x008410, 0x008410, 0x008410, 0x008410, 0x008410, 0x008410, 0x008410, 0x008410, 0x008410, 
0x008410, 0x008410, 0x008410, 0x008410, 0x008410, 0x008410, 0x008410, 0x008410, 0x008410, 0x008410, 0x008410, 0x008410, 0x008410, 0x008410, 0x008410, 0x008410, 
0x008410, 0x008410, 0x008410, 0x008410, 0x008410, 0x008410, 0x008410, 0x008410, 0x008410, 0x008410, 0x008410, 0x008410, 0x008410, 0x008410, 0x008410, 0x008410, 
0x008410, 0x008410, 0x008410, 0x008410, 0x008410, 0x008410, 0x008410, 0x008410, 0x008410, 0x008410, 0x008410, 0x008410, 0x008410, 0x008410, 0x008410, 0x008410, 
0x008410, 0x008410, 0x008410, 0x008410, 0x008410, 0x008410, 0x008410, 0x008410, 0x008410, 0x008410, 0x008410, 0x008410, 0x008410, 0x008410, 0x008410, 0x008410, 
0x008410, 0x008410, 0x008410, 0x008410, 0x008410, 0x008410, 0x008410, 0x008410, 0x008410, 0x008410, 0x008410, 0x008410, 0x008410, 0x008410, 0x008410, 0x008410, 
0x008410, 0x008410, 0x008410, 0x008410, 0x008410, 0x008410, 0x008410, 0x008410, 0x008410, 0x008410, 0x008410, 0x008410, 0x008410, 0x008410, 0x008410, 0x008410, 
0x008410, 0x008410, 0x008410, 0x008410, 0x008410, 0x008410, 0x008410, 0x008410, 0x008410, 0x008410, 0x008410, 0x008410, 0x008410, 0x008410, 0x008410, 0x008410, 
0x008410, 0x008410, 0x008410, 0x008410, 0x008410, 0x008410, 0x008410, 0x008410, 0x008410, 0x008410, 0x008410, 0x008410, 0x008410, 0x008410, 0x008410, 0x008410, 
0x008410, 0x008410, 0x008410, 0x008410, 0x008410, 0x008410, 0x008410, 0x008410, 0x008410, 0x008410, 0x008410, 0x008410, 0x008410, 0x008410, 0x008410, 0x008410, 
0x008410, 0x008410, 0x008410, 0x008410, 0x008410, 0x008410, 0x008410, 0x008410, 0x008410, 0x008410, 0x008410, 0x008410, 0x008410, 0x008410, 0x008410, 0x008410, 
0x008410, 0x008410, 0x008410, 0x008410, 0x008410, 0x008410, 0x008410, 0x008410, 0x008410, 0x008410, 0x008410, 0x008410, 0x008410, 0x008410, 0x008410, 0x008410, 
0x008410, 0x008410, 0x008410, 0x008410, 0x008410, 0x008410, 0x008410, 0x008410, 0x008410, 0x008410, 0x008410, 0x008410, 0x008410, 0x008410, 0x008410, 0x008410, 
0x008410, 0x008410, 0x008410, 0x008410, 0x008410, 0x008410, 0x008410, 0x008410, 0x008410, 0x008410, 0x008410, 0x008410, 0x008410, 0x008410, 0x008410, 0x008410, 
0x008410, 0x008410, 0x008410, 0x008410, 0x008410, 0x008410, 0x008410, 0x008410, 0x008410, 0x008410, 0x008410, 0x008410, 0x008410, 0x008410, 0x008410, 0x008410, 
0x008410, 0x008410, 0x008410, 0x008410, 0x008410, 0x008410, 0x008410, 0x008410, 0x008410, 0x008410, 0x008410, 0x008410, 0x008410, 0x008410, 0x008410, 0x008410, 
0x008410, 0x008410, 0x008410, 0x008410, 0x008410, 0x008410, 0x008410, 0x008410, 0x008410, 0x008410, 0x008410, 0x008410, 0x008410, 0x008410, 0x008410, 0x008410, 
0x008410, 0x008410, 0x008410, 0x008410, 0x008410, 0x008410, 0x008410, 0x008410, 0x008410, 0x008410, 0x008410, 0x008410, 0x008410, 0x008410, 0x008410, 0x008410, 
0x008410, 0x008410, 0x008410, 0x008410, 0x008410, 0x008410, 0x008410, 0x008410, 0x008410, 0x008410, 0x008410, 0x008410, 0x008410, 0x008410, 0x008410, 0x008410, 
0x008410, 0x008410, 0x008410, 0x008410, 0x008410, 0x008410, 0x008410, 0x008410, 0x008410, 0x008410, 0x008410, 0x008410, 0x008410, 0x008410, 0x008410, 0x008410, 
0x008410, 0x008410, 0x008410, 0x008410, 0x008410, 0x008410, 0x008410, 0x008410, 0x008410, 0x008410, 0x008410, 0x008410, 0x008410, 0x008410, 0x008410, 0x008410, 
0x008410, 0x008410, 0x008410, 0x008410, 0x008410, 0x008410, 0x008410, 0x008410, 0x008410, 0x008410, 0x008410, 0x008410, 0x008410, 0x008410, 0x008410, 0x008410, 
0x008410, 0x008410, 0x008410, 0x008410, 0x008410, 0x008410, 0x008410, 0x008410, 0x008410, 0x008410, 0x008410, 0x008410, 0x008410, 0x008410, 0x008410, 0x008410, 
0x008410, 0x008410, 0x008410, 0x008410, 0x008410, 0x008410, 0x008410, 0x008410, 0x008410, 0x008410, 0x008410, 0x008410, 0x008410, 0x008410, 0x008410, 0x008410, 
0x008410, 0x008410, 0x008410, 0x008410, 0x008410, 0x008410, 0x008410, 0x008410, 0x008410, 0x008410, 0x008410, 0x008410, 0x008410, 0x008410, 0x008410, 0x008410, 
0x008410, 0x008410, 0x008410, 0x008410, 0x008410, 0x008410, 0x008410, 0x008410, 0x008410, 0x008410, 0x008410, 0x008410, 0x008410, 0x008410, 0x008410, 0x008410, 
0x008410, 0x008410, 0x008410, 0x008410, 0x008410, 0x008410, 0x008410, 0x008410, 0x008410, 0x008410, 0x008410, 0x008410, 0x008410, 0x008410, 0x008410, 0x008410, 
0x008410, 0x008410, 0x008410, 0x008410, 0x008410, 0x008410, 0x008410, 0x008410, 0x008410, 0x008410, 0x008410, 0x008410, 0x008410, 0x008410, 0x008410, 0x008410, 
0x008410, 0x008410, 0x008410, 0x008410, 0x008410, 0x008410, 0x008410, 0x008410, 0x008410, 0x008410, 0x008410, 0x008410, 0x008410, 0x008410, 0x008410, 0x008410, 
0x008410, 0x008410, 0x008410, 0x008410, 0x008410, 0x008410, 0x008410, 0x008410, 0x008410, 0x008410, 0x008410, 0x008410, 0x008410, 0x008410, 0x008410, 0x008410, 
0x008410, 0x008410, 0x008410, 0x008410, 0x008410, 0x008410, 0x008410, 0x008410, 0x008410, 0x008410, 0x008410, 0x008410, 0x008410, 0x008410, 0x008410, 0x008410, 
0x008410, 0x008410, 0x008410, 0x008410, 0x008410, 0x008410, 0x008410, 0x008410, 0x008410, 0x008410, 0x008410, 0x008410, 0x008410, 0x008410, 0x008410, 0x008410, 
0x008410, 0x008410, 0x008410, 0x008410, 0x008410, 0x008410, 0x008410, 0x008410, 0x008410, 0x008410, 0x008410, 0x008410, 0x008410, 0x008410, 0x008410, 0x008410, 
0x008410, 0x008410, 0x008410, 0x008410, 0x008410, 0x008410, 0x008410, 0x008410, 0x008410, 0x008410, 0x008410, 0x008410, 0x008410, 0x008410, 0x008410, 0x008410, 
0x008410, 0x008410, 0x008410, 0x008410, 0x008410, 0x008410, 0x008410, 0x008410, 0x008410, 0x008410, 0x008410, 0x008410, 0x008410, 0x008410, 0x008410, 0x008410, 
0x008410, 0x008410, 0x008410, 0x008410, 0x008410, 0x008410, 0x008410, 0x008410, 0x008410, 0x008410, 0x008410, 0x008410, 0x008410, 0x008410, 0x008410, 0x008410, 
0x008410, 0x008410, 0x008410, 0x008410, 0x008410, 0x008410, 0x008410, 0x008410, 0x008410, 0x008410, 0x008410, 0x008410, 0x008410, 0x008410, 0x008410, 0x008410, 
0x008410, 0x008410, 0x008410, 0x008410, 0x008410, 0x008410, 0x008410, 0x008410, 0x008410, 0x008410, 0x008410, 0x008410, 0x008410, 0x008410, 0x008410, 0x008410, 
0x008410, 0x008410, 0x008410, 0x008410, 0x008410, 0x008410, 0x008410, 0x008410, 0x008410, 0x008410, 0x008410, 0x008410, 0x008410, 0x008410, 0x008410, 0x008410, 
0x008410, 0x008410, 0x008410, 0x008410, 0x008410, 0x008410, 0x008410, 0x008410, 0x008410, 0x008410, 0x008410, 0x008410, 0x008410, 0x008410, 0x008410, 0x008410, 
0x008410, 0x008410, 0x008410, 0x008410, 0x008410, 0x008410, 0x008410, 0x008410, 0x008410, 0x008410, 0x008410, 0x008410, 0x008410, 0x008410, 0x008410, 0x008410, 
0x008410, 0x008410, 0x008410, 0x008410, 0x008410, 0x008410, 0x008410, 0x008410, 0x008410, 0x008410, 0x008410, 0x008410, 0x008410, 0x008410, 0x008410, 0x008410, 
0x008410, 0x008410, 0x008410, 0x008410, 0x008410, 0x008410, 0x008410, 0x008410, 0x008410, 0x008410, 0x008410, 0x008410, 0x008410, 0x008410, 0x008410, 0x008410, 
0x008410, 0x008410, 0x008410, 0x008410, 0x008410, 0x008410, 0x008410, 0x008410, 0x008410, 0x008410, 0x008410, 0x008410, 0x008410, 0x008410, 0x008410, 0x008410, 
0x008410, 0x008410, 0x008410, 0x008410, 0x008410, 0x008410, 0x008410, 0x008410, 0x008410, 0x008410, 0x008410, 0x008410, 0x008410, 0x008410, 0x008410, 0x008410, 
0x008410, 0x008410, 0x008410, 0x008410, 0x008410, 0x008410, 0x008410, 0x008410, 0x008410, 0x008410, 0x008410, 0x008410, 0x008410, 0x008410, 0x008410, 0x008410, 
0x008410, 0x008410, 0x008410, 0x008410, 0x008410, 0x008410, 0x008410, 0x008410, 0x008410, 0x008410, 0x008410, 0x008410, 0x008410, 0x008410, 0x008410, 0x008410, 
0x008410, 0x008410, 0x008410, 0x008410, 0x008410, 0x008410, 0x008410, 0x008410, 0x008410, 0x008410, 0x008410, 0x008410, 0x008410, 0x008410, 0x008410, 0x008410, 
0x008410, 0x008410, 0x008410, 0x008410, 0x008410, 0x008410, 0x008410, 0x008410, 0x008410, 0x008410, 0x008410, 0x008410, 0x008410, 0x008410, 0x008410, 0x008410, 
0x008410, 0x008410, 0x008410, 0x008410, 0x008410, 0x008410, 0x008410, 0x008410, 0x008410, 0x008410, 0x008410, 0x008410, 0x008410, 0x008410, 0x008410, 0x008410, 
0x008410, 0x008410, 0x008410, 0x008410, 0x008410, 0x008410, 0x008410, 0x008410, 0x008410, 0x008410, 0x008410, 0x008410, 0x008410, 0x008410, 0x008410, 0x008410, 
0x008410, 0x008410, 0x008410, 0x008410, 0x008410, 0x008410, 0x008410, 0x008410, 0x008410, 0x008410, 0x008410, 0x008410, 0x008410, 0x008410, 0x008410, 0x008410, 
0x008410, 0x008410, 0x008410, 0x008410, 0x008410, 0x008410, 0x008410, 0x008410, 0x008410, 0x008410, 0x008410, 0x008410, 0x008410, 0x008410, 0x008410, 0x008410, 
0x008410, 0x008410, 0x008410, 0x008410, 0x008410, 0x008410, 0x008410, 0x008410, 0x008410, 0x008410, 0x008410, 0x008410, 0x008410, 0x008410, 0x008410, 0x008410, 
0x008410, 0x008410, 0x008410, 0x008410, 0x008410, 0x008410, 0x008410, 0x008410, 0x008410, 0x008410, 0x008410, 0x008410, 0x008410, 0x008410, 0x008410, 0x008410, 
0x008410, 0x008410, 0x008410, 0x008410, 0x008410, 0x008410, 0x008410, 0x008410, 0x008410, 0x008410, 0x008410, 0x008410, 0x008410, 0x008410, 0x008410, 0x008410, 
0x008410, 0x008410, 0x008410, 0x008410, 0x008410, 0x008410, 0x008410, 0x008410, 0x008410, 0x008410, 0x008410, 0x008410, 0x008410, 0x008410, 0x008410, 0x008410, 
0x008410, 0x008410, 0x008410, 0x008410, 0x008410, 0x008410, 0x008410, 0x008410, 0x008410, 0x008410, 0x008410, 0x008410, 0x008410, 0x008410, 0x008410, 0x008410, 
0x008410, 0x008410, 0x008410, 0x008410, 0x008410, 0x008410, 0x008410, 0x008410, 0x008410, 0x008410, 0x008410, 0x008410, 0x008410, 0x008410, 0x008410, 0x008410, 
0x008410, 0x008410, 0x008410, 0x008410, 0x008410, 0x008410, 0x008410, 0x008410, 0x008410, 0x008410, 0x008410, 0x008410, 0x008410, 0x008410, 0x008410, 0x008410, 
0x008410, 0x008410, 0x008410, 0x008410, 0x008410, 0x008410, 0x008410, 0x008410, 0x008410, 0x008410, 0x008410, 0x008410, 0x008410, 0x008410, 0x008410, 0x008410, 
0x008410, 0x008410, 0x008410, 0x008410, 0x008410, 0x008410, 0x008410, 0x008410, 0x008410, 0x008410, 0x008410, 0x008410, 0x008410, 0x008410, 0x008410, 0x008410, 
0x008410, 0x008410, 0x008410, 0x008410, 0x008410, 0x008410, 0x008410, 0x008410, 0x008410, 0x008410, 0x008410, 0x008410, 0x008410, 0x008410, 0x008410, 0x008410, 
0x008410, 0x008410, 0x008410, 0x008410, 0x008410, 0x008410, 0x008410, 0x008410, 0x008410, 0x008410, 0x008410, 0x008410, 0x008410, 0x008410, 0x008410, 0x008410, 
0x008410, 0x008410, 0x008410, 0x008410, 0x008410, 0x008410, 0x008410, 0x008410, 0x008410, 0x008410, 0x008410, 0x008410, 0x008410, 0x008410, 0x008410, 0x008410, 
0x008410, 0x008410, 0x008410, 0x008410, 0x008410, 0x008410, 0x008410, 0x008410, 0x008410, 0x008410, 0x008410, 0x008410, 0x008410, 0x008410, 0x008410, 0x008410, 
0x008410, 0x008410, 0x008410, 0x008410, 0x008410, 0x008410, 0x008410, 0x008410, 0x008410, 0x008410, 0x008410, 0x008410, 0x008410, 0x008410, 0x008410, 0x008410, 
0x008410, 0x008410, 0x008410, 0x008410, 0x008410, 0x008410, 0x008410, 0x008410, 0x008410, 0x008410, 0x008410, 0x008410, 0x008410, 0x008410, 0x008410, 0x008410, 
0x008410, 0x008410, 0x008410, 0x008410, 0x008410, 0x008410, 0x008410, 0x008410, 0x008410, 0x008410, 0x008410, 0x008410, 0x008410, 0x008410, 0x008410, 0x008410, 
0x008410, 0x008410, 0x008410, 0x008410, 0x008410, 0x008410, 0x008410, 0x008410, 0x008410, 0x008410, 0x008410, 0x008410, 0x008410, 0x008410, 0x008410, 0x008410, 
0x008410, 0x008410, 0x008410, 0x008410, 0x008410, 0x008410, 0x008410, 0x008410, 0x008410, 0x008410, 0x008410, 0x008410, 0x008410, 0x008410, 0x008410, 0x008410, 
0x008410, 0x008410, 0x008410, 0x008410, 0x008410, 0x008410, 0x008410, 0x008410, 0x008410, 0x008410, 0x008410, 0x008410, 0x008410, 0x008410, 0x008410, 0x008410, 
0x008410, 0x008410, 0x008410, 0x008410, 0x008410, 0x008410, 0x008410, 0x008410, 0x008410, 0x008410, 0x008410, 0x008410, 0x008410, 0x008410, 0x008410, 0x008410, 
0x008410, 0x008410, 0x008410, 0x008410, 0x008410, 0x008410, 0x008410, 0x008410, 0x008410, 0x008410, 0x008410, 0x008410, 0x008410, 0x008410, 0x008410, 0x008410, 
0x008410, 0x008410, 0x008410, 0x008410, 0x008410, 0x008410, 0x008410, 0x008410, 0x008410, 0x008410, 0x008410, 0x008410, 0x008410, 0x008410, 0x008410, 0x008410, 
0x008410, 0x008410, 0x008410, 0x008410, 0x008410, 0x008410, 0x008410, 0x008410, 0x008410, 0x008410, 0x008410, 0x008410, 0x008410, 0x008410, 0x008410, 0x008410, 
0x008410, 0x008410, 0x008410, 0x008410, 0x008410, 0x008410, 0x008410, 0x008410, 0x008410, 0x008410, 0x008410, 0x008410, 0x008410, 0x008410, 0x008410, 0x008410, 
0x008410, 0x008410, 0x008410, 0x008410, 0x008410, 0x008410, 0x008410, 0x008410, 0x008410, 0x008410, 0x008410, 0x008410, 0x008410, 0x008410, 0x008410, 0x008410, 
0x008410, 0x008410, 0x008410, 0x008410, 0x008410, 0x008410, 0x008410, 0x008410, 0x008410, 0x008410, 0x008410, 0x008410, 0x008410, 0x008410, 0x008410, 0x008410, 
0x008410, 0x008410, 0x008410, 0x008410, 0x008410, 0x008410, 0x008410, 0x008410, 0x008410, 0x008410, 0x008410, 0x008410, 0x008410, 0x008410, 0x008410, 0x008410, 
0x008410, 0x008410, 0x008410, 0x008410, 0x008410, 0x008410, 0x008410, 0x008410, 0x008410, 0x008410, 0x008410, 0x008410, 0x008410, 0x008410, 0x008410, 0x008410, 
0x008410, 0x008410, 0x008410, 0x008410, 0x008410, 0x008410, 0x008410, 0x008410, 0x008410, 0x008410, 0x008410, 0x008410, 0x008410, 0x008410, 0x008410, 0x008410, 
0x008410, 0x008410, 0x008410, 0x008410, 0x008410, 0x008410, 0x008410, 0x008410, 0x008410, 0x008410, 0x008410, 0x008410, 0x008410, 0x008410, 0x008410, 0x008410, 
0x008410, 0x008410, 0x008410, 0x008410, 0x008410, 0x008410, 0x008410, 0x008410, 0x008410, 0x008410, 0x008410, 0x008410, 0x008410, 0x008410, 0x008410, 0x008410, 
0x008410, 0x008410, 0x008410, 0x008410, 0x008410, 0x008410, 0x008410, 0x008410, 0x008410, 0x008410, 0x008410, 0x008410, 0x008410, 0x008410, 0x008410, 0x008410, 
0x008410, 0x008410, 0x008410, 0x008410, 0x008410, 0x008410, 0x008410, 0x008410, 0x008410, 0x008410, 0x008410, 0x008410, 0x008410, 0x008410, 0x008410, 0x008410, 
0x008410, 0x008410, 0x008410, 0x008410, 0x008410, 0x008410, 0x008410, 0x008410, 0x008410, 0x008410, 0x008410, 0x008410, 0x008410, 0x008410, 0x008410, 0x008410, 
0x008410, 0x008410, 0x008410, 0x008410, 0x008410, 0x008410, 0x008410, 0x008410, 0x008410, 0x008410, 0x008410, 0x008410, 0x008410, 0x008410, 0x008410, 0x008410, 
0x008410, 0x008410, 0x008410, 0x008410, 0x008410, 0x008410, 0x008410, 0x008410, 0x008410, 0x008410, 0x008410, 0x008410, 0x008410, 0x008410, 0x008410, 0x008410, 
0x008410, 0x008410, 0x008410, 0x008410, 0x008410, 0x008410, 0x008410, 0x008410, 0x008410, 0x008410, 0x008410, 0x008410, 0x008410, 0x008410, 0x008410, 0x008410, 
0x008410, 0x008410, 0x008410, 0x008410, 0x008410, 0x008410, 0x008410, 0x008410, 0x008410, 0x008410, 0x008410, 0x008410, 0x008410, 0x008410, 0x008410, 0x008410, 
0x008410, 0x008410, 0x008410, 0x008410, 0x008410, 0x008410, 0x008410, 0x008410, 0x008410, 0x008410, 0x008410, 0x008410, 0x008410, 0x008410, 0x008410, 0x008410, 
0x008410, 0x008410, 0x008410, 0x008410, 0x008410, 0x008410, 0x008410, 0x008410, 0x008410, 0x008410, 0x008410, 0x008410, 0x008410, 0x008410, 0x008410, 0x008410, 
0x008410, 0x008410, 0x008410, 0x008410, 0x008410, 0x008410, 0x008410, 0x008410, 0x008410, 0x008410, 0x008410, 0x008410, 0x008410, 0x008410, 0x008410, 0x008410, 
0x008410, 0x008410, 0x008410, 0x008410, 0x008410, 0x008410, 0x008410, 0x008410, 0x008410, 0x008410, 0x008410, 0x008410, 0x008410, 0x008410, 0x008410, 0x008410, 
0x008410, 0x008410, 0x008410, 0x008410, 0x008410, 0x008410, 0x008410, 0x008410, 0x008410, 0x008410, 0x008410, 0x008410, 0x008410, 0x008410, 0x008410, 0x008410, 
0x008410, 0x008410, 0x008410, 0x008410, 0x008410, 0x008410, 0x008410, 0x008410, 0x008410, 0x008410, 0x008410, 0x008410, 0x008410, 0x008410, 0x008410, 0x008410, 
0x008410, 0x008410, 0x008410, 0x008410, 0x008410, 0x008410, 0x008410, 0x008410, 0x008410, 0x008410, 0x008410, 0x008410, 0x008410, 0x008410, 0x008410, 0x008410, 
0x008410, 0x008410, 0x008410, 0x008410, 0x008410, 0x008410, 0x008410, 0x008410, 0x008410, 0x008410, 0x008410, 0x008410, 0x008410, 0x008410, 0x008410, 0x008410, 
0x008410, 0x008410, 0x008410, 0x008410, 0x008410, 0x008410, 0x008410, 0x008410, 0x008410, 0x008410, 0x008410, 0x008410, 0x008410, 0x008410, 0x008410, 0x008410, 
0x008410, 0x008410, 0x008410, 0x008410, 0x008410, 0x008410, 0x008410, 0x008410, 0x008410, 0x008410, 0x008410, 0x008410, 0x008410, 0x008410, 0x008410, 0x008410, 
0x008410, 0x008410, 0x008410, 0x008410, 0x008410, 0x008410, 0x008410, 0x008410, 0x008410, 0x008410, 0x008410, 0x008410, 0x008410, 0x008410, 0x008410, 0x008410, 
0x008410, 0x008410, 0x008410, 0x008410, 0x008410, 0x008410, 0x008410, 0x008410, 0x008410, 0x008410, 0x008410, 0x008410, 0x008410, 0x008410, 0x008410, 0x008410, 
0x008410, 0x008410, 0x008410, 0x008410, 0x008410, 0x008410, 0x008410, 0x008410, 0x008410, 0x008410, 0x008410, 0x008410, 0x008410, 0x008410, 0x008410, 0x008410, 
0x008410, 0x008410, 0x008410, 0x008410, 0x008410, 0x008410, 0x008410, 0x008410, 0x008410, 0x008410, 0x008410, 0x008410, 0x008410, 0x008410, 0x008410, 0x008410, 
0x008410, 0x008410, 0x008410, 0x008410, 0x008410, 0x008410, 0x008410, 0x008410, 0x008410, 0x008410, 0x008410, 0x008410, 0x008410, 0x008410, 0x008410, 0x008410, 
0x008410, 0x008410, 0x008410, 0x008410, 0x008410, 0x008410, 0x008410, 0x008410, 0x008410, 0x008410, 0x008410, 0x008410, 0x008410, 0x008410, 0x008410, 0x008410, 
0x008410, 0x008410, 0x008410, 0x008410, 0x008410, 0x008410, 0x008410, 0x008410, 0x008410, 0x008410, 0x008410, 0x008410, 0x008410, 0x008410, 0x008410, 0x008410, 
0x008410, 0x008410, 0x008410, 0x008410, 0x008410, 0x008410, 0x008410, 0x008410, 0x008410, 0x008410, 0x008410, 0x008410, 0x008410, 0x008410, 0x008410, 0x008410, 
0x008410, 0x008410, 0x008410, 0x008410, 0x008410, 0x008410, 0x0083EF, 0x007C10, 0x0083EF, 0x0383EF, 0x028410, 0x007C10, 0x007C10, 0x0283EF, 0x007C10, 0x0083EF, 
0x008410, 0x008410, 0x008410, 0x008410, 0x008410, 0x008410, 0x008410, 0x008410, 0x008410, 0x008410, 0x008410, 0x008410, 0x008410, 0x008410, 0x008410, 0x008410, 
0x008410, 0x008410, 0x008410, 0x008410, 0x008410, 0x008410, 0x008410, 0x008410, 0x008410, 0x008410, 0x008410, 0x008410, 0x008410, 0x008410, 0x008410, 0x008410, 
0x008410, 0x008410, 0x008410, 0x008410, 0x008410, 0x008410, 0x008410, 0x008410, 0x008410, 0x008410, 0x008410, 0x008410, 0x008410, 0x008410, 0x008410, 0x008410, 
0x008410, 0x008410, 0x008410, 0x008410, 0x008410, 0x008410, 0x008410, 0x008410, 0x008410, 0x008410, 0x008410, 0x008410, 0x008410, 0x008410, 0x008410, 0x008410, 
0x008410, 0x008410, 0x008410, 0x008410, 0x008410, 0x008410, 0x008410, 0x008410, 0x008410, 0x008410, 0x008410, 0x008410, 0x008410, 0x008410, 0x008410, 0x008410, 
0x008410, 0x008410, 0x008410, 0x008410, 0x008410, 0x008410, 0x008410, 0x008410, 0x008410, 0x008410, 0x008410, 0x008410, 0x008410, 0x008410, 0x008410, 0x008410, 
0x008410, 0x008410, 0x008410, 0x008410, 0x008410, 0x008410, 0x008410, 0x008410, 0x008410, 0x008410, 0x008410, 0x008410, 0x008410, 0x008410, 0x008410, 0x008410, 
0x008410, 0x008410, 0x008410, 0x008410, 0x008410, 0x008410, 0x008410, 0x008410, 0x008410, 0x008410, 0x008410, 0x008410, 0x008410, 0x008410, 0x008410, 0x008410, 
0x008410, 0x008410, 0x008410, 0x008410, 0x008410, 0x008410, 0x008410, 0x008410, 0x008410, 0x008410, 0x008410, 0x008410, 0x008410, 0x008410, 0x008410, 0x008410, 
0x008410, 0x008410, 0x008410, 0x008410, 0x008410, 0x008410, 0x008410, 0x0083EF, 0x007BEF, 0x007C10, 0x007C10, 0x0583EF, 0x0083F0, 0x007C10, 0x0283EF, 0x007C10, 
0x0083EF, 0x008410, 0x008410, 0x008410, 0x008410, 0x008410, 0x008410, 0x008410, 0x008410, 0x008410, 0x008410, 0x008410, 0x008410, 0x008410, 0x008410, 0x008410, 
0x008410, 0x008410, 0x008410, 0x008410, 0x008410, 0x008410, 0x008410, 0x008410, 0x008410, 0x008410, 0x008410, 0x008410, 0x008410, 0x008410, 0x008410, 0x008410, 
0x008410, 0x008410, 0x008410, 0x008410, 0x008410, 0x008410, 0x008410, 0x008410, 0x008410, 0x008410, 0x008410, 0x008410, 0x008410, 0x008410, 0x008410, 0x008410, 
0x008410, 0x008410, 0x008410, 0x008410, 0x008410, 0x008410, 0x008410, 0x008410, 0x008410, 0x008410, 0x008410, 0x008410, 0x008410, 0x008410, 0x008410, 0x008410, 
0x008410, 0x008410, 0x008410, 0x008410, 0x008410, 0x008410, 0x008410, 0x008410, 0x008410, 0x008410, 0x008410, 0x008410, 0x008410, 0x008410, 0x008410, 0x008410, 
0x008410, 0x008410, 0x008410, 0x008410, 0x008410, 0x008410, 0x008410, 0x008410, 0x008410, 0x008410, 0x008410, 0x008410, 0x008410, 0x008410, 0x008410, 0x008410, 
0x008410, 0x008410, 0x008410, 0x008410, 0x008410, 0x008410, 0x008410, 0x008410, 0x008410, 0x008410, 0x008410, 0x008410, 0x008410, 0x008410, 0x008410, 0x008410, 
0x008410, 0x008410, 0x008410, 0x008410, 0x008410, 0x008410, 0x008410, 0x008410, 0x008410, 0x008410, 0x008410, 0x008410, 0x008410, 0x008410, 0x008410, 0x008410, 
0x008410, 0x008410, 0x008410, 0x008410, 0x008410, 0x008410, 0x008410, 0x008410, 0x0083EF, 0x007C10, 0x0183EF, 0x0483EF, 0x0383EF, 0x0483EF, 0x0383EF, 0x0083EF, 
0x007C10, 0x0083EF, 0x008410, 0x008410, 0x008410, 0x008410, 0x007BEF, 0x007BEF, 0x007BF0, 0x6A936B, 0xB29B69, 0xDFAB89, 0xC1A348, 0x388BAD, 0x007C10, 0x0383EF, 
0x007C10, 0x00840F, 0x008410, 0x008410, 0x008410, 0x008410, 0x008410, 0x008410, 0x008410, 0x008410, 0x008410, 0x008410, 0x008410, 0x008410, 0x008410, 0x008410, 
0x008410, 0x008410, 0x008410, 0x008410, 0x008410, 0x008410, 0x008410, 0x008410, 0x008410, 0x008410, 0x008410, 0x008410, 0x008410, 0x008410, 0x008410, 0x008410, 
0x008410, 0x008410, 0x008410, 0x008410, 0x008410, 0x008410, 0x008410, 0x008410, 0x008410, 0x008410, 0x008410, 0x008410, 0x008410, 0x008410, 0x008410, 0x008410, 
0x008410, 0x008410, 0x008410, 0x008410, 0x008410, 0x008410, 0x008410, 0x008410, 0x008410, 0x008410, 0x008410, 0x008410, 0x008410, 0x008410, 0x008410, 0x008410, 
0x008410, 0x008410, 0x008410, 0x008410, 0x008410, 0x008410, 0x008410, 0x008410, 0x008410, 0x008410, 0x008410, 0x008410, 0x008410, 0x008410, 0x008410, 0x008410, 
0x008410, 0x008410, 0x008410, 0x008410, 0x008410, 0x008410, 0x008410, 0x008410, 0x008410, 0x008410, 0x008410, 0x008410, 0x008410, 0x008410, 0x008410, 0x008410, 
0x008410, 0x008410, 0x008410, 0x008410, 0x008410, 0x008410, 0x008410, 0x008410, 0x008410, 0x008410, 0x008410, 0x008410, 0x008410, 0x008410, 0x008410, 0x008410, 
0x008410, 0x008410, 0x008410, 0x008410, 0x008410, 0x008410, 0x008410, 0x008410, 0x008410, 0x008410, 0x008410, 0x008410, 0x008410, 0x008410, 0x008410, 0x008410, 
0x008410, 0x008410, 0x008410, 0x008410, 0x008410, 0x008410, 0x008410, 0x008410, 0x007C10, 0x0083EF, 0x007C10, 0x007C10, 0x007C10, 0x007C10, 0x007C10, 0x007C10, 
0x0383EF, 0x0083EF, 0x007C10, 0x0083EF, 0x008410, 0x00840F, 0x0383EF, 0x007C10, 0x448B8C, 0xFFC3C8, 0xFFED6F, 0xFFF5D0, 0xFFE52E, 0xF3AB47, 0x3E8BAC, 0x007C10, 
0x0283EF, 0x007BF0, 0x0083EF, 0x008410, 0x008410, 0x008410, 0x008410, 0x008410, 0x008410, 0x008410, 0x008410, 0x008410, 0x008410, 0x008410, 0x008410, 0x008410, 
0x008410, 0x008410, 0x008410, 0x008410, 0x008410, 0x008410, 0x008410, 0x008410, 0x008410, 0x008410, 0x008410, 0x008410, 0x008410, 0x008410, 0x008410, 0x008410, 
0x008410, 0x008410, 0x008410, 0x008410, 0x008410, 0x008410, 0x008410, 0x008410, 0x008410, 0x008410, 0x008410, 0x008410, 0x008410, 0x008410, 0x008410, 0x008410, 
0x008410, 0x008410, 0x008410, 0x008410, 0x008410, 0x008410, 0x008410, 0x008410, 0x008410, 0x008410, 0x008410, 0x008410, 0x008410, 0x008410, 0x008410, 0x008410, 
0x008410, 0x008410, 0x008410, 0x008410, 0x008410, 0x008410, 0x008410, 0x008410, 0x008410, 0x008410, 0x008410, 0x008410, 0x008410, 0x008410, 0x008410, 0x008410, 
0x008410, 0x008410, 0x008410, 0x008410, 0x008410, 0x008410, 0x008410, 0x008410, 0x008410, 0x008410, 0x008410, 0x008410, 0x008410, 0x008410, 0x008410, 0x008410, 
0x008410, 0x008410, 0x008410, 0x008410, 0x008410, 0x008410, 0x008410, 0x008410, 0x008410, 0x008410, 0x008410, 0x008410, 0x008410, 0x008410, 0x008410, 0x008410, 
0x008410, 0x008410, 0x008410, 0x008410, 0x008410, 0x008410, 0x008410, 0x008410, 0x008410, 0x008410, 0x008410, 0x008410, 0x008410, 0x008410, 0x008410, 0x008410, 
0x008410, 0x008410, 0x008410, 0x008410, 0x008410, 0x008410, 0x008410, 0x008410, 0x017BEF, 0x007C10, 0x1E83CE, 0x7E936A, 0x86936A, 0x7F936A, 0x548B8B, 0x1583CE, 
0x007C10, 0x007C10, 0x0183EF, 0x007C10, 0x0083EF, 0x008410, 0x027BEF, 0x007BF0, 0xB89B48, 0xFDED4E, 0xF7FE11, 0xFEF5D0, 0xFBFE11, 0xFEE54E, 0xF7AB47, 0x478BAC, 
0x007C10, 0x0283EF, 0x007C10, 0x007BEF, 0x008410, 0x008410, 0x008410, 0x008410, 0x008410, 0x008410, 0x008410, 0x008410, 0x008410, 0x008410, 0x008410, 0x008410, 
0x008410, 0x008410, 0x008410, 0x008410, 0x008410, 0x008410, 0x008410, 0x008410, 0x008410, 0x008410, 0x008410, 0x008410, 0x008410, 0x008410, 0x008410, 0x008410, 
0x008410, 0x008410, 0x008410, 0x008410, 0x008410, 0x008410, 0x008410, 0x008410, 0x008410, 0x008410, 0x008410, 0x008410, 0x008410, 0x008410, 0x008410, 0x008410, 
0x008410, 0x008410, 0x008410, 0x008410, 0x008410, 0x008410, 0x008410, 0x008410, 0x008410, 0x008410, 0x008410, 0x008410, 0x008410, 0x008410, 0x008410, 0x008410, 
0x008410, 0x008410, 0x008410, 0x008410, 0x008410, 0x008410, 0x008410, 0x008410, 0x008410, 0x008410, 0x008410, 0x008410, 0x008410, 0x008410, 0x008410, 0x008410, 
0x008410, 0x008410, 0x008410, 0x008410, 0x008410, 0x008410, 0x008410, 0x008410, 0x008410, 0x008410, 0x008410, 0x008410, 0x008410, 0x008410, 0x008410, 0x008410, 
0x008410, 0x008410, 0x008410, 0x008410, 0x008410, 0x008410, 0x008410, 0x008410, 0x008410, 0x008410, 0x008410, 0x008410, 0x008410, 0x008410, 0x008410, 0x008410, 
0x008410, 0x008410, 0x008410, 0x008410, 0x008410, 0x008410, 0x008410, 0x008410, 0x008410, 0x008410, 0x008410, 0x008410, 0x008410, 0x008410, 0x008410, 0x008410, 
0x008410, 0x008410, 0x008410, 0x008410, 0x008410, 0x008410, 0x008410, 0x008410, 0x017BEF, 0x007BEF, 0xC39B48, 0xFFBBA8, 0xFFCC29, 0xFFCC09, 0xFFBBC8, 0xECAB47, 
0x88934A, 0x0F83CE, 0x007C10, 0x008410, 0x008410, 0x008410, 0x007C10, 0x1F83AD, 0xF6B3A9, 0xFEFDF1, 0xFEF5D0, 0xFEFDF1, 0xFFF5D0, 0xFCFE11, 0xFEE54E, 0xF3AB27, 
0x2183CD, 0x007C10, 0x0183EF, 0x008410, 0x008410, 0x008410, 0x008410, 0x008410, 0x008410, 0x008410, 0x008410, 0x008410, 0x008410, 0x008410, 0x008410, 0x008410, 
0x008410, 0x008410, 0x008410, 0x008410, 0x008410, 0x008410, 0x008410, 0x008410, 0x008410, 0x008410, 0x008410, 0x008410, 0x008410, 0x008410, 0x008410, 0x008410, 
0x008410, 0x008410, 0x008410, 0x008410, 0x008410, 0x008410, 0x008410, 0x008410, 0x008410, 0x008410, 0x008410, 0x008410, 0x008410, 0x008410, 0x008410, 0x008410, 
0x008410, 0x008410, 0x008410, 0x008410, 0x008410, 0x008410, 0x008410, 0x008410, 0x008410, 0x008410, 0x008410, 0x008410, 0x008410, 0x008410, 0x008410, 0x008410, 
0x008410, 0x008410, 0x008410, 0x008410, 0x008410, 0x008410, 0x008410, 0x008410, 0x008410, 0x008410, 0x008410, 0x008410, 0x008410, 0x008410, 0x008410, 0x008410, 
0x008410, 0x008410, 0x008410, 0x008410, 0x008410, 0x008410, 0x008410, 0x008410, 0x008410, 0x008410, 0x008410, 0x008410, 0x008410, 0x008410, 0x008410, 0x008410, 
0x008410, 0x008410, 0x008410, 0x008410, 0x008410, 0x008410, 0x008410, 0x008410, 0x008410, 0x008410, 0x008410, 0x008410, 0x008410, 0x008410, 0x008410, 0x008410, 
0x008410, 0x008410, 0x008410, 0x008410, 0x008410, 0x008410, 0x008410, 0x008410, 0x008410, 0x008410, 0x008410, 0x008410, 0x008410, 0x008410, 0x008410, 0x008410, 
0x008410, 0x008410, 0x008410, 0x008410, 0x008410, 0x008410, 0x008410, 0x008410, 0x007C10, 0x0183CF, 0xDAA327, 0xFBD46B, 0xF9E50D, 0xFBDCEC, 0xFBE4EC, 0xFFDCCC, 
0xFFCC09, 0xD3AB88, 0x268BCE, 0x017BEF, 0x057BCF, 0x0A7BCF, 0x007C10, 0x668B6A, 0xFFCC6B, 0xFAFE11, 0xFFF5D0, 0xFFFDF1, 0xFEFDF1, 0xFFF5D0, 0xFBFE11, 0xFFD4AC, 
0xC09B28, 0x0283EF, 0x017BEF, 0x007BEF, 0x008410, 0x008410, 0x008410, 0x008410, 0x008410, 0x008410, 0x008410, 0x008410, 0x008410, 0x008410, 0x008410, 0x008410, 
0x008410, 0x008410, 0x008410, 0x008410, 0x008410, 0x008410, 0x008410, 0x008410, 0x008410, 0x008410, 0x008410, 0x008410, 0x008410, 0x008410, 0x008410, 0x008410, 
0x008410, 0x008410, 0x008410, 0x008410, 0x008410, 0x008410, 0x008410, 0x008410, 0x008410, 0x008410, 0x008410, 0x008410, 0x008410, 0x008410, 0x008410, 0x008410, 
0x008410, 0x008410, 0x008410, 0x008410, 0x008410, 0x008410, 0x008410, 0x008410, 0x008410, 0x008410, 0x008410, 0x008410, 0x008410, 0x008410, 0x008410, 0x008410, 
0x008410, 0x008410, 0x008410, 0x008410, 0x008410, 0x008410, 0x008410, 0x008410, 0x008410, 0x008410, 0x008410, 0x008410, 0x008410, 0x008410, 0x008410, 0x008410, 
0x008410, 0x008410, 0x008410, 0x008410, 0x008410, 0x008410, 0x008410, 0x008410, 0x008410, 0x008410, 0x008410, 0x008410, 0x008410, 0x008410, 0x008410, 0x008410, 
0x008410, 0x008410, 0x008410, 0x008410, 0x008410, 0x008410, 0x008410, 0x008410, 0x008410, 0x008410, 0x008410, 0x008410, 0x008410, 0x008410, 0x008410, 0x008410, 
0x008410, 0x008410, 0x008410, 0x008410, 0x008410, 0x008410, 0x008410, 0x008410, 0x008410, 0x008410, 0x008410, 0x008410, 0x008410, 0x008410, 0x008410, 0x008410, 
0x008410, 0x008410, 0x008410, 0x008410, 0x008410, 0x008410, 0x008410, 0x007BEF, 0x007C10, 0x0083EF, 0xD39B27, 0xFFCC4A, 0xFCED0D, 0xFEED0D, 0xFFDCCC, 0xFECC6B, 
0xFAA389, 0xFF8AA5, 0xEE7A65, 0xD84983, 0xE051A4, 0xE449A4, 0xD349A4, 0xE28AC6, 0xFEE52E, 0xFDFE11, 0xFEF5D0, 0xFFF5D0, 0xFFF5D0, 0xFEF5D0, 0xFFF5D0, 0xFAFDF1, 
0xFFBBA8, 0x5A8B8B, 0x007C10, 0x037BEF, 0x007BEF, 0x007BEF, 0x007BEF, 0x008410, 0x007BEF, 0x008410, 0x008410, 0x008410, 0x008410, 0x008410, 0x008410, 0x008410, 
0x008410, 0x008410, 0x008410, 0x008410, 0x008410, 0x008410, 0x008410, 0x008410, 0x008410, 0x008410, 0x008410, 0x008410, 0x008410, 0x008410, 0x008410, 0x008410, 
0x008410, 0x008410, 0x008410, 0x008410, 0x008410, 0x008410, 0x008410, 0x008410, 0x008410, 0x008410, 0x008410, 0x008410, 0x008410, 0x008410, 0x008410, 0x008410, 
0x008410, 0x008410, 0x008410, 0x008410, 0x008410, 0x008410, 0x008410, 0x008410, 0x008410, 0x008410, 0x008410, 0x008410, 0x008410, 0x008410, 0x008410, 0x008410, 
0x008410, 0x008410, 0x008410, 0x008410, 0x008410, 0x008410, 0x008410, 0x008410, 0x008410, 0x008410, 0x008410, 0x008410, 0x008410, 0x008410, 0x008410, 0x008410, 
0x008410, 0x008410, 0x008410, 0x008410, 0x008410, 0x008410, 0x008410, 0x008410, 0x008410, 0x008410, 0x008410, 0x008410, 0x008410, 0x008410, 0x008410, 0x008410, 
0x008410, 0x008410, 0x008410, 0x008410, 0x008410, 0x008410, 0x008410, 0x008410, 0x008410, 0x008410, 0x008410, 0x008410, 0x008410, 0x008410, 0x008410, 0x008410, 
0x008410, 0x008410, 0x008410, 0x008410, 0x008410, 0x008410, 0x008410, 0x008410, 0x008410, 0x008410, 0x008410, 0x008410, 0x008410, 0x008410, 0x008410, 0x008410, 
0x008410, 0x008410, 0x008410, 0x008410, 0x008410, 0x008410, 0x007BEF, 0x008410, 0x047BEF, 0x017C10, 0x979B8A, 0xFFC3C8, 0xFAC42A, 0xFE82C6, 0xFF61E4, 0xFE5183, 
0xFF51A3, 0xFD6204, 0xFF7A46, 0xFF8286, 0xFF8286, 0xFF7A86, 0xFF7A65, 0xFF9B07, 0xFFED8F, 0xFFFDF1, 0xFFF5D0, 0xFFFDF1, 0xFFFDF1, 0xFFFDF1, 0xFEF5D0, 0xFBFE11, 
0xFDDCCD, 0xC19B28, 0x008410, 0x008410, 0x008410, 0x008410, 0x008410, 0x037BEF, 0x027BEF, 0x008410, 0x007BEF, 0x008410, 0x008410, 0x008410, 0x008410, 0x008410, 
0x008410, 0x008410, 0x008410, 0x008410, 0x008410, 0x008410, 0x008410, 0x008410, 0x008410, 0x008410, 0x008410, 0x008410, 0x008410, 0x008410, 0x008410, 0x008410, 
0x008410, 0x008410, 0x008410, 0x008410, 0x008410, 0x008410, 0x008410, 0x008410, 0x008410, 0x008410, 0x008410, 0x008410, 0x008410, 0x008410, 0x008410, 0x008410, 
0x008410, 0x008410, 0x008410, 0x008410, 0x008410, 0x008410, 0x008410, 0x008410, 0x008410, 0x008410, 0x008410, 0x008410, 0x008410, 0x008410, 0x008410, 0x008410, 
0x008410, 0x008410, 0x008410, 0x008410, 0x008410, 0x008410, 0x008410, 0x008410, 0x008410, 0x008410, 0x008410, 0x008410, 0x008410, 0x008410, 0x008410, 0x008410, 
0x008410, 0x008410, 0x008410, 0x008410, 0x008410, 0x008410, 0x008410, 0x008410, 0x008410, 0x008410, 0x008410, 0x008410, 0x008410, 0x008410, 0x008410, 0x008410, 
0x008410, 0x008410, 0x008410, 0x008410, 0x008410, 0x008410, 0x008410, 0x008410, 0x008410, 0x008410, 0x008410, 0x008410, 0x008410, 0x008410, 0x008410, 0x008410, 
0x008410, 0x008410, 0x008410, 0x008410, 0x008410, 0x008410, 0x008410, 0x008410, 0x008410, 0x008410, 0x008410, 0x008410, 0x008410, 0x008410, 0x008410, 0x008410, 
0x008410, 0x008410, 0x008410, 0x008410, 0x008410, 0x007BEF, 0x008410, 0x017BEF, 0x008410, 0x007C10, 0x736AA9, 0xFE7A44, 0xFC51A3, 0xFE59C4, 0xFF7A66, 0xFF8AC7, 
0xFE9307, 0xFF9308, 0xFE92E7, 0xFD92E7, 0xFE92E7, 0xFE92E7, 0xFD92E7, 0xFDAB47, 0xFFED8F, 0xFEFDF1, 0xFFF5D0, 0xFFFDF1, 0xFFFDF1, 0xFFF5D0, 0xFFF5D0, 0xFEFDF1, 
0xFEED8F, 0xF9AB47, 0x317B6C, 0x18738E, 0x1A738D, 0x17738D, 0x067BCE, 0x008430, 0x008430, 0x027BEF, 0x007BEF, 0x008410, 0x007BEF, 0x008410, 0x008410, 0x008410, 
0x008410, 0x008410, 0x008410, 0x008410, 0x008410, 0x008410, 0x008410, 0x008410, 0x008410, 0x008410, 0x008410, 0x008410, 0x008410, 0x008410, 0x008410, 0x008410, 
0x008410, 0x008410, 0x008410, 0x008410, 0x008410, 0x008410, 0x008410, 0x008410, 0x008410, 0x008410, 0x008410, 0x008410, 0x008410, 0x008410, 0x008410, 0x008410, 
0x008410, 0x008410, 0x008410, 0x008410, 0x008410, 0x008410, 0x008410, 0x008410, 0x008410, 0x008410, 0x008410, 0x008410, 0x008410, 0x008410, 0x008410, 0x008410, 
0x008410, 0x008410, 0x008410, 0x008410, 0x008410, 0x008410, 0x008410, 0x008410, 0x008410, 0x008410, 0x008410, 0x008410, 0x008410, 0x008410, 0x008410, 0x008410, 
0x008410, 0x008410, 0x008410, 0x008410, 0x008410, 0x008410, 0x008410, 0x008410, 0x008410, 0x008410, 0x008410, 0x008410, 0x008410, 0x008410, 0x008410, 0x008410, 
0x008410, 0x008410, 0x008410, 0x008410, 0x008410, 0x008410, 0x008410, 0x008410, 0x008410, 0x008410, 0x008410, 0x008410, 0x008410, 0x008410, 0x008410, 0x008410, 
0x008410, 0x008410, 0x008410, 0x008410, 0x008410, 0x008410, 0x008410, 0x008410, 0x008410, 0x008410, 0x008410, 0x008410, 0x008410, 0x008410, 0x008410, 0x008410, 
0x008410, 0x008410, 0x008410, 0x008410, 0x007BEF, 0x008410, 0x017BEF, 0x008410, 0x0E7BCE, 0xA751E5, 0xFF5163, 0xFD7245, 0xFE8AC7, 0xFF9308, 0xFF92E7, 0xFF92E7, 
0xFF8AC7, 0xFF8AC7, 0xFF8AC7, 0xFF8AC7, 0xFF8AC7, 0xFF8AC7, 0xFF8AC7, 0xFFA347, 0xFFED8F, 0xFFFDF1, 0xFFF5D0, 0xFFFDF1, 0xFFFDF1, 0xFFFDF1, 0xFFFDF1, 0xFFF5D0, 
0xFEFDF1, 0xFEBBE9, 0xF37225, 0xF459C4, 0xF559C4, 0xF259C4, 0xDD59C4, 0x9E5206, 0x326B4C, 0x008430, 0x018410, 0x007BEF, 0x008410, 0x007BEF, 0x008410, 0x008410, 
0x008410, 0x008410, 0x008410, 0x008410, 0x008410, 0x008410, 0x008410, 0x008410, 0x008410, 0x008410, 0x008410, 0x008410, 0x008410, 0x008410, 0x008410, 0x008410, 
0x008410, 0x008410, 0x008410, 0x008410, 0x008410, 0x008410, 0x008410, 0x008410, 0x008410, 0x008410, 0x008410, 0x008410, 0x008410, 0x008410, 0x008410, 0x008410, 
0x008410, 0x008410, 0x008410, 0x008410, 0x008410, 0x008410, 0x008410, 0x008410, 0x008410, 0x008410, 0x008410, 0x008410, 0x008410, 0x008410, 0x008410, 0x008410, 
0x008410, 0x008410, 0x008410, 0x008410, 0x008410, 0x008410, 0x008410, 0x008410, 0x008410, 0x008410, 0x008410, 0x008410, 0x008410, 0x008410, 0x008410, 0x008410, 
0x008410, 0x008410, 0x008410, 0x008410, 0x008410, 0x008410, 0x008410, 0x008410, 0x008410, 0x008410, 0x008410, 0x008410, 0x008410, 0x008410, 0x008410, 0x008410, 
0x008410, 0x008410, 0x008410, 0x008410, 0x008410, 0x008410, 0x008410, 0x008410, 0x008410, 0x008410, 0x008410, 0x008410, 0x008410, 0x008410, 0x008410, 0x008410, 
0x008410, 0x008410, 0x008410, 0x008410, 0x008410, 0x008410, 0x008410, 0x008410, 0x008410, 0x008410, 0x008410, 0x008410, 0x008410, 0x008410, 0x008410, 0x008410, 
0x008410, 0x008410, 0x008410, 0x007BEF, 0x008410, 0x017BEF, 0x008430, 0x23738D, 0xCF4983, 0xFF61C4, 0xFC8AC7, 0xFF92E7, 0xFF92E7, 0xFF8AC7, 0xFF92E7, 0xFF8AA6, 
0xFF8266, 0xFF8AA7, 0xFF8AC7, 0xFF92E7, 0xFF8AC7, 0xFF8AA7, 0xFF92E7, 0xFFA347, 0xFFED8F, 0xFFFDF1, 0xFFF5D0, 0xFFFDF1, 0xFFFDF1, 0xFFFDF1, 0xFFFDF1, 0xFEF5D0, 
0xFFFE11, 0xFEC42A, 0xFF9AE7, 0xFF92E7, 0xFF92E7, 0xFF92E7, 0xFF8AC7, 0xFF7A45, 0xFA5183, 0x785A68, 0x008410, 0x028410, 0x007BEF, 0x008410, 0x008410, 0x008410, 
0x008410, 0x008410, 0x008410, 0x008410, 0x008410, 0x008410, 0x008410, 0x008410, 0x008410, 0x008410, 0x008410, 0x008410, 0x008410, 0x008410, 0x008410, 0x008410, 
0x008410, 0x008410, 0x008410, 0x008410, 0x008410, 0x008410, 0x008410, 0x008410, 0x008410, 0x008410, 0x008410, 0x008410, 0x008410, 0x008410, 0x008410, 0x008410, 
0x008410, 0x008410, 0x008410, 0x008410, 0x008410, 0x008410, 0x008410, 0x008410, 0x008410, 0x008410, 0x008410, 0x008410, 0x008410, 0x008410, 0x008410, 0x008410, 
0x008410, 0x008410, 0x008410, 0x008410, 0x008410, 0x008410, 0x008410, 0x008410, 0x008410, 0x008410, 0x008410, 0x008410, 0x008410, 0x008410, 0x008410, 0x008410, 
0x008410, 0x008410, 0x008410, 0x008410, 0x008410, 0x008410, 0x008410, 0x008410, 0x008410, 0x008410, 0x008410, 0x008410, 0x008410, 0x008410, 0x008410, 0x008410, 
0x008410, 0x008410, 0x008410, 0x008410, 0x008410, 0x008410, 0x008410, 0x008410, 0x008410, 0x008410, 0x008410, 0x008410, 0x008410, 0x008410, 0x008410, 0x008410, 
0x008410, 0x008410, 0x008410, 0x008410, 0x008410, 0x008410, 0x008410, 0x008410, 0x008410, 0x008410, 0x008410, 0x008410, 0x008410, 0x008410, 0x008410, 0x008410, 
0x008410, 0x008410, 0x008410, 0x008410, 0x017BEF, 0x008410, 0x1D738D, 0xE04963, 0xFF6A25, 0xF99308, 0xFF8AC7, 0xFE8AC7, 0xFE8AC7, 0xFF92E7, 0xFF8286, 0xFF7A45, 
0xFF8AA7, 0xFF92E7, 0xFF92E7, 0xFF8AC7, 0xFF7A45, 0xFF8AC7, 0xFF7A66, 0xFF92E6, 0xFFED8F, 0xFFFDF1, 0xFFF5D0, 0xFFFDF1, 0xFFFDF1, 0xFFFDF1, 0xFFFDF1, 0xFFF5D0, 
0xFFFE11, 0xFECC4B, 0xFE92E6, 0xFE8AC7, 0xFE8AC7, 0xFE8AC7, 0xFD8AC7, 0xFA92E8, 0xFC92E7, 0xFF61A3, 0x895227, 0x008410, 0x037BEF, 0x007BEF, 0x007BEF, 0x008410, 
0x008410, 0x008410, 0x008410, 0x008410, 0x008410, 0x008410, 0x008410, 0x008410, 0x008410, 0x008410, 0x008410, 0x008410, 0x008410, 0x008410, 0x008410, 0x008410, 
0x008410, 0x008410, 0x008410, 0x008410, 0x008410, 0x008410, 0x008410, 0x008410, 0x008410, 0x008410, 0x008410, 0x008410, 0x008410, 0x008410, 0x008410, 0x008410, 
0x008410, 0x008410, 0x008410, 0x008410, 0x008410, 0x008410, 0x008410, 0x008410, 0x008410, 0x008410, 0x008410, 0x008410, 0x008410, 0x008410, 0x008410, 0x008410, 
0x008410, 0x008410, 0x008410, 0x008410, 0x008410, 0x008410, 0x008410, 0x008410, 0x008410, 0x008410, 0x008410, 0x008410, 0x008410, 0x008410, 0x008410, 0x008410, 
0x008410, 0x008410, 0x008410, 0x008410, 0x008410, 0x008410, 0x008410, 0x008410, 0x008410, 0x008410, 0x008410, 0x008410, 0x008410, 0x008410, 0x008410, 0x008410, 
0x008410, 0x008410, 0x008410, 0x008410, 0x008410, 0x008410, 0x008410, 0x008410, 0x008410, 0x008410, 0x008410, 0x008410, 0x008410, 0x008410, 0x008410, 0x008410, 
0x008410, 0x008410, 0x008410, 0x008410, 0x008410, 0x008410, 0x008410, 0x008410, 0x008410, 0x008410, 0x008410, 0x008410, 0x008410, 0x008410, 0x008410, 0x008410, 
0x008410, 0x008410, 0x008410, 0x007BEF, 0x018410, 0x067BEF, 0xC949A4, 0xFF6A04, 0xFA9308, 0xFF8AC7, 0xFE8AC7, 0xFF8AC7, 0xFF92E7, 0xFF8286, 0xFF7A45, 0xFF8AC7, 
0xFF92E7, 0xFF82A6, 0xFF8AA7, 0xFF7A45, 0xFF8286, 0xFF92E7, 0xFF61E4, 0xFF9B07, 0xFFE50E, 0xFFFE11, 0xFFF5D0, 0xFFFDF1, 0xFFFDF1, 0xFFFDF1, 0xFFFDF1, 0xFFF5D0, 
0xFFFE11, 0xFFCC6B, 0xFF9B07, 0xFF92E7, 0xFF8AC7, 0xFF92E7, 0xFE92E7, 0xFF8AC7, 0xFE8AC7, 0xF892E8, 0xFF59A3, 0x5462C9, 0x008430, 0x027BEF, 0x008410, 0x008410, 
0x008410, 0x008410, 0x008410, 0x008410, 0x008410, 0x008410, 0x008410, 0x008410, 0x008410, 0x008410, 0x008410, 0x008410, 0x008410, 0x008410, 0x008410, 0x008410, 
0x008410, 0x008410, 0x008410, 0x008410, 0x008410, 0x008410, 0x008410, 0x008410, 0x008410, 0x008410, 0x008410, 0x008410, 0x008410, 0x008410, 0x008410, 0x008410, 
0x008410, 0x008410, 0x008410, 0x008410, 0x008410, 0x008410, 0x008410, 0x008410, 0x008410, 0x008410, 0x008410, 0x008410, 0x008410, 0x008410, 0x008410, 0x008410, 
0x008410, 0x008410, 0x008410, 0x008410, 0x008410, 0x008410, 0x008410, 0x008410, 0x008410, 0x008410, 0x008410, 0x008410, 0x008410, 0x008410, 0x008410, 0x008410, 
0x008410, 0x008410, 0x008410, 0x008410, 0x008410, 0x008410, 0x008410, 0x008410, 0x008410, 0x008410, 0x008410, 0x008410, 0x008410, 0x008410, 0x008410, 0x008410, 
0x008410, 0x008410, 0x008410, 0x008410, 0x008410, 0x008410, 0x008410, 0x008410, 0x008410, 0x008410, 0x008410, 0x008410, 0x008410, 0x008410, 0x008410, 0x008410, 
0x008410, 0x008410, 0x008410, 0x008410, 0x008410, 0x008410, 0x008410, 0x008410, 0x008410, 0x008410, 0x008410, 0x008410, 0x008410, 0x008410, 0x008410, 0x008410, 
0x008410, 0x008410, 0x008410, 0x027BEF, 0x008430, 0x6A5A88, 0xFF59A3, 0xFA9308, 0xFF8AC7, 0xFE8AC7, 0xFF92E7, 0xFF8AC7, 0xFF8AC7, 0xFF7A45, 0xFF8AC7, 0xFF92E7, 
0xFF8AC7, 0xFF51A3, 0xFF6A04, 0xFF8266, 0xFF9308, 0xFF7225, 0xFF8B08, 0xFFD4AC, 0xFFB3C9, 0xFFFE11, 0xFFF5D0, 0xFFFDF1, 0xFFFDF1, 0xFFFDF1, 0xFFFDF1, 0xFFF5D0, 
0xFFFE11, 0xFFCC4B, 0xFF8265, 0xFF82A7, 0xFF92E7, 0xFF8AC7, 0xFF92E7, 0xFF92E7, 0xFF8AC7, 0xFC92E7, 0xFE82A6, 0xE44983, 0x0B7BAE, 0x018410, 0x007BEF, 0x007BEF, 
0x008410, 0x008410, 0x008410, 0x008410, 0x008410, 0x008410, 0x008410, 0x008410, 0x008410, 0x008410, 0x008410, 0x008410, 0x008410, 0x008410, 0x008410, 0x008410, 
0x008410, 0x008410, 0x008410, 0x008410, 0x008410, 0x008410, 0x008410, 0x008410, 0x008410, 0x008410, 0x008410, 0x008410, 0x008410, 0x008410, 0x008410, 0x008410, 
0x008410, 0x008410, 0x008410, 0x008410, 0x008410, 0x008410, 0x008410, 0x008410, 0x008410, 0x008410, 0x008410, 0x008410, 0x008410, 0x008410, 0x008410, 0x008410, 
0x008410, 0x008410, 0x008410, 0x008410, 0x008410, 0x008410, 0x008410, 0x008410, 0x008410, 0x008410, 0x008410, 0x008410, 0x008410, 0x008410, 0x008410, 0x008410, 
0x008410, 0x008410, 0x008410, 0x008410, 0x008410, 0x008410, 0x008410, 0x008410, 0x008410, 0x008410, 0x008410, 0x008410, 0x008410, 0x008410, 0x008410, 0x008410, 
0x008410, 0x008410, 0x008410, 0x008410, 0x008410, 0x008410, 0x008410, 0x008410, 0x008410, 0x008410, 0x008410, 0x008410, 0x008410, 0x008410, 0x008410, 0x008410, 
0x008410, 0x008410, 0x008410, 0x008410, 0x008410, 0x008410, 0x008410, 0x008410, 0x008410, 0x008410, 0x008410, 0x008410, 0x008410, 0x008410, 0x008410, 0x008410, 
0x008410, 0x008410, 0x007BEF, 0x027BEF, 0x008410, 0xB551E5, 0xFD7A45, 0xFA92E7, 0xFE8AC7, 0xFF92E7, 0xFF92E7, 0xFF8AC7, 0xFF8AC7, 0xFF8AC7, 0xFF8AC7, 0xFF92E7, 
0xFF6A25, 0xFF5183, 0xFF8286, 0xFF8286, 0xFF9308, 0xFF5183, 0xFFCCAD, 0xFFF5D0, 0xFFCC8C, 0xFFFDF1, 0xFFF5D0, 0xFFFDF1, 0xFFFDF1, 0xFFFDF1, 0xFFFDF1, 0xFFF5D0, 
0xFFFDF1, 0xFFCC4B, 0xFFA389, 0xFF61E4, 0xFF92E7, 0xFF8AC7, 0xFF92C7, 0xFF8AC7, 0xFE92E7, 0xFF8AC7, 0xFB9308, 0xFF61E4, 0x695A88, 0x008430, 0x037BEF, 0x008410, 
0x008410, 0x008410, 0x008410, 0x008410, 0x008410, 0x008410, 0x008410, 0x008410, 0x008410, 0x008410, 0x008410, 0x008410, 0x008410, 0x008410, 0x008410, 0x008410, 
0x008410, 0x008410, 0x008410, 0x008410, 0x008410, 0x008410, 0x008410, 0x008410, 0x008410, 0x008410, 0x008410, 0x008410, 0x008410, 0x008410, 0x008410, 0x008410, 
0x008410, 0x008410, 0x008410, 0x008410, 0x008410, 0x008410, 0x008410, 0x008410, 0x008410, 0x008410, 0x008410, 0x008410, 0x008410, 0x008410, 0x008410, 0x008410, 
0x008410, 0x008410, 0x008410, 0x008410, 0x008410, 0x008410, 0x008410, 0x008410, 0x008410, 0x008410, 0x008410, 0x008410, 0x008410, 0x008410, 0x008410, 0x008410, 
0x008410, 0x008410, 0x008410, 0x008410, 0x008410, 0x008410, 0x008410, 0x008410, 0x008410, 0x008410, 0x008410, 0x008410, 0x008410, 0x008410, 0x008410, 0x008410, 
0x008410, 0x008410, 0x008410, 0x008410, 0x008410, 0x008410, 0x008410, 0x008410, 0x008410, 0x008410, 0x008410, 0x008410, 0x008410, 0x008410, 0x008410, 0x008410, 
0x008410, 0x008410, 0x008410, 0x008410, 0x008410, 0x008410, 0x008410, 0x008410, 0x008410, 0x008410, 0x008410, 0x008410, 0x008410, 0x008410, 0x008410, 0x008410, 
0x008410, 0x008410, 0x008410, 0x008410, 0x007BEF, 0xCD51C4, 0xFF8286, 0xFC92E7, 0xFF8AC7, 0xFF8AC7, 0xFF92E7, 0xFF92E7, 0xFF92E7, 0xFF8AC7, 0xFF92E7, 0xFF82A6, 
0xFF4142, 0xFE61E4, 0xFF92E7, 0xFF92E7, 0xFF7225, 0xFF6A25, 0xFFFDF1, 0xFFF5F1, 0xFFFE11, 0xFFF5D0, 0xFFFDF1, 0xFFFDF1, 0xFFFDF1, 0xFFFDF1, 0xFFFDF1, 0xFFF5D0, 
0xFFFDF1, 0xFFF5D0, 0xFFFE31, 0xFF7286, 0xFF7A45, 0xFF92E7, 0xFF8AC7, 0xFF8AC7, 0xFF8AC7, 0xFE8AC7, 0xFC92E7, 0xFE8286, 0xCD51C4, 0x017BEF, 0x008410, 0x007BEF, 
0x008410, 0x008410, 0x008410, 0x008410, 0x008410, 0x008410, 0x008410, 0x008410, 0x008410, 0x008410, 0x008410, 0x008410, 0x008410, 0x008410, 0x008410, 0x008410, 
0x008410, 0x008410, 0x008410, 0x008410, 0x008410, 0x008410, 0x008410, 0x008410, 0x008410, 0x008410, 0x008410, 0x008410, 0x008410, 0x008410, 0x008410, 0x008410, 
0x008410, 0x008410, 0x008410, 0x008410, 0x008410, 0x008410, 0x008410, 0x008410, 0x008410, 0x008410, 0x008410, 0x008410, 0x008410, 0x008410, 0x008410, 0x008410, 
0x008410, 0x008410, 0x008410, 0x008410, 0x008410, 0x008410, 0x008410, 0x008410, 0x008410, 0x008410, 0x008410, 0x008410, 0x008410, 0x008410, 0x008410, 0x008410, 
0x008410, 0x008410, 0x008410, 0x008410, 0x008410, 0x008410, 0x008410, 0x008410, 0x008410, 0x008410, 0x008410, 0x008410, 0x008410, 0x008410, 0x008410, 0x008410, 
0x008410, 0x008410, 0x008410, 0x008410, 0x008410, 0x008410, 0x008410, 0x008410, 0x008410, 0x008410, 0x008410, 0x008410, 0x008410, 0x008410, 0x008410, 0x008410, 
0x008410, 0x008410, 0x008410, 0x008410, 0x008410, 0x008410, 0x008410, 0x008410, 0x008410, 0x008410, 0x008410, 0x008410, 0x008410, 0x008410, 0x008410, 0x008410, 
0x008410, 0x008410, 0x007BEF, 0x008410, 0x0F7BAE, 0xED5183, 0xFF8AA7, 0xFD92E7, 0xFF8AC7, 0xFF92E7, 0xFF8AC7, 0xFF92E7, 0xFF8AC7, 0xFF8AC7, 0xFF8AC7, 0xFF51A3, 
0xFB51A4, 0xFE6A25, 0xFF9B28, 0xFF8AC7, 0xFF4142, 0xFFC48D, 0xFFFE31, 0xFFF5D0, 0xFFF5D0, 0xFFFDF1, 0xFFF5D0, 0xFFFDF1, 0xFFFDF1, 0xFFFDF1, 0xFFFDF1, 0xFFFDF1, 
0xFFF5D0, 0xFFF5D0, 0xFFFE31, 0xFFBC4B, 0xFF59A4, 0xFF9308, 0xFF8AC7, 0xFF92E7, 0xFF92E7, 0xFF8AC7, 0xFF8AC7, 0xFD92E7, 0xFD59A3, 0x2C6B4C, 0x008430, 0x017BEF, 
0x008410, 0x008410, 0x008410, 0x008410, 0x008410, 0x008410, 0x008410, 0x008410, 0x008410, 0x008410, 0x008410, 0x008410, 0x008410, 0x008410, 0x008410, 0x008410, 
0x008410, 0x008410, 0x008410, 0x008410, 0x008410, 0x008410, 0x008410, 0x008410, 0x008410, 0x008410, 0x008410, 0x008410, 0x008410, 0x008410, 0x008410, 0x008410, 
0x008410, 0x008410, 0x008410, 0x008410, 0x008410, 0x008410, 0x008410, 0x008410, 0x008410, 0x008410, 0x008410, 0x008410, 0x008410, 0x008410, 0x008410, 0x008410, 
0x008410, 0x008410, 0x008410, 0x008410, 0x008410, 0x008410, 0x008410, 0x008410, 0x008410, 0x008410, 0x008410, 0x008410, 0x008410, 0x008410, 0x008410, 0x008410, 
0x008410, 0x008410, 0x008410, 0x008410, 0x008410, 0x008410, 0x008410, 0x008410, 0x008410, 0x008410, 0x008410, 0x008410, 0x008410, 0x008410, 0x008410, 0x008410, 
0x008410, 0x008410, 0x008410, 0x008410, 0x008410, 0x008410, 0x008410, 0x008410, 0x008410, 0x008410, 0x008410, 0x008410, 0x008410, 0x008410, 0x008410, 0x008410, 
0x008410, 0x008410, 0x008410, 0x008410, 0x008410, 0x008410, 0x008410, 0x008410, 0x008410, 0x008410, 0x008410, 0x008410, 0x008410, 0x008410, 0x008410, 0x008410, 
0x008410, 0x008410, 0x007BEF, 0x008410, 0x1D738D, 0xF851A3, 0xFF8AC7, 0xFE8AC7, 0xFF92E7, 0xFF8AC7, 0xFF92E7, 0xFF8AC7, 0xFF8AC7, 0xFF9B08, 0xFF5983, 0xFF832A, 
0xFEAC8F, 0xFE4121, 0xFF7245, 0xFF4142, 0xFF9349, 0xFFFE31, 0xFFF5D0, 0xFFFDF1, 0xFFF5D0, 0xFFFDF1, 0xFFFDF1, 0xFFFDF1, 0xFFFDF1, 0xFFFDF1, 0xFFFDF1, 0xFFF5D0, 
0xFFFDF1, 0xFFF5D0, 0xFFFDF1, 0xFFED90, 0xFF61E4, 0xFF8AA7, 0xFF92E7, 0xFF8AC7, 0xFF92E7, 0xFF92E7, 0xFF8AC7, 0xF99308, 0xFF69E4, 0x6D5A88, 0x048430, 0x057BEF, 
0x008410, 0x007BEF, 0x008410, 0x008410, 0x008410, 0x008410, 0x008410, 0x008410, 0x008410, 0x008410, 0x008410, 0x008410, 0x008410, 0x008410, 0x008410, 0x008410, 
0x008410, 0x008410, 0x008410, 0x008410, 0x008410, 0x008410, 0x008410, 0x008410, 0x008410, 0x008410, 0x008410, 0x008410, 0x008410, 0x008410, 0x008410, 0x008410, 
0x008410, 0x008410, 0x008410, 0x008410, 0x008410, 0x008410, 0x008410, 0x008410, 0x008410, 0x008410, 0x008410, 0x008410, 0x008410, 0x008410, 0x008410, 0x008410, 
0x008410, 0x008410, 0x008410, 0x008410, 0x008410, 0x008410, 0x008410, 0x008410, 0x008410, 0x008410, 0x008410, 0x008410, 0x008410, 0x008410, 0x008410, 0x008410, 
0x008410, 0x008410, 0x008410, 0x008410, 0x008410, 0x008410, 0x008410, 0x008410, 0x008410, 0x008410, 0x008410, 0x008410, 0x008410, 0x008410, 0x008410, 0x008410, 
0x008410, 0x008410, 0x008410, 0x008410, 0x008410, 0x008410, 0x008410, 0x008410, 0x008410, 0x008410, 0x008410, 0x008410, 0x008410, 0x008410, 0x008410, 0x008410, 
0x008410, 0x008410, 0x008410, 0x008410, 0x008410, 0x008410, 0x008410, 0x008410, 0x008410, 0x008410, 0x008410, 0x008410, 0x008410, 0x008410, 0x008410, 0x008410, 
0x008410, 0x008410, 0x007BEF, 0x008410, 0x0A7BAE, 0xE94983, 0xFD82A6, 0xFD92E7, 0xFE8AC7, 0xFF8AC7, 0xFF8AC7, 0xFF92E7, 0xFF9B08, 0xFF61C4, 0xFF59E4, 0xFFF6F8, 
0xFFF695, 0xFF9B69, 0xFF7266, 0xFFA3AA, 0xFFFE11, 0xFFF5D0, 0xFFF5D0, 0xFFF5D0, 0xFFFDF1, 0xFFFDF1, 0xFFFDF1, 0xFFFDF1, 0xFFFDF1, 0xFFFDF1, 0xFFFDF1, 0xFFFDF1, 
0xFFFDF1, 0xFFFDF1, 0xFFF5D0, 0xFFFE11, 0xFF82C7, 0xFF7225, 0xFF92E7, 0xFF8AC7, 0xFF92E7, 0xFF8AC7, 0xFE8AC7, 0xF992E7, 0xFE7A45, 0xA05206, 0x008451, 0x008410, 
0x027BEF, 0x007BEF, 0x008410, 0x007BEF, 0x008410, 0x008410, 0x008410, 0x008410, 0x008410, 0x008410, 0x008410, 0x008410, 0x008410, 0x008410, 0x008410, 0x008410, 
0x008410, 0x008410, 0x008410, 0x008410, 0x008410, 0x008410, 0x008410, 0x008410, 0x008410, 0x008410, 0x008410, 0x008410, 0x008410, 0x008410, 0x008410, 0x008410, 
0x008410, 0x008410, 0x008410, 0x008410, 0x008410, 0x008410, 0x008410, 0x008410, 0x008410, 0x008410, 0x008410, 0x008410, 0x008410, 0x008410, 0x008410, 0x008410, 
0x008410, 0x008410, 0x008410, 0x008410, 0x008410, 0x008410, 0x008410, 0x008410, 0x008410, 0x008410, 0x008410, 0x008410, 0x008410, 0x008410, 0x008410, 0x008410, 
0x008410, 0x008410, 0x008410, 0x008410, 0x008410, 0x008410, 0x008410, 0x008410, 0x008410, 0x008410, 0x008410, 0x008410, 0x008410, 0x008410, 0x008410, 0x008410, 
0x008410, 0x008410, 0x008410, 0x008410, 0x008410, 0x008410, 0x008410, 0x008410, 0x008410, 0x008410, 0x008410, 0x008410, 0x008410, 0x008410, 0x008410, 0x008410, 
0x008410, 0x008410, 0x008410, 0x008410, 0x008410, 0x008410, 0x008410, 0x008410, 0x008410, 0x008410, 0x008410, 0x008410, 0x008410, 0x008410, 0x008410, 0x008410, 
0x008410, 0x008410, 0x008410, 0x027BEF, 0x008430, 0x765A68, 0xFF5182, 0xFB8AC7, 0xFF92E7, 0xFF92E7, 0xFF92E7, 0xFF82A7, 0xFF5182, 0xFF5A05, 0xFFE655, 0xFFFF7A, 
0xFFF612, 0xFFFE11, 0xFFFE11, 0xFFFE11, 0xFFF5D0, 0xFFF5D0, 0xFFFDF1, 0xFFF5D0, 0xFFFDF1, 0xFFFDF1, 0xFFFDF1, 0xFFFDF1, 0xFFFDF1, 0xFFFDF1, 0xFFFDF1, 0xFFFDF1, 
0xFFFDF1, 0xFFF5D0, 0xFFF5D0, 0xFFFE31, 0xFFA3CA, 0xFF61E4, 0xFF9308, 0xFF8AC7, 0xFF92E7, 0xFF92E7, 0xFF8AC7, 0xFD92E7, 0xFE8286, 0xEA4983, 0x965A26, 0x25736D, 
0x008431, 0x017BF0, 0x007BEF, 0x008410, 0x007BEF, 0x008410, 0x008410, 0x008410, 0x008410, 0x008410, 0x008410, 0x008410, 0x008410, 0x008410, 0x008410, 0x008410, 
0x008410, 0x008410, 0x008410, 0x008410, 0x008410, 0x008410, 0x008410, 0x008410, 0x008410, 0x008410, 0x008410, 0x008410, 0x008410, 0x008410, 0x008410, 0x008410, 
0x008410, 0x008410, 0x008410, 0x008410, 0x008410, 0x008410, 0x008410, 0x008410, 0x008410, 0x008410, 0x008410, 0x008410, 0x008410, 0x008410, 0x008410, 0x008410, 
0x008410, 0x008410, 0x008410, 0x008410, 0x008410, 0x008410, 0x008410, 0x008410, 0x008410, 0x008410, 0x008410, 0x008410, 0x008410, 0x008410, 0x008410, 0x008410, 
0x008410, 0x008410, 0x008410, 0x008410, 0x008410, 0x008410, 0x008410, 0x008410, 0x008410, 0x008410, 0x008410, 0x008410, 0x008410, 0x008410, 0x008410, 0x008410, 
0x008410, 0x008410, 0x008410, 0x008410, 0x008410, 0x008410, 0x008410, 0x008410, 0x008410, 0x008410, 0x008410, 0x008410, 0x008410, 0x008410, 0x008410, 0x008410, 
0x008410, 0x008410, 0x008410, 0x008410, 0x008410, 0x008410, 0x008410, 0x008410, 0x008410, 0x008410, 0x008410, 0x008410, 0x008410, 0x008410, 0x008410, 0x008410, 
0x008410, 0x008410, 0x007BEF, 0x007BEF, 0x028410, 0x007BEF, 0xA96A46, 0xFE61C3, 0xFC5163, 0xFF5183, 0xFF5162, 0xFF4983, 0xFF8B8B, 0xFFF6F8, 0xFFFF7A, 0xFFFEB6, 
0xFFF5D0, 0xFFF5D0, 0xFFF5D0, 0xFFF5D0, 0xFFF5D0, 0xFFFDF1, 0xFFF5D0, 0xFFFDF1, 0xFFFDF1, 0xFFFDF1, 0xFFFDF1, 0xFFFDF1, 0xFFFDF1, 0xFFFDF1, 0xFFFDF1, 0xFFFDF1, 
0xFFFDF1, 0xFFFDF1, 0xFFF5D0, 0xFFFE31, 0xFFC48C, 0xFF59C4, 0xFF92E8, 0xFF8AC7, 0xFF92E7, 0xFF92E7, 0xFF8AC7, 0xFF92E7, 0xFF8286, 0xFF59C4, 0xFF7A45, 0xF25183, 
0x6F5A68, 0x008410, 0x008410, 0x007BEF, 0x008410, 0x008410, 0x008410, 0x008410, 0x008410, 0x008410, 0x008410, 0x008410, 0x008410, 0x008410, 0x008410, 0x008410, 
0x008410, 0x008410, 0x008410, 0x008410, 0x008410, 0x008410, 0x008410, 0x008410, 0x008410, 0x008410, 0x008410, 0x008410, 0x008410, 0x008410, 0x008410, 0x008410, 
0x008410, 0x008410, 0x008410, 0x008410, 0x008410, 0x008410, 0x008410, 0x008410, 0x008410, 0x008410, 0x008410, 0x008410, 0x008410, 0x008410, 0x008410, 0x008410, 
0x008410, 0x008410, 0x008410, 0x008410, 0x008410, 0x008410, 0x008410, 0x008410, 0x008410, 0x008410, 0x008410, 0x008410, 0x008410, 0x008410, 0x008410, 0x008410, 
0x008410, 0x008410, 0x008410, 0x008410, 0x008410, 0x008410, 0x008410, 0x008410, 0x008410, 0x008410, 0x008410, 0x008410, 0x008410, 0x008410, 0x008410, 0x008410, 
0x008410, 0x008410, 0x008410, 0x008410, 0x008410, 0x008410, 0x008410, 0x008410, 0x008410, 0x008410, 0x008410, 0x008410, 0x008410, 0x008410, 0x008410, 0x008410, 
0x008410, 0x008410, 0x008410, 0x008410, 0x008410, 0x008410, 0x008410, 0x008410, 0x008410, 0x008410, 0x008410, 0x008410, 0x008410, 0x008410, 0x008410, 0x008410, 
0x008410, 0x008410, 0x008410, 0x008410, 0x027BEF, 0x007C10, 0xA5A369, 0xFED530, 0xFBCDB4, 0xFFC552, 0xFFC572, 0xFFE676, 0xFFFF9A, 0xFFFF39, 0xFFFF39, 0xFFFE53, 
0xFFF5D0, 0xFFF5D1, 0xFFF5D0, 0xFFF5D0, 0xFFFDF1, 0xFFF5D0, 0xFFFDF1, 0xFFFDF1, 0xFFFDF1, 0xFFFDF1, 0xFFFDF1, 0xFFFDF1, 0xFFFDF1, 0xFFFDF1, 0xFFFDF1, 0xFFFDF1, 
0xFFFDF1, 0xFFFDF1, 0xFFF5D0, 0xFFFE11, 0xFFD4EE, 0xFF59C4, 0xFF92E7, 0xFF8AC7, 0xFF92E7, 0xFF92E7, 0xFF8AC7, 0xFE92E7, 0xFF7A66, 0xFE59A4, 0xFA9B08, 0xFF8AC7, 
0xFF59A3, 0x9D5206, 0x008410, 0x037C10, 0x007BEF, 0x008410, 0x008410, 0x008410, 0x008410, 0x008410, 0x008410, 0x008410, 0x008410, 0x008410, 0x008410, 0x008410, 
0x008410, 0x008410, 0x008410, 0x008410, 0x008410, 0x008410, 0x008410, 0x008410, 0x008410, 0x008410, 0x008410, 0x008410, 0x008410, 0x008410, 0x008410, 0x008410, 
0x008410, 0x008410, 0x008410, 0x008410, 0x008410, 0x008410, 0x008410, 0x008410, 0x008410, 0x008410, 0x008410, 0x008410, 0x008410, 0x008410, 0x008410, 0x008410, 
0x008410, 0x008410, 0x008410, 0x008410, 0x008410, 0x008410, 0x008410, 0x008410, 0x008410, 0x008410, 0x008410, 0x008410, 0x008410, 0x008410, 0x008410, 0x008410, 
0x008410, 0x008410, 0x008410, 0x008410, 0x008410, 0x008410, 0x008410, 0x008410, 0x008410, 0x008410, 0x008410, 0x008410, 0x008410, 0x008410, 0x008410, 0x008410, 
0x008410, 0x008410, 0x008410, 0x008410, 0x008410, 0x008410, 0x008410, 0x008410, 0x008410, 0x008410, 0x008410, 0x008410, 0x008410, 0x008410, 0x008410, 0x008410, 
0x008410, 0x008410, 0x008410, 0x008410, 0x008410, 0x008410, 0x008410, 0x008410, 0x008410, 0x008410, 0x008410, 0x008410, 0x008410, 0x008410, 0x008410, 0x008410, 
0x008410, 0x008410, 0x008410, 0x007BEF, 0x007C10, 0x0C83CE, 0xEEA348, 0xFFF6D7, 0xFEFF9B, 0xFFFF7A, 0xFFFF9A, 0xFFFF5A, 0xFFFF18, 0xFFFF39, 0xFFFEF8, 0xFFF5D0, 
0xFFF5D0, 0xFFFDF1, 0xFFFE11, 0xFFFE11, 0xFFF5D0, 0xFFF5D0, 0xFFFDF1, 0xFFF5D0, 0xFFFDF1, 0xFFFDF1, 0xFFFDF1, 0xFFFDF1, 0xFFFDF1, 0xFFFDF1, 0xFFFDF1, 0xFFFDF1, 
0xFFFDF1, 0xFFFDF1, 0xFFF5D0, 0xFFFE11, 0xFFDD2E, 0xFF59C4, 0xFF8AC7, 0xFF8AC7, 0xFF92E7, 0xFF92E7, 0xFF8AC7, 0xFF92E7, 0xFF7A66, 0xFE7A46, 0xFF92E7, 0xFE8AC7, 
0xF89308, 0xFF61C3, 0x975206, 0x008410, 0x027BEF, 0x007BEF, 0x007BEF, 0x008410, 0x008410, 0x008410, 0x008410, 0x008410, 0x008410, 0x008410, 0x008410, 0x008410, 
0x008410, 0x008410, 0x008410, 0x008410, 0x008410, 0x008410, 0x008410, 0x008410, 0x008410, 0x008410, 0x008410, 0x008410, 0x008410, 0x008410, 0x008410, 0x008410, 
0x008410, 0x008410, 0x008410, 0x008410, 0x008410, 0x008410, 0x008410, 0x008410, 0x008410, 0x008410, 0x008410, 0x008410, 0x008410, 0x008410, 0x008410, 0x008410, 
0x008410, 0x008410, 0x008410, 0x008410, 0x008410, 0x008410, 0x008410, 0x008410, 0x008410, 0x008410, 0x008410, 0x008410, 0x008410, 0x008410, 0x008410, 0x008410, 
0x008410, 0x008410, 0x008410, 0x008410, 0x008410, 0x008410, 0x008410, 0x008410, 0x008410, 0x008410, 0x008410, 0x008410, 0x008410, 0x008410, 0x008410, 0x008410, 
0x008410, 0x008410, 0x008410, 0x008410, 0x008410, 0x008410, 0x008410, 0x008410, 0x008410, 0x008410, 0x008410, 0x008410, 0x008410, 0x008410, 0x008410, 0x008410, 
0x008410, 0x008410, 0x008410, 0x008410, 0x008410, 0x008410, 0x008410, 0x008410, 0x008410, 0x008410, 0x008410, 0x008410, 0x008410, 0x008410, 0x008410, 0x008410, 
0x008410, 0x008410, 0x0083EF, 0x027BEF, 0x007C10, 0x458B8C, 0xFFBC0A, 0xFCFF39, 0xFFFF18, 0xFFFF19, 0xFFFF19, 0xFFFF39, 0xFFFF39, 0xFFFF39, 0xFFFE74, 0xFFF5B0, 
0xFFFDF1, 0xFFF5B0, 0xFFDD0E, 0xFFE54F, 0xFFFE11, 0xFFFDF1, 0xFFF5D0, 0xFFFDF1, 0xFFFDF1, 0xFFFDF1, 0xFFFDF1, 0xFFFDF1, 0xFFFDF1, 0xFFFDF1, 0xFFFDF1, 0xFFFDF1, 
0xFFFDF1, 0xFFFDF1, 0xFFF5D0, 0xFFFDF1, 0xFFE56F, 0xFF59E4, 0xFF8AC7, 0xFF92E7, 0xFF92C7, 0xFF92E7, 0xFF92E7, 0xFF8AC7, 0xFF92E7, 0xFF92E7, 0xFF8AC7, 0xFE8AC7, 
0xFE8AC7, 0xF992E7, 0xFF5983, 0x6362A9, 0x008430, 0x027BEF, 0x008410, 0x007BEF, 0x008410, 0x008410, 0x008410, 0x008410, 0x008410, 0x008410, 0x008410, 0x008410, 
0x008410, 0x008410, 0x008410, 0x008410, 0x008410, 0x008410, 0x008410, 0x008410, 0x008410, 0x008410, 0x008410, 0x008410, 0x008410, 0x008410, 0x008410, 0x008410, 
0x008410, 0x008410, 0x008410, 0x008410, 0x008410, 0x008410, 0x008410, 0x008410, 0x008410, 0x008410, 0x008410, 0x008410, 0x008410, 0x008410, 0x008410, 0x008410, 
0x008410, 0x008410, 0x008410, 0x008410, 0x008410, 0x008410, 0x008410, 0x008410, 0x008410, 0x008410, 0x008410, 0x008410, 0x008410, 0x008410, 0x008410, 0x008410, 
0x008410, 0x008410, 0x008410, 0x008410, 0x008410, 0x008410, 0x008410, 0x008410, 0x008410, 0x008410, 0x008410, 0x008410, 0x008410, 0x008410, 0x008410, 0x008410, 
0x008410, 0x008410, 0x008410, 0x008410, 0x008410, 0x008410, 0x008410, 0x008410, 0x008410, 0x008410, 0x008410, 0x008410, 0x008410, 0x008410, 0x008410, 0x008410, 
0x008410, 0x008410, 0x008410, 0x008410, 0x008410, 0x008410, 0x008410, 0x008410, 0x008410, 0x008410, 0x008410, 0x008410, 0x008410, 0x008410, 0x008410, 0x008410, 
0x008410, 0x008410, 0x008410, 0x0283EF, 0x007C10, 0x939329, 0xFED530, 0xFAFF7A, 0xFEFF18, 0xFFFF39, 0xFFFF39, 0xFFFF39, 0xFFFF39, 0xFFFF18, 0xFFF5F1, 0xFFFDF0, 
0xFEED90, 0xFF6A25, 0xFE4121, 0xFE4942, 0xFF9348, 0xFFF5D0, 0xFFFDF1, 0xFFF5D0, 0xFFFDF1, 0xFFFDF1, 0xFFFDF1, 0xFFFDF1, 0xFFFDF1, 0xFFFDF1, 0xFFF5D0, 0xFFFDF1, 
0xFFF5D0, 0xFFF5D0, 0xFFF5D0, 0xFFFDF1, 0xFFED90, 0xFF6204, 0xFF8AA7, 0xFF8AC7, 0xFF8AE7, 0xFF92E7, 0xFF8AE7, 0xFF92E7, 0xFF8AC7, 0xFF8AE7, 0xFF8AC7, 0xFF92E7, 
0xFF8AC7, 0xFD92E7, 0xFC8AA7, 0xF34962, 0x22736D, 0x018410, 0x017BEF, 0x008410, 0x008410, 0x008410, 0x008410, 0x008410, 0x008410, 0x008410, 0x008410, 0x008410, 
0x008410, 0x008410, 0x008410, 0x008410, 0x008410, 0x008410, 0x008410, 0x008410, 0x008410, 0x008410, 0x008410, 0x008410, 0x008410, 0x008410, 0x008410, 0x008410, 
0x008410, 0x008410, 0x008410, 0x008410, 0x008410, 0x008410, 0x008410, 0x008410, 0x008410, 0x008410, 0x008410, 0x008410, 0x008410, 0x008410, 0x008410, 0x008410, 
0x008410, 0x008410, 0x008410, 0x008410, 0x008410, 0x008410, 0x008410, 0x008410, 0x008410, 0x008410, 0x008410, 0x008410, 0x008410, 0x008410, 0x008410, 0x008410, 
0x008410, 0x008410, 0x008410, 0x008410, 0x008410, 0x008410, 0x008410, 0x008410, 0x008410, 0x008410, 0x008410, 0x008410, 0x008410, 0x008410, 0x008410, 0x008410, 
0x008410, 0x008410, 0x008410, 0x008410, 0x008410, 0x008410, 0x008410, 0x008410, 0x008410, 0x008410, 0x008410, 0x008410, 0x008410, 0x008410, 0x008410, 0x008410, 
0x008410, 0x008410, 0x008410, 0x008410, 0x008410, 0x008410, 0x008410, 0x008410, 0x008410, 0x008410, 0x008410, 0x008410, 0x008410, 0x008410, 0x008410, 0x008410, 
0x008410, 0x008410, 0x007BEF, 0x007C10, 0x0683EF, 0xE1A327, 0xFFEE76, 0xFDFF5A, 0xFFFF19, 0xFFFF39, 0xFFFF39, 0xFFFF19, 0xFFFF39, 0xFFFEB6, 0xFFF5B0, 0xFFFE32, 
0xFE9B68, 0xFF49A4, 0xFEE71B, 0xFE7B2A, 0xFF2880, 0xFFABEA, 0xFFFE31, 0xFFF5D0, 0xFFFDF1, 0xFFFDF1, 0xFFFDF1, 0xFFFDF1, 0xFFFDF1, 0xFFFDF1, 0xFFFDF1, 0xFFF5D0, 
0xFFFDF1, 0xFFFDF1, 0xFFF5D0, 0xFFFDF1, 0xFFEDB0, 0xFF6204, 0xFF8AA7, 0xFF92E7, 0xFF8AC7, 0xFF92E7, 0xFF92E7, 0xFF8AC7, 0xFF8AC7, 0xFF8AC7, 0xFF92E7, 0xFF8AC7, 
0xFE92E7, 0xFF8AC7, 0xFB92E8, 0xFF7225, 0xB751C5, 0x008410, 0x027BEF, 0x007BEF, 0x008410, 0x008410, 0x008410, 0x008410, 0x008410, 0x008410, 0x008410, 0x008410, 
0x008410, 0x008410, 0x008410, 0x008410, 0x008410, 0x008410, 0x008410, 0x008410, 0x008410, 0x008410, 0x008410, 0x008410, 0x008410, 0x008410, 0x008410, 0x008410, 
0x008410, 0x008410, 0x008410, 0x008410, 0x008410, 0x008410, 0x008410, 0x008410, 0x008410, 0x008410, 0x008410, 0x008410, 0x008410, 0x008410, 0x008410, 0x008410, 
0x008410, 0x008410, 0x008410, 0x008410, 0x008410, 0x008410, 0x008410, 0x008410, 0x008410, 0x008410, 0x008410, 0x008410, 0x008410, 0x008410, 0x008410, 0x008410, 
0x008410, 0x008410, 0x008410, 0x008410, 0x008410, 0x008410, 0x008410, 0x008410, 0x008410, 0x008410, 0x008410, 0x008410, 0x008410, 0x008410, 0x008410, 0x008410, 
0x008410, 0x008410, 0x008410, 0x008410, 0x008410, 0x008410, 0x008410, 0x008410, 0x008410, 0x008410, 0x008410, 0x008410, 0x008410, 0x008410, 0x008410, 0x008410, 
0x008410, 0x008410, 0x008410, 0x008410, 0x008410, 0x008410, 0x008410, 0x008410, 0x008410, 0x008410, 0x008410, 0x008410, 0x008410, 0x008410, 0x008410, 0x008410, 
0x008410, 0x008410, 0x0283EF, 0x007C10, 0x4A8B6B, 0xFFBC0A, 0xFCFF5A, 0xFFFF39, 0xFFFF39, 0xFFFF39, 0xFFFF39, 0xFFFF39, 0xFFFF39, 0xFFFE32, 0xFFF5D0, 0xFFFE11, 
0xFF7245, 0xFF51C4, 0xFFCE17, 0xFF7B0A, 0xFF38E0, 0xFF9B69, 0xFFFE31, 0xFFF5D0, 0xFFFDF1, 0xFFFDF1, 0xFFFDF1, 0xFFFDF1, 0xFFFDF1, 0xFFFDF1, 0xFFF5D0, 0xFFFDF1, 
0xFFF5D0, 0xFFF5D0, 0xFFFDF1, 0xFFFDF1, 0xFFED90, 0xFF6204, 0xFF8AA7, 0xFF92E7, 0xFF8AC7, 0xFF92E7, 0xFF92E7, 0xFF8AC7, 0xFF92E7, 0xFF8266, 0xFF8286, 0xFF92E7, 
0xFF8AC7, 0xFE8AC7, 0xFF8AC7, 0xFB92E7, 0xFF5183, 0x456AEA, 0x008430, 0x027BEF, 0x0083EF, 0x008410, 0x008410, 0x008410, 0x008410, 0x008410, 0x008410, 0x008410, 
0x008410, 0x008410, 0x008410, 0x008410, 0x008410, 0x008410, 0x008410, 0x008410, 0x008410, 0x008410, 0x008410, 0x008410, 0x008410, 0x008410, 0x008410, 0x008410, 
0x008410, 0x008410, 0x008410, 0x008410, 0x008410, 0x008410, 0x008410, 0x008410, 0x008410, 0x008410, 0x008410, 0x008410, 0x008410, 0x008410, 0x008410, 0x008410, 
0x008410, 0x008410, 0x008410, 0x008410, 0x008410, 0x008410, 0x008410, 0x008410, 0x008410, 0x008410, 0x008410, 0x008410, 0x008410, 0x008410, 0x008410, 0x008410, 
0x008410, 0x008410, 0x008410, 0x008410, 0x008410, 0x008410, 0x008410, 0x008410, 0x008410, 0x008410, 0x008410, 0x008410, 0x008410, 0x008410, 0x008410, 0x008410, 
0x008410, 0x008410, 0x008410, 0x008410, 0x008410, 0x008410, 0x008410, 0x008410, 0x008410, 0x008410, 0x008410, 0x008410, 0x008410, 0x008410, 0x008410, 0x008410, 
0x008410, 0x008410, 0x008410, 0x008410, 0x008410, 0x008410, 0x008410, 0x008410, 0x008410, 0x008410, 0x008410, 0x008410, 0x008410, 0x008410, 0x008410, 0x008410, 
0x008410, 0x007BF0, 0x017BEF, 0x007C10, 0xB59B07, 0xFEDD91, 0xFBFF7A, 0xFEFF18, 0xFFFF39, 0xFFFF39, 0xFFFF19, 0xFFFF39, 0xFFFED6, 0xFFF5D0, 0xFFFDF1, 0xFFF5B0, 
0xFE61E4, 0xFF4942, 0xFE4101, 0xFE4962, 0xFF4122, 0xFF9B69, 0xFFFE32, 0xFFF5D0, 0xFFFDF1, 0xFFFDF1, 0xFFFDF1, 0xFFFDF1, 0xFFFDF1, 0xFFFDF1, 0xFFF5D0, 0xFFFE11, 
0xFFC42A, 0xFFD48C, 0xFFFE11, 0xFFFDF1, 0xFFED90, 0xFF61E4, 0xFF8AA7, 0xFF92E7, 0xFF8AC7, 0xFF92E7, 0xFF8AC7, 0xFF8AC7, 0xFF92E7, 0xFF8AA7, 0xFF7A45, 0xFF8AC7, 
0xFF8AC7, 0xFF8AC7, 0xFF8AC7, 0xFB92E7, 0xFE7245, 0xB851C5, 0x008410, 0x017BEF, 0x007C10, 0x008410, 0x008410, 0x008410, 0x008410, 0x008410, 0x008410, 0x008410, 
0x008410, 0x008410, 0x008410, 0x008410, 0x008410, 0x008410, 0x008410, 0x008410, 0x008410, 0x008410, 0x008410, 0x008410, 0x008410, 0x008410, 0x008410, 0x008410, 
0x008410, 0x008410, 0x008410, 0x008410, 0x008410, 0x008410, 0x008410, 0x008410, 0x008410, 0x008410, 0x008410, 0x008410, 0x008410, 0x008410, 0x008410, 0x008410, 
0x008410, 0x008410, 0x008410, 0x008410, 0x008410, 0x008410, 0x008410, 0x008410, 0x008410, 0x008410, 0x008410, 0x008410, 0x008410, 0x008410, 0x008410, 0x008410, 
0x008410, 0x008410, 0x008410, 0x008410, 0x008410, 0x008410, 0x008410, 0x008410, 0x008410, 0x008410, 0x008410, 0x008410, 0x008410, 0x008410, 0x008410, 0x008410, 
0x008410, 0x008410, 0x008410, 0x008410, 0x008410, 0x008410, 0x008410, 0x008410, 0x008410, 0x008410, 0x008410, 0x008410, 0x008410, 0x008410, 0x008410, 0x008410, 
0x008410, 0x008410, 0x008410, 0x008410, 0x008410, 0x008410, 0x008410, 0x008410, 0x008410, 0x008410, 0x008410, 0x008410, 0x008410, 0x008410, 0x008410, 0x008410, 
0x00840F, 0x027BEF, 0x007C10, 0x2B83AD, 0xFBAB88, 0xFDF6F8, 0xFEFF39, 0xFFFF39, 0xFFFF39, 0xFFFF39, 0xFFFF39, 0xFFFF39, 0xFFFE33, 0xFFF5D0, 0xFFF5D0, 0xFFFE11, 
0xFF7AA6, 0xFF3901, 0xFF4983, 0xFF4963, 0xFF4122, 0xFFCCCD, 0xFFFE11, 0xFFF5D0, 0xFFFDF1, 0xFFFDF1, 0xFFFDF1, 0xFFFDF1, 0xFFFDF1, 0xFFF5D0, 0xFFF5D0, 0xFFFE11, 
0xFFB3A9, 0xFFC42B, 0xFFFE11, 0xFFFDD0, 0xFFED90, 0xFF6204, 0xFF8AA7, 0xFF8AE7, 0xFF8AC7, 0xFF8AC7, 0xFF92E7, 0xFF92E7, 0xFF8AC7, 0xFF92E7, 0xFF7A45, 0xFF82A6, 
0xFF92E7, 0xFF8AC7, 0xFE8AC7, 0xFE92E7, 0xFD8AC7, 0xF95163, 0x21736D, 0x008410, 0x017BEF, 0x007BEF, 0x008410, 0x008410, 0x008410, 0x008410, 0x008410, 0x008410, 
0x008410, 0x008410, 0x008410, 0x008410, 0x008410, 0x008410, 0x008410, 0x008410, 0x008410, 0x008410, 0x008410, 0x008410, 0x008410, 0x008410, 0x008410, 0x008410, 
0x008410, 0x008410, 0x008410, 0x008410, 0x008410, 0x008410, 0x008410, 0x008410, 0x008410, 0x008410, 0x008410, 0x008410, 0x008410, 0x008410, 0x008410, 0x008410, 
0x008410, 0x008410, 0x008410, 0x008410, 0x008410, 0x008410, 0x008410, 0x008410, 0x008410, 0x008410, 0x008410, 0x008410, 0x008410, 0x008410, 0x008410, 0x008410, 
0x008410, 0x008410, 0x008410, 0x008410, 0x008410, 0x008410, 0x008410, 0x008410, 0x008410, 0x008410, 0x008410, 0x008410, 0x008410, 0x008410, 0x008410, 0x008410, 
0x008410, 0x008410, 0x008410, 0x008410, 0x008410, 0x008410, 0x008410, 0x008410, 0x008410, 0x008410, 0x008410, 0x008410, 0x008410, 0x008410, 0x008410, 0x008410, 
0x008410, 0x008410, 0x008410, 0x008410, 0x008410, 0x008410, 0x008410, 0x008410, 0x008410, 0x008410, 0x008410, 0x008410, 0x008410, 0x008410, 0x008410, 0x008410, 
0x007C10, 0x037BEF, 0x007C10, 0xA19328, 0xFFD50F, 0xFAFF7A, 0xFFFF19, 0xFFFF39, 0xFFFF39, 0xFFFF39, 0xFFFF39, 0xFFFEF7, 0xFFF5D0, 0xFFF5D0, 0xFFF5D0, 0xFFFDF1, 
0xFFED8F, 0xFF82E7, 0xFF51A3, 0xFF5183, 0xFFA3AA, 0xFFFE11, 0xFFF5D0, 0xFFFDD0, 0xFFFDF1, 0xFFFDF1, 0xFFFDF1, 0xFFFDF1, 0xFFFDF1, 0xFFFDF1, 0xFFF5D0, 0xFFFE11, 
0xFFB3C9, 0xFFCC4B, 0xFFFE11, 0xFFFDF1, 0xFFED90, 0xFF61E4, 0xFF8AA7, 0xFF92C7, 0xFE8AC7, 0xFF92E7, 0xFE8AC7, 0xFE8286, 0xFF8AC7, 0xFE92E7, 0xFF8266, 0xFF8266, 
0xFF8AC7, 0xFF8AC7, 0xFF92E7, 0xFF8AC7, 0xFA9308, 0xFF61C4, 0x7C5A68, 0x008430, 0x047BEF, 0x008410, 0x008410, 0x008410, 0x008410, 0x008410, 0x008410, 0x008410, 
0x008410, 0x008410, 0x008410, 0x008410, 0x008410, 0x008410, 0x008410, 0x008410, 0x008410, 0x008410, 0x008410, 0x008410, 0x008410, 0x008410, 0x008410, 0x008410, 
0x008410, 0x008410, 0x008410, 0x008410, 0x008410, 0x008410, 0x008410, 0x008410, 0x008410, 0x008410, 0x008410, 0x008410, 0x008410, 0x008410, 0x008410, 0x008410, 
0x008410, 0x008410, 0x008410, 0x008410, 0x008410, 0x008410, 0x008410, 0x008410, 0x008410, 0x008410, 0x008410, 0x008410, 0x008410, 0x008410, 0x008410, 0x008410, 
0x008410, 0x008410, 0x008410, 0x008410, 0x008410, 0x008410, 0x008410, 0x008410, 0x008410, 0x008410, 0x008410, 0x008410, 0x008410, 0x008410, 0x008410, 0x008410, 
0x008410, 0x008410, 0x008410, 0x008410, 0x008410, 0x008410, 0x008410, 0x008410, 0x008410, 0x008410, 0x008410, 0x008410, 0x008410, 0x008410, 0x008410, 0x008410, 
0x008410, 0x008410, 0x008410, 0x008410, 0x008410, 0x008410, 0x008410, 0x008410, 0x008410, 0x008410, 0x008410, 0x008410, 0x008410, 0x008410, 0x008410, 0x008410, 
0x0183EF, 0x007C10, 0x2D8BAD, 0xFAAB68, 0xFDF6F8, 0xFEFF39, 0xFEFF39, 0xFFFF39, 0xFFFF39, 0xFFFF19, 0xFFFF39, 0xFFFE95, 0xFFF5D0, 0xFFFDF1, 0xFFFDF1, 0xFFF5D0, 
0xFFFDF1, 0xFFFE11, 0xFFED8F, 0xFFED8F, 0xFFFE11, 0xFFF5D0, 0xFFF5D0, 0xFFF5F1, 0xFFFDF1, 0xFFFDF1, 0xFFFDF1, 0xFFFDF1, 0xFFFDF1, 0xFFF5D0, 0xFFFDF0, 0xFFFDF1, 
0xFFAB68, 0xFFD4AC, 0xFFFE11, 0xFFF5D0, 0xFFFDF1, 0xFF6A45, 0xFF7A66, 0xFF92E7, 0xFF8AC7, 0xFF92E7, 0xFF6A04, 0xFF51A3, 0xFF92E7, 0xFF92E7, 0xFF8286, 0xFF8266, 
0xFF8266, 0xFF8AA6, 0xFF92E7, 0xFE8AC7, 0xFC92E7, 0xFE8286, 0xD649A4, 0x037BCF, 0x018410, 0x007BEF, 0x008410, 0x008410, 0x008410, 0x008410, 0x008410, 0x008410, 
0x008410, 0x008410, 0x008410, 0x008410, 0x008410, 0x008410, 0x008410, 0x008410, 0x008410, 0x008410, 0x008410, 0x008410, 0x008410, 0x008410, 0x008410, 0x008410, 
0x008410, 0x008410, 0x008410, 0x008410, 0x008410, 0x008410, 0x008410, 0x008410, 0x008410, 0x008410, 0x008410, 0x008410, 0x008410, 0x008410, 0x008410, 0x008410, 
0x008410, 0x008410, 0x008410, 0x008410, 0x008410, 0x008410, 0x008410, 0x008410, 0x008410, 0x008410, 0x008410, 0x008410, 0x008410, 0x008410, 0x008410, 0x008410, 
0x008410, 0x008410, 0x008410, 0x008410, 0x008410, 0x008410, 0x008410, 0x008410, 0x008410, 0x008410, 0x008410, 0x008410, 0x008410, 0x008410, 0x008410, 0x008410, 
0x008410, 0x008410, 0x008410, 0x008410, 0x008410, 0x008410, 0x008410, 0x008410, 0x008410, 0x008410, 0x008410, 0x008410, 0x008410, 0x008410, 0x008410, 0x008410, 
0x008410, 0x008410, 0x008410, 0x008410, 0x008410, 0x008410, 0x008410, 0x008410, 0x008410, 0x008410, 0x008410, 0x008410, 0x008410, 0x008410, 0x0083EF, 0x007BF0, 
0x037BEF, 0x007C10, 0xBA9B27, 0xFFD550, 0xFBFF7A, 0xFFFF18, 0xFFFF39, 0xFFFF39, 0xFFFF39, 0xFFFF19, 0xFFFF39, 0xFFFE53, 0xFFF5D0, 0xFFF5D1, 0xFFF5D0, 0xFFFDF1, 
0xFFF5D0, 0xFFF5D0, 0xFFFDF1, 0xFFFDF1, 0xFFF5D0, 0xFFF5D0, 0xFFFDF1, 0xFFF5D0, 0xFFFDF1, 0xFFFDF1, 0xFFFDF1, 0xFFFDF1, 0xFFF5D0, 0xFFF5D0, 0xFFFDF1, 0xFFED8F, 
0xFFA327, 0xFFE52E, 0xFFFDF1, 0xFFF5D0, 0xFFFE32, 0xFFA3A9, 0xFF59A3, 0xFF9B28, 0xFE92E7, 0xFF8AA7, 0xFB4142, 0xFC59C4, 0xFF92E7, 0xFE92E7, 0xFF8286, 0xFF7A65, 
0xFF8286, 0xFF8286, 0xFF92E7, 0xFF8AC7, 0xFF8AC7, 0xFD92E7, 0xFF5183, 0x346B2B, 0x008430, 0x017BEF, 0x008410, 0x008410, 0x008410, 0x008410, 0x008410, 0x008410, 
0x008410, 0x008410, 0x008410, 0x008410, 0x008410, 0x008410, 0x008410, 0x008410, 0x008410, 0x008410, 0x008410, 0x008410, 0x008410, 0x008410, 0x008410, 0x008410, 
0x008410, 0x008410, 0x008410, 0x008410, 0x008410, 0x008410, 0x008410, 0x008410, 0x008410, 0x008410, 0x008410, 0x008410, 0x008410, 0x008410, 0x008410, 0x008410, 
0x008410, 0x008410, 0x008410, 0x008410, 0x008410, 0x008410, 0x008410, 0x008410, 0x008410, 0x008410, 0x008410, 0x008410, 0x008410, 0x008410, 0x008410, 0x008410, 
0x008410, 0x008410, 0x008410, 0x008410, 0x008410, 0x008410, 0x008410, 0x008410, 0x008410, 0x008410, 0x008410, 0x008410, 0x008410, 0x008410, 0x008410, 0x008410, 
0x008410, 0x008410, 0x008410, 0x008410, 0x008410, 0x008410, 0x008410, 0x008410, 0x008410, 0x008410, 0x008410, 0x008410, 0x008410, 0x008410, 0x008410, 0x008410, 
0x008410, 0x008410, 0x008410, 0x008410, 0x008410, 0x008410, 0x008410, 0x008410, 0x008410, 0x008410, 0x008410, 0x008410, 0x008410, 0x0083EF, 0x007C10, 0x0383EF, 
0x007C10, 0x508B6B, 0xFFBBEA, 0xFBFF39, 0xFFFF39, 0xFEFF39, 0xFFFF39, 0xFFFF39, 0xFFFF39, 0xFFFF39, 0xFFFF39, 0xFFF612, 0xFFF5D0, 0xFFFDD0, 0xFFFDF1, 0xFFFDF1, 
0xFFF5D0, 0xFFFDF1, 0xFFF5D0, 0xFFF5D0, 0xFFFDF1, 0xFFF5D0, 0xFFFDF1, 0xFFFDF1, 0xFFFDF1, 0xFFFDF1, 0xFFFDF1, 0xFFFDF1, 0xFFFDF1, 0xFFF5D0, 0xFFFE11, 0xFFD4AC, 
0xFFAB68, 0xFFF5D0, 0xFFFDF1, 0xFFF5D0, 0xFFFDF1, 0xFFF5B0, 0xFF6205, 0xFF61C4, 0xFE8AC7, 0xFF5183, 0xFB6A45, 0xFC6A25, 0xFF8AC7, 0xFE8AC7, 0xFF8AA6, 0xFF8266, 
0xFF8AA6, 0xFF8266, 0xFF92E7, 0xFF8AC7, 0xFE8AC7, 0xFA92E8, 0xFE61C4, 0x735A88, 0x008430, 0x037BEF, 0x008410, 0x008410, 0x008410, 0x008410, 0x008410, 0x008410, 
0x008410, 0x008410, 0x008410, 0x008410, 0x008410, 0x008410, 0x008410, 0x008410, 0x008410, 0x008410, 0x008410, 0x008410, 0x008410, 0x008410, 0x008410, 0x008410, 
0x008410, 0x008410, 0x008410, 0x008410, 0x008410, 0x008410, 0x008410, 0x008410, 0x008410, 0x008410, 0x008410, 0x008410, 0x008410, 0x008410, 0x008410, 0x008410, 
0x008410, 0x008410, 0x008410, 0x008410, 0x008410, 0x008410, 0x008410, 0x008410, 0x008410, 0x008410, 0x008410, 0x008410, 0x008410, 0x008410, 0x008410, 0x008410, 
0x008410, 0x008410, 0x008410, 0x008410, 0x008410, 0x008410, 0x008410, 0x008410, 0x008410, 0x008410, 0x008410, 0x008410, 0x008410, 0x008410, 0x008410, 0x008410, 
0x008410, 0x008410, 0x008410, 0x008410, 0x008410, 0x008410, 0x008410, 0x008410, 0x008410, 0x008410, 0x008410, 0x008410, 0x008410, 0x008410, 0x008410, 0x008410, 
0x008410, 0x008410, 0x008410, 0x008410, 0x008410, 0x008410, 0x008410, 0x008410, 0x008410, 0x008410, 0x008410, 0x008410, 0x0083EF, 0x007C10, 0x0183EF, 0x007C10, 
0x1F83CE, 0xE8A327, 0xFCEE75, 0xFDFF59, 0xFEFF19, 0xFFFF39, 0xFFFF39, 0xFFFF39, 0xFFFF39, 0xFFFF39, 0xFFFF39, 0xFFFE32, 0xFFF5B0, 0xFFFDF1, 0xFFFDF1, 0xFFF5D0, 
0xFFFDF1, 0xFFFDF1, 0xFFFDF1, 0xFFFDF1, 0xFFFDF1, 0xFFFDF1, 0xFFFDF1, 0xFFFDF1, 0xFFFDF1, 0xFFFDF1, 0xFFFDF1, 0xFFF5D0, 0xFFF5D0, 0xFFF5D0, 0xFFFDF1, 0xFFAB68, 
0xFFCC6B, 0xFFFE11, 0xFFF5D0, 0xFFFDF1, 0xFFF5D0, 0xFFFE11, 0xFFE54F, 0xFF7AC7, 0xFF59C4, 0xFF7286, 0xFFC48D, 0xFF61E4, 0xFF92E7, 0xFF8AC7, 0xFF8AA7, 0xFF8286, 
0xFF8AA7, 0xFF8266, 0xFF92E7, 0xFF8AC7, 0xFE8AC7, 0xFA92E8, 0xFE7225, 0xA35206, 0x008410, 0x027BEF, 0x007BEF, 0x008410, 0x008410, 0x008410, 0x008410, 0x008410, 
0x008410, 0x008410, 0x008410, 0x008410, 0x008410, 0x008410, 0x008410, 0x008410, 0x008410, 0x008410, 0x008410, 0x008410, 0x008410, 0x008410, 0x008410, 0x008410, 
0x008410, 0x008410, 0x008410, 0x008410, 0x008410, 0x008410, 0x008410, 0x008410, 0x008410, 0x008410, 0x008410, 0x008410, 0x008410, 0x008410, 0x008410, 0x008410, 
0x008410, 0x008410, 0x008410, 0x008410, 0x008410, 0x008410, 0x008410, 0x008410, 0x008410, 0x008410, 0x008410, 0x008410, 0x008410, 0x008410, 0x008410, 0x008410, 
0x008410, 0x008410, 0x008410, 0x008410, 0x008410, 0x008410, 0x008410, 0x008410, 0x008410, 0x008410, 0x008410, 0x008410, 0x008410, 0x008410, 0x008410, 0x008410, 
0x008410, 0x008410, 0x008410, 0x008410, 0x008410, 0x008410, 0x008410, 0x008410, 0x008410, 0x008410, 0x008410, 0x008410, 0x008410, 0x008410, 0x008410, 0x008410, 
0x008410, 0x008410, 0x008410, 0x008410, 0x008410, 0x008410, 0x008410, 0x008410, 0x008410, 0x008410, 0x008410, 0x008410, 0x008410, 0x0183EF, 0x007C10, 0x1783CE, 
0xDAA327, 0xFFE5F3, 0xFCFF7A, 0xFFFF19, 0xFFFF39, 0xFFFF39, 0xFFFF39, 0xFFFF39, 0xFFFF39, 0xFFFF39, 0xFFFF39, 0xFFFF18, 0xFFFE53, 0xFFF5D0, 0xFFF5D0, 0xFFFDF1, 
0xFFF5D0, 0xFFFDF1, 0xFFFDF1, 0xFFFDF1, 0xFFFDF1, 0xFFFDF1, 0xFFFDF1, 0xFFFDF1, 0xFFFDF1, 0xFFFDF1, 0xFFF5D0, 0xFFFDF1, 0xFFF5D0, 0xFFFE11, 0xFFD48C, 0xFFAB47, 
0xFFF5D0, 0xFFFDF1, 0xFFF5D0, 0xFFF5D0, 0xFFFDF1, 0xFFF5D0, 0xFFFE11, 0xFFFE31, 0xFEED90, 0xFFFE31, 0xFECCAD, 0xFE59C4, 0xFF9308, 0xFF8AC7, 0xFF8AC7, 0xFF8AC7, 
0xFF8AA6, 0xFF8266, 0xFF92E7, 0xFF8AC7, 0xFF8AC7, 0xFC92E7, 0xFF7A65, 0xC351E5, 0x008410, 0x027BEF, 0x008410, 0x007BEF, 0x008410, 0x008410, 0x008410, 0x008410, 
0x008410, 0x008410, 0x008410, 0x008410, 0x008410, 0x008410, 0x008410, 0x008410, 0x008410, 0x008410, 0x008410, 0x008410, 0x008410, 0x008410, 0x008410, 0x008410, 
0x008410, 0x008410, 0x008410, 0x008410, 0x008410, 0x008410, 0x008410, 0x008410, 0x008410, 0x008410, 0x008410, 0x008410, 0x008410, 0x008410, 0x008410, 0x008410, 
0x008410, 0x008410, 0x008410, 0x008410, 0x008410, 0x008410, 0x008410, 0x008410, 0x008410, 0x008410, 0x008410, 0x008410, 0x008410, 0x008410, 0x008410, 0x008410, 
0x008410, 0x008410, 0x008410, 0x008410, 0x008410, 0x008410, 0x008410, 0x008410, 0x008410, 0x008410, 0x008410, 0x008410, 0x008410, 0x008410, 0x008410, 0x008410, 
0x008410, 0x008410, 0x008410, 0x008410, 0x008410, 0x008410, 0x008410, 0x008410, 0x008410, 0x008410, 0x008410, 0x008410, 0x008410, 0x008410, 0x008410, 0x008410, 
0x008410, 0x008410, 0x008410, 0x008410, 0x008410, 0x008410, 0x008410, 0x008410, 0x008410, 0x008410, 0x008410, 0x008410, 0x0083EF, 0x017C10, 0x0883EF, 0xC89B27, 
0xFFE5D2, 0xFBFF7A, 0xFFFF18, 0xFEFF39, 0xFFFF39, 0xFFFF39, 0xFFFF39, 0xFFFF39, 0xFFFF39, 0xFFFF39, 0xFFFF39, 0xFFFF39, 0xFFFF39, 0xFFFE95, 0xFFF5D0, 0xFFF5D0, 
0xFFFDF1, 0xFFF5D0, 0xFFFDF1, 0xFFFDF1, 0xFFFDF1, 0xFFFDF1, 0xFFFDF1, 0xFFFDF1, 0xFFFDF1, 0xFFF5D0, 0xFFFDF1, 0xFFF5D0, 0xFFFDF1, 0xFFED6F, 0xFFA307, 0xFFDCED, 
0xFFFE11, 0xFFF5D0, 0xFFFDF1, 0xFFFDF1, 0xFFF5D0, 0xFFFDF1, 0xFFF5D0, 0xFFF5D0, 0xFFF5D0, 0xFFFE31, 0xFFBC4C, 0xFF59C4, 0xFF9308, 0xFF8AC7, 0xFF8AC7, 0xFF92E7, 
0xFF8AA7, 0xFF8266, 0xFF92E7, 0xFF8AC7, 0xFF8AC7, 0xFD92E7, 0xFE8286, 0xDA49A4, 0x007BCF, 0x008410, 0x017BEF, 0x008410, 0x007BEF, 0x008410, 0x008410, 0x008410, 
0x008410, 0x008410, 0x008410, 0x008410, 0x008410, 0x008410, 0x008410, 0x008410, 0x008410, 0x008410, 0x008410, 0x008410, 0x008410, 0x008410, 0x008410, 0x008410, 
0x008410, 0x008410, 0x008410, 0x008410, 0x008410, 0x008410, 0x008410, 0x008410, 0x008410, 0x008410, 0x008410, 0x008410, 0x008410, 0x008410, 0x008410, 0x008410, 
0x008410, 0x008410, 0x008410, 0x008410, 0x008410, 0x008410, 0x008410, 0x008410, 0x008410, 0x008410, 0x008410, 0x008410, 0x008410, 0x008410, 0x008410, 0x008410, 
0x008410, 0x008410, 0x008410, 0x008410, 0x008410, 0x008410, 0x008410, 0x008410, 0x008410, 0x008410, 0x008410, 0x008410, 0x008410, 0x008410, 0x008410, 0x008410, 
0x008410, 0x008410, 0x008410, 0x008410, 0x008410, 0x008410, 0x008410, 0x008410, 0x008410, 0x008410, 0x008410, 0x008410, 0x008410, 0x008410, 0x008410, 0x008410, 
0x008410, 0x008410, 0x008410, 0x008410, 0x008410, 0x008410, 0x008410, 0x008410, 0x008410, 0x008410, 0x008410, 0x008410, 0x0283EF, 0x007C10, 0x6F8B4A, 0xFFD50F, 
0xFAFFBB, 0xFFFF39, 0xFEFF39, 0xFFFF39, 0xFFFF39, 0xFFFF39, 0xFFFEF8, 0xFFFF39, 0xFFFF39, 0xFFFF39, 0xFFFF39, 0xFFFF39, 0xFFFF39, 0xFFFF5A, 0xFFFED7, 0xFFF5F1, 
0xFFF5D0, 0xFFFDF1, 0xFFF5D0, 0xFFFDF1, 0xFFFDF1, 0xFFFDF1, 0xFFFDF1, 0xFFFDF1, 0xFFF5D0, 0xFFFDF1, 0xFFF5D0, 0xFFFDF1, 0xFFF5D0, 0xFFAB68, 0xFFC40A, 0xFFFE11, 
0xFFF5D0, 0xFFF5D0, 0xFFF5D0, 0xFFFDF1, 0xFFFDF1, 0xFFFDF1, 0xFFF5D0, 0xFFFDF1, 0xFFF5D0, 0xFFFE31, 0xFFBC4C, 0xFF59C4, 0xFF9308, 0xFF8AC7, 0xFF8AC7, 0xFF92E7, 
0xFF8AA6, 0xFF8266, 0xFF92E7, 0xFF8AC7, 0xFF8AC7, 0xFE92E7, 0xFD82A6, 0xFB4963, 0xC051C4, 0x22736D, 0x008430, 0x017BEF, 0x008410, 0x007BEF, 0x008410, 0x008410, 
0x008410, 0x008410, 0x008410, 0x008410, 0x008410, 0x008410, 0x008410, 0x008410, 0x008410, 0x008410, 0x008410, 0x008410, 0x008410, 0x008410, 0x008410, 0x008410, 
0x008410, 0x008410, 0x008410, 0x008410, 0x008410, 0x008410, 0x008410, 0x008410, 0x008410, 0x008410, 0x008410, 0x008410, 0x008410, 0x008410, 0x008410, 0x008410, 
0x008410, 0x008410, 0x008410, 0x008410, 0x008410, 0x008410, 0x008410, 0x008410, 0x008410, 0x008410, 0x008410, 0x008410, 0x008410, 0x008410, 0x008410, 0x008410, 
0x008410, 0x008410, 0x008410, 0x008410, 0x008410, 0x008410, 0x008410, 0x008410, 0x008410, 0x008410, 0x008410, 0x008410, 0x008410, 0x008410, 0x008410, 0x008410, 
0x008410, 0x008410, 0x008410, 0x008410, 0x008410, 0x008410, 0x008410, 0x008410, 0x008410, 0x008410, 0x008410, 0x008410, 0x008410, 0x008410, 0x008410, 0x008410, 
0x008410, 0x008410, 0x008410, 0x008410, 0x008410, 0x008410, 0x008410, 0x008410, 0x008410, 0x008410, 0x008410, 0x008410, 0x027BEF, 0x007C10, 0xB59B49, 0xFDEE75, 
0xFAEDB4, 0xFEE511, 0xFFFED8, 0xFFFF39, 0xFFFF18, 0xFFED32, 0xFFE4D1, 0xFFFF19, 0xFFFF39, 0xFFFF39, 0xFFFF39, 0xFFFF39, 0xFFFF39, 0xFFFF19, 0xFFFF39, 0xFFFEF8, 
0xFFF5F1, 0xFFF5D0, 0xFFFDF1, 0xFFF5D0, 0xFFFDF1, 0xFFF5D0, 0xFFFDF1, 0xFFF5D0, 0xFFF5D0, 0xFFF5D0, 0xFFFE11, 0xFFF5B0, 0xFFAB88, 0xFFB3C9, 0xFFFDF1, 0xFFF5D0, 
0xFFF5D0, 0xFFFDF1, 0xFFFDF1, 0xFFFDF1, 0xFFFDF1, 0xFFFDF1, 0xFFFDF1, 0xFFFDF1, 0xFFF5D0, 0xFFFE31, 0xFFBC4B, 0xFF59C4, 0xFF9308, 0xFF8AC7, 0xFF8AC7, 0xFF92E7, 
0xFF8AA6, 0xFF8286, 0xFF92E7, 0xFF8AC7, 0xFF8AC7, 0xFF92E7, 0xFF8286, 0xFD51A3, 0xFF7A45, 0xE15183, 0x1E738D, 0x008410, 0x017BEF, 0x008410, 0x008410, 0x008410, 
0x008410, 0x008410, 0x008410, 0x008410, 0x008410, 0x008410, 0x008410, 0x008410, 0x008410, 0x008410, 0x008410, 0x008410, 0x008410, 0x008410, 0x008410, 0x008410, 
0x008410, 0x008410, 0x008410, 0x008410, 0x008410, 0x008410, 0x008410, 0x008410, 0x008410, 0x008410, 0x008410, 0x008410, 0x008410, 0x008410, 0x008410, 0x008410, 
0x008410, 0x008410, 0x008410, 0x008410, 0x008410, 0x008410, 0x008410, 0x008410, 0x008410, 0x008410, 0x008410, 0x008410, 0x008410, 0x008410, 0x008410, 0x008410, 
0x008410, 0x008410, 0x008410, 0x008410, 0x008410, 0x008410, 0x008410, 0x008410, 0x008410, 0x008410, 0x008410, 0x008410, 0x008410, 0x008410, 0x008410, 0x008410, 
0x008410, 0x008410, 0x008410, 0x008410, 0x008410, 0x008410, 0x008410, 0x008410, 0x008410, 0x008410, 0x008410, 0x008410, 0x008410, 0x008410, 0x008410, 0x008410, 
0x008410, 0x008410, 0x008410, 0x008410, 0x008410, 0x008410, 0x008410, 0x008410, 0x008410, 0x008410, 0x008410, 0x008410, 0x0183EF, 0x007BEF, 0xBF9B69, 0xFFF675, 
0xFAE490, 0xFFDC0E, 0xFFF656, 0xFFFF7A, 0xFFF697, 0xFFE44E, 0xFFE46F, 0xFFFED8, 0xFFFF39, 0xFFFF19, 0xFFFF39, 0xFFFF39, 0xFFFF39, 0xFFFF39, 0xFFFF19, 0xFFFF39, 
0xFFFEF7, 0xFFF5D1, 0xFFF5D0, 0xFFF5D0, 0xFFF5D0, 0xFEF5D0, 0xFFF5D0, 0xFEFDF1, 0xFEFE11, 0xFFFE11, 0xFEE52E, 0xFFAB47, 0xFFBBE9, 0xFFF5D0, 0xFFFDF1, 0xFFF5D0, 
0xFFFDF1, 0xFFF5D0, 0xFFFDF1, 0xFFFDF1, 0xFFFDF1, 0xFFFDF1, 0xFFFDF1, 0xFFFDF1, 0xFFF5D0, 0xFFFE31, 0xFFBC2B, 0xFF59C4, 0xFF9308, 0xFF8AC7, 0xFF8AC7, 0xFF92E7, 
0xFF8AA6, 0xFF8AA6, 0xFF92E7, 0xFF8AC7, 0xFF8AC7, 0xFE92E7, 0xFE82A6, 0xFF51A3, 0xFA92E8, 0xFF7A45, 0xC649A4, 0x047BEF, 0x018410, 0x007BEF, 0x007BEF, 0x008410, 
0x008410, 0x008410, 0x008410, 0x008410, 0x008410, 0x008410, 0x008410, 0x008410, 0x008410, 0x008410, 0x008410, 0x008410, 0x008410, 0x008410, 0x008410, 0x008410, 
0x008410, 0x008410, 0x008410, 0x008410, 0x008410, 0x008410, 0x008410, 0x008410, 0x008410, 0x008410, 0x008410, 0x008410, 0x008410, 0x008410, 0x008410, 0x008410, 
0x008410, 0x008410, 0x008410, 0x008410, 0x008410, 0x008410, 0x008410, 0x008410, 0x008410, 0x008410, 0x008410, 0x008410, 0x008410, 0x008410, 0x008410, 0x008410, 
0x008410, 0x008410, 0x008410, 0x008410, 0x008410, 0x008410, 0x008410, 0x008410, 0x008410, 0x008410, 0x008410, 0x008410, 0x008410, 0x008410, 0x008410, 0x008410, 
0x008410, 0x008410, 0x008410, 0x008410, 0x008410, 0x008410, 0x008410, 0x008410, 0x008410, 0x008410, 0x008410, 0x008410, 0x008410, 0x008410, 0x008410, 0x008410, 
0x008410, 0x008410, 0x008410, 0x008410, 0x008410, 0x008410, 0x008410, 0x008410, 0x008410, 0x008410, 0x008410, 0x008410, 0x017BEF, 0x007BEF, 0xC2A348, 0xFFF6B6, 
0xFBED73, 0xFFED32, 0xFFFF39, 0xFFFF39, 0xFFFF39, 0xFFED12, 0xFFED73, 0xFFFF39, 0xFFFF39, 0xFFFF39, 0xFFFF39, 0xFFFF39, 0xFFFF39, 0xFFFF39, 0xFFFF39, 0xFEFF19, 
0xFFFF59, 0xFEFF18, 0xFBFE11, 0xFBFE11, 0xFBFE11, 0xFBFE11, 0xFDFE11, 0xFFED8F, 0xFFE52E, 0xFEBC0A, 0xFFAB47, 0xFED48C, 0xFFFDF1, 0xFFFDF1, 0xFFF5D0, 0xFFFDF1, 
0xFFF5D0, 0xFFFDF1, 0xFFFDF1, 0xFFFDF1, 0xFFFDF1, 0xFFFDF1, 0xFFFDF1, 0xFFFDF1, 0xFFF5D0, 0xFFFE31, 0xFFBC4C, 0xFF59A3, 0xFF9308, 0xFF8AC7, 0xFF8AC7, 0xFF8AC7, 
0xFF8AA7, 0xFF8AC7, 0xFF8AC7, 0xFF8AC7, 0xFF8AC7, 0xFF92E7, 0xFF8286, 0xFE5183, 0xFF8AC7, 0xF99308, 0xFF61C3, 0x666289, 0x008431, 0x037BEF, 0x008410, 0x008410, 
0x008410, 0x008410, 0x008410, 0x008410, 0x008410, 0x008410, 0x008410, 0x008410, 0x008410, 0x008410, 0x008410, 0x008410, 0x008410, 0x008410, 0x008410, 0x008410, 
0x008410, 0x008410, 0x008410, 0x008410, 0x008410, 0x008410, 0x008410, 0x008410, 0x008410, 0x008410, 0x008410, 0x008410, 0x008410, 0x008410, 0x008410, 0x008410, 
0x008410, 0x008410, 0x008410, 0x008410, 0x008410, 0x008410, 0x008410, 0x008410, 0x008410, 0x008410, 0x008410, 0x008410, 0x008410, 0x008410, 0x008410, 0x008410, 
0x008410, 0x008410, 0x008410, 0x008410, 0x008410, 0x008410, 0x008410, 0x008410, 0x008410, 0x008410, 0x008410, 0x008410, 0x008410, 0x008410, 0x008410, 0x008410, 
0x008410, 0x008410, 0x008410, 0x008410, 0x008410, 0x008410, 0x008410, 0x008410, 0x008410, 0x008410, 0x008410, 0x008410, 0x008410, 0x008410, 0x008410, 0x008410, 
0x008410, 0x008410, 0x008410, 0x008410, 0x008410, 0x008410, 0x008410, 0x008410, 0x008410, 0x008410, 0x008410, 0x008410, 0x007BEF, 0x007BF0, 0xC9A348, 0xFEEE75, 
0xFBFF5A, 0xFEFF39, 0xFFFF39, 0xFFFF39, 0xFFFF39, 0xFFFF19, 0xFFFF39, 0xFFFF39, 0xFFFF39, 0xFFFF39, 0xFFFF5A, 0xFFFF39, 0xFFFF39, 0xFFFF39, 0xFFFF39, 0xFFFF39, 
0xFFFF19, 0xFFDDB2, 0xFFDCED, 0xFFDCAC, 0xFFD4AC, 0xFFCC6B, 0xFFC40A, 0xF2AB68, 0xFDA306, 0xFECC6B, 0xFEF5D0, 0xFFFE11, 0xFFF5D0, 0xFFF5D0, 0xFFFDF1, 0xFFF5D0, 
0xFFFDF1, 0xFFFDF1, 0xFFFDF1, 0xFFFDF1, 0xFFFDF1, 0xFFFDF1, 0xFFFDF1, 0xFFFDF1, 0xFFF5D0, 0xFFFE11, 0xFFD4EE, 0xFF59A3, 0xFF92E7, 0xFF8AC7, 0xFF92E7, 0xFF8AC7, 
0xFF8AC7, 0xFF8AC7, 0xFF8AC7, 0xFF92E7, 0xFF8AC7, 0xFF92E7, 0xFF82A6, 0xFF6A25, 0xFE92E7, 0xFC92E7, 0xFD8286, 0xD851A4, 0x037BCF, 0x008410, 0x007BEF, 0x008410, 
0x008410, 0x008410, 0x008410, 0x008410, 0x008410, 0x008410, 0x008410, 0x008410, 0x008410, 0x008410, 0x008410, 0x008410, 0x008410, 0x008410, 0x008410, 0x008410, 
0x008410, 0x008410, 0x008410, 0x008410, 0x008410, 0x008410, 0x008410, 0x008410, 0x008410, 0x008410, 0x008410, 0x008410, 0x008410, 0x008410, 0x008410, 0x008410, 
0x008410, 0x008410, 0x008410, 0x008410, 0x008410, 0x008410, 0x008410, 0x008410, 0x008410, 0x008410, 0x008410, 0x008410, 0x008410, 0x008410, 0x008410, 0x008410, 
0x008410, 0x008410, 0x008410, 0x008410, 0x008410, 0x008410, 0x008410, 0x008410, 0x008410, 0x008410, 0x008410, 0x008410, 0x008410, 0x008410, 0x008410, 0x008410, 
0x008410, 0x008410, 0x008410, 0x008410, 0x008410, 0x008410, 0x008410, 0x008410, 0x008410, 0x008410, 0x008410, 0x008410, 0x008410, 0x008410, 0x008410, 0x008410, 
0x008410, 0x008410, 0x008410, 0x008410, 0x008410, 0x008410, 0x008410, 0x008410, 0x008410, 0x008410, 0x008410, 0x008410, 0x027BEF, 0x007C10, 0xA69328, 0xFEDD91, 
0xFAFF7A, 0xFEFF18, 0xFFFF39, 0xFFFF39, 0xFFFF39, 0xFFFF39, 0xFFFF39, 0xFFFF19, 0xFFFF5A, 0xFFEE55, 0xFFC48D, 0xFFFF39, 0xFFFF39, 0xFFFF39, 0xFFFF19, 0xFEFF59, 
0xFFEE76, 0xF8A306, 0x73934A, 0x688B6B, 0x678B6B, 0x5A836B, 0x408B8C, 0x1683EE, 0x5B8B8B, 0xFFC40A, 0xFBFDF1, 0xFFF5D0, 0xFEF5D0, 0xFFFDF1, 0xFFF5D0, 0xFFFDF1, 
0xFFFDF1, 0xFFFDF1, 0xFFFDF1, 0xFFFDF1, 0xFFFDF1, 0xFFFDF1, 0xFFFDF1, 0xFFFDF1, 0xFFF5D0, 0xFFF5D0, 0xFFF5D0, 0xFF6204, 0xFF8286, 0xFF9308, 0xFF8AC7, 0xFF8AC7, 
0xFF8AC7, 0xFF92E7, 0xFF92E7, 0xFF8AC7, 0xFF92E7, 0xFF8AC7, 0xFF92E7, 0xFF92E7, 0xFF92E7, 0xFF8AC7, 0xFD92E7, 0xFF59A3, 0x366B2B, 0x008430, 0x017BEF, 0x008410, 
0x008410, 0x008410, 0x008410, 0x008410, 0x008410, 0x008410, 0x008410, 0x008410, 0x008410, 0x008410, 0x008410, 0x008410, 0x008410, 0x008410, 0x008410, 0x008410, 
0x008410, 0x008410, 0x008410, 0x008410, 0x008410, 0x008410, 0x008410, 0x008410, 0x008410, 0x008410, 0x008410, 0x008410, 0x008410, 0x008410, 0x008410, 0x008410, 
0x008410, 0x008410, 0x008410, 0x008410, 0x008410, 0x008410, 0x008410, 0x008410, 0x008410, 0x008410, 0x008410, 0x008410, 0x008410, 0x008410, 0x008410, 0x008410, 
0x008410, 0x008410, 0x008410, 0x008410, 0x008410, 0x008410, 0x008410, 0x008410, 0x008410, 0x008410, 0x008410, 0x008410, 0x008410, 0x008410, 0x008410, 0x008410, 
0x008410, 0x008410, 0x008410, 0x008410, 0x008410, 0x008410, 0x008410, 0x008410, 0x008410, 0x008410, 0x008410, 0x008410, 0x008410, 0x008410, 0x008410, 0x008410, 
0x008410, 0x008410, 0x008410, 0x008410, 0x008410, 0x008410, 0x008410, 0x008410, 0x008410, 0x008410, 0x008410, 0x008410, 0x0283EF, 0x007C10, 0x438B8C, 0xFFBBCA, 
0xFCFF39, 0xFFFF39, 0xFEFF39, 0xFFFF39, 0xFFFF39, 0xFFFF39, 0xFFFF39, 0xFFFF18, 0xFFFF7A, 0xFFD571, 0xFFAB88, 0xFFFF59, 0xFFFF39, 0xFFFF39, 0xFEFF18, 0xFBFF7A, 
0xFDD550, 0xCA9B27, 0x007C10, 0x007C10, 0x007C10, 0x007C10, 0x007C10, 0x007C10, 0x007C10, 0xA59328, 0xFFD4AC, 0xFBFE11, 0xFFF5D0, 0xFFFDF1, 0xFFFDF1, 0xFFFDF1, 
0xFFFDF1, 0xFFFDF1, 0xFFFDF1, 0xFFFDF1, 0xFFFDF1, 0xFFFDF1, 0xFFFDF1, 0xFFFDF1, 0xFFFDF1, 0xFFF5D0, 0xFFFE31, 0xFFABEB, 0xFF4942, 0xFF8AA7, 0xFF9308, 0xFF92E7, 
0xFF92E7, 0xFF7A66, 0xFF82A7, 0xFF92E7, 0xFF8AC7, 0xFF92E7, 0xFF8AC7, 0xFF8AC7, 0xFF8AC7, 0xFE8AC7, 0xFA9308, 0xFE69E4, 0x6A5A88, 0x008430, 0x037BEF, 0x008410, 
0x008410, 0x008410, 0x008410, 0x008410, 0x008410, 0x008410, 0x008410, 0x008410, 0x008410, 0x008410, 0x008410, 0x008410, 0x008410, 0x008410, 0x008410, 0x008410, 
0x008410, 0x008410, 0x008410, 0x008410, 0x008410, 0x008410, 0x008410, 0x008410, 0x008410, 0x008410, 0x008410, 0x008410, 0x008410, 0x008410, 0x008410, 0x008410, 
0x008410, 0x007BEF, 0x008410, 0x017BEF, 0x037BEF, 0x037BEF, 0x037BEF, 0x037BEF, 0x037BEF, 0x037BEF, 0x007BEF, 0x007BEF, 0x00840F, 0x007BEF, 0x008410, 0x008410, 
0x008410, 0x008410, 0x008410, 0x008410, 0x008410, 0x008410, 0x008410, 0x008410, 0x008410, 0x008410, 0x008410, 0x008410, 0x008410, 0x008410, 0x008410, 0x008410, 
0x008410, 0x008410, 0x008410, 0x008410, 0x008410, 0x008410, 0x008410, 0x008410, 0x008410, 0x008410, 0x008410, 0x008410, 0x008410, 0x008410, 0x008410, 0x008410, 
0x008410, 0x008410, 0x008410, 0x008410, 0x008410, 0x008410, 0x008410, 0x008410, 0x008410, 0x008410, 0x008410, 0x008410, 0x0083EF, 0x017BEF, 0x007C10, 0xC09B07, 
0xFFDD71, 0xFBFF7A, 0xFFFF18, 0xFEFF39, 0xFFFF39, 0xFFFF39, 0xFFFF39, 0xFFFF39, 0xFFFF9B, 0xFFBC0B, 0xFFC4AE, 0xFFFF7A, 0xFFFF19, 0xFEFF39, 0xFFFF39, 0xF9F6D8, 
0xFFB368, 0x65938B, 0x037C10, 0x0783EF, 0x0383EF, 0x0383EF, 0x0283EF, 0x0283EF, 0x007C10, 0x2C83AD, 0xFCB388, 0xFDF5D0, 0xFEF5D0, 0xFFF5D0, 0xFFFDF1, 0xFFFDF1, 
0xFFFDF1, 0xFFFDF1, 0xFFFDF1, 0xFFFDF1, 0xFFFDF1, 0xFFFDF1, 0xFFFDF1, 0xFFFDF1, 0xFFF5D0, 0xFFF5D0, 0xFFF5D0, 0xFFFE11, 0xFFA3A9, 0xFF4963, 0xFF61E4, 0xFF8286, 
0xFE61E4, 0xFE4122, 0xFF7A86, 0xFE92E7, 0xFF8AC7, 0xFF92E7, 0xFF92E7, 0xFF92E7, 0xFF92E7, 0xFF8AC7, 0xF99308, 0xFE7224, 0x7F5A68, 0x008430, 0x047BEF, 0x008410, 
0x008410, 0x008410, 0x008410, 0x008410, 0x008410, 0x008410, 0x0083EF, 0x007BF0, 0x007BEF, 0x0183EF, 0x0383EF, 0x0483EF, 0x0583EF, 0x0583EF, 0x0483EF, 0x0483EF, 
0x0483EF, 0x0483EF, 0x0483EF, 0x0483EF, 0x0483EF, 0x0283EF, 0x0083EF, 0x007BF0, 0x007BEF, 0x008410, 0x008410, 0x008410, 0x008410, 0x008410, 0x008410, 0x007BEF, 
0x008410, 0x027BEF, 0x027BEF, 0x008410, 0x008430, 0x008431, 0x008431, 0x008431, 0x008431, 0x008430, 0x008430, 0x008410, 0x047BEF, 0x027BEF, 0x007BF0, 0x007BF0, 
0x007BEF, 0x008410, 0x008410, 0x008410, 0x008410, 0x008410, 0x008410, 0x008410, 0x008410, 0x008410, 0x008410, 0x008410, 0x008410, 0x008410, 0x008410, 0x008410, 
0x008410, 0x008410, 0x008410, 0x008410, 0x008410, 0x008410, 0x008410, 0x008410, 0x008410, 0x008410, 0x008410, 0x008410, 0x008410, 0x008410, 0x008410, 0x008410, 
0x008410, 0x008410, 0x008410, 0x008410, 0x008410, 0x008410, 0x008410, 0x008410, 0x008410, 0x008410, 0x008410, 0x008410, 0x008410, 0x017BEF, 0x007C10, 0x3083AD, 
0xFCAB47, 0xFBEE96, 0xFDFF5A, 0xFFFF18, 0xFEFF39, 0xFFFF39, 0xFFFF18, 0xFFFF39, 0xFFD530, 0xFFAB68, 0xFFF6B7, 0xFFFF39, 0xFEFF19, 0xFFFF19, 0xFCFF7A, 0xFFC48D, 
0xC79B07, 0x0683EF, 0x017BF0, 0x007BEF, 0x008410, 0x008410, 0x0083EF, 0x007BEF, 0x007BF0, 0x0183EF, 0xD6A327, 0xFFE50E, 0xFCFE11, 0xFFF5D0, 0xFFFDF1, 0xFFFDF1, 
0xFFFDF1, 0xFFFDF1, 0xFFFDF1, 0xFFFDF1, 0xFFFDF1, 0xFFFDF1, 0xFFFDF1, 0xFFFDF1, 0xFFFDF1, 0xFFFDF1, 0xFFF5D0, 0xFFF5D0, 0xFFFE31, 0xFFDD0E, 0xFF7286, 0xFF51A3, 
0xFE7266, 0xFC7245, 0xFF7A86, 0xFE92E7, 0xFF8AC7, 0xFF92E7, 0xFF92E7, 0xFF92E7, 0xFF92E7, 0xFF8AC7, 0xFA92E8, 0xFF7225, 0xA85206, 0x008410, 0x027BEF, 0x007BEF, 
0x008410, 0x008410, 0x008410, 0x0083EF, 0x007C10, 0x0083EF, 0x0383EF, 0x0383EF, 0x007C10, 0x007C10, 0x007C10, 0x007C10, 0x007C10, 0x007C10, 0x007C10, 0x007C10, 
0x007C10, 0x007C10, 0x007C10, 0x007C10, 0x007C10, 0x007C10, 0x007C10, 0x018410, 0x0383EF, 0x0083EF, 0x007C10, 0x007BEF, 0x008410, 0x007BEF, 0x008410, 0x007BEF, 
0x027BEF, 0x008430, 0x008410, 0x1E736D, 0x466AEB, 0x6162A9, 0x6B5A88, 0x6D5A88, 0x5D62CA, 0x406B0B, 0x1E736D, 0x007BCF, 0x008430, 0x008430, 0x018410, 0x027BEF, 
0x007BEF, 0x008410, 0x007BEF, 0x008410, 0x008410, 0x008410, 0x008410, 0x008410, 0x008410, 0x008410, 0x008410, 0x008410, 0x008410, 0x008410, 0x008410, 0x008410, 
0x008410, 0x008410, 0x008410, 0x008410, 0x008410, 0x008410, 0x008410, 0x008410, 0x008410, 0x008410, 0x008410, 0x008410, 0x008410, 0x008410, 0x008410, 0x008410, 
0x008410, 0x008410, 0x008410, 0x008410, 0x008410, 0x008410, 0x008410, 0x008410, 0x008410, 0x008410, 0x008410, 0x008410, 0x0083EF, 0x007C10, 0x0283EF, 0x007C10, 
0x74936A, 0xFFB3A9, 0xF8F6D7, 0xFCFF7A, 0xFFFF39, 0xFEF6F8, 0xFFC48D, 0xFFB3EA, 0xFFBC2B, 0xFFEE96, 0xFFFF59, 0xFEFF18, 0xFFFF19, 0xFCFF9B, 0xFCD551, 0xF7A2E6, 
0x2A8BCD, 0x007C10, 0x0183EF, 0x008410, 0x008410, 0x008410, 0x008410, 0x008410, 0x0283EF, 0x007C10, 0xA79349, 0xFED46B, 0xFAFE11, 0xFFF5D0, 0xFFFDF1, 0xFFFDF1, 
0xFFFDF1, 0xFFFDF1, 0xFFFDF1, 0xFFFDF1, 0xFFFDF1, 0xFFFDF1, 0xFFFDF1, 0xFFFDF1, 0xFFFDF1, 0xFFF5D0, 0xFFFDF1, 0xFFFDD1, 0xFFF5D0, 0xFFFE11, 0xFFFE11, 0xFFED8F, 
0xFFFE32, 0xFF8B28, 0xFF7245, 0xFF9308, 0xFF8AC7, 0xFF92E7, 0xFF92E7, 0xFF92E7, 0xFF8AC7, 0xFF8AC7, 0xFB92E8, 0xFF6A04, 0xB649C5, 0x008410, 0x057BEF, 0x0483EF, 
0x0483EF, 0x0583EF, 0x0483EF, 0x0483EF, 0x018410, 0x007C10, 0x007C10, 0x007C10, 0x0083EF, 0x2083CE, 0x438B8C, 0x5E8B6B, 0x738B6A, 0x899349, 0x989349, 0x9F8B28, 
0x9F9349, 0x9F9349, 0x9E9349, 0x8F9349, 0x698B6B, 0x368BAD, 0x1083CE, 0x008410, 0x007C10, 0x007C10, 0x0383EF, 0x008410, 0x007BEF, 0x008410, 0x007BEF, 0x027BEF, 
0x008410, 0x426B0B, 0xB851C5, 0xF35183, 0xFF59A3, 0xFF61C4, 0xFF69E4, 0xFF6A04, 0xFF6A04, 0xFF61E4, 0xF559C4, 0xCD51C4, 0x855A47, 0x306B2C, 0x007C10, 0x008430, 
0x018410, 0x027BEF, 0x008410, 0x007BEF, 0x008410, 0x008410, 0x008410, 0x008410, 0x008410, 0x008410, 0x008410, 0x008410, 0x008410, 0x008410, 0x008410, 0x008410, 
0x008410, 0x008410, 0x008410, 0x008410, 0x008410, 0x008410, 0x008410, 0x008410, 0x008410, 0x008410, 0x008410, 0x008410, 0x008410, 0x008410, 0x008410, 0x008410, 
0x008410, 0x008410, 0x008410, 0x008410, 0x008410, 0x008410, 0x008410, 0x008410, 0x008410, 0x008410, 0x008410, 0x008410, 0x008410, 0x0083EF, 0x007BEF, 0x037BEF, 
0x007C10, 0x8A9349, 0xFFB388, 0xFFDDB2, 0xFDFF39, 0xFBFF7A, 0xFDFF19, 0xFEF6F8, 0xFEFF7A, 0xFEFF7A, 0xFEFF59, 0xFDFF7A, 0xFAFF39, 0xFFD530, 0xFFAB06, 0x5793AC, 
0x007C10, 0x0283EF, 0x007C10, 0x007BEF, 0x008410, 0x008410, 0x008410, 0x0083EF, 0x0383EF, 0x007C10, 0x8A934A, 0xFFC42A, 0xFBFE11, 0xFFF5D0, 0xFFFDF1, 0xFFFDF1, 
0xFFFDF1, 0xFFFDF1, 0xFFFDF1, 0xFFFDF1, 0xFFFDF1, 0xFFFDF1, 0xFFFDF1, 0xFFFDF1, 0xFFFDF1, 0xFFFDF1, 0xFFFDF1, 0xFFF5D0, 0xFFFDF1, 0xFFF5D0, 0xFFF5D0, 0xFFF5D0, 
0xFEFE11, 0xFE7AC7, 0xFF7245, 0xFE92E7, 0xFF8AC7, 0xFF92E7, 0xFF92E7, 0xFF92E7, 0xFF92E7, 0xFF8AC7, 0xFA92E7, 0xFE7A65, 0x9C6A67, 0x0283EF, 0x007BEF, 0x007C10, 
0x007C10, 0x007C10, 0x007C10, 0x007C10, 0x007BEF, 0x1C83CE, 0x568B6B, 0x999349, 0xD3A348, 0xF7AB68, 0xFFBBC9, 0xFFC409, 0xFFCC4A, 0xFFD46B, 0xFFD4AC, 0xFFDCCC, 
0xFFDCAC, 0xFFDCAC, 0xFFDCAC, 0xFFD48B, 0xFFC40A, 0xFFB388, 0xE9AB47, 0xBB9B28, 0x698B6A, 0x0683EF, 0x007C10, 0x0283EF, 0x0083EF, 0x007BEF, 0x037BEF, 0x008410, 
0x7B5A47, 0xFF4962, 0xFF7245, 0xFF8AC7, 0xFB92E8, 0xFA9308, 0xFA9308, 0xFA9308, 0xFA9308, 0xFC9308, 0xFF92E7, 0xFF8AA7, 0xFF7245, 0xFD61C3, 0xBB51E5, 0x5962CA, 
0x007BEF, 0x008430, 0x027BEF, 0x007BEF, 0x008410, 0x008410, 0x008410, 0x008410, 0x008410, 0x008410, 0x008410, 0x008410, 0x008410, 0x008410, 0x008410, 0x008410, 
0x008410, 0x008410, 0x008410, 0x008410, 0x008410, 0x008410, 0x008410, 0x008410, 0x008410, 0x008410, 0x008410, 0x008410, 0x008410, 0x008410, 0x008410, 0x008410, 
0x008410, 0x008410, 0x008410, 0x008410, 0x008410, 0x008410, 0x008410, 0x008410, 0x008410, 0x008410, 0x008410, 0x008410, 0x008410, 0x008410, 0x008410, 0x0083EF, 
0x017BEF, 0x007C10, 0x588B8B, 0xD19B07, 0xFFB3C9, 0xFFCCCE, 0xFFE5F3, 0xFFEE96, 0xFFEE76, 0xFFEE75, 0xFFEE75, 0xFFDD92, 0xFFBBEA, 0xE4A306, 0x538BAC, 0x007C10, 
0x037BEF, 0x007BF0, 0x0083EF, 0x008410, 0x008410, 0x008410, 0x008410, 0x008410, 0x027BEF, 0x007C10, 0x768B6B, 0xFFC3E9, 0xFBFDF1, 0xFFF5D0, 0xFFFDF1, 0xFFFDF1, 
0xFFFDF1, 0xFFFDF1, 0xFFFDF1, 0xFFFDF1, 0xFFFDF1, 0xFFFDF1, 0xFFFDF1, 0xFFFDF1, 0xFFFDF1, 0xFFFDF1, 0xFFFDF1, 0xFFFDF1, 0xFFFDF1, 0xFFF5D0, 0xFFFDF1, 0xFFF5D0, 
0xFFFE31, 0xFF82C7, 0xFF7245, 0xFF9308, 0xFF8AC7, 0xFF8AC7, 0xFF92E7, 0xFF8AC7, 0xFF8AC7, 0xFF8AC7, 0xFE8AC7, 0xFE6A04, 0xF8BBE9, 0xD7B3A9, 0xB6A369, 0xA29B69, 
0x97936A, 0x93936A, 0x989349, 0xA89B49, 0xCAA348, 0xF2AB68, 0xFFC3E9, 0xFFD48C, 0xFFE52E, 0xFFF5B0, 0xFCFDF1, 0xFBFE11, 0xFBFE11, 0xFBFE11, 0xFBFE11, 0xFBFE11, 
0xFBFE11, 0xFBFE11, 0xFBFE11, 0xFBFE11, 0xFBFE11, 0xFDF5D0, 0xFFED8F, 0xFFDCED, 0xFFBBC9, 0xCC9B27, 0x4C8BAC, 0x007C10, 0x017BF0, 0x047BEF, 0x008430, 0x7B5A47, 
0xFF5182, 0xFB8AC7, 0xFB92E7, 0xFE92C7, 0xFE8AC7, 0xFE8AC7, 0xFF8AC7, 0xFF8AC7, 0xFE8AC7, 0xFE8AC7, 0xFE8AC7, 0xFD92E7, 0xFB92E8, 0xFE92E7, 0xFF8286, 0xFF69E4, 
0xC251C5, 0x3C6B0B, 0x008430, 0x027BEF, 0x007BEF, 0x008410, 0x008410, 0x008410, 0x008410, 0x008410, 0x008410, 0x008410, 0x008410, 0x008410, 0x008410, 0x008410, 
0x008410, 0x008410, 0x008410, 0x008410, 0x008410, 0x008410, 0x008410, 0x008410, 0x008410, 0x008410, 0x008410, 0x008410, 0x008410, 0x008410, 0x008410, 0x008410, 
0x008410, 0x008410, 0x008410, 0x008410, 0x008410, 0x008410, 0x008410, 0x008410, 0x008410, 0x008410, 0x008410, 0x008410, 0x008410, 0x008410, 0x0083EF, 0x008410, 
0x0083EF, 0x017BEF, 0x007C10, 0x0283EF, 0x478B8C, 0x919328, 0xCE9B07, 0xE9A327, 0xEEA347, 0xEFA347, 0xEDA327, 0xCF9B07, 0x7A934A, 0x1283EF, 0x007C10, 0x0283EF, 
0x00840F, 0x008410, 0x008410, 0x008410, 0x008410, 0x008410, 0x008410, 0x008410, 0x0383EF, 0x007C10, 0x648B8B, 0xFFBBC9, 0xFBFDF1, 0xFFF5D0, 0xFFFDF1, 0xFFFDF1, 
0xFFFDF1, 0xFFFDF1, 0xFFFDF1, 0xFFFDF1, 0xFFFDF1, 0xFFFDF1, 0xFFFDF1, 0xFFFDF1, 0xFFFDF1, 0xFFFDF1, 0xFFFDF1, 0xFFFDF1, 0xFFFDF1, 0xFFFDF1, 0xFFFDF1, 0xFFF5D0, 
0xFFFE32, 0xFF9B89, 0xFF61E4, 0xFF9B08, 0xFF8AC7, 0xFF92E7, 0xFF8AC7, 0xFF92E7, 0xFF8AC7, 0xFF9308, 0xFF6A04, 0xFF6225, 0xFFFE11, 0xFFF5D0, 0xFFF58F, 0xFFED4E, 
0xFFE52E, 0xFFE52D, 0xFFE50D, 0xFFE52D, 0xFFED4E, 0xFFF5D0, 0xFCFE11, 0xFBFE11, 0xFDFE11, 0xFEFDF1, 0xFEF5D0, 0xFEF5D0, 0xFFF5D0, 0xFFF5D0, 0xFFF5D0, 0xFFF5D0, 
0xFFF5D0, 0xFFF5D0, 0xFFF5D0, 0xFFF5D0, 0xFEF5D0, 0xFEFDF0, 0xFEFDF1, 0xFCFE11, 0xFBFE11, 0xFFD4AC, 0xFFAB26, 0x85934A, 0x007BEF, 0x008451, 0x606289, 0xFF5983, 
0xFA8AE7, 0xFE92E7, 0xFF8AC7, 0xFE92E7, 0xFF92E7, 0xFF92E7, 0xFF92E7, 0xFF92E7, 0xFF92E7, 0xFF8AC7, 0xFF8AC7, 0xFE92E7, 0xFE8AC7, 0xFF8AC7, 0xFC92E7, 0xFC9308, 
0xFF8AA6, 0xFF59A3, 0x716288, 0x008430, 0x027BEF, 0x007BF0, 0x007BEF, 0x008410, 0x008410, 0x008410, 0x008410, 0x008410, 0x008410, 0x008410, 0x008410, 0x008410, 
0x008410, 0x008410, 0x008410, 0x008410, 0x008410, 0x008410, 0x008410, 0x008410, 0x008410, 0x008410, 0x008410, 0x008410, 0x008410, 0x008410, 0x008410, 0x008410, 
0x008410, 0x008410, 0x008410, 0x008410, 0x008410, 0x008410, 0x008410, 0x008410, 0x008410, 0x008410, 0x008410, 0x008410, 0x008410, 0x008410, 0x008410, 0x007BEF, 
0x007C10, 0x008410, 0x0283EF, 0x007C10, 0x007C10, 0x007C10, 0x00840F, 0x0B83EF, 0x1083EF, 0x1183EF, 0x1083EF, 0x00840F, 0x007C10, 0x007C10, 0x0283EF, 0x008410, 
0x0083EF, 0x008410, 0x008410, 0x008410, 0x008410, 0x008410, 0x008410, 0x008410, 0x0383EF, 0x007C10, 0x588BAC, 0xFFBBA8, 0xFBF5F1, 0xFFFDF1, 0xFFFDF1, 0xFFFDF1, 
0xFFFDF1, 0xFFFDF1, 0xFFFDF1, 0xFFFDF1, 0xFFFDF1, 0xFFFDF1, 0xFFFDF1, 0xFFFDF1, 0xFFFDF1, 0xFFFDF1, 0xFFFDF1, 0xFFFDF1, 0xFFFDF1, 0xFFFDF1, 0xFFFDF1, 0xFFF5D0, 
0xFFFE11, 0xFFD50E, 0xFF5183, 0xFF92E7, 0xFF92C7, 0xFF8AC7, 0xFF8AC7, 0xFF8AC7, 0xFF92E7, 0xFF8286, 0xFE4962, 0xFED50E, 0xFEFE11, 0xFDF5D0, 0xFBFDF1, 0xFBFDF1, 
0xFAFE11, 0xFAFE11, 0xFBFE11, 0xFBFE11, 0xFCFDF1, 0xFEFDF1, 0xFEF5D0, 0xFEF5D0, 0xFFF5D0, 0xFFF5D0, 0xFFFDF1, 0xFFF5D0, 0xFFFDF1, 0xFFFDF1, 0xFFFDF1, 0xFFF5D0, 
0xFFF5F1, 0xFFFE74, 0xFFFEB5, 0xFFFE74, 0xFFFE32, 0xFFF5F1, 0xFFF5D0, 0xFEF5D0, 0xFFF5D0, 0xFCFE11, 0xF9ED6F, 0xFFBBC8, 0x819B8A, 0x5062CA, 0xFE59C3, 0xFB92E7, 
0xFE92E7, 0xFF8AC7, 0xFE8AC7, 0xFF8AC7, 0xFF8AA7, 0xFF8AA6, 0xFF82A6, 0xFF82A6, 0xFF8AA7, 0xFF92E7, 0xFF92E7, 0xFF8AC7, 0xFF92E7, 0xFF92E7, 0xFE8AC7, 0xFF8AC7, 
0xFC92E7, 0xFC92E7, 0xFF5182, 0x4D62EA, 0x008430, 0x027BEF, 0x008410, 0x008410, 0x008410, 0x008410, 0x008410, 0x008410, 0x008410, 0x008410, 0x008410, 0x008410, 
0x008410, 0x008410, 0x008410, 0x008410, 0x008410, 0x008410, 0x008410, 0x008410, 0x008410, 0x008410, 0x008410, 0x008410, 0x008410, 0x008410, 0x008410, 0x008410, 
0x008410, 0x008410, 0x008410, 0x008410, 0x008410, 0x008410, 0x008410, 0x008410, 0x008410, 0x008410, 0x008410, 0x008410, 0x008410, 0x008410, 0x008410, 0x008410, 
0x008410, 0x007BEF, 0x007C10, 0x0083EF, 0x0283EF, 0x0383EF, 0x007C10, 0x007C10, 0x007C10, 0x007C10, 0x007C10, 0x007C10, 0x0383EF, 0x0083EF, 0x007C10, 0x0083EF, 
0x008410, 0x008410, 0x008410, 0x008410, 0x008410, 0x008410, 0x008410, 0x008410, 0x0383EF, 0x007C10, 0x548BAC, 0xFFBBA8, 0xFBF5D1, 0xFFFDF1, 0xFFFDF1, 0xFFFDF1, 
0xFFFDF1, 0xFFFDF1, 0xFFFDF1, 0xFFFDF1, 0xFFFDF1, 0xFFFDF1, 0xFFFDF1, 0xFFFDF1, 0xFFFDF1, 0xFFFDF1, 0xFFFDF1, 0xFFFDF1, 0xFFFDF1, 0xFFFDF1, 0xFFFDF1, 0xFFFDF1, 
0xFFF5D0, 0xFFFE11, 0xFF82E7, 0xFF5183, 0xFF9308, 0xFF9308, 0xFF9308, 0xFF9B08, 0xFF8286, 0xFF4942, 0xFFBC4B, 0xFFFE31, 0xFFF5D0, 0xFFFDF1, 0xFFF5D0, 0xFFF5D0, 
0xFFF5D0, 0xFFF5D0, 0xFFF5D0, 0xFFF5D0, 0xFFF5D0, 0xFFF5D0, 0xFFF5D0, 0xFFF5D0, 0xFFFDF1, 0xFFFDF1, 0xFFFDF1, 0xFFFDF1, 0xFFFDF1, 0xFFFDF1, 0xFFFDF1, 0xFFF5D0, 
0xFFF5F1, 0xFFFEB5, 0xFFFED6, 0xFFFEF7, 0xFFFEF7, 0xFFFEB5, 0xFFFE53, 0xFFF5F1, 0xFEF5D0, 0xFEF5D0, 0xFFFDF1, 0xFBFE11, 0xFFC42A, 0xFF7A24, 0xFF8AC7, 0xFE92E7, 
0xFF8AC7, 0xFE8AC7, 0xFF8AC7, 0xFF8AC7, 0xFF8AC7, 0xFF8AC7, 0xFF8AA7, 0xFF8AA7, 0xFF8286, 0xFF8266, 0xFF8AA7, 0xFF92E7, 0xFF8AC7, 0xFF8AC7, 0xFF92E7, 0xFE92E7, 
0xFF8AC7, 0xFC92E7, 0xFE8286, 0xDE5183, 0x087BCF, 0x008410, 0x007BEF, 0x008410, 0x008410, 0x008410, 0x008410, 0x008410, 0x008410, 0x008410, 0x008410, 0x008410, 
0x008410, 0x008410, 0x008410, 0x008410, 0x008410, 0x008410, 0x008410, 0x008410, 0x008410, 0x008410, 0x008410, 0x008410, 0x008410, 0x008410, 0x008410, 0x008410, 
0x008410, 0x008410, 0x008410, 0x008410, 0x008410, 0x008410, 0x008410, 0x008410, 0x008410, 0x008410, 0x008410, 0x008410, 0x008410, 0x008410, 0x008410, 0x008410, 
0x008410, 0x008410, 0x008410, 0x008410, 0x008410, 0x007C10, 0x0083EF, 0x0083EF, 0x0083EF, 0x0083EF, 0x0083EF, 0x0083EF, 0x007C10, 0x007BEF, 0x008410, 0x008410, 
0x008410, 0x008410, 0x008410, 0x008410, 0x008410, 0x008410, 0x008410, 0x008410, 0x0383EF, 0x007C10, 0x528BAC, 0xFFBBA8, 0xFBF5F1, 0xFFFDF1, 0xFFFDF1, 0xFFFDF1, 
0xFFFDF1, 0xFFFDF1, 0xFFFDF1, 0xFFFDF1, 0xFFFDF1, 0xFFFDF1, 0xFFFDF1, 0xFFFDF1, 0xFFFDF1, 0xFFFDF1, 0xFFFDF1, 0xFFFDF1, 0xFFFDF1, 0xFFFDF1, 0xFFFDF1, 0xFFF5D1, 
0xFFF5D0, 0xFFFDF1, 0xFFF5B0, 0xFF7AA6, 0xFF5183, 0xFF7225, 0xFF7225, 0xFF61C4, 0xFF51A3, 0xFFBC6C, 0xFFFE31, 0xFFF5D0, 0xFFFDF1, 0xFFF5D0, 0xFFFDF1, 0xFFFDF1, 
0xFFFDF1, 0xFFFDF1, 0xFFFDF1, 0xFFFDF1, 0xFFFDF1, 0xFFFDF1, 0xFFFDF1, 0xFFFDF1, 0xFFFDF1, 0xFFFDF1, 0xFFFDF1, 0xFFFDF1, 0xFFFDF1, 0xFFFDF1, 0xFFFDF1, 0xFFFDF1, 
0xFFF5D0, 0xFFF5F1, 0xFFFDF1, 0xFFFE12, 0xFFFE74, 0xFFFED6, 0xFFFEF7, 0xFFFEB5, 0xFFFE12, 0xFFF5D0, 0xFEF5D0, 0xFFFDF1, 0xFEF5D0, 0xFEB3A9, 0xFE92C7, 0xFF8AC7, 
0xFE92E7, 0xFF92E7, 0xFF92E7, 0xFF92E7, 0xFF92E7, 0xFF92E7, 0xFF92E7, 0xFF92E7, 0xFF92E7, 0xFF8AC7, 0xFF8266, 0xFF8286, 0xFF92E7, 0xFF8AC7, 0xFF8AC7, 0xFF92E7, 
0xFE92E7, 0xFF8AC7, 0xFB92E8, 0xFF59A3, 0x5062CA, 0x008430, 0x037BEF, 0x007BEF, 0x008410, 0x008410, 0x008410, 0x008410, 0x008410, 0x008410, 0x008410, 0x008410, 
0x008410, 0x008410, 0x008410, 0x008410, 0x008410, 0x008410, 0x008410, 0x008410, 0x008410, 0x008410, 0x008410, 0x008410, 0x008410, 0x008410, 0x008410, 0x008410, 
0x008410, 0x008410, 0x008410, 0x008410, 0x008410, 0x008410, 0x008410, 0x008410, 0x008410, 0x008410, 0x008410, 0x008410, 0x008410, 0x008410, 0x008410, 0x008410, 
0x008410, 0x008410, 0x008410, 0x008410, 0x008410, 0x008410, 0x008410, 0x008410, 0x008410, 0x008410, 0x008410, 0x008410, 0x008410, 0x008410, 0x008410, 0x008410, 
0x008410, 0x008410, 0x008410, 0x008410, 0x008410, 0x008410, 0x008410, 0x008410, 0x0383EF, 0x007C10, 0x528BAC, 0xFFBBA8, 0xFBF5D1, 0xFFFDF1, 0xFFFDF1, 0xFFFDF1, 
0xFFFDF1, 0xFFFDF1, 0xFFFDF1, 0xFFFDF1, 0xFFFDF1, 0xFFFDF1, 0xFFFDF1, 0xFFFDF1, 0xFFFDF1, 0xFFFDF1, 0xFFFDF1, 0xFFFDF1, 0xFFFDF1, 0xFFFDF1, 0xFFFDF1, 0xFFFDF1, 
0xFFFDF1, 0xFFF5D0, 0xFFFDF1, 0xFFFDF1, 0xFFBC4C, 0xFF9348, 0xFF8B08, 0xFFA3AA, 0xFFE56F, 0xFFFE31, 0xFFF5D0, 0xFFFDF1, 0xFFF5D0, 0xFFFDF1, 0xFFFDF1, 0xFFFDF1, 
0xFFFDF1, 0xFFFDF1, 0xFFFDF1, 0xFFFDF1, 0xFFFDF1, 0xFFFDF1, 0xFFFDF1, 0xFFFDF1, 0xFFFDF1, 0xFFFDF1, 0xFFFDF1, 0xFFFDF1, 0xFFFDF1, 0xFFFDF1, 0xFFFDF1, 0xFFF5D0, 
0xFFFDF1, 0xFFF5D0, 0xFFF5D0, 0xFFF5D0, 0xFFF5D0, 0xFFFDF1, 0xFFFE94, 0xFFFEF6, 0xFFFED6, 0xFFFE12, 0xFEF5D0, 0xFFF5D0, 0xFEFE11, 0xFEE52E, 0xFFA307, 0xFE8AE7, 
0xFF8AC7, 0xFF8AC7, 0xFF8AC7, 0xFF8AC7, 0xFF8AC7, 0xFF8AC7, 0xFF8AC7, 0xFF8AC7, 0xFF8AC7, 0xFF92E7, 0xFF92E7, 0xFF8286, 0xFF8286, 0xFF92E7, 0xFF8AC7, 0xFF8AC7, 
0xFF92E7, 0xFE8AC7, 0xFA92E7, 0xFE7245, 0xAE51E5, 0x008410, 0x027BEF, 0x008410, 0x008410, 0x008410, 0x008410, 0x008410, 0x008410, 0x008410, 0x008410, 0x008410, 
0x008410, 0x008410, 0x008410, 0x008410, 0x008410, 0x008410, 0x008410, 0x008410, 0x008410, 0x008410, 0x008410, 0x008410, 0x008410, 0x008410, 0x008410, 0x008410, 
0x008410, 0x008410, 0x008410, 0x008410, 0x008410, 0x008410, 0x008410, 0x008410, 0x008410, 0x008410, 0x008410, 0x008410, 0x008410, 0x008410, 0x008410, 0x008410, 
0x008410, 0x008410, 0x008410, 0x008410, 0x008410, 0x008410, 0x008410, 0x008410, 0x008410, 0x008410, 0x008410, 0x008410, 0x008410, 0x008410, 0x008410, 0x008410, 
0x008410, 0x008410, 0x008410, 0x008410, 0x008410, 0x008410, 0x008410, 0x008410, 0x0383EF, 0x007C10, 0x558B8C, 0xFFBBA8, 0xFBF5F1, 0xFFF5D0, 0xFFFDF1, 0xFFFDF1, 
0xFFFDF1, 0xFFFDF1, 0xFFFDF1, 0xFFFDF1, 0xFFFDF1, 0xFFFDF1, 0xFFFDF1, 0xFFFDF1, 0xFFFDF1, 0xFFFDF1, 0xFFFDF1, 0xFFFDF1, 0xFFFDF1, 0xFFFDF1, 0xFFFDF1, 0xFFFDF1, 
0xFFF5D0, 0xFFFDF1, 0xFFF5D0, 0xFFF5D0, 0xFFFE31, 0xFFFE32, 0xFFFE32, 0xFFFE32, 0xFFFDF1, 0xFFF5D0, 0xFFFDF1, 0xFFF5D0, 0xFFFDF1, 0xFFFDF1, 0xFFFDF1, 0xFFFDF1, 
0xFFFDF1, 0xFFFDF1, 0xFFFDF1, 0xFFFDF1, 0xFFFDF1, 0xFFFDF1, 0xFFFDF1, 0xFFFDF1, 0xFFFDF1, 0xFFFDF1, 0xFFFDF1, 0xFFFDF1, 0xFFFDF1, 0xFFFDF1, 0xFFFDF1, 0xFFFDF1, 
0xFFF5D0, 0xFFF5F1, 0xFFFDF1, 0xFFFDF1, 0xFFFDF1, 0xFFF5D0, 0xFFF5D0, 0xFFFE74, 0xFFFEF7, 0xFFFEB5, 0xFFF5D0, 0xFFF5D0, 0xFFF5D0, 0xFFFDF1, 0xFFBBE9, 0xFF92E7, 
0xFF8AC7, 0xFF92E7, 0xFF92E7, 0xFF92E7, 0xFF92E7, 0xFF92E7, 0xFF92E7, 0xFF8AC7, 0xFF92E7, 0xFF8AC7, 0xFF8AC7, 0xFF92E7, 0xFF8286, 0xFF8286, 0xFF92E7, 0xFF8AC7, 
0xFF8AC7, 0xFF8AC7, 0xFE92E7, 0xFF8AC7, 0xF15183, 0x11738E, 0x008410, 0x007BEF, 0x008410, 0x008410, 0x008410, 0x008410, 0x008410, 0x008410, 0x008410, 0x008410, 
0x008410, 0x008410, 0x008410, 0x008410, 0x008410, 0x008410, 0x008410, 0x008410, 0x008410, 0x008410, 0x008410, 0x008410, 0x008410, 0x008410, 0x008410, 0x008410, 
0x008410, 0x008410, 0x008410, 0x008410, 0x008410, 0x008410, 0x008410, 0x008410, 0x008410, 0x008410, 0x008410, 0x008410, 0x008410, 0x008410, 0x008410, 0x008410, 
0x008410, 0x008410, 0x008410, 0x008410, 0x008410, 0x008410, 0x008410, 0x008410, 0x008410, 0x008410, 0x008410, 0x008410, 0x008410, 0x008410, 0x008410, 0x008410, 
0x008410, 0x008410, 0x008410, 0x008410, 0x008410, 0x008410, 0x008410, 0x008410, 0x0383EF, 0x007C10, 0x658B6B, 0xFFBBC9, 0xFBFDF1, 0xFFF5D0, 0xFFFDF1, 0xFFFDF1, 
0xFFFDF1, 0xFFFDF1, 0xFFFDF1, 0xFFFDF1, 0xFFFDF1, 0xFFFDF1, 0xFFFDF1, 0xFFFDF1, 0xFFFDF1, 0xFFFDF1, 0xFFFDF1, 0xFFFDF1, 0xFFFDF1, 0xFFFDF1, 0xFFFDF1, 0xFFFDF1, 
0xFFFDF1, 0xFFF5D0, 0xFFFDF1, 0xFFF5D0, 0xFFF5D0, 0xFFF5D0, 0xFFF5D0, 0xFFF5D0, 0xFFF5D0, 0xFFFDF1, 0xFFF5D0, 0xFFFDF1, 0xFFFDF1, 0xFFFDF1, 0xFFFDF1, 0xFFFDF1, 
0xFFFDF1, 0xFFFDF1, 0xFFFDF1, 0xFFFDF1, 0xFFFDF1, 0xFFFDF1, 0xFFFDF1, 0xFFFDF1, 0xFFFDF1, 0xFFFDF1, 0xFFFDF1, 0xFFFDF1, 0xFFFDF1, 0xFFFDF1, 0xFFFDF1, 0xFFFDF1, 
0xFFFDF1, 0xFFFDF1, 0xFFFDF1, 0xFFFDF1, 0xFFF5D0, 0xFFFDF1, 0xFFF5D0, 0xFFF5D0, 0xFFFEB5, 0xFFFEF7, 0xFFFE53, 0xFFF5D0, 0xFFF5D0, 0xFFFE11, 0xFFDD0D, 0xFF9B07, 
0xFF92E7, 0xFF8AC7, 0xFF92E7, 0xFF92E7, 0xFF92E7, 0xFF92E7, 0xFF92E7, 0xFF92E7, 0xFF8AC7, 0xFF92E7, 0xFF8AC7, 0xFF8AC7, 0xFF92E7, 0xFF8286, 0xFF8286, 0xFF92E7, 
0xFF8AC7, 0xFF92E7, 0xFF8AC7, 0xFB92E7, 0xFF59A3, 0x4D62EA, 0x008430, 0x037BEF, 0x008410, 0x008410, 0x008410, 0x008410, 0x008410, 0x008410, 0x008410, 0x008410, 
0x008410, 0x008410, 0x008410, 0x008410, 0x008410, 0x008410, 0x008410, 0x008410, 0x008410, 0x008410, 0x008410, 0x008410, 0x008410, 0x008410, 0x008410, 0x008410, 
0x008410, 0x008410, 0x008410, 0x008410, 0x008410, 0x008410, 0x008410, 0x008410, 0x008410, 0x008410, 0x008410, 0x008410, 0x008410, 0x008410, 0x008410, 0x008410, 
0x008410, 0x008410, 0x008410, 0x008410, 0x008410, 0x008410, 0x008410, 0x008410, 0x008410, 0x008410, 0x008410, 0x008410, 0x008410, 0x008410, 0x008410, 0x008410, 
0x008410, 0x008410, 0x008410, 0x008410, 0x008410, 0x008410, 0x008410, 0x008410, 0x037BEF, 0x007C10, 0x84936A, 0xFFC40A, 0xFBFE11, 0xFFF5D0, 0xFFFDF1, 0xFFFDF1, 
0xFFFDF1, 0xFFFDF1, 0xFFFDF1, 0xFFFDF1, 0xFFFDF1, 0xFFFDF1, 0xFFFDF1, 0xFFFDF1, 0xFFFDF1, 0xFFFDF1, 0xFFFDF1, 0xFFFDF1, 0xFFFDF1, 0xFFFDF1, 0xFFFDF1, 0xFFFDF1, 
0xFFFDF1, 0xFFFDF1, 0xFFFDF1, 0xFFFDF1, 0xFFFDF1, 0xFFFDF1, 0xFFFDF1, 0xFFFDF1, 0xFFFDF1, 0xFFFDF1, 0xFFFDF1, 0xFFFDF1, 0xFFFDF1, 0xFFFDF1, 0xFFFDF1, 0xFFFDF1, 
0xFFFDF1, 0xFFFDF1, 0xFFFDF1, 0xFFFDF1, 0xFFFDF1, 0xFFFDF1, 0xFFFDF1, 0xFFFDF1, 0xFFFDF1, 0xFFFDF1, 0xFFFDF1, 0xFFFDF1, 0xFFFDF1, 0xFFFDF1, 0xFFFDF1, 0xFFFDF1, 
0xFFFDF1, 0xFFFDF1, 0xFFFDF1, 0xFFFDF1, 0xFFFDF1, 0xFFF5D0, 0xFFFDF1, 0xFFF5D0, 0xFFFE32, 0xFFFEF6, 0xFFFEB5, 0xFFF5F1, 0xFFF5D0, 0xFFFDF1, 0xFFF5D0, 0xFEB388, 
0xFF92E7, 0xFE8AC7, 0xFE92E7, 0xFE8AC7, 0xFF8AC7, 0xFF92E7, 0xFF8AC7, 0xFF92E7, 0xFF92E7, 0xFF92E7, 0xFF92E7, 0xFF8AC7, 0xFF8AC7, 0xFF92E7, 0xFF8266, 0xFF8AA7, 
0xFF92E7, 0xFF8AC7, 0xFE8AC7, 0xF99308, 0xFE6A04, 0x8C5A47, 0x008430, 0x047BEF, 0x008410, 0x008410, 0x008410, 0x008410, 0x008410, 0x008410, 0x008410, 0x008410, 
0x008410, 0x008410, 0x008410, 0x008410, 0x008410, 0x008410, 0x008410, 0x008410, 0x008410, 0x008410, 0x008410, 0x008410, 0x008410, 0x008410, 0x008410, 0x008410, 
0x008410, 0x008410, 0x008410, 0x008410, 0x008410, 0x008410, 0x008410, 0x008410, 0x008410, 0x008410, 0x008410, 0x008410, 0x008410, 0x008410, 0x008410, 0x008410, 
0x008410, 0x008410, 0x008410, 0x008410, 0x008410, 0x008410, 0x008410, 0x008410, 0x008410, 0x008410, 0x008410, 0x008410, 0x008410, 0x008410, 0x008410, 0x008410, 
0x008410, 0x008410, 0x008410, 0x008410, 0x008410, 0x008410, 0x008410, 0x008410, 0x0383EF, 0x007C10, 0xA29349, 0xFFCC6B, 0xFAFE11, 0xFFF5D0, 0xFFFDF1, 0xFFFDF1, 
0xFFFDF1, 0xFFFDF1, 0xFFFDF1, 0xFFFDF1, 0xFFFDF1, 0xFFFDF1, 0xFFFDF1, 0xFFFDF1, 0xFFFDF1, 0xFFFDF1, 0xFFFDF1, 0xFFFDF1, 0xFFFDF1, 0xFFFDF1, 0xFFFDF1, 0xFFFDF1, 
0xFFFDF1, 0xFFFDF1, 0xFFFDF1, 0xFFFDF1, 0xFFFDF1, 0xFFFDF1, 0xFFFDF1, 0xFFFDF1, 0xFFFDF1, 0xFFFDF1, 0xFFFDF1, 0xFFFDF1, 0xFFFDF1, 0xFFFDF1, 0xFFFDF1, 0xFFFDF1, 
0xFFFDF1, 0xFFFDF1, 0xFFFDF1, 0xFFFDF1, 0xFFFDF1, 0xFFFDF1, 0xFFFDF1, 0xFFFDF1, 0xFFFDF1, 0xFFFDF1, 0xFFFDF1, 0xFFFDF1, 0xFFFDF1, 0xFFFDF1, 0xFFFDF1, 0xFFFDF1, 
0xFFFDF1, 0xFFFDF1, 0xFFFDF1, 0xFFFDF1, 0xFFFDF1, 0xFFFDF1, 0xFFF5D0, 0xFFF5D0, 0xFFF5D1, 0xFFFEB5, 0xFFFEF6, 0xFFFDF1, 0xFFF5D0, 0xFFF5D0, 0xFFFE11, 0xFFCC4B, 
0xFF9AE7, 0xFF8AE7, 0xFF8AC7, 0xFD92E7, 0xFD92E7, 0xFF8AC7, 0xFE92E7, 0xFF8AC7, 0xFF92E7, 0xFF92E7, 0xFF92E7, 0xFF92E7, 0xFF8AC7, 0xFF92E7, 0xFF8AC7, 0xFF7A65, 
0xFF92C7, 0xFF8AC7, 0xFF8AC7, 0xFA92E8, 0xFF7225, 0xAA5206, 0x008410, 0x037BEF, 0x008410, 0x008410, 0x008410, 0x008410, 0x008410, 0x008410, 0x008410, 0x008410, 
0x008410, 0x008410, 0x008410, 0x008410, 0x008410, 0x008410, 0x008410, 0x008410, 0x008410, 0x008410, 0x008410, 0x008410, 0x008410, 0x008410, 0x008410, 0x008410, 
0x008410, 0x008410, 0x008410, 0x008410, 0x008410, 0x008410, 0x008410, 0x008410, 0x008410, 0x008410, 0x008410, 0x008410, 0x008410, 0x008410, 0x008410, 0x008410, 
0x008410, 0x008410, 0x008410, 0x008410, 0x008410, 0x008410, 0x008410, 0x008410, 0x008410, 0x008410, 0x008410, 0x008410, 0x008410, 0x008410, 0x008410, 0x008410, 
0x008410, 0x008410, 0x008410, 0x008410, 0x008410, 0x008410, 0x008410, 0x007BEF, 0x017BEF, 0x007C10, 0xBC9B28, 0xFFD4AC, 0xFBFE11, 0xFFF5D0, 0xFFFDF1, 0xFFFDF1, 
0xFFFDF1, 0xFFFDF1, 0xFFFDF1, 0xFFFDF1, 0xFFFDF1, 0xFFFDF1, 0xFFFDF1, 0xFFFDF1, 0xFFFDF1, 0xFFFDF1, 0xFFFDF1, 0xFFFDF1, 0xFFFDF1, 0xFFFDF1, 0xFFFDF1, 0xFFFDF1, 
0xFFFDF1, 0xFFFDF1, 0xFFFDF1, 0xFFFDF1, 0xFFFDF1, 0xFFFDF1, 0xFFFDF1, 0xFFFDF1, 0xFFFDF1, 0xFFFDF1, 0xFFFDF1, 0xFFFDF1, 0xFFFDF1, 0xFFFDF1, 0xFFFDF1, 0xFFFDF1, 
0xFFFDF1, 0xFFFDF1, 0xFFFDF1, 0xFFFDF1, 0xFFFDF1, 0xFFFDF1, 0xFFFDF1, 0xFFFDF1, 0xFFFDF1, 0xFFFDF1, 0xFFFDF1, 0xFFFDF1, 0xFFFDF1, 0xFFFDF1, 0xFFFDF1, 0xFFFDF1, 
0xFFFDF1, 0xFFFDF1, 0xFFFDF1, 0xFFFDF1, 0xFFFDF1, 0xFFFDF1, 0xFFFDF1, 0xFFFDF1, 0xFFF5D0, 0xFFFE12, 0xFFFE32, 0xFFF5D0, 0xFFF5D0, 0xFFF5D0, 0xFEFE11, 0xFEE50E, 
0xFE9AE6, 0xF459A4, 0xEE51A3, 0xFF59A3, 0xFF8286, 0xFD92E7, 0xFF8AC7, 0xFE92E7, 0xFF8AC7, 0xFF92E7, 0xFF92E7, 0xFF8AC7, 0xFF92E7, 0xFF8AC7, 0xFF92E7, 0xFF8286, 
0xFF8286, 0xFF92E7, 0xFF8AC7, 0xFB92E7, 0xFF7A45, 0xB851E5, 0x008410, 0x027BEF, 0x008410, 0x008410, 0x008410, 0x008410, 0x008410, 0x008410, 0x008410, 0x008410, 
0x008410, 0x008410, 0x008410, 0x008410, 0x008410, 0x008410, 0x008410, 0x008410, 0x008410, 0x008410, 0x008410, 0x008410, 0x008410, 0x008410, 0x008410, 0x008410, 
0x008410, 0x008410, 0x008410, 0x008410, 0x008410, 0x008410, 0x008410, 0x008410, 0x008410, 0x008410, 0x008410, 0x008410, 0x008410, 0x008410, 0x008410, 0x008410, 
0x008410, 0x008410, 0x008410, 0x008410, 0x008410, 0x008410, 0x008410, 0x008410, 0x008410, 0x008410, 0x008410, 0x008410, 0x008410, 0x008410, 0x008410, 0x008410, 
0x008410, 0x008410, 0x008410, 0x008410, 0x008410, 0x008410, 0x008410, 0x008410, 0x007C10, 0x0083EF, 0xD09B27, 0xFFDCED, 0xFCFE11, 0xFFF5D0, 0xFFFDF1, 0xFFFDF1, 
0xFFFDF1, 0xFFFDF1, 0xFFFDF1, 0xFFFDF1, 0xFFFDF1, 0xFFFDF1, 0xFFFDF1, 0xFFFDF1, 0xFFFDF1, 0xFFFDF1, 0xFFFDF1, 0xFFFDF1, 0xFFFDF1, 0xFFFDF1, 0xFFFDF1, 0xFFFDF1, 
0xFFFDF1, 0xFFFDF1, 0xFFFDF1, 0xFFFDF1, 0xFFFDF1, 0xFFFDF1, 0xFFFDF1, 0xFFFDF1, 0xFFFDF1, 0xFFFDF1, 0xFFFDF1, 0xFFFDF1, 0xFFFDF1, 0xFFFDF1, 0xFFFDF1, 0xFFFDF1, 
0xFFFDF1, 0xFFFDF1, 0xFFFDF1, 0xFFFDF1, 0xFFFDF1, 0xFFFDF1, 0xFFFDF1, 0xFFFDF1, 0xFFFDF1, 0xFFFDF1, 0xFFFDF1, 0xFFFDF1, 0xFFFDF1, 0xFFFDF1, 0xFFFDF1, 0xFFFDF1, 
0xFFFDF1, 0xFFFDF1, 0xFFFDF1, 0xFFFDF1, 0xFFFDF1, 0xFFFDF1, 0xFFFDF1, 0xFFF5D0, 0xFFFDF1, 0xFFF5D0, 0xFFF5D0, 0xFFFDF1, 0xFFFDF1, 0xFFF5D0, 0xFEFDF1, 0xFEED8F, 
0xFCAB47, 0x417B4B, 0x1473AE, 0x4A62EA, 0xE44983, 0xFF7A66, 0xFD92E7, 0xFF8AC7, 0xFF92E7, 0xFF92E7, 0xFF92E7, 0xFF92E7, 0xFF92E7, 0xFF8AC7, 0xFF8AC7, 0xFF8AC7, 
0xFF8266, 0xFF8AC7, 0xFF8AC7, 0xFB92E7, 0xFF7A66, 0xC651C5, 0x007C10, 0x017BEF, 0x007BEF, 0x008410, 0x008410, 0x008410, 0x008410, 0x008410, 0x008410, 0x008410, 
0x008410, 0x008410, 0x008410, 0x008410, 0x008410, 0x008410, 0x008410, 0x008410, 0x008410, 0x008410, 0x008410, 0x008410, 0x008410, 0x008410, 0x008410, 0x008410, 
0x008410, 0x008410, 0x008410, 0x008410, 0x008410, 0x008410, 0x008410, 0x008410, 0x008410, 0x008410, 0x008410, 0x008410, 0x008410, 0x008410, 0x008410, 0x008410, 
0x008410, 0x008410, 0x008410, 0x008410, 0x008410, 0x008410, 0x008410, 0x008410, 0x008410, 0x008410, 0x008410, 0x008410, 0x008410, 0x008410, 0x008410, 0x008410, 
0x008410, 0x008410, 0x008410, 0x008410, 0x008410, 0x008410, 0x008410, 0x007BEF, 0x007C10, 0x0683EF, 0xE3A327, 0xFEE52E, 0xFDFE11, 0xFFF5D0, 0xFFFDF1, 0xFFFDF1, 
0xFFFDF1, 0xFFFDF1, 0xFFFDF1, 0xFFFDF1, 0xFFFDF1, 0xFFFDF1, 0xFFFDF1, 0xFFFDF1, 0xFFFDF1, 0xFFFDF1, 0xFFFDF1, 0xFFFDF1, 0xFFFDF1, 0xFFFDF1, 0xFFFDF1, 0xFFFDF1, 
0xFFFDF1, 0xFFFDF1, 0xFFFDF1, 0xFFFDF1, 0xFFFDF1, 0xFFFDF1, 0xFFFDF1, 0xFFFDF1, 0xFFFDF1, 0xFFFDF1, 0xFFFDF1, 0xFFFDF1, 0xFFFDF1, 0xFFFDF1, 0xFFFDF1, 0xFFFDF1, 
0xFFFDF1, 0xFFFDF1, 0xFFFDF1, 0xFFFDF1, 0xFFFDF1, 0xFFFDF1, 0xFFFDF1, 0xFFFDF1, 0xFFFDF1, 0xFFFDF1, 0xFFFDF1, 0xFFFDF1, 0xFFFDF1, 0xFFFDF1, 0xFFFDF1, 0xFFFDF1, 
0xFFFDF1, 0xFFFDF1, 0xFFFDF1, 0xFFFDF1, 0xFFFDF1, 0xFFFDF1, 0xFFFDF1, 0xFFFDF1, 0xFFF5D0, 0xFFFDF1, 0xFFFDD0, 0xFFF5D0, 0xFFF5D0, 0xFFFDF1, 0xFFF5D0, 0xFBF5F1, 
0xFFBBA8, 0x4D8BAC, 0x007C10, 0x008431, 0x2A6B4C, 0xF55183, 0xFC8AC7, 0xFE92E7, 0xFE8AC7, 0xFF92E7, 0xFF92E7, 0xFF8AC7, 0xFF8AC7, 0xFF8AC7, 0xFF8AC7, 0xFF92E7, 
0xFF8266, 0xFF8AA7, 0xFF92E7, 0xFD92E7, 0xFF8286, 0xD751A4, 0x027BEF, 0x008410, 0x008410, 0x008410, 0x008410, 0x008410, 0x008410, 0x008410, 0x008410, 0x008410, 
0x008410, 0x008410, 0x008410, 0x008410, 0x008410, 0x008410, 0x008410, 0x008410, 0x008410, 0x008410, 0x008410, 0x008410, 0x008410, 0x008410, 0x008410, 0x008410, 
0x008410, 0x008410, 0x008410, 0x008410, 0x008410, 0x008410, 0x008410, 0x008410, 0x008410, 0x008410, 0x008410, 0x008410, 0x008410, 0x008410, 0x008410, 0x008410, 
0x008410, 0x008410, 0x008410, 0x008410, 0x008410, 0x008410, 0x008410, 0x008410, 0x008410, 0x008410, 0x008410, 0x008410, 0x008410, 0x008410, 0x008410, 0x008410, 
0x008410, 0x008410, 0x008410, 0x008410, 0x008410, 0x008410, 0x008410, 0x007BEF, 0x007C10, 0x1783CE, 0xF4A327, 0xFFED4F, 0xFEFDF1, 0xFFF5D0, 0xFFFDF1, 0xFFFDF1, 
0xFFFDF1, 0xFFFDF1, 0xFFFDF1, 0xFFFDF1, 0xFFFDF1, 0xFFFDF1, 0xFFFDF1, 0xFFFDF1, 0xFFFDF1, 0xFFFDF1, 0xFFFDF1, 0xFFFDF1, 0xFFFDF1, 0xFFFDF1, 0xFFFDF1, 0xFFFDF1, 
0xFFFDF1, 0xFFFDF1, 0xFFFDF1, 0xFFFDF1, 0xFFFDF1, 0xFFFDF1, 0xFFFDF1, 0xFFFDF1, 0xFFFDF1, 0xFFFDF1, 0xFFFDF1, 0xFFFDF1, 0xFFFDF1, 0xFFFDF1, 0xFFFDF1, 0xFFFDF1, 
0xFFFDF1, 0xFFFDF1, 0xFFFDF1, 0xFFFDF1, 0xFFFDF1, 0xFFFDF1, 0xFFFDF1, 0xFFFDF1, 0xFFFDF1, 0xFFFDF1, 0xFFFDF1, 0xFFFDF1, 0xFFFDF1, 0xFFFDF1, 0xFFFDF1, 0xFFFDF1, 
0xFFFDF1, 0xFFFDF1, 0xFFFDF1, 0xFFFDF1, 0xFFFDF1, 0xFFFDF1, 0xFFFDF1, 0xFFFDF1, 0xFFFDF1, 0xFFF5D0, 0xFFFDF1, 0xFFFE53, 0xFFFE53, 0xFFF5D0, 0xFEF5D0, 0xF9FE11, 
0xFEC42A, 0x7E8B4A, 0x007C10, 0x097BEF, 0x008431, 0x855A47, 0xFF61C4, 0xFB92E8, 0xFF8AC7, 0xFF8AC7, 0xFF92E7, 0xFF8AC7, 0xFF8AC7, 0xFF8AC7, 0xFF8AC7, 0xFF92E7, 
0xFF82A6, 0xFF8286, 0xFF92E7, 0xFE92E7, 0xFE8AA7, 0xEB51A3, 0x107BAE, 0x008410, 0x007BEF, 0x008410, 0x008410, 0x008410, 0x008410, 0x008410, 0x008410, 0x008410, 
0x008410, 0x008410, 0x008410, 0x008410, 0x008410, 0x008410, 0x008410, 0x008410, 0x008410, 0x008410, 0x008410, 0x008410, 0x008410, 0x008410, 0x008410, 0x008410, 
0x008410, 0x008410, 0x008410, 0x008410, 0x008410, 0x008410, 0x008410, 0x008410, 0x008410, 0x008410, 0x008410, 0x008410, 0x008410, 0x008410, 0x008410, 0x008410, 
0x008410, 0x008410, 0x008410, 0x008410, 0x008410, 0x008410, 0x008410, 0x008410, 0x008410, 0x008410, 0x008410, 0x008410, 0x008410, 0x008410, 0x008410, 0x008410, 
0x008410, 0x008410, 0x008410, 0x008410, 0x008410, 0x008410, 0x008410, 0x017BEF, 0x007C10, 0x2E83AD, 0xFEAB47, 0xFEED90, 0xFEFDF1, 0xFFF5D0, 0xFFFDF1, 0xFFFDF1, 
0xFFFDF1, 0xFFFDF1, 0xFFFDF1, 0xFFFDF1, 0xFFFDF1, 0xFFFDF1, 0xFFFDF1, 0xFFFDF1, 0xFFFDF1, 0xFFFDF1, 0xFFFDF1, 0xFFFDF1, 0xFFFDF1, 0xFFFDF1, 0xFFFDF1, 0xFFFDF1, 
0xFFFDF1, 0xFFFDF1, 0xFFFDF1, 0xFFFDF1, 0xFFFDF1, 0xFFFDF1, 0xFFFDF1, 0xFFFDF1, 0xFFFDF1, 0xFFFDF1, 0xFFFDF1, 0xFFFDF1, 0xFFFDF1, 0xFFFDF1, 0xFFFDF1, 0xFFFDF1, 
0xFFFDF1, 0xFFFDF1, 0xFFFDF1, 0xFFFDF1, 0xFFFDF1, 0xFFFDF1, 0xFFFDF1, 0xFFFDF1, 0xFFFDF1, 0xFFFDF1, 0xFFFDF1, 0xFFFDF1, 0xFFFDF1, 0xFFFDF1, 0xFFFDF1, 0xFFFDF1, 
0xFFFDF1, 0xFFFDF1, 0xFFFDF1, 0xFFFDF1, 0xFFFDF1, 0xFFFDF1, 0xFFFDF1, 0xFFFDF1, 0xFFFDF1, 0xFFF5D0, 0xFFFE53, 0xFFFEF7, 0xFFFEF6, 0xFFFE53, 0xFFF5D0, 0xFAFE11, 
0xFFDCCC, 0xA69329, 0x007C10, 0x037BEF, 0x018410, 0x0C7BAE, 0xE44983, 0xFE8286, 0xFD92E7, 0xFF8AC7, 0xFF92E7, 0xFF8AC7, 0xFF8AC7, 0xFF8AC7, 0xFF8AA7, 0xFF92E7, 
0xFF8AC7, 0xFF8266, 0xFF92E7, 0xFE8AC7, 0xFF8AC7, 0xF95183, 0x23736D, 0x008410, 0x007BEF, 0x008410, 0x008410, 0x008410, 0x008410, 0x008410, 0x008410, 0x008410, 
0x008410, 0x008410, 0x008410, 0x008410, 0x008410, 0x008410, 0x008410, 0x008410, 0x008410, 0x008410, 0x008410, 0x008410, 0x008410, 0x008410, 0x008410, 0x008410, 
0x008410, 0x008410, 0x008410, 0x008410, 0x008410, 0x008410, 0x008410, 0x008410, 0x008410, 0x008410, 0x008410, 0x008410, 0x008410, 0x008410, 0x008410, 0x008410, 
0x008410, 0x008410, 0x008410, 0x008410, 0x008410, 0x008410, 0x008410, 0x008410, 0x008410, 0x008410, 0x008410, 0x008410, 0x008410, 0x008410, 0x008410, 0x008410, 
0x008410, 0x008410, 0x008410, 0x008410, 0x008410, 0x008410, 0x008410, 0x037BEF, 0x007C10, 0x4F8B8C, 0xFFB388, 0xFBF5D0, 0xFFF5F0, 0xFFF5D0, 0xFFFDF1, 0xFFFDF1, 
0xFFFDF1, 0xFFFDF1, 0xFFFDF1, 0xFFFDF1, 0xFFFDF1, 0xFFFDF1, 0xFFFDF1, 0xFFFDF1, 0xFFFDF1, 0xFFFDF1, 0xFFFDF1, 0xFFFDF1, 0xFFFDF1, 0xFFFDF1, 0xFFFDF1, 0xFFFDF1, 
0xFFFDF1, 0xFFFDF1, 0xFFFDF1, 0xFFFDF1, 0xFFFDF1, 0xFFFDF1, 0xFFFDF1, 0xFFFDF1, 0xFFFDF1, 0xFFFDF1, 0xFFFDF1, 0xFFFDF1, 0xFFFDF1, 0xFFFDF1, 0xFFFDF1, 0xFFFDF1, 
0xFFFDF1, 0xFFFDF1, 0xFFFDF1, 0xFFFDF1, 0xFFFDF1, 0xFFFDF1, 0xFFFDF1, 0xFFFDF1, 0xFFFDF1, 0xFFFDF1, 0xFFFDF1, 0xFFFDF1, 0xFFFDF1, 0xFFFDF1, 0xFFFDF1, 0xFFFDF1, 
0xFFFDF1, 0xFFFDF1, 0xFFFDF1, 0xFFFDF1, 0xFFFDF1, 0xFFFDF1, 0xFFFDF1, 0xFFFDF1, 0xFFFDF1, 0xFFF5D0, 0xFFFE32, 0xFFFEF6, 0xFFFEF7, 0xFFFE74, 0xFFF5D0, 0xFAFE11, 
0xFFED4E, 0xB39B49, 0x007C10, 0x0183EF, 0x037BEF, 0x008430, 0x8D5227, 0xFE6A04, 0xFA9308, 0xFE8AC7, 0xFF92E7, 0xFF92E7, 0xFF8AC7, 0xFF92E7, 0xFF8AA7, 0xFF8AC7, 
0xFF8AC7, 0xFF8286, 0xFF8AC7, 0xFF8AC7, 0xFE92E7, 0xFF51A3, 0x316B4C, 0x008410, 0x017BEF, 0x008410, 0x008410, 0x008410, 0x008410, 0x008410, 0x008410, 0x008410, 
0x008410, 0x008410, 0x008410, 0x008410, 0x008410, 0x008410, 0x008410, 0x008410, 0x008410, 0x008410, 0x008410, 0x008410, 0x008410, 0x008410, 0x008410, 0x008410, 
0x008410, 0x008410, 0x008410, 0x008410, 0x008410, 0x008410, 0x008410, 0x008410, 0x008410, 0x008410, 0x008410, 0x008410, 0x008410, 0x008410, 0x008410, 0x008410, 
0x008410, 0x008410, 0x008410, 0x008410, 0x008410, 0x008410, 0x008410, 0x008410, 0x008410, 0x008410, 0x008410, 0x008410, 0x008410, 0x008410, 0x008410, 0x008410, 
0x008410, 0x008410, 0x008410, 0x008410, 0x008410, 0x008410, 0x008410, 0x0483EF, 0x007C10, 0x71936A, 0xFEBBC9, 0xFAFDF1, 0xFFF5D0, 0xFFFDF1, 0xFFFDF1, 0xFFFDF1, 
0xFFFDF1, 0xFFFDF1, 0xFFFDF1, 0xFFFDF1, 0xFFFDF1, 0xFFFDF1, 0xFFFDF1, 0xFFFDF1, 0xFFFDF1, 0xFFFDF1, 0xFFFDF1, 0xFFFDF1, 0xFFFDF1, 0xFFFDF1, 0xFFFDF1, 0xFFFDF1, 
0xFFFDF1, 0xFFFDF1, 0xFFFDF1, 0xFFFDF1, 0xFFFDF1, 0xFFFDF1, 0xFFFDF1, 0xFFFDF1, 0xFFFDF1, 0xFFFDF1, 0xFFFDF1, 0xFFFDF1, 0xFFFDF1, 0xFFFDF1, 0xFFFDF1, 0xFFFDF1, 
0xFFFDF1, 0xFFFDF1, 0xFFFDF1, 0xFFFDF1, 0xFFFDF1, 0xFFFDF1, 0xFFFDF1, 0xFFFDF1, 0xFFFDF1, 0xFFFDF1, 0xFFFDF1, 0xFFFDF1, 0xFFFDF1, 0xFFFDF1, 0xFFFDF1, 0xFFFDF1, 
0xFFFDF1, 0xFFFDF1, 0xFFFDF1, 0xFFFDF1, 0xFFFDF1, 0xFFFDF1, 0xFFFDF1, 0xFFFDF1, 0xFFFDF1, 0xFFF5D0, 0xFFF5F1, 0xFFFE53, 0xFFFE53, 0xFFF5F1, 0xFFF5D0, 0xFBFDF1, 
0xFFED6F, 0xB8A369, 0x007BF0, 0x017BEF, 0x027BEF, 0x008430, 0x4A6AEA, 0xFF59A3, 0xFC92E7, 0xFF8AC7, 0xFF92E7, 0xFF92E7, 0xFF8AC7, 0xFF8AC7, 0xFF8AC7, 0xFF8AA7, 
0xFF92E7, 0xFF8286, 0xFF8AC7, 0xFE8AC7, 0xFD92E7, 0xFE59A3, 0x38734C, 0x008410, 0x027BEF, 0x008410, 0x008410, 0x008410, 0x008410, 0x008410, 0x008410, 0x008410, 
0x008410, 0x008410, 0x008410, 0x008410, 0x008410, 0x008410, 0x008410, 0x008410, 0x008410, 0x008410, 0x008410, 0x008410, 0x008410, 0x008410, 0x008410, 0x008410, 
0x008410, 0x008410, 0x008410, 0x008410, 0x008410, 0x008410, 0x008410, 0x008410, 0x008410, 0x008410, 0x008410, 0x008410, 0x008410, 0x008410, 0x008410, 0x008410, 
0x008410, 0x008410, 0x008410, 0x008410, 0x008410, 0x008410, 0x008410, 0x008410, 0x008410, 0x008410, 0x008410, 0x008410, 0x008410, 0x008410, 0x008410, 0x008410, 
0x008410, 0x008410, 0x008410, 0x008410, 0x008410, 0x008410, 0x008410, 0x0383EF, 0x007C10, 0x8B9349, 0xFFC40A, 0xF9FE11, 0xFFF5D0, 0xFFFDD0, 0xFFFDF1, 0xFFFDF1, 
0xFFFDF1, 0xFFFDF1, 0xFFFDF1, 0xFFFDF1, 0xFFFDF1, 0xFFFDF1, 0xFFFDF1, 0xFFFDF1, 0xFFFDF1, 0xFFFDF1, 0xFFFDF1, 0xFFFDF1, 0xFFFDF1, 0xFFFDF1, 0xFFFDF1, 0xFFFDF1, 
0xFFFDF1, 0xFFFDF1, 0xFFFDF1, 0xFFFDF1, 0xFFFDF1, 0xFFFDF1, 0xFFFDF1, 0xFFFDF1, 0xFFFDF1, 0xFFFDF1, 0xFFFDF1, 0xFFFDF1, 0xFFFDF1, 0xFFFDF1, 0xFFFDF1, 0xFFFDF1, 
0xFFFDF1, 0xFFFDF1, 0xFFFDF1, 0xFFFDF1, 0xFFFDF1, 0xFFFDF1, 0xFFFDF1, 0xFFFDF1, 0xFFFDF1, 0xFFFDF1, 0xFFFDF1, 0xFFFDF1, 0xFFFDF1, 0xFFFDF1, 0xFFFDF1, 0xFFFDF1, 
0xFFFDF1, 0xFFFDF1, 0xFFFDF1, 0xFFFDF1, 0xFFFDF1, 0xFFFDF1, 0xFFFDF1, 0xFFFDF1, 0xFFFDF1, 0xFFFDF1, 0xFFF5D0, 0xFFF5D0, 0xFFF5D0, 0xFFF5D0, 0xFFF5D0, 0xFDFDF1, 
0xFFF5B0, 0xD2AB89, 0x007BEF, 0x007C10, 0x007BEF, 0x008410, 0x1073AE, 0xEC5183, 0xFF82A6, 0xFD92E7, 0xFF8AC7, 0xFF92E7, 0xFF8AC7, 0xFF92E7, 0xFF8AC7, 0xFF8286, 
0xFF92E7, 0xFF8AA6, 0xFF8AC7, 0xFF92E7, 0xFD92E7, 0xFE5183, 0x396B0B, 0x008430, 0x017BEF, 0x008410, 0x008410, 0x008410, 0x008410, 0x008410, 0x008410, 0x008410, 
0x008410, 0x008410, 0x008410, 0x008410, 0x008410, 0x008410, 0x008410, 0x008410, 0x008410, 0x008410, 0x008410, 0x008410, 0x008410, 0x008410, 0x008410, 0x008410, 
0x008410, 0x008410, 0x008410, 0x008410, 0x008410, 0x008410, 0x008410, 0x008410, 0x008410, 0x008410, 0x008410, 0x008410, 0x008410, 0x008410, 0x008410, 0x008410, 
0x008410, 0x008410, 0x008410, 0x008410, 0x008410, 0x008410, 0x008410, 0x008410, 0x008410, 0x008410, 0x008410, 0x008410, 0x008410, 0x008410, 0x008410, 0x008410, 
0x008410, 0x008410, 0x008410, 0x008410, 0x008410, 0x008410, 0x008410, 0x027BEF, 0x007C10, 0x9A9328, 0xFFCC4A, 0xFAFE11, 0xFFF5D0, 0xFFFDF1, 0xFFFDF1, 0xFFFDF1, 
0xFFFDF1, 0xFFFDF1, 0xFFFDF1, 0xFFFDF1, 0xFFFDF1, 0xFFFDF1, 0xFFFDF1, 0xFFFDF1, 0xFFFDF1, 0xFFFDF1, 0xFFFDF1, 0xFFFDF1, 0xFFFDF1, 0xFFFDF1, 0xFFFDF1, 0xFFFDF1, 
0xFFFDF1, 0xFFFDF1, 0xFFFDF1, 0xFFFDF1, 0xFFFDF1, 0xFFFDF1, 0xFFFDF1, 0xFFFDF1, 0xFFFDF1, 0xFFFDF1, 0xFFFDF1, 0xFFFDF1, 0xFFFDF1, 0xFFFDF1, 0xFFFDF1, 0xFFFDF1, 
0xFFFDF1, 0xFFFDF1, 0xFFFDF1, 0xFFFDF1, 0xFFFDF1, 0xFFF5D0, 0xFFF5D0, 0xFFFDF1, 0xFFF5D0, 0xFFFDF1, 0xFFFDF1, 0xFFFDF1, 0xFFFDF1, 0xFFFDF1, 0xFFFDF1, 0xFFFDF1, 
0xFFFDF1, 0xFFFDF1, 0xFFFDF1, 0xFFFDF1, 0xFFFDF1, 0xFFFDF1, 0xFFFDF1, 0xFFFDF1, 0xFFFDF1, 0xFFF5D0, 0xFFF5F1, 0xFFFDF1, 0xFFFDF1, 0xFFFDF1, 0xFFF5D0, 0xFDFDF1, 
0xFFF5B0, 0xDEAB89, 0x047BEF, 0x007C10, 0x008410, 0x0183F0, 0x007BEF, 0xC751A4, 0xFE7A65, 0xFB92E7, 0xFF8AC7, 0xFF92E7, 0xFF92E7, 0xFF8AC7, 0xFF8AC7, 0xFF8286, 
0xFF8AC7, 0xFF8AA7, 0xFF8AC7, 0xFF8AC7, 0xFC92E7, 0xFF5183, 0x3D62EB, 0x008430, 0x027BEF, 0x008410, 0x008410, 0x008410, 0x008410, 0x008410, 0x008410, 0x008410, 
0x008410, 0x008410, 0x008410, 0x008410, 0x008410, 0x008410, 0x008410, 0x008410, 0x008410, 0x008410, 0x008410, 0x008410, 0x008410, 0x008410, 0x008410, 0x008410, 
0x008410, 0x008410, 0x008410, 0x008410, 0x008410, 0x008410, 0x008410, 0x008410, 0x008410, 0x008410, 0x008410, 0x008410, 0x008410, 0x008410, 0x008410, 0x008410, 
0x008410, 0x008410, 0x008410, 0x008410, 0x008410, 0x008410, 0x008410, 0x008410, 0x008410, 0x008410, 0x008410, 0x008410, 0x008410, 0x008410, 0x008410, 0x008410, 
0x008410, 0x008410, 0x008410, 0x008410, 0x008410, 0x008410, 0x008410, 0x037BEF, 0x007C10, 0x9F9348, 0xFFCC4A, 0xF9FE11, 0xFFF5D0, 0xFFFDF1, 0xFFFDF1, 0xFFFDF1, 
0xFFFDF1, 0xFFFDF1, 0xFFFDF1, 0xFFFDF1, 0xFFFDF1, 0xFFFDF1, 0xFFFDF1, 0xFFFDF1, 0xFFFDF1, 0xFFFDF1, 0xFFFDF1, 0xFFFDF1, 0xFFFDF1, 0xFFFDF1, 0xFFFDF1, 0xFFFDF1, 
0xFFFDF1, 0xFFFDF1, 0xFFFDF1, 0xFFFDF1, 0xFFFDF1, 0xFFFDF1, 0xFFFDF1, 0xFFFDF1, 0xFFFDF1, 0xFFFDF1, 0xFFFDF1, 0xFFFDF1, 0xFFFDF1, 0xFFFDF1, 0xFFFDF1, 0xFFFDF1, 
0xFFFDF1, 0xFFFDF1, 0xFFFDF1, 0xFFFDF1, 0xFFF5F0, 0xFFFDF1, 0xFFFDF1, 0xFFF5D0, 0xFFFDF1, 0xFFFDF1, 0xFFFDF1, 0xFFFDF1, 0xFFFDF1, 0xFFFDF1, 0xFFFDF1, 0xFFFDF1, 
0xFFFDF1, 0xFFFDF1, 0xFFFDF1, 0xFFFDF1, 0xFFFDF1, 0xFFFDF1, 0xFFFDF1, 0xFFFDF1, 0xFFFDF1, 0xFFFDF1, 0xFFFDF1, 0xFFFDF1, 0xFFFDF1, 0xFFFDF1, 0xFFF5D0, 0xFEFDF1, 
0xFFF5B0, 0xE4AB68, 0x0983CE, 0x007C10, 0x007C10, 0x027BEF, 0x008410, 0xB551C5, 0xFF7245, 0xFA92E7, 0xFF8AC7, 0xFF92E7, 0xFF92E7, 0xFF8AC7, 0xFF92E7, 0xFF8286, 
0xFF8AC7, 0xFF8AC7, 0xFF8AC7, 0xFF8AC7, 0xFC92E7, 0xFF59A3, 0x4C62CA, 0x008430, 0x037BEF, 0x008410, 0x008410, 0x008410, 0x008410, 0x008410, 0x008410, 0x008410, 
0x008410, 0x008410, 0x008410, 0x008410, 0x008410, 0x008410, 0x008410, 0x008410, 0x008410, 0x008410, 0x008410, 0x008410, 0x008410, 0x008410, 0x008410, 0x008410, 
0x008410, 0x008410, 0x008410, 0x008410, 0x008410, 0x008410, 0x008410, 0x008410, 0x008410, 0x008410, 0x008410, 0x008410, 0x008410, 0x008410, 0x008410, 0x008410, 
0x008410, 0x008410, 0x008410, 0x008410, 0x008410, 0x008410, 0x008410, 0x008410, 0x008410, 0x008410, 0x008410, 0x008410, 0x008410, 0x008410, 0x008410, 0x008410, 
0x008410, 0x008410, 0x008410, 0x008410, 0x008410, 0x008410, 0x008410, 0x0383EF, 0x007C10, 0xA29349, 0xFFCC4A, 0xFAFE11, 0xFFF5D0, 0xFFFDF1, 0xFFFDF1, 0xFFFDF1, 
0xFFFDF1, 0xFFFDF1, 0xFFFDF1, 0xFFFDF1, 0xFFFDF1, 0xFFFDF1, 0xFFFDF1, 0xFFFDF1, 0xFFFDF1, 0xFFFDF1, 0xFFFDF1, 0xFFFDF1, 0xFFFDF1, 0xFFFDF1, 0xFFFDF1, 0xFFFDF1, 
0xFFFDF1, 0xFFFDF1, 0xFFFDF1, 0xFFFDF1, 0xFFFDF1, 0xFFFDF1, 0xFFFDF1, 0xFFFDF1, 0xFFFDF1, 0xFFFDF1, 0xFFFDF1, 0xFFFDF1, 0xFFFDF1, 0xFFFDF1, 0xFFFDF1, 0xFFFDF1, 
0xFFFDF1, 0xFFFDF1, 0xFFFDF1, 0xFFF5D0, 0xFFFDF1, 0xFFF5D0, 0xFFF5D0, 0xFFFDF1, 0xFFF5D0, 0xFFFDF1, 0xFFFDF1, 0xFFFDF1, 0xFFFDF1, 0xFFFDF1, 0xFFFDF1, 0xFFFDF1, 
0xFFFDF1, 0xFFFDF1, 0xFFFDF1, 0xFFFDF1, 0xFFFDF1, 0xFFFDF1, 0xFFFDF1, 0xFFFDF1, 0xFFFDF1, 0xFFFDF1, 0xFFFDF1, 0xFFFDF1, 0xFFFDF1, 0xFFFDF1, 0xFFF5D0, 0xFDFDF1, 
0xFFF5B0, 0xEBAB68, 0x0F83CE, 0x007C10, 0x007BEF, 0x037BEF, 0x008430, 0x9F5206, 0xFF6A04, 0xF992E8, 0xFF8AC7, 0xFF92E7, 0xFF92E7, 0xFF8AC7, 0xFF92E7, 0xFF8286, 
0xFF8AC7, 0xFF8AC7, 0xFF8AC7, 0xFF8AC7, 0xFB92E8, 0xFF59A3, 0x5062CA, 0x008430, 0x027BEF, 0x008410, 0x008410, 0x008410, 0x008410, 0x008410, 0x008410, 0x008410, 
0x008410, 0x008410, 0x008410, 0x008410, 0x008410, 0x008410, 0x008410, 0x008410, 0x008410, 0x008410, 0x008410, 0x008410, 0x008410, 0x008410, 0x008410, 0x008410, 
0x008410, 0x008410, 0x008410, 0x008410, 0x008410, 0x008410, 0x008410, 0x008410, 0x008410, 0x008410, 0x008410, 0x008410, 0x008410, 0x008410, 0x008410, 0x008410, 
0x008410, 0x008410, 0x008410, 0x008410, 0x008410, 0x008410, 0x008410, 0x008410, 0x008410, 0x008410, 0x008410, 0x008410, 0x008410, 0x008410, 0x008410, 0x008410, 
0x008410, 0x008410, 0x008410, 0x008410, 0x008410, 0x008410, 0x008410, 0x027BEF, 0x007C10, 0x9D9349, 0xFFC42A, 0xFAFE11, 0xFFF5D0, 0xFFF5D0, 0xFFFDF1, 0xFFFDF1, 
0xFFFDF1, 0xFFFDF1, 0xFFFDF1, 0xFFFDF1, 0xFFFDF1, 0xFFFDF1, 0xFFFDF1, 0xFFFDF1, 0xFFFDF1, 0xFFFDF1, 0xFFFDF1, 0xFFFDF1, 0xFFFDF1, 0xFFFDF1, 0xFFFDF1, 0xFFFDF1, 
0xFFFDF1, 0xFFFDF1, 0xFFFDF1, 0xFFFDF1, 0xFFFDF1, 0xFFFDF1, 0xFFFDF1, 0xFFFDF1, 0xFFFDF1, 0xFFFDF1, 0xFFFDF1, 0xFFFDF1, 0xFFFDF1, 0xFFFDF1, 0xFFFDF1, 0xFFFDF1, 
0xFFFDF1, 0xFFFDF1, 0xFFFDF1, 0xFFF5D0, 0xFFFDF1, 0xFFE54F, 0xFFDCCD, 0xFFFE11, 0xFFF5D0, 0xFFFDF1, 0xFFFDF1, 0xFFFDF1, 0xFFFDF1, 0xFFFDF1, 0xFFFDF1, 0xFFFDF1, 
0xFFFDF1, 0xFFFDF1, 0xFFFDF1, 0xFFFDF1, 0xFFFDF1, 0xFFFDF1, 0xFFFDF1, 0xFFFDF1, 0xFFFDF1, 0xFFFDF1, 0xFFFDF1, 0xFFFDF1, 0xFFFDF1, 0xFFFDF1, 0xFFF5D0, 0xFEFDF1, 
0xFFED8F, 0xF2AB47, 0x1783CE, 0x007C10, 0x007BEF, 0x037BEF, 0x008430, 0x985206, 0xFF6A04, 0xF99308, 0xFF8AC7, 0xFF92E7, 0xFF92E7, 0xFF8AC7, 0xFF92C7, 0xFF8286, 
0xFF8AC7, 0xFF8AC7, 0xFF92E7, 0xFF8AC7, 0xFC92E7, 0xFF59A3, 0x4F62CA, 0x008430, 0x037BEF, 0x008410, 0x008410, 0x008410, 0x008410, 0x008410, 0x008410, 0x008410, 
0x008410, 0x008410, 0x008410, 0x008410, 0x008410, 0x008410, 0x008410, 0x008410, 0x008410, 0x008410, 0x008410, 0x008410, 0x008410, 0x008410, 0x008410, 0x008410, 
0x008410, 0x008410, 0x008410, 0x008410, 0x008410, 0x008410, 0x008410, 0x008410, 0x008410, 0x008410, 0x008410, 0x008410, 0x008410, 0x008410, 0x008410, 0x008410, 
0x008410, 0x008410, 0x008410, 0x008410, 0x008410, 0x008410, 0x008410, 0x008410, 0x008410, 0x008410, 0x008410, 0x008410, 0x008410, 0x008410, 0x008410, 0x008410, 
0x008410, 0x008410, 0x008410, 0x008410, 0x008410, 0x008410, 0x008410, 0x037BEF, 0x007C10, 0x7D936A, 0xFEBBC9, 0xF9FDF1, 0xFEF5D0, 0xFFFDF1, 0xFFFDF1, 0xFFFDF1, 
0xFFFDF1, 0xFFFDF1, 0xFFFDF1, 0xFFFDF1, 0xFFFDF1, 0xFFFDF1, 0xFFFDF1, 0xFFFDF1, 0xFFFDF1, 0xFFFDF1, 0xFFFDF1, 0xFFFDF1, 0xFFFDF1, 0xFFFDF1, 0xFFFDF1, 0xFFFDF1, 
0xFFFDF1, 0xFFFDF1, 0xFFFDF1, 0xFFFDF1, 0xFFFDF1, 0xFFFDF1, 0xFFFDF1, 0xFFFDF1, 0xFFFDF1, 0xFFFDF1, 0xFFFDF1, 0xFFFDF1, 0xFFFDF1, 0xFFFDF1, 0xFFFDF1, 0xFFFDF1, 
0xFFFDF1, 0xFFFDF1, 0xFFFDF1, 0xFFF5D0, 0xFFFE11, 0xFFE52E, 0xFFCC6B, 0xFFFE11, 0xFFF5D0, 0xFFFDF1, 0xFFFDF1, 0xFFFDF1, 0xFFFDF1, 0xFFFDF1, 0xFFFDF1, 0xFFFDF1, 
0xFFFDF1, 0xFFFDF1, 0xFFFDF1, 0xFFFDF1, 0xFFFDF1, 0xFFFDF1, 0xFFFDF1, 0xFFFDF1, 0xFFFDF1, 0xFFFDF1, 0xFFFDF1, 0xFFFDF1, 0xFFFDF1, 0xFFFDF1, 0xFFF5D0, 0xFFFDF1, 
0xFFED8F, 0xF4AB47, 0x1983CE, 0x007BF0, 0x007BEF, 0x027BEF, 0x008430, 0xA35206, 0xFF6A04, 0xFA92E8, 0xFF8AC7, 0xFF92E7, 0xFF92E7, 0xFF8AC7, 0xFF92E7, 0xFF8286, 
0xFF8AC7, 0xFF8AC7, 0xFF8AC7, 0xFF8AC7, 0xFC92E7, 0xFF59A3, 0x4E62CA, 0x008430, 0x037BEF, 0x008410, 0x008410, 0x008410, 0x008410, 0x008410, 0x008410, 0x008410, 
0x008410, 0x008410, 0x008410, 0x008410, 0x008410, 0x008410, 0x008410, 0x008410, 0x008410, 0x008410, 0x008410, 0x008410, 0x008410, 0x008410, 0x008410, 0x008410, 
0x008410, 0x008410, 0x008410, 0x008410, 0x008410, 0x008410, 0x008410, 0x008410, 0x008410, 0x008410, 0x008410, 0x008410, 0x008410, 0x008410, 0x008410, 0x008410, 
0x008410, 0x008410, 0x008410, 0x008410, 0x008410, 0x008410, 0x008410, 0x008410, 0x008410, 0x008410, 0x008410, 0x008410, 0x008410, 0x008410, 0x008410, 0x008410, 
0x008410, 0x008410, 0x008410, 0x008410, 0x008410, 0x008410, 0x008410, 0x0383EF, 0x007C10, 0x538B8C, 0xFFB367, 0xFBF5B0, 0xFFFDF1, 0xFFF5D0, 0xFFFDF1, 0xFFFDF1, 
0xFFFDF1, 0xFFFDF1, 0xFFFDF1, 0xFFFDF1, 0xFFFDF1, 0xFFFDF1, 0xFFFDF1, 0xFFFDF1, 0xFFFDF1, 0xFFFDF1, 0xFFFDF1, 0xFFFDF1, 0xFFFDF1, 0xFFFDF1, 0xFFFDF1, 0xFFFDF1, 
0xFFFDF1, 0xFFFDF1, 0xFFFDF1, 0xFFFDF1, 0xFFFDF1, 0xFFFDF1, 0xFFFDF1, 0xFFFDF1, 0xFFFDF1, 0xFFFDF1, 0xFFFDF1, 0xFFFDF1, 0xFFFDF1, 0xFFFDF1, 0xFFFDF1, 0xFFFDF1, 
0xFFFDF1, 0xFFFDF1, 0xFFFDF1, 0xFFF5D0, 0xFFFE11, 0xFFE50E, 0xFFCC6B, 0xFFFE11, 0xFFF5D0, 0xFFFDF1, 0xFFFDF1, 0xFFFDF1, 0xFFFDF1, 0xFFFDF1, 0xFFFDF1, 0xFFFDF1, 
0xFFFDF1, 0xFFFDF1, 0xFFFDF1, 0xFFFDF1, 0xFFFDF1, 0xFFFDF1, 0xFFFDF1, 0xFFFDF1, 0xFFFDF1, 0xFFFDF1, 0xFFFDF1, 0xFFFDF1, 0xFFFDF1, 0xFFFDF1, 0xFFF5D0, 0xFEFDF1, 
0xFFED6F, 0xEBA347, 0x1083EE, 0x007C10, 0x007BEF, 0x007BF0, 0x007BEF, 0xC749A4, 0xFE7A45, 0xFB92E7, 0xFF8AC7, 0xFF92E7, 0xFF92E7, 0xFF8AC7, 0xFF92E7, 0xFF8286, 
0xFF8AC7, 0xFF92E7, 0xFF8AC7, 0xFF8AC7, 0xFC92E8, 0xFF59A3, 0x4F62CA, 0x008430, 0x027BEF, 0x008410, 0x008410, 0x008410, 0x008410, 0x008410, 0x008410, 0x008410, 
0x008410, 0x008410, 0x008410, 0x008410, 0x008410, 0x008410, 0x008410, 0x008410, 0x008410, 0x008410, 0x008410, 0x008410, 0x008410, 0x008410, 0x008410, 0x008410, 
0x008410, 0x008410, 0x008410, 0x008410, 0x008410, 0x008410, 0x008410, 0x008410, 0x008410, 0x008410, 0x008410, 0x008410, 0x008410, 0x008410, 0x008410, 0x008410, 
0x008410, 0x008410, 0x008410, 0x008410, 0x008410, 0x008410, 0x008410, 0x008410, 0x008410, 0x008410, 0x008410, 0x008410, 0x008410, 0x008410, 0x008410, 0x008410, 
0x008410, 0x008410, 0x008410, 0x008410, 0x008410, 0x008410, 0x008410, 0x0183EF, 0x007C10, 0x298BCD, 0xFDA327, 0xFEE54E, 0xFEFDF1, 0xFFF5D0, 0xFFF5D0, 0xFFFDF1, 
0xFFFDF1, 0xFFFDF1, 0xFFFDF1, 0xFFFDF1, 0xFFFDF1, 0xFFFDF1, 0xFFFDF1, 0xFFFDF1, 0xFFFDF1, 0xFFFDF1, 0xFFFDF1, 0xFFFDF1, 0xFFFDF1, 0xFFFDF1, 0xFFFDF1, 0xFFFDF1, 
0xFFFDF1, 0xFFFDF1, 0xFFFDF1, 0xFFFDF1, 0xFFFDF1, 0xFFFDF1, 0xFFFDF1, 0xFFFDF1, 0xFFFDF1, 0xFFFDF1, 0xFFFDF1, 0xFFFDF1, 0xFFFDF1, 0xFFFDF1, 0xFFFDF1, 0xFFFDF1, 
0xFFFDF1, 0xFFFDF1, 0xFFFDF1, 0xFFF5D0, 0xFFFE11, 0xFFDD0E, 0xFFCC6B, 0xFFFE11, 0xFFF5D0, 0xFFFDF1, 0xFFFDF1, 0xFFFDF1, 0xFFFDF1, 0xFFFDF1, 0xFFFDF1, 0xFFFDF1, 
0xFFFDF1, 0xFFFDF1, 0xFFFDF1, 0xFFFDF1, 0xFFFDF1, 0xFFFDF1, 0xFFFDF1, 0xFFFDF1, 0xFFFDF1, 0xFFFDF1, 0xFFFDF1, 0xFFFDF1, 0xFFFDF1, 0xFFFDF1, 0xFFF5D0, 0xFDFE11, 
0xFFE52E, 0xDEA327, 0x0483EF, 0x007C10, 0x007BEF, 0x008410, 0x0E73AE, 0xED4983, 0xFF82A6, 0xFD92E7, 0xFF8AC7, 0xFF92E7, 0xFF92E7, 0xFF8AC7, 0xFF92E7, 0xFF8286, 
0xFF8AC7, 0xFF8AC7, 0xFF8AC7, 0xFE8AC7, 0xFB92E7, 0xFE59A3, 0x4C62CA, 0x008430, 0x037BEF, 0x008410, 0x008410, 0x008410, 0x008410, 0x008410, 0x008410, 0x008410, 
0x008410, 0x008410, 0x008410, 0x008410, 0x008410, 0x008410, 0x008410, 0x008410, 0x008410, 0x008410, 0x008410, 0x008410, 0x008410, 0x008410, 0x008410, 0x008410, 
0x008410, 0x008410, 0x008410, 0x008410, 0x008410, 0x008410, 0x008410, 0x008410, 0x008410, 0x008410, 0x008410, 0x008410, 0x008410, 0x008410, 0x008410, 0x008410, 
0x008410, 0x008410, 0x008410, 0x008410, 0x008410, 0x008410, 0x008410, 0x008410, 0x008410, 0x008410, 0x008410, 0x008410, 0x008410, 0x008410, 0x008410, 0x008410, 
0x008410, 0x008410, 0x008410, 0x008410, 0x008410, 0x008410, 0x008410, 0x0083EF, 0x007BF0, 0x0483EF, 0xDA9B27, 0xFECC8B, 0xFCFE11, 0xFEF5D0, 0xFFFDF1, 0xFFFDF1, 
0xFFFDF1, 0xFFFDF1, 0xFFFDF1, 0xFFFDF1, 0xFFFDF1, 0xFFFDF1, 0xFFFDF1, 0xFFFDF1, 0xFFFDF1, 0xFFFDF1, 0xFFFDF1, 0xFFFDF1, 0xFFFDF1, 0xFFFDF1, 0xFFFDF1, 0xFFFDF1, 
0xFFFDF1, 0xFFFDF1, 0xFFFDF1, 0xFFFDF1, 0xFFFDF1, 0xFFFDF1, 0xFFFDF1, 0xFFFDF1, 0xFFFDF1, 0xFFFDF1, 0xFFFDF1, 0xFFFDF1, 0xFFFDF1, 0xFFFDF1, 0xFFFDF1, 0xFFFDF1, 
0xFFFDF1, 0xFFFDF1, 0xFFFDF1, 0xFFF5D0, 0xFFFE11, 0xFFDD0E, 0xFFCC4B, 0xFFFE11, 0xFFF5D0, 0xFFFDF1, 0xFFFDF1, 0xFFFDF1, 0xFFFDF1, 0xFFFDF1, 0xFFFDF1, 0xFFFDF1, 
0xFFFDF1, 0xFFFDF1, 0xFFFDF1, 0xFFFDF1, 0xFFFDF1, 0xFFFDF1, 0xFFFDF1, 0xFFFDF1, 0xFFFDF1, 0xFFFDF1, 0xFFFDF1, 0xFFFDF1, 0xFFFDF1, 0xFFFDF1, 0xFFF5D0, 0xFCFE11, 
0xFFDCED, 0xCD9B28, 0x00840F, 0x007BEF, 0x027BEF, 0x008430, 0x4F62EA, 0xFF5183, 0xFC92E7, 0xFF8AC7, 0xFF8AC7, 0xFF92E7, 0xFF92E7, 0xFF8AC7, 0xFF92E7, 0xFF8286, 
0xFF8AC7, 0xFF92E7, 0xFF8AC7, 0xFF8AC7, 0xFD92E7, 0xFF5183, 0x396B0B, 0x008430, 0x027BEF, 0x008410, 0x008410, 0x008410, 0x008410, 0x008410, 0x008410, 0x008410, 
0x008410, 0x008410, 0x008410, 0x008410, 0x008410, 0x008410, 0x008410, 0x008410, 0x008410, 0x008410, 0x008410, 0x008410, 0x008410, 0x008410, 0x008410, 0x008410, 
0x008410, 0x008410, 0x008410, 0x008410, 0x008410, 0x008410, 0x008410, 0x008410, 0x008410, 0x008410, 0x008410, 0x008410, 0x008410, 0x008410, 0x008410, 0x008410, 
0x008410, 0x008410, 0x008410, 0x008410, 0x008410, 0x008410, 0x008410, 0x008410, 0x008410, 0x008410, 0x008410, 0x008410, 0x008410, 0x008410, 0x008410, 0x008410, 
0x008410, 0x008410, 0x008410, 0x008410, 0x008410, 0x008410, 0x008410, 0x008410, 0x0383EF, 0x007C10, 0x949369, 0xFEB3A8, 0xFAF5D1, 0xFFF5D0, 0xFFF5D0, 0xFFF5D0, 
0xFFFDF1, 0xFFFDF1, 0xFFFDF1, 0xFFFDF1, 0xFFFDF1, 0xFFFDF1, 0xFFFDF1, 0xFFFDF1, 0xFFFDF1, 0xFFFDF1, 0xFFFDF1, 0xFFFDF1, 0xFFFDF1, 0xFFFDF1, 0xFFFDF1, 0xFFFDF1, 
0xFFFDF1, 0xFFFDF1, 0xFFFDF1, 0xFFFDF1, 0xFFFDF1, 0xFFFDF1, 0xFFFDF1, 0xFFFDF1, 0xFFFDF1, 0xFFFDF1, 0xFFFDF1, 0xFFFDF1, 0xFFFDF1, 0xFFFDF1, 0xFFFDF1, 0xFFFDF1, 
0xFFFDF1, 0xFFFDF1, 0xFFFDF1, 0xFFF5D0, 0xFFFE11, 0xFFE50E, 0xFFC42A, 0xFFFE11, 0xFFF5D0, 0xFFFDF1, 0xFFFDF1, 0xFFFDF1, 0xFFFDF1, 0xFFFDF1, 0xFFFDF1, 0xFFFDF1, 
0xFFFDF1, 0xFFFDF1, 0xFFFDF1, 0xFFFDF1, 0xFFFDF1, 0xFFFDF1, 0xFFFDF1, 0xFFFDF1, 0xFFFDF1, 0xFFFDF1, 0xFFFDF1, 0xFFFDF1, 0xFFFDF1, 0xFFFDF1, 0xFFF5D0, 0xFAFE11, 
0xFFCC6B, 0xAB9B28, 0x007C10, 0x027BEF, 0x027BEF, 0x008410, 0xA45206, 0xFE6A04, 0xFA92E8, 0xFE8AC7, 0xFF92E7, 0xFF92E7, 0xFF92E7, 0xFF8AC7, 0xFF92C7, 0xFF8286, 
0xFF8AC7, 0xFF92E7, 0xFF8AC7, 0xFE92C7, 0xFF8AC7, 0xF95183, 0x24734C, 0x008410, 0x007BEF, 0x008410, 0x008410, 0x008410, 0x008410, 0x008410, 0x008410, 0x008410, 
0x008410, 0x008410, 0x008410, 0x008410, 0x008410, 0x008410, 0x008410, 0x008410, 0x008410, 0x008410, 0x008410, 0x008410, 0x008410, 0x008410, 0x008410, 0x008410, 
0x008410, 0x008410, 0x008410, 0x008410, 0x008410, 0x008410, 0x008410, 0x008410, 0x008410, 0x008410, 0x008410, 0x008410, 0x008410, 0x008410, 0x008410, 0x008410, 
0x008410, 0x008410, 0x008410, 0x008410, 0x008410, 0x008410, 0x008410, 0x008410, 0x008410, 0x008410, 0x008410, 0x008410, 0x008410, 0x008410, 0x008410, 0x008410, 
0x008410, 0x008410, 0x008410, 0x008410, 0x008410, 0x008410, 0x008410, 0x0083EF, 0x017BEF, 0x007C10, 0x358BAD, 0xFEA306, 0xFCDCED, 0xFEFE11, 0xFEF5D0, 0xFFFDF1, 
0xFFFDF1, 0xFFFDF1, 0xFFFDF1, 0xFFFDF1, 0xFFFDF1, 0xFFFDF1, 0xFFFDF1, 0xFFFDF1, 0xFFFDF1, 0xFFFDF1, 0xFFFDF1, 0xFFFDF1, 0xFFFDF1, 0xFFFDF1, 0xFFFDF1, 0xFFFDF1, 
0xFFFDF1, 0xFFFDF1, 0xFFFDF1, 0xFFFDF1, 0xFFFDF1, 0xFFFDF1, 0xFFFDF1, 0xFFFDF1, 0xFFFDF1, 0xFFFDF1, 0xFFFDF1, 0xFFFDF1, 0xFFFDF1, 0xFFFDF1, 0xFFFDF1, 0xFFFDF1, 
0xFFFDF1, 0xFFFDF1, 0xFFFDF1, 0xFFF5D0, 0xFFFDF1, 0xFFE54E, 0xFFBC0A, 0xFFFDF1, 0xFFF5D0, 0xFFF5D0, 0xFFFDF1, 0xFFFDF1, 0xFFFDF1, 0xFFFDF1, 0xFFFDF1, 0xFFFDF1, 
0xFFFDF1, 0xFFFDF1, 0xFFFDF1, 0xFFFDF1, 0xFFFDF1, 0xFFFDF1, 0xFFFDF1, 0xFFFDF1, 0xFFFDF1, 0xFFFDF1, 0xFFFDF1, 0xFFFDF1, 0xFFFDF1, 0xFFF5D0, 0xFFF5D0, 0xFAFDF1, 
0xFFBBE9, 0x7B936A, 0x007C10, 0x037BEF, 0x008410, 0x087BAE, 0xE54983, 0xFF8286, 0xFD92E7, 0xFF8AC7, 0xFF8AC7, 0xFF92E7, 0xFF92E7, 0xFF8AC7, 0xFF8AE7, 0xFF8AA6, 
0xFF8AC7, 0xFF92E7, 0xFF8AC7, 0xFE92E7, 0xFE8AA7, 0xEB4983, 0x10738E, 0x008410, 0x007BEF, 0x008410, 0x008410, 0x008410, 0x008410, 0x008410, 0x008410, 0x008410, 
0x008410, 0x008410, 0x008410, 0x008410, 0x008410, 0x008410, 0x008410, 0x008410, 0x008410, 0x008410, 0x008410, 0x008410, 0x008410, 0x008410, 0x008410, 0x008410, 
0x008410, 0x008410, 0x008410, 0x008410, 0x008410, 0x008410, 0x008410, 0x008410, 0x008410, 0x008410, 0x008410, 0x008410, 0x008410, 0x008410, 0x008410, 0x008410, 
0x008410, 0x008410, 0x008410, 0x008410, 0x008410, 0x008410, 0x008410, 0x008410, 0x008410, 0x008410, 0x008410, 0x008410, 0x008410, 0x008410, 0x008410, 0x008410, 
0x008410, 0x008410, 0x008410, 0x008410, 0x008410, 0x008410, 0x008410, 0x008410, 0x007BEF, 0x027BEF, 0x007C10, 0xB29B49, 0xFFB3A8, 0xFBF5D0, 0xFFF5D0, 0xFFF5D0, 
0xFFF5D0, 0xFFFDF1, 0xFFFDF1, 0xFFFDF1, 0xFFFDF1, 0xFFFDF1, 0xFFFDF1, 0xFFFDF1, 0xFFFDF1, 0xFFFDF1, 0xFFFDF1, 0xFFFDF1, 0xFFFDF1, 0xFFFDF1, 0xFFFDF1, 0xFFFDF1, 
0xFFFDF1, 0xFFFDF1, 0xFFFDF1, 0xFFFDF1, 0xFFFDF1, 0xFFFDF1, 0xFFFDF1, 0xFFFDF1, 0xFFFDF1, 0xFFFDF1, 0xFFFDF1, 0xFFFDF1, 0xFFFDF1, 0xFFFDF1, 0xFFFDF1, 0xFFFDF1, 
0xFFFDF1, 0xFFFDF1, 0xFFFDF1, 0xFFF5D0, 0xFFFDF1, 0xFFED6F, 0xFFBBE9, 0xFFF5D0, 0xFFF5D0, 0xFFFDF1, 0xFFFDF1, 0xFFFDF1, 0xFFFDF1, 0xFFFDF1, 0xFFFDF1, 0xFFFDF1, 
0xFFFDF1, 0xFFFDF1, 0xFFFDF1, 0xFFFDF1, 0xFFFDF1, 0xFFFDF1, 0xFFFDF1, 0xFFFDF1, 0xFFFDF1, 0xFFFDF1, 0xFFFDF1, 0xFFFDF1, 0xFFFDF1, 0xFFFDF1, 0xFFF5D0, 0xFBF5F1, 
0xFEB3A8, 0x5F8B8B, 0x007C10, 0x057BEF, 0x008430, 0x316B2C, 0xFF5162, 0xFD8AC7, 0xFF92C7, 0xFF8AC7, 0xFF92E7, 0xFF92E7, 0xFF92E7, 0xFF8AC7, 0xFF92E7, 0xFF8AA7, 
0xFF8AC7, 0xFF92E7, 0xFF8AC7, 0xFD92E7, 0xFF8286, 0xD949A4, 0x027BCF, 0x008410, 0x007BEF, 0x008410, 0x008410, 0x008410, 0x008410, 0x008410, 0x008410, 0x008410, 
0x008410, 0x008410, 0x008410, 0x008410, 0x008410, 0x008410, 0x008410, 0x008410, 0x008410, 0x008410, 0x008410, 0x008410, 0x008410, 0x008410, 0x008410, 0x008410, 
0x008410, 0x008410, 0x008410, 0x008410, 0x008410, 0x008410, 0x008410, 0x008410, 0x008410, 0x008410, 0x008410, 0x008410, 0x008410, 0x008410, 0x008410, 0x008410, 
0x008410, 0x008410, 0x008410, 0x008410, 0x008410, 0x008410, 0x008410, 0x008410, 0x008410, 0x008410, 0x008410, 0x008410, 0x008410, 0x008410, 0x008410, 0x008410, 
0x008410, 0x008410, 0x008410, 0x008410, 0x008410, 0x008410, 0x008410, 0x008410, 0x008410, 0x017BEF, 0x007C10, 0x2C8BCD, 0xFBA306, 0xFCCC8C, 0xFEFE11, 0xFEF5D0, 
0xFFFDF1, 0xFFF5D0, 0xFFFDF1, 0xFFFDF1, 0xFFFDF1, 0xFFFDF1, 0xFFFDF1, 0xFFFDF1, 0xFFFDF1, 0xFFFDF1, 0xFFFDF1, 0xFFFDF1, 0xFFFDF1, 0xFFFDF1, 0xFFFDF1, 0xFFFDF1, 
0xFFFDF1, 0xFFFDF1, 0xFFFDF1, 0xFFFDF1, 0xFFFDF1, 0xFFFDF1, 0xFFFDF1, 0xFFFDF1, 0xFFFDF1, 0xFFFDF1, 0xFFFDF1, 0xFFFDF1, 0xFFFDF1, 0xFFFDF1, 0xFFFDF1, 0xFFFDF1, 
0xFFFDF1, 0xFFFDF1, 0xFFFDF1, 0xFFF5D0, 0xFFFDF1, 0xFFF5B0, 0xFFBBC9, 0xFFF5B0, 0xFFFDF1, 0xFFF5D0, 0xFFFDF1, 0xFFFDF1, 0xFFFDF1, 0xFFFDF1, 0xFFFDF1, 0xFFFDF1, 
0xFFFDF1, 0xFFFDF1, 0xFFFDF1, 0xFFFDF1, 0xFFFDF1, 0xFFFDF1, 0xFFFDF1, 0xFFFDF1, 0xFFFDF1, 0xFFFDF1, 0xFFFDF1, 0xFFFDF1, 0xFFFDF1, 0xFFF5D0, 0xFEFDF1, 0xFCF5B0, 
0xFFB367, 0x478BAC, 0x007C10, 0x077BEF, 0x008430, 0x6B6288, 0xFE59A3, 0xFA92E8, 0xFE8AC7, 0xFF92E7, 0xFF92E7, 0xFF92E7, 0xFF92E7, 0xFF8AC7, 0xFF8AC7, 0xFF8AC7, 
0xFF8AC7, 0xFF92E7, 0xFF8AC7, 0xFB92E7, 0xFF7A65, 0xC351C4, 0x007BEF, 0x017BEF, 0x008410, 0x008410, 0x008410, 0x008410, 0x008410, 0x008410, 0x008410, 0x008410, 
0x008410, 0x008410, 0x008410, 0x008410, 0x008410, 0x008410, 0x008410, 0x008410, 0x008410, 0x008410, 0x008410, 0x008410, 0x008410, 0x008410, 0x008410, 0x008410, 
0x008410, 0x008410, 0x008410, 0x008410, 0x008410, 0x008410, 0x008410, 0x008410, 0x008410, 0x008410, 0x008410, 0x008410, 0x008410, 0x008410, 0x008410, 0x008410, 
0x008410, 0x008410, 0x008410, 0x008410, 0x008410, 0x008410, 0x008410, 0x008410, 0x008410, 0x008410, 0x008410, 0x008410, 0x008410, 0x008410, 0x008410, 0x008410, 
0x008410, 0x008410, 0x008410, 0x008410, 0x008410, 0x008410, 0x008410, 0x008410, 0x007BEF, 0x007C10, 0x0283EF, 0x007C10, 0x8C9B6A, 0xFFAB27, 0xF9E54F, 0xFFFDF1, 
0xFEF5D0, 0xFFFDF1, 0xFFF5D0, 0xFFFDF1, 0xFFFDF1, 0xFFFDF1, 0xFFFDF1, 0xFFFDF1, 0xFFFDF1, 0xFFFDF1, 0xFFFDF1, 0xFFFDF1, 0xFFFDF1, 0xFFFDF1, 0xFFFDF1, 0xFFFDF1, 
0xFFFDF1, 0xFFFDF1, 0xFFFDF1, 0xFFFDF1, 0xFFFDF1, 0xFFFDF1, 0xFFFDF1, 0xFFFDF1, 0xFFFDF1, 0xFFFDF1, 0xFFFDF1, 0xFFFDF1, 0xFFFDF1, 0xFFFDF1, 0xFFFDF1, 0xFFFDF1, 
0xFFFDF1, 0xFFFDF1, 0xFFFDF1, 0xFFFDF1, 0xFFF5D0, 0xFFFDF1, 0xFFBBC9, 0xFFE54F, 0xFFFDF1, 0xFFF5D0, 0xFFFDF1, 0xFFFDF1, 0xFFFDF1, 0xFFFDF1, 0xFFFDF1, 0xFFFDF1, 
0xFFFDF1, 0xFFFDF1, 0xFFFDF1, 0xFFFDF1, 0xFFFDF1, 0xFFFDF1, 0xFFFDF1, 0xFFFDF1, 0xFFFDF1, 0xFFFDF1, 0xFFFDF1, 0xFFFDF1, 0xFFFDF1, 0xFFF5D0, 0xFFFDF1, 0xFEED6F, 
0xFEAB47, 0x2F8BAD, 0x007C10, 0x047BEF, 0x008410, 0xA55206, 0xFE7204, 0xFB92E8, 0xFF8AC7, 0xFF8AC7, 0xFF92E7, 0xFF92E7, 0xFF92E7, 0xFF92E7, 0xFF8AC7, 0xFF92E7, 
0xFF92E7, 0xFF92E7, 0xFF8AC7, 0xFA92E8, 0xFF7225, 0xAC51E6, 0x008410, 0x037BEF, 0x008410, 0x008410, 0x008410, 0x008410, 0x008410, 0x008410, 0x008410, 0x008410, 
0x008410, 0x008410, 0x008410, 0x008410, 0x008410, 0x008410, 0x008410, 0x008410, 0x008410, 0x008410, 0x008410, 0x008410, 0x008410, 0x008410, 0x008410, 0x008410, 
0x008410, 0x008410, 0x008410, 0x008410, 0x008410, 0x008410, 0x008410, 0x008410, 0x008410, 0x008410, 0x008410, 0x008410, 0x008410, 0x008410, 0x008410, 0x008410, 
0x008410, 0x008410, 0x008410, 0x008410, 0x008410, 0x008410, 0x008410, 0x008410, 0x008410, 0x008410, 0x008410, 0x008410, 0x008410, 0x008410, 0x008410, 0x008410, 
0x008410, 0x008410, 0x008410, 0x008410, 0x008410, 0x008410, 0x008410, 0x008410, 0x008410, 0x00840F, 0x007BEF, 0x027C10, 0x0A83EF, 0xD5A327, 0xFFB388, 0xFCF5B0, 
0xFFFDF1, 0xFEF5D0, 0xFFFDF1, 0xFFF5D0, 0xFFFDF1, 0xFFFDF1, 0xFFFDF1, 0xFFFDF1, 0xFFFDF1, 0xFFFDF1, 0xFFFDF1, 0xFFFDF1, 0xFFFDF1, 0xFFFDF1, 0xFFFDF1, 0xFFFDF1, 
0xFFF5D0, 0xFFF5D0, 0xFFFDF1, 0xFFF5D0, 0xFFFDF1, 0xFFFDF1, 0xFFFDF1, 0xFFFDF1, 0xFFFDF1, 0xFFFDF1, 0xFFFDF1, 0xFFFDF1, 0xFFFDF1, 0xFFFDF1, 0xFFFDF1, 0xFFFDF1, 
0xFFFDF1, 0xFFFDF1, 0xFFFDF1, 0xFFF5D0, 0xFFF5D0, 0xFFFE11, 0xFFC42A, 0xFFD4CD, 0xFFFE11, 0xFFF5D0, 0xFFF5D0, 0xFFFDF1, 0xFFFDF1, 0xFFFDF1, 0xFFFDF1, 0xFFFDF1, 
0xFFFDF1, 0xFFFDF1, 0xFFFDF1, 0xFFFDF1, 0xFFFDF1, 0xFFFDF1, 0xFFFDF1, 0xFFFDF1, 0xFFFDF1, 0xFFFDF1, 0xFFFDF1, 0xFFFDF1, 0xFFFDF1, 0xFFF5D0, 0xFEFE11, 0xFFE50E, 
0xEFA327, 0x1383CE, 0x007C10, 0x008410, 0x017BEF, 0xD449A4, 0xFF8266, 0xFC92E7, 0xFF8AC7, 0xFF92E7, 0xFF92E7, 0xFF92E7, 0xFF92E7, 0xFF8AC7, 0xFF92E7, 0xFF8AC7, 
0xFF8AC7, 0xFF92E7, 0xFF8AC7, 0xF992E8, 0xFF6A04, 0x925A27, 0x008430, 0x047BEF, 0x008410, 0x008410, 0x008410, 0x008410, 0x008410, 0x008410, 0x008410, 0x008410, 
0x008410, 0x008410, 0x008410, 0x008410, 0x008410, 0x008410, 0x008410, 0x008410, 0x008410, 0x008410, 0x008410, 0x008410, 0x008410, 0x008410, 0x008410, 0x008410, 
0x008410, 0x008410, 0x008410, 0x008410, 0x008410, 0x008410, 0x008410, 0x008410, 0x008410, 0x008410, 0x008410, 0x008410, 0x008410, 0x008410, 0x008410, 0x008410, 
0x008410, 0x008410, 0x008410, 0x008410, 0x008410, 0x008410, 0x008410, 0x008410, 0x008410, 0x008410, 0x008410, 0x008410, 0x008410, 0x008410, 0x008410, 0x008410, 
0x008410, 0x008410, 0x008410, 0x008410, 0x008410, 0x008410, 0x008410, 0x008410, 0x008410, 0x008410, 0x008410, 0x0183EF, 0x007C10, 0x298BCD, 0xF3A326, 0xFDB3A9, 
0xFCF5B0, 0xFFFDF1, 0xFEF5D0, 0xFFF5D0, 0xFFFDF1, 0xFFF5D0, 0xFFF5D0, 0xFFFDF1, 0xFFFDF1, 0xFFFDF1, 0xFFFDF1, 0xFFFDF1, 0xFFFDF1, 0xFFFDF1, 0xFFF5D0, 0xFFF5D0, 
0xFFFDF1, 0xFFFDF1, 0xFFF5D0, 0xFFFDF1, 0xFFFDF1, 0xFFFDF1, 0xFFFDF1, 0xFFFDF1, 0xFFFDF1, 0xFFFDF1, 0xFFFDF1, 0xFFFDF1, 0xFFFDF1, 0xFFFDF1, 0xFFFDF1, 0xFFFDF1, 
0xFFFDF1, 0xFFFDF1, 0xFFFDF1, 0xFFF5D0, 0xFFF5D0, 0xFFFE11, 0xFFD4AC, 0xFFC40A, 0xFFFE11, 0xFFF5D0, 0xFFFDF1, 0xFFFDF1, 0xFFFDF1, 0xFFFDF1, 0xFFFDF1, 0xFFFDF1, 
0xFFFDF1, 0xFFFDF1, 0xFFFDF1, 0xFFFDF1, 0xFFFDF1, 0xFFFDF1, 0xFFFDF1, 0xFFFDF1, 0xFFFDF1, 0xFFFDF1, 0xFFFDF1, 0xFFFDF1, 0xFFFDF1, 0xFFF5D0, 0xFCFE11, 0xFED48C, 
0xCA9B27, 0x0083EF, 0x017BEF, 0x008410, 0x0D73AE, 0xEB4983, 0xFF8AA7, 0xFE92E7, 0xFF8AC7, 0xFF92E7, 0xFF92E7, 0xFF92E7, 0xFF92E7, 0xFF92E7, 0xFF92E7, 0xFF92E7, 
0xFF92E7, 0xFF92E7, 0xFF8AC7, 0xF99308, 0xFF61E4, 0x785A88, 0x008430, 0x047BEF, 0x008410, 0x008410, 0x008410, 0x008410, 0x008410, 0x008410, 0x008410, 0x008410, 
0x008410, 0x008410, 0x008410, 0x008410, 0x008410, 0x008410, 0x008410, 0x008410, 0x008410, 0x008410, 0x008410, 0x008410, 0x008410, 0x008410, 0x008410, 0x008410, 
0x008410, 0x008410, 0x008410, 0x008410, 0x008410, 0x008410, 0x008410, 0x008410, 0x008410, 0x008410, 0x008410, 0x008410, 0x008410, 0x008410, 0x008410, 0x008410, 
0x008410, 0x008410, 0x008410, 0x008410, 0x008410, 0x008410, 0x008410, 0x008410, 0x008410, 0x008410, 0x008410, 0x008410, 0x008410, 0x008410, 0x008410, 0x008410, 
0x008410, 0x008410, 0x008410, 0x008410, 0x008410, 0x008410, 0x008410, 0x008410, 0x008410, 0x008410, 0x0083EF, 0x007C10, 0x0283EF, 0x007C10, 0x5093AC, 0xFCA306, 
0xFFB3A8, 0xFEED8F, 0xFFFE11, 0xFFFDF1, 0xFFFDF1, 0xFFF5D0, 0xFFFDF1, 0xFFF5D0, 0xFFFDF1, 0xFFFDF1, 0xFFFDF1, 0xFFFDF1, 0xFFFDF1, 0xFFFDF1, 0xFFFDF1, 0xFFFDF1, 
0xFFF5D0, 0xFFF5B0, 0xFFFDF1, 0xFFF5D0, 0xFFFDF1, 0xFFFDF1, 0xFFFDF1, 0xFFFDF1, 0xFFFDF1, 0xFFFDF1, 0xFFFDF1, 0xFFFDF1, 0xFFFDF1, 0xFFFDF1, 0xFFFDF1, 0xFFFDF1, 
0xFFFDF1, 0xFFF5D0, 0xFFFDF1, 0xFFF5D0, 0xFFF5D0, 0xFFFDF1, 0xFFED8F, 0xFFB388, 0xFFF5B0, 0xFFFDF1, 0xFFF5D0, 0xFFF5D0, 0xFFFDF1, 0xFFFDF1, 0xFFFDF1, 0xFFFDF1, 
0xFFFDF1, 0xFFFDF1, 0xFFFDF1, 0xFFFDF1, 0xFFFDF1, 0xFFFDF1, 0xFFFDF1, 0xFFFDF1, 0xFFFDF1, 0xFFFDF1, 0xFFFDF1, 0xFFFDF1, 0xFFFDF1, 0xFFF5D0, 0xFAFE11, 0xFFC40A, 
0x989349, 0x007C10, 0x047BEF, 0x008410, 0x19736D, 0xF44983, 0xFF8AC7, 0xFE92C7, 0xFF8AC7, 0xFF92E7, 0xFF92E7, 0xFF92E7, 0xFF92E7, 0xFF92E7, 0xFF92E7, 0xFF92E7, 
0xFF92E7, 0xFF92E7, 0xFF8AC7, 0xFA92E8, 0xFF61C3, 0x6062CA, 0x008430, 0x047BEF, 0x008410, 0x008410, 0x008410, 0x008410, 0x008410, 0x008410, 0x008410, 0x008410, 
0x008410, 0x008410, 0x008410, 0x008410, 0x008410, 0x008410, 0x008410, 0x008410, 0x008410, 0x008410, 0x008410, 0x008410, 0x008410, 0x008410, 0x008410, 0x008410, 
0x008410, 0x008410, 0x008410, 0x008410, 0x008410, 0x008410, 0x008410, 0x008410, 0x008410, 0x008410, 0x008410, 0x008410, 0x008410, 0x008410, 0x008410, 0x008410, 
0x008410, 0x008410, 0x008410, 0x008410, 0x008410, 0x008410, 0x008410, 0x008410, 0x008410, 0x008410, 0x008410, 0x008410, 0x008410, 0x008410, 0x008410, 0x008410, 
0x008410, 0x008410, 0x008410, 0x008410, 0x008410, 0x008410, 0x008410, 0x008410, 0x008410, 0x008410, 0x008410, 0x0083EF, 0x007BF0, 0x0383EF, 0x007C10, 0x468BAC, 
0xE8A327, 0xFDAB68, 0xFED48C, 0xFFE54F, 0xFFF5D0, 0xFFFDF1, 0xFFF5D0, 0xFFFDF1, 0xFFFDF1, 0xFFFDF1, 0xFFFDF1, 0xFFFDF1, 0xFFFDF1, 0xFFFDF1, 0xFFF5D0, 0xFFFDF1, 
0xFFED6F, 0xFFCC8C, 0xFFFE11, 0xFFF5D0, 0xFFFDF1, 0xFFFDF1, 0xFFFDF1, 0xFFFDF1, 0xFFFDF1, 0xFFFDF1, 0xFFFDF1, 0xFFF5D0, 0xFFF5D0, 0xFFFDF1, 0xFFF5D0, 0xFFF5D0, 
0xFFF5D0, 0xFFF5D0, 0xFFF5D0, 0xFFFDF1, 0xFFFE11, 0xFFFDF1, 0xFFE52E, 0xFFA327, 0xFFDCED, 0xFFFE11, 0xFFF5D0, 0xFFFDF1, 0xFFFDF1, 0xFFFDF1, 0xFFFDF1, 0xFFFDF1, 
0xFFFDF1, 0xFFFDF1, 0xFFFDF1, 0xFFFDF1, 0xFFFDF1, 0xFFFDF1, 0xFFFDF1, 0xFFFDF1, 0xFFFDF1, 0xFFFDF1, 0xFFFDF1, 0xFFFDF1, 0xFFF5D0, 0xFFF5D0, 0xF9FDF1, 0xFFBBC8, 
0x75936A, 0x007C10, 0x057BEF, 0x008410, 0x1F736D, 0xF85183, 0xFF8AC7, 0xFE92E7, 0xFF8AE7, 0xFF92E7, 0xFF92E7, 0xFF92E7, 0xFF92E7, 0xFF92E7, 0xFF92E7, 0xFF92E7, 
0xFF92E7, 0xFF92E7, 0xFF8AC7, 0xFB92E7, 0xFF59A3, 0x526AEB, 0x008430, 0x037BEF, 0x008410, 0x008410, 0x008410, 0x008410, 0x008410, 0x008410, 0x008410, 0x008410, 
0x008410, 0x008410, 0x008410, 0x008410, 0x008410, 0x008410, 0x008410, 0x008410, 0x008410, 0x008410, 0x008410, 0x008410, 0x008410, 0x008410, 0x008410, 0x008410, 
0x008410, 0x008410, 0x008410, 0x008410, 0x008410, 0x008410, 0x008410, 0x008410, 0x008410, 0x008410, 0x008410, 0x008410, 0x008410, 0x008410, 0x008410, 0x008410, 
0x008410, 0x008410, 0x008410, 0x008410, 0x008410, 0x008410, 0x008410, 0x008410, 0x008410, 0x008410, 0x008410, 0x008410, 0x008410, 0x008410, 0x008410, 0x008410, 
0x008410, 0x008410, 0x008410, 0x008410, 0x008410, 0x008410, 0x008410, 0x008410, 0x008410, 0x008410, 0x008410, 0x008410, 0x008410, 0x008410, 0x0583EF, 0x007C10, 
0x5B938B, 0xFDAB47, 0xFBA307, 0xFEA306, 0xFFBBE9, 0xFFF5D0, 0xFFF5D0, 0xFFF5D0, 0xFFFDF1, 0xFFFDF1, 0xFFFDF1, 0xFFFDF1, 0xFFFDF1, 0xFFFDF1, 0xFFF5D0, 0xFFFDF1, 
0xFFED4F, 0xFFCC6B, 0xFFFDF1, 0xFFF5D0, 0xFFF5D0, 0xFFF5D0, 0xFFF5D0, 0xFFF5D0, 0xFFF5D0, 0xFFF5D0, 0xFFF5D0, 0xFFF5D0, 0xFFF5D0, 0xFEFDF1, 0xFEFDF1, 0xFEFDF1, 
0xFEFE11, 0xFDFE11, 0xFBFE11, 0xFDF5B0, 0xFFDCCD, 0xFEB3C9, 0xFFA327, 0xFFAB47, 0xFFBBC9, 0xFFFDF1, 0xFFF5D0, 0xFFF5D0, 0xFFF5D0, 0xFFFDF1, 0xFFFDF1, 0xFFFDF1, 
0xFFFDF1, 0xFFFDF1, 0xFFFDF1, 0xFFFDF1, 0xFFFDF1, 0xFFFDF1, 0xFFFDF1, 0xFFFDF1, 0xFFFDF1, 0xFFFDF1, 0xFFFDF1, 0xFFFDF1, 0xFFFDF1, 0xFFFDF1, 0xFAF5D1, 0xFFB388, 
0x64938B, 0x007C10, 0x0683EF, 0x008410, 0x22736D, 0xFA5183, 0xFF8AC7, 0xFF92E7, 0xFF92C7, 0xFF92E7, 0xFF92E7, 0xFF92E7, 0xFF92E7, 0xFF92E7, 0xFF92E7, 0xFF92E7, 
0xFF92E7, 0xFF92E7, 0xFF8AC7, 0xFA92E8, 0xFF59A3, 0x4E6AEA, 0x008430, 0x047BEF, 0x008410, 0x008410, 0x008410, 0x008410, 0x008410, 0x008410, 0x008410, 0x008410, 
0x008410, 0x008410, 0x008410, 0x008410, 0x008410, 0x008410, 0x008410, 0x008410, 0x008410, 0x008410, 0x008410, 0x008410, 0x008410, 0x008410, 0x008410, 0x008410, 
0x008410, 0x008410, 0x008410, 0x008410, 0x008410, 0x008410, 0x008410, 0x008410, 0x008410, 0x008410, 0x008410, 0x008410, 0x008410, 0x008410, 0x008410, 0x008410, 
0x008410, 0x008410, 0x008410, 0x008410, 0x008410, 0x008410, 0x008410, 0x008410, 0x008410, 0x008410, 0x008410, 0x008410, 0x008410, 0x008410, 0x008410, 0x008410, 
0x008410, 0x008410, 0x008410, 0x008410, 0x008410, 0x008410, 0x008410, 0x008410, 0x008410, 0x008410, 0x008410, 0x008410, 0x008410, 0x0083EF, 0x037BEF, 0x027C10, 
0x4C8B8C, 0xFDBBC8, 0xFBDCAC, 0xFFC409, 0xFFB3A8, 0xFFF5D0, 0xFFF5D0, 0xFFF5D0, 0xFFFDF1, 0xFFFDF1, 0xFFFDF1, 0xFFFDF1, 0xFFFDF1, 0xFFFDF1, 0xFFF5D0, 0xFEFE11, 
0xFFE52E, 0xFDCC6B, 0xFBFE32, 0xFBFDF1, 0xFBFE11, 0xFBFE11, 0xFCFE11, 0xFCFE11, 0xFCFE11, 0xFCFE11, 0xFBFE11, 0xFBFE11, 0xFBFE11, 0xFCF5D0, 0xFEED90, 0xFFE54F, 
0xFFDD0D, 0xFFD48C, 0xFFC409, 0xFFAB67, 0xFEA327, 0xFFB388, 0xFFD46B, 0xFFDCCC, 0xFFAB47, 0xFFDD0E, 0xFFFE11, 0xFFF5D0, 0xFFFDF1, 0xFFFDF1, 0xFFFDF1, 0xFFFDF1, 
0xFFFDF1, 0xFFFDF1, 0xFFFDF1, 0xFFFDF1, 0xFFFDF1, 0xFFFDF1, 0xFFFDF1, 0xFFFDF1, 0xFFFDF1, 0xFFFDF1, 0xFFFDF1, 0xFFFDF1, 0xFFF5D0, 0xFFFDF1, 0xFBF5D0, 0xFFB388, 
0x598B8B, 0x007C10, 0x0583EF, 0x008410, 0x22736D, 0xFA5183, 0xFF8AC7, 0xFE92E7, 0xFF8AC7, 0xFF92E7, 0xFF92E7, 0xFF92E7, 0xFF92E7, 0xFF92E7, 0xFF92E7, 0xFF92E7, 
0xFF92E7, 0xFF92E7, 0xFF8AC7, 0xFA92E8, 0xFF59A3, 0x506AEA, 0x008430, 0x047BEF, 0x008410, 0x008410, 0x008410, 0x008410, 0x008410, 0x008410, 0x008410, 0x008410, 
0x008410, 0x008410, 0x008410, 0x008410, 0x008410, 0x008410, 0x008410, 0x008410, 0x008410, 0x008410, 0x008410, 0x008410, 0x008410, 0x008410, 0x008410, 0x008410, 
0x008410, 0x008410, 0x008410, 0x008410, 0x008410, 0x008410, 0x008410, 0x008410, 0x008410, 0x008410, 0x008410, 0x008410, 0x008410, 0x008410, 0x008410, 0x008410, 
0x008410, 0x008410, 0x008410, 0x008410, 0x008410, 0x008410, 0x008410, 0x008410, 0x008410, 0x008410, 0x008410, 0x008410, 0x008410, 0x008410, 0x008410, 0x008410, 
0x008410, 0x008410, 0x008410, 0x008410, 0x008410, 0x008410, 0x008410, 0x008410, 0x008410, 0x008410, 0x008410, 0x008410, 0x008410, 0x008410, 0x0183EF, 0x007C10, 
0x2C8BAD, 0xFEB368, 0xFEE4EC, 0xFEE50D, 0xFFBBE9, 0xFFE54E, 0xFFFDF1, 0xFFF5D0, 0xFFFDF1, 0xFFFDF1, 0xFFFDF1, 0xFFFDF1, 0xFFFDF1, 0xFFFDF1, 0xFFF5D0, 0xFFFE11, 
0xFFDD0E, 0xFFAB67, 0xFFBBE9, 0xFFC42A, 0xFFD48B, 0xFFDCCC, 0xFFDCCC, 0xFFDCCC, 0xFFDCCC, 0xFFDCCC, 0xFFD4AC, 0xFFCC4B, 0xFFBBE9, 0xFFB388, 0xFFAB47, 0xF5A327, 
0xE6A327, 0xD29B27, 0xA39349, 0xC09B48, 0xFED46A, 0xFCE50D, 0xFEE4EC, 0xFFE4ED, 0xFFC409, 0xFFB3A8, 0xFFFDF1, 0xFFF5D0, 0xFFF5D0, 0xFFF5D0, 0xFFFDF1, 0xFFFDF1, 
0xFFFDF1, 0xFFFDF1, 0xFFFDF1, 0xFFFDF1, 0xFFFDF1, 0xFFFDF1, 0xFFFDF1, 0xFFFDF1, 0xFFFDF1, 0xFFFDF1, 0xFFFDF1, 0xFFFDF1, 0xFFF5D0, 0xFFFDF1, 0xFBF5D0, 0xFFB367, 
0x4E8BAC, 0x007C10, 0x0483EF, 0x008410, 0x23736D, 0xFA5183, 0xFF8AC7, 0xFF8AE7, 0xFF92E7, 0xFF92E7, 0xFF92E7, 0xFF92E7, 0xFF92E7, 0xFF92E7, 0xFF92E7, 0xFF92E7, 
0xFF92E7, 0xFF92E7, 0xFF8AC7, 0xFB92E7, 0xFE59A3, 0x4F6AEB, 0x008430, 0x037BEF, 0x007BEF, 0x008410, 0x008410, 0x008410, 0x008410, 0x008410, 0x008410, 0x008410, 
0x008410, 0x008410, 0x008410, 0x008410, 0x008410, 0x008410, 0x008410, 0x008410, 0x008410, 0x008410, 0x008410, 0x008410, 0x008410, 0x008410, 0x008410, 0x008410, 
0x008410, 0x008410, 0x008410, 0x008410, 0x008410, 0x008410, 0x008410, 0x008410, 0x008410, 0x008410, 0x008410, 0x008410, 0x008410, 0x008410, 0x008410, 0x008410, 
0x008410, 0x008410, 0x008410, 0x008410, 0x008410, 0x008410, 0x008410, 0x008410, 0x008410, 0x008410, 0x008410, 0x008410, 0x008410, 0x008410, 0x008410, 0x008410, 
0x008410, 0x008410, 0x008410, 0x008410, 0x008410, 0x008410, 0x008410, 0x008410, 0x008410, 0x008410, 0x008410, 0x008410, 0x008410, 0x008410, 0x0083EF, 0x007C10, 
0x0483EF, 0xDDA348, 0xFFD46B, 0xFCE50D, 0xFFC40A, 0xFFD48C, 0xFFFE11, 0xFFF5D0, 0xFFF5D0, 0xFFFDF1, 0xFFFDF1, 0xFFFDF1, 0xFFFDF1, 0xFFFDF1, 0xFFF5D0, 0xFBFE11, 
0xFFDCCD, 0x9B9349, 0x548B8C, 0x7E936A, 0x9E9349, 0xB09B48, 0xBA9B48, 0xBC9B48, 0xBE9B48, 0xC09B48, 0xB69B48, 0x9E9349, 0x7A936A, 0x548B8C, 0x348BAD, 0x1E8BCE, 
0x0C83EF, 0x0183EF, 0x007C11, 0x648B6B, 0xFFC3E9, 0xFAE4ED, 0xFFDCCC, 0xFFDCCC, 0xFFDCCC, 0xFFAB47, 0xFFD4AC, 0xFFFE11, 0xFFF5D0, 0xFFFDF1, 0xFFF5D0, 0xFFFDF1, 
0xFFFDF1, 0xFFFDF1, 0xFFFDF1, 0xFFFDF1, 0xFFFDF1, 0xFFFDF1, 0xFFFDF1, 0xFFFDF1, 0xFFFDF1, 0xFFFDF1, 0xFFFDF1, 0xFFFDF1, 0xFFF5D0, 0xFFFDF1, 0xFAF5D0, 0xFEB367, 
0x518BAC, 0x017C10, 0x057BEF, 0x008410, 0x20736D, 0xFA5183, 0xFF8AC7, 0xFE92C7, 0xFF8AC7, 0xFF92E7, 0xFF92E7, 0xFF92E7, 0xFF92E7, 0xFF92E7, 0xFF92E7, 0xFF92E7, 
0xFF92E7, 0xFF92E7, 0xFF8AC7, 0xFA92E8, 0xFF59A3, 0x6762A9, 0x008431, 0x067BEF, 0x008410, 0x007BEF, 0x008410, 0x008410, 0x008410, 0x008410, 0x008410, 0x008410, 
0x008410, 0x008410, 0x008410, 0x008410, 0x008410, 0x008410, 0x008410, 0x008410, 0x008410, 0x008410, 0x008410, 0x008410, 0x008410, 0x008410, 0x008410, 0x008410, 
0x008410, 0x008410, 0x008410, 0x008410, 0x008410, 0x008410, 0x008410, 0x008410, 0x008410, 0x008410, 0x008410, 0x008410, 0x008410, 0x008410, 0x008410, 0x008410, 
0x008410, 0x008410, 0x008410, 0x008410, 0x008410, 0x008410, 0x008410, 0x008410, 0x008410, 0x008410, 0x008410, 0x008410, 0x008410, 0x008410, 0x008410, 0x008410, 
0x008410, 0x008410, 0x008410, 0x008410, 0x008410, 0x008410, 0x008410, 0x008410, 0x008410, 0x008410, 0x008410, 0x008410, 0x008410, 0x008410, 0x008410, 0x0283EF, 
0x007C10, 0x9C9349, 0xFEC3E9, 0xFAE50D, 0xFED46B, 0xFFC40A, 0xFFFDF1, 0xFFF5D0, 0xFFFDF1, 0xFFFDF1, 0xFFFDF1, 0xFFFDF1, 0xFFFDF1, 0xFFFDF1, 0xFFF5D0, 0xF9FE11, 
0xFFD48C, 0x638B4B, 0x007C31, 0x007C10, 0x007C10, 0x008410, 0x008410, 0x008410, 0x008410, 0x008410, 0x007C10, 0x007C10, 0x007C10, 0x007C10, 0x007C10, 0x007C10, 
0x007C10, 0x017BEF, 0x047C10, 0x1483CE, 0xEDA347, 0xFDD48B, 0xFDE4EC, 0xFEDCCC, 0xFFE4EC, 0xFFCC4A, 0xFFA327, 0xFFED6F, 0xFFFE11, 0xFFF5D0, 0xFFFDF1, 0xFFF5D0, 
0xFFFDF1, 0xFFFDF1, 0xFFFDF1, 0xFFFDF1, 0xFFFDF1, 0xFFFDF1, 0xFFFDF1, 0xFFFDF1, 0xFFFDF1, 0xFFFDF1, 0xFFFDF1, 0xFFFDF1, 0xFFF5D0, 0xFFF5D0, 0xFAFDF1, 0xFFBBC8, 
0x8D936A, 0x007C10, 0x0483EF, 0x008410, 0x097BAE, 0xE54983, 0xFF8286, 0xFD92E7, 0xFF8AC7, 0xFF8AC7, 0xFF8AC7, 0xFF92E7, 0xFF8AC7, 0xFF92E7, 0xFF92E7, 0xFF8AC7, 
0xFF92E7, 0xFF8AC7, 0xFF8AC7, 0xFC92E7, 0xFE7A45, 0xD44983, 0x0A7BCE, 0x008430, 0x037BEF, 0x007BEF, 0x008410, 0x007BEF, 0x008410, 0x008410, 0x008410, 0x008410, 
0x008410, 0x008410, 0x008410, 0x008410, 0x008410, 0x008410, 0x008410, 0x008410, 0x008410, 0x008410, 0x008410, 0x008410, 0x008410, 0x008410, 0x008410, 0x008410, 
0x008410, 0x008410, 0x008410, 0x008410, 0x008410, 0x008410, 0x008410, 0x008410, 0x008410, 0x008410, 0x008410, 0x008410, 0x008410, 0x008410, 0x008410, 0x008410, 
0x008410, 0x008410, 0x008410, 0x008410, 0x008410, 0x008410, 0x008410, 0x008410, 0x008410, 0x008410, 0x008410, 0x008410, 0x008410, 0x008410, 0x008410, 0x008410, 
0x008410, 0x008410, 0x008410, 0x008410, 0x008410, 0x008410, 0x008410, 0x008410, 0x008410, 0x008410, 0x008410, 0x008410, 0x008410, 0x008410, 0x0083EF, 0x037BEF, 
0x007C10, 0x588B8C, 0xFFB367, 0xFBDCEC, 0xFFDCCC, 0xFFBBC9, 0xFFF5B0, 0xFFFDF1, 0xFFF5D0, 0xFFFDF1, 0xFFFDF1, 0xFFFDF1, 0xFFFDF1, 0xFFFDF1, 0xFFF5D0, 0xFAFE11, 
0xFFCC6B, 0x618B6B, 0x037C10, 0x0883EF, 0x0383EF, 0x0283EF, 0x0183EF, 0x0183EF, 0x0183EF, 0x0183EF, 0x0283EF, 0x0383EF, 0x0383EF, 0x0383EF, 0x0283EF, 0x0083EF, 
0x0083EF, 0x007C10, 0x0283EF, 0x007C10, 0x72936A, 0xFFBB88, 0xF9E4EC, 0xFFDCCC, 0xFEDCCC, 0xFFE4EC, 0xFFB3A8, 0xFFAB68, 0xFFF5D0, 0xFFFDF1, 0xFFF5D0, 0xFFFDF1, 
0xFFF5D0, 0xFFFDF1, 0xFFFDF1, 0xFFFDF1, 0xFFFDF1, 0xFFFDF1, 0xFFFDF1, 0xFFFDF1, 0xFFFDF1, 0xFFFDF1, 0xFFFDF1, 0xFFFDF1, 0xFFFDF1, 0xFFF5D0, 0xFDFE11, 0xFED4AC, 
0xECA306, 0x1583CE, 0x017C10, 0x037BEF, 0x008410, 0xAC51E5, 0xFE6A04, 0xFA92E8, 0xFE8AC7, 0xFF92E7, 0xFF92E7, 0xFF8AC7, 0xFF92E7, 0xFF92E7, 0xFF92E7, 0xFF92E7, 
0xFF8AC7, 0xFE92E7, 0xFE92E7, 0xFF8AC7, 0xFD92E7, 0xFF61C4, 0xC64984, 0x1E736D, 0x008431, 0x008410, 0x007BEF, 0x008410, 0x008410, 0x008410, 0x008410, 0x008410, 
0x008410, 0x008410, 0x008410, 0x008410, 0x008410, 0x008410, 0x008410, 0x008410, 0x008410, 0x008410, 0x008410, 0x008410, 0x008410, 0x008410, 0x008410, 0x008410, 
0x008410, 0x008410, 0x008410, 0x008410, 0x008410, 0x008410, 0x008410, 0x008410, 0x008410, 0x008410, 0x008410, 0x008410, 0x008410, 0x008410, 0x008410, 0x008410, 
0x008410, 0x008410, 0x008410, 0x008410, 0x008410, 0x008410, 0x008410, 0x008410, 0x008410, 0x008410, 0x008410, 0x008410, 0x008410, 0x008410, 0x008410, 0x008410, 
0x008410, 0x008410, 0x008410, 0x008410, 0x008410, 0x008410, 0x008410, 0x008410, 0x008410, 0x008410, 0x008410, 0x008410, 0x008410, 0x008410, 0x008410, 0x017BEF, 
0x007C10, 0x2583CD, 0xFBAB27, 0xFED48B, 0xFEE4EC, 0xFFB3A9, 0xFFED6F, 0xFFFDF1, 0xFFF5D0, 0xFFFDF1, 0xFFFDF1, 0xFFFDF1, 0xFFFDF1, 0xFFFDF1, 0xFFF5D0, 0xFBFE11, 
0xFECC2A, 0x518B8B, 0x007C10, 0x0383EF, 0x008410, 0x008410, 0x008410, 0x008410, 0x008410, 0x008410, 0x008410, 0x008410, 0x008410, 0x008410, 0x008410, 0x008410, 
0x008410, 0x0083EF, 0x007BEF, 0x027BF0, 0x0383EF, 0xC69B28, 0xFFC409, 0xFCE50D, 0xFFDCCC, 0xFEE4CC, 0xFFE4EC, 0xFFAB68, 0xFFB3A9, 0xFFFDD0, 0xFFFDF1, 0xFFF5D0, 
0xFFFDF1, 0xFFF5D0, 0xFFF5D0, 0xFFFDF1, 0xFFFDF1, 0xFFFDF1, 0xFFFDF1, 0xFFFDF1, 0xFFFDF1, 0xFFFDF1, 0xFFFDF1, 0xFFFDF1, 0xFFFDF1, 0xFFF5D0, 0xFFFDF1, 0xFAF5D0, 
0xFFB367, 0x88936A, 0x007C10, 0x077BEF, 0x008430, 0x4F62EA, 0xFF5182, 0xFB92E7, 0xFF92E7, 0xFE8286, 0xFE7A66, 0xFF92E7, 0xFE8AC7, 0xFF92E7, 0xFF92E7, 0xFF8AC7, 
0xFF92E7, 0xFF8286, 0xFF7A86, 0xFC92E7, 0xFE92E7, 0xFC92E7, 0xFF6A04, 0xE44983, 0x805A68, 0x087BCF, 0x008410, 0x007BEF, 0x008410, 0x008410, 0x008410, 0x008410, 
0x008410, 0x008410, 0x008410, 0x008410, 0x008410, 0x008410, 0x008410, 0x008410, 0x008410, 0x008410, 0x008410, 0x008410, 0x008410, 0x008410, 0x008410, 0x008410, 
0x008410, 0x008410, 0x008410, 0x008410, 0x008410, 0x008410, 0x008410, 0x008410, 0x008410, 0x008410, 0x008410, 0x008410, 0x008410, 0x008410, 0x008410, 0x008410, 
0x008410, 0x008410, 0x008410, 0x008410, 0x008410, 0x008410, 0x008410, 0x008410, 0x008410, 0x008410, 0x008410, 0x008410, 0x008410, 0x008410, 0x008410, 0x008410, 
0x008410, 0x008410, 0x008410, 0x008410, 0x008410, 0x008410, 0x008410, 0x008410, 0x008410, 0x008410, 0x008410, 0x008410, 0x008410, 0x008410, 0x008410, 0x007BEF, 
0x007C10, 0x0683EF, 0xDEA327, 0xFFCC2A, 0xFDED0D, 0xFFBBC9, 0xFFDD0D, 0xFFFE11, 0xFFF5D0, 0xFFFDF1, 0xFFFDF1, 0xFFFDF1, 0xFFFDF1, 0xFFF5D0, 0xFEF5D0, 0xFBFDF1, 
0xFFC40A, 0x40838C, 0x007C10, 0x0383EF, 0x008410, 0x008410, 0x008410, 0x008410, 0x008410, 0x008410, 0x008410, 0x008410, 0x008410, 0x008410, 0x008410, 0x008410, 
0x008410, 0x008410, 0x008410, 0x0183EF, 0x007C10, 0x2383CE, 0xF0A327, 0xFDCC6B, 0xFCE4EC, 0xFFDCCC, 0xFEE4EC, 0xFFDCAC, 0xFFA347, 0xFFBBE9, 0xFFF5D0, 0xFFFE11, 
0xFFF5D0, 0xFFF5D0, 0xFFFDF1, 0xFFF5D0, 0xFFFDF1, 0xFFFDF1, 0xFFFDF1, 0xFFFDF1, 0xFFFDF1, 0xFFFDF1, 0xFFFDF1, 0xFFFDF1, 0xFFFDF1, 0xFFFDF1, 0xFEF5D0, 0xFEFE11, 
0xFCD4AC, 0xF3A306, 0x308BCD, 0x007C10, 0x038410, 0x067BCF, 0xDE4963, 0xFE7245, 0xFA9B28, 0xFC6204, 0xFE61E4, 0xFF92E8, 0xFF8AC7, 0xFF92E7, 0xFF92E7, 0xFF8AC7, 
0xFE92E7, 0xFE59C4, 0xFA4142, 0xFF59C3, 0xFF8286, 0xFF8286, 0xFF7A66, 0xFF5162, 0xE04962, 0x0C7BAE, 0x018410, 0x007BEF, 0x008410, 0x008410, 0x008410, 0x008410, 
0x008410, 0x008410, 0x008410, 0x008410, 0x008410, 0x008410, 0x008410, 0x008410, 0x008410, 0x008410, 0x008410, 0x008410, 0x008410, 0x008410, 0x008410, 0x008410, 
0x008410, 0x008410, 0x008410, 0x008410, 0x008410, 0x008410, 0x008410, 0x008410, 0x008410, 0x008410, 0x008410, 0x008410, 0x008410, 0x008410, 0x008410, 0x008410, 
0x008410, 0x008410, 0x008410, 0x008410, 0x008410, 0x008410, 0x008410, 0x008410, 0x008410, 0x008410, 0x008410, 0x008410, 0x008410, 0x008410, 0x008410, 0x008410, 
0x008410, 0x008410, 0x008410, 0x008410, 0x008410, 0x008410, 0x008410, 0x008410, 0x008410, 0x008410, 0x008410, 0x008410, 0x008410, 0x008410, 0x008410, 0x008410, 
0x017BEF, 0x007C10, 0xB99B48, 0xFEC3E9, 0xFBED2D, 0xFFC3E9, 0xFFCC8C, 0xFFFE11, 0xFFF5D0, 0xFFFDF1, 0xFFFDF1, 0xFFFDF1, 0xFFFDF1, 0xFFFDF1, 0xFFF5D0, 0xFDFDF1, 
0xFEBBC9, 0x2D83AD, 0x007C10, 0x0283EF, 0x008410, 0x008410, 0x008410, 0x008410, 0x008410, 0x008410, 0x008410, 0x008410, 0x008410, 0x008410, 0x008410, 0x008410, 
0x008410, 0x008410, 0x0083EF, 0x007C10, 0x0283EF, 0x007C10, 0x4D8B8C, 0xFFAB26, 0xFBCC4A, 0xFEE4EC, 0xFFDCCC, 0xFEE4EC, 0xFFDCAB, 0xFFAB47, 0xFFAB68, 0xFFDCED, 
0xFFFDF1, 0xFFFDF1, 0xFFF5D0, 0xFFF5D0, 0xFFFDF1, 0xFFF5D0, 0xFFFDF1, 0xFFFDF1, 0xFFFDF1, 0xFFFDF1, 0xFFFDF1, 0xFFFDF1, 0xFFFDF1, 0xFFF5D0, 0xFFF5D0, 0xFFF5D0, 
0xFCF5F1, 0xFFBBE9, 0xDEA327, 0x1983EE, 0x007BF0, 0x008430, 0x4C62EA, 0xFF4942, 0xFF7245, 0xFF5162, 0xFF59A3, 0xFF92E7, 0xFF8AC7, 0xFF92E7, 0xFF8AC7, 0xFF8AC7, 
0xFB8AE7, 0xFE5183, 0x755A68, 0x855A47, 0xE64963, 0xE54983, 0xCE49A4, 0x8B5A27, 0x107BAE, 0x008410, 0x017BEF, 0x008410, 0x008410, 0x008410, 0x008410, 0x008410, 
0x008410, 0x008410, 0x008410, 0x008410, 0x008410, 0x008410, 0x008410, 0x008410, 0x008410, 0x008410, 0x008410, 0x008410, 0x008410, 0x008410, 0x008410, 0x008410, 
0x008410, 0x008410, 0x008410, 0x008410, 0x008410, 0x008410, 0x008410, 0x008410, 0x008410, 0x008410, 0x008410, 0x008410, 0x008410, 0x008410, 0x008410, 0x008410, 
0x008410, 0x008410, 0x008410, 0x008410, 0x008410, 0x008410, 0x008410, 0x008410, 0x008410, 0x008410, 0x008410, 0x008410, 0x008410, 0x008410, 0x008410, 0x008410, 
0x008410, 0x008410, 0x008410, 0x008410, 0x008410, 0x008410, 0x008410, 0x008410, 0x008410, 0x008410, 0x008410, 0x008410, 0x008410, 0x008410, 0x008410, 0x0083EF, 
0x0383EF, 0x007C10, 0x96936A, 0xFFBB88, 0xF9E50D, 0xFFCC2A, 0xFFBC0A, 0xFFFE11, 0xFFF5D0, 0xFFF5D0, 0xFFFDF1, 0xFFFDF1, 0xFFFDF1, 0xFFF5D0, 0xFEFDF1, 0xFFF5B0, 
0xF6B388, 0x1C83CE, 0x007C10, 0x007BEF, 0x008410, 0x008410, 0x008410, 0x008410, 0x008410, 0x008410, 0x008410, 0x008410, 0x008410, 0x008410, 0x008410, 0x008410, 
0x008410, 0x008410, 0x008410, 0x0083EF, 0x007BF0, 0x0383EF, 0x007C10, 0x65938B, 0xFFAB26, 0xFCC42A, 0xFDE4EC, 0xFFDCCC, 0xFEE4EC, 0xFFDCCC, 0xFFBBC9, 0xFFA306, 
0xFFBBEA, 0xFFED8F, 0xFFFE11, 0xFFFDF1, 0xFFF5D0, 0xFFF5D0, 0xFFFDF1, 0xFFF5D0, 0xFFFDF1, 0xFFFDF1, 0xFFFDF1, 0xFFFDF1, 0xFFFDF1, 0xFFFDF1, 0xFFFDF1, 0xFEF5D0, 
0xFFFDF1, 0xFCEDB0, 0xFFAB68, 0xDFA327, 0x1683EE, 0x027BF0, 0x008430, 0x4B6AEA, 0xC94983, 0x855A47, 0xD151A4, 0xFD8286, 0xFC92E7, 0xFE8AC7, 0xFF92E7, 0xFF8AC7, 
0xFA92E7, 0xFF5182, 0x6162A9, 0x008451, 0x0D7BAE, 0x0B7BCE, 0x007BEF, 0x008430, 0x008410, 0x007BEF, 0x008410, 0x007BEF, 0x008410, 0x008410, 0x008410, 0x008410, 
0x008410, 0x008410, 0x008410, 0x008410, 0x008410, 0x008410, 0x008410, 0x008410, 0x008410, 0x008410, 0x008410, 0x008410, 0x008410, 0x008410, 0x008410, 0x008410, 
0x008410, 0x008410, 0x008410, 0x008410, 0x008410, 0x008410, 0x008410, 0x008410, 0x008410, 0x008410, 0x008410, 0x008410, 0x008410, 0x008410, 0x008410, 0x008410, 
0x008410, 0x008410, 0x008410, 0x008410, 0x008410, 0x008410, 0x008410, 0x008410, 0x008410, 0x008410, 0x008410, 0x008410, 0x008410, 0x008410, 0x008410, 0x008410, 
0x008410, 0x008410, 0x008410, 0x008410, 0x008410, 0x008410, 0x008410, 0x008410, 0x008410, 0x008410, 0x008410, 0x008410, 0x008410, 0x008410, 0x008410, 0x008410, 
0x047BEF, 0x007C10, 0x79936A, 0xFFB367, 0xFAE4EC, 0xFFD46B, 0xFFB3A9, 0xFFFDF1, 0xFFF5D0, 0xFFFDF1, 0xFFFDF1, 0xFFFDF1, 0xFFFDF1, 0xFFF5D0, 0xFEFDF1, 0xFEED6F, 
0xE7A347, 0x0B83CE, 0x007C10, 0x007BEF, 0x008410, 0x008410, 0x008410, 0x008410, 0x008410, 0x008410, 0x008410, 0x008410, 0x008410, 0x008410, 0x008410, 0x008410, 
0x008410, 0x008410, 0x008410, 0x008410, 0x008410, 0x0083EF, 0x027BEF, 0x007C10, 0x5E93AC, 0xFEA326, 0xFEC3E9, 0xFCE4EC, 0xFFE4CC, 0xFEDCCC, 0xFFE4ED, 0xFFD46B, 
0xFFAB47, 0xFFA327, 0xFFCC6B, 0xFFF5B0, 0xFFFE11, 0xFFFDF1, 0xFFF5D0, 0xFFF5D0, 0xFFFDF1, 0xFFF5D0, 0xFFFDF1, 0xFFFDF1, 0xFFFDF1, 0xFFFDF1, 0xFFF5D0, 0xFFFDF1, 
0xFEF5D0, 0xFFFDF1, 0xF9ED90, 0xFFBBC8, 0x73936A, 0x007C10, 0x057BEF, 0x008430, 0x007BEF, 0x008451, 0x715A68, 0xFF59A3, 0xF992E8, 0xFF8AC7, 0xFE8AC7, 0xFF8AC7, 
0xFA92E7, 0xFE59A3, 0x8C5A47, 0x028430, 0x008410, 0x008410, 0x008410, 0x037BEF, 0x007BEF, 0x008410, 0x007BEF, 0x008410, 0x008410, 0x008410, 0x008410, 0x008410, 
0x008410, 0x008410, 0x008410, 0x008410, 0x008410, 0x008410, 0x008410, 0x008410, 0x008410, 0x008410, 0x008410, 0x008410, 0x008410, 0x008410, 0x008410, 0x008410, 
0x008410, 0x008410, 0x008410, 0x008410, 0x008410, 0x008410, 0x008410, 0x008410, 0x008410, 0x008410, 0x008410, 0x008410, 0x008410, 0x008410, 0x008410, 0x008410, 
0x008410, 0x008410, 0x008410, 0x008410, 0x008410, 0x008410, 0x008410, 0x008410, 0x008410, 0x008410, 0x008410, 0x008410, 0x008410, 0x008410, 0x008410, 0x008410, 
0x008410, 0x008410, 0x008410, 0x008410, 0x008410, 0x008410, 0x008410, 0x008410, 0x008410, 0x008410, 0x008410, 0x008410, 0x008410, 0x008410, 0x008410, 0x008410, 
0x0383EF, 0x007C10, 0x62938B, 0xFFAB47, 0xFBDCCC, 0xFFDCAB, 0xFFAB88, 0xFFF5B0, 0xFFFDF1, 0xFFF5D0, 0xFFFDF1, 0xFFFDF1, 0xFFFDF1, 0xFFF5D0, 0xFDFE11, 0xFFDD0D, 
0xD29B28, 0x0083EF, 0x007BF0, 0x007BEF, 0x008410, 0x008410, 0x008410, 0x008410, 0x008410, 0x008410, 0x008410, 0x008410, 0x008410, 0x008410, 0x008410, 0x008410, 
0x008410, 0x008410, 0x008410, 0x008410, 0x008410, 0x007C10, 0x0083EF, 0x0483EF, 0x007C10, 0x4E8BAC, 0xF5A306, 0xFFBBA8, 0xFCDCCC, 0xFFE4EC, 0xFEDCCC, 0xFFE4EC, 
0xFFDCCC, 0xFFC40A, 0xFFA327, 0xFFAB68, 0xFFD4AC, 0xFFF5D0, 0xFFFE11, 0xFFFDF1, 0xFFF5D0, 0xFFF5D0, 0xFFFDF1, 0xFFF5D0, 0xFFFDF1, 0xFFFDF1, 0xFFFDF1, 0xFFF5D0, 
0xFFFDF1, 0xFEF5D0, 0xFAFE32, 0xFDD4AC, 0xA09349, 0x007C10, 0x037BEF, 0x027BEF, 0x027BEF, 0x047C10, 0x057BEF, 0xC849A4, 0xFF6A04, 0xF99308, 0xFF92E7, 0xFE8AC7, 
0xFC92E7, 0xFF7225, 0xDA4963, 0x017BEF, 0x008410, 0x007BEF, 0x007BF0, 0x007BEF, 0x008410, 0x008410, 0x008410, 0x008410, 0x008410, 0x008410, 0x008410, 0x008410, 
0x008410, 0x008410, 0x008410, 0x008410, 0x008410, 0x008410, 0x008410, 0x008410, 0x008410, 0x008410, 0x008410, 0x008410, 0x008410, 0x008410, 0x008410, 0x008410, 
0x008410, 0x008410, 0x008410, 0x008410, 0x008410, 0x008410, 0x008410, 0x008410, 0x008410, 0x008410, 0x008410, 0x008410, 0x008410, 0x008410, 0x008410, 0x008410, 
0x008410, 0x008410, 0x008410, 0x008410, 0x008410, 0x008410, 0x008410, 0x008410, 0x008410, 0x008410, 0x008410, 0x008410, 0x008410, 0x008410, 0x008410, 0x008410, 
0x008410, 0x008410, 0x008410, 0x008410, 0x008410, 0x008410, 0x008410, 0x008410, 0x008410, 0x008410, 0x008410, 0x008410, 0x008410, 0x008410, 0x008410, 0x008410, 
0x0283EF, 0x007C10, 0x518BAC, 0xFFAB47, 0xFBDCAC, 0xFFDCCC, 0xFFAB47, 0xFFED6F, 0xFFFDF1, 0xFFF5D0, 0xFFFDF1, 0xFFFDF1, 0xFFFDF1, 0xFFF5D0, 0xFBFE11, 0xFFD4AC, 
0xB99B28, 0x008410, 0x017BEF, 0x008410, 0x008410, 0x008410, 0x008410, 0x008410, 0x008410, 0x008410, 0x008410, 0x008410, 0x008410, 0x008410, 0x008410, 0x008410, 
0x008410, 0x008410, 0x008410, 0x008410, 0x008410, 0x008410, 0x007C10, 0x0083EF, 0x0383EF, 0x007C10, 0x348BAD, 0xD9A327, 0xFFB388, 0xFCDCCC, 0xFFE4EC, 0xFFDCCC, 
0xFFE4EC, 0xFFE4EC, 0xFFDCAC, 0xFFBBC9, 0xFEA306, 0xFFAB68, 0xFED48C, 0xFBF5B0, 0xFEFE11, 0xFEFDF1, 0xFEF5D0, 0xFFFDF1, 0xFFFDF1, 0xFFFDF1, 0xFFFDF1, 0xFFFDF1, 
0xFFF5D0, 0xFFF5D0, 0xFBFE11, 0xFFD48B, 0xA79348, 0x007C10, 0x0283EF, 0x008410, 0x008410, 0x017BEF, 0x008410, 0x23736D, 0xE94962, 0xFF61E4, 0xFE82A7, 0xFB92E7, 
0xFB9308, 0xF792E7, 0xFD5162, 0x6562A9, 0x008430, 0x027BEF, 0x008410, 0x008410, 0x008410, 0x008410, 0x008410, 0x008410, 0x008410, 0x008410, 0x008410, 0x008410, 
0x008410, 0x008410, 0x008410, 0x008410, 0x008410, 0x008410, 0x008410, 0x008410, 0x008410, 0x008410, 0x008410, 0x008410, 0x008410, 0x008410, 0x008410, 0x008410, 
0x008410, 0x008410, 0x008410, 0x008410, 0x008410, 0x008410, 0x008410, 0x008410, 0x008410, 0x008410, 0x008410, 0x008410, 0x008410, 0x008410, 0x008410, 0x008410, 
0x008410, 0x008410, 0x008410, 0x008410, 0x008410, 0x008410, 0x008410, 0x008410, 0x008410, 0x008410, 0x008410, 0x008410, 0x008410, 0x008410, 0x008410, 0x008410, 
0x008410, 0x008410, 0x008410, 0x008410, 0x008410, 0x008410, 0x008410, 0x008410, 0x008410, 0x008410, 0x008410, 0x008410, 0x008410, 0x008410, 0x008410, 0x008410, 
0x0383EF, 0x007C10, 0x488BAD, 0xFFAB27, 0xFCD48B, 0xFFDCCC, 0xFFAB47, 0xFFE54E, 0xFFFDF1, 0xFFF5D0, 0xFFFDF1, 0xFFFDF1, 0xFFFDF1, 0xFFF5D0, 0xFAFE11, 0xFFCC6B, 
0xA99B08, 0x007C10, 0x027BEF, 0x008410, 0x008410, 0x008410, 0x008410, 0x008410, 0x008410, 0x008410, 0x008410, 0x008410, 0x008410, 0x008410, 0x008410, 0x008410, 
0x008410, 0x008410, 0x008410, 0x008410, 0x008410, 0x008410, 0x008410, 0x00840F, 0x007C10, 0x0383EF, 0x007C10, 0x1B8BCE, 0xE1A327, 0xFDBBE9, 0xFDE4EC, 0xFEDCCC, 
0xFFDCCC, 0xFFDCCC, 0xFFE4EC, 0xFFE4EC, 0xFFD48B, 0xFFBBC9, 0xFFA306, 0xFFAB67, 0xFFCC6B, 0xFFF5D0, 0xFFFDF1, 0xFFF5D0, 0xFFFDF1, 0xFFFDF1, 0xFFFDF1, 0xFFFDF1, 
0xFFFDF1, 0xFFF5D0, 0xFAFE11, 0xFFCC6B, 0x9E9349, 0x007C10, 0x0383EF, 0x008410, 0x007BEF, 0x008410, 0x017BEF, 0x008430, 0x27736D, 0xB051C5, 0xFA4962, 0xFF5983, 
0xFF61C3, 0xFF69E4, 0xFF5183, 0xFA4942, 0x0C7BAE, 0x008410, 0x007BEF, 0x008410, 0x008410, 0x008410, 0x008410, 0x008410, 0x008410, 0x008410, 0x008410, 0x008410, 
0x008410, 0x008410, 0x008410, 0x008410, 0x008410, 0x008410, 0x008410, 0x008410, 0x008410, 0x008410, 0x008410, 0x008410, 0x008410, 0x008410, 0x008410, 0x008410, 
0x008410, 0x008410, 0x008410, 0x008410, 0x008410, 0x008410, 0x008410, 0x008410, 0x008410, 0x008410, 0x008410, 0x008410, 0x008410, 0x008410, 0x008410, 0x008410, 
0x008410, 0x008410, 0x008410, 0x008410, 0x008410, 0x008410, 0x008410, 0x008410, 0x008410, 0x008410, 0x008410, 0x008410, 0x008410, 0x008410, 0x008410, 0x008410, 
0x008410, 0x008410, 0x008410, 0x008410, 0x008410, 0x008410, 0x008410, 0x008410, 0x008410, 0x008410, 0x008410, 0x008410, 0x008410, 0x008410, 0x008410, 0x008410, 
0x0283EF, 0x007C10, 0x438BAC, 0xFFAB27, 0xFDD48B, 0xFFDCCC, 0xFFAB47, 0xFFE52E, 0xFFFDF1, 0xFFF5D0, 0xFFFDF1, 0xFFFDF1, 0xFFFDF1, 0xFFF5D0, 0xFBFE11, 0xFFCC4A, 
0xA49349, 0x007C10, 0x0283EF, 0x008410, 0x008410, 0x008410, 0x008410, 0x008410, 0x008410, 0x008410, 0x008410, 0x008410, 0x008410, 0x008410, 0x008410, 0x008410, 
0x008410, 0x008410, 0x008410, 0x008410, 0x008410, 0x008410, 0x008410, 0x008410, 0x0083EF, 0x007C10, 0x0583EF, 0x007C10, 0x6593AB, 0xFFAB47, 0xFBDCAC, 0xFFE4EC, 
0xFFDCCC, 0xFFE4EC, 0xFFDCCC, 0xFFDCCC, 0xFDE4EC, 0xFFDCAC, 0xDFA368, 0x9D9B69, 0xF89AE6, 0xFDC40A, 0xFEFDF1, 0xFEF5D0, 0xFFF5D0, 0xFFFDF1, 0xFFFDF1, 0xFFFDF1, 
0xFFF5D0, 0xFFF5D0, 0xFAFDF1, 0xFFC3E9, 0x7E936A, 0x007C10, 0x0383EF, 0x008410, 0x008410, 0x007BEF, 0x008410, 0x017BEF, 0x008410, 0x008410, 0x2A734C, 0x6B6289, 
0x905A27, 0x9E5206, 0xA15A26, 0x846267, 0x057BCF, 0x008410, 0x007BEF, 0x008410, 0x008410, 0x008410, 0x008410, 0x008410, 0x008410, 0x008410, 0x008410, 0x008410, 
0x008410, 0x008410, 0x008410, 0x008410, 0x008410, 0x008410, 0x008410, 0x008410, 0x008410, 0x008410, 0x008410, 0x008410, 0x008410, 0x008410, 0x008410, 0x008410, 
0x008410, 0x008410, 0x008410, 0x008410, 0x008410, 0x008410, 0x008410, 0x008410, 0x008410, 0x008410, 0x008410, 0x008410, 0x008410, 0x008410, 0x008410, 0x008410, 
0x008410, 0x008410, 0x008410, 0x008410, 0x008410, 0x008410, 0x008410, 0x008410, 0x008410, 0x008410, 0x008410, 0x008410, 0x008410, 0x008410, 0x008410, 0x008410, 
0x008410, 0x008410, 0x008410, 0x008410, 0x008410, 0x008410, 0x008410, 0x008410, 0x008410, 0x008410, 0x008410, 0x008410, 0x008410, 0x008410, 0x008410, 0x008410, 
0x0183EF, 0x007C10, 0x3E8BAC, 0xFFAB27, 0xFDD48B, 0xFFE4EC, 0xFFAB47, 0xFFDD0D, 0xFFFE11, 0xFFF5D0, 0xFFFDF1, 0xFFFDF1, 0xFFFDF1, 0xFFF5D0, 0xFAFE11, 0xFFC42A, 
0x9B9349, 0x007C10, 0x037BEF, 0x008410, 0x008410, 0x008410, 0x008410, 0x008410, 0x008410, 0x008410, 0x008410, 0x008410, 0x008410, 0x008410, 0x008410, 0x008410, 
0x008410, 0x008410, 0x008410, 0x008410, 0x008410, 0x008410, 0x008410, 0x008410, 0x008410, 0x0083EF, 0x007BEF, 0x017C10, 0x1F83CE, 0xF9A327, 0xFECC4A, 0xFEE4EC, 
0xFFDCCC, 0xFFE4EC, 0xFFDCCC, 0xFEDCCC, 0xFAE4EC, 0xFECC2A, 0x9F9349, 0x007C11, 0x67938B, 0xFFAB27, 0xFBED6F, 0xFFFDF1, 0xFFF5D0, 0xFFFDF1, 0xFFFDF1, 0xFFFDF1, 
0xFFFDF1, 0xFFF5D0, 0xFBF5F1, 0xFEBBA8, 0x658B8B, 0x007C10, 0x037BEF, 0x008410, 0x008410, 0x008410, 0x007BEF, 0x008410, 0x017BEF, 0x017BEF, 0x008430, 0x008431, 
0x008430, 0x008430, 0x008430, 0x008430, 0x008410, 0x007BEF, 0x008410, 0x008410, 0x008410, 0x008410, 0x008410, 0x008410, 0x008410, 0x008410, 0x008410, 0x008410, 
0x008410, 0x008410, 0x008410, 0x008410, 0x008410, 0x008410, 0x008410, 0x008410, 0x008410, 0x008410, 0x008410, 0x008410, 0x008410, 0x008410, 0x008410, 0x008410, 
0x008410, 0x008410, 0x008410, 0x008410, 0x008410, 0x008410, 0x008410, 0x008410, 0x008410, 0x008410, 0x008410, 0x008410, 0x008410, 0x008410, 0x008410, 0x008410, 
0x008410, 0x008410, 0x008410, 0x008410, 0x008410, 0x008410, 0x008410, 0x008410, 0x008410, 0x008410, 0x008410, 0x008410, 0x008410, 0x008410, 0x008410, 0x008410, 
0x008410, 0x008410, 0x008410, 0x008410, 0x008410, 0x008410, 0x008410, 0x008410, 0x008410, 0x008410, 0x008410, 0x008410, 0x008410, 0x008410, 0x008410, 0x008410, 
0x027BEF, 0x007C10, 0x3C8BCD, 0xFFAB27, 0xFDD48B, 0xFFE4EC, 0xFFAB47, 0xFFDCED, 0xFFFE11, 0xFFF5D0, 0xFFFDF1, 0xFFFDF1, 0xFFFDF1, 0xFFF5D0, 0xF9FDF1, 0xFFBBE9, 
0x89936A, 0x007C10, 0x0383EF, 0x008410, 0x008410, 0x008410, 0x008410, 0x008410, 0x008410, 0x008410, 0x008410, 0x008410, 0x008410, 0x008410, 0x008410, 0x008410, 
0x008410, 0x008410, 0x008410, 0x008410, 0x008410, 0x008410, 0x008410, 0x008410, 0x008410, 0x008410, 0x007BEF, 0x007BF0, 0x1683EE, 0xF1A327, 0xFFCC4A, 0xFDE4EC, 
0xFFDCCC, 0xFFE4EC, 0xFFE4EC, 0xFFDCCC, 0xFBE4EC, 0xFFBBC8, 0x5C8B8B, 0x037C10, 0x1A83CE, 0xF5A306, 0xFEDCED, 0xFEFE11, 0xFFF5D0, 0xFFFDF1, 0xFFFDF1, 0xFFFDF1, 
0xFFF5D0, 0xFEFDF1, 0xFCF5D0, 0xFFB368, 0x498BAC, 0x007C10, 0x0283EF, 0x008410, 0x008410, 0x008410, 0x008410, 0x008410, 0x007BEF, 0x008410, 0x017BEF, 0x037BEF, 
0x037BEF, 0x037BEF, 0x037BEF, 0x037BEF, 0x007BEF, 0x008410, 0x007BEF, 0x008410, 0x008410, 0x008410, 0x008410, 0x008410, 0x008410, 0x008410, 0x008410, 0x008410, 
0x008410, 0x008410, 0x008410, 0x008410, 0x008410, 0x008410, 0x008410, 0x008410, 0x008410, 0x008410, 0x008410, 0x008410, 0x008410, 0x008410, 0x008410, 0x008410, 
0x008410, 0x008410, 0x008410, 0x008410, 0x008410, 0x008410, 0x008410, 0x008410, 0x008410, 0x008410, 0x008410, 0x008410, 0x008410, 0x008410, 0x008410, 0x008410, 
0x008410, 0x008410, 0x008410, 0x008410, 0x008410, 0x008410, 0x008410, 0x008410, 0x008410, 0x008410, 0x008410, 0x008410, 0x008410, 0x008410, 0x008410, 0x008410, 
0x008410, 0x008410, 0x008410, 0x008410, 0x008410, 0x008410, 0x008410, 0x008410, 0x008410, 0x008410, 0x008410, 0x008410, 0x008410, 0x008410, 0x008410, 0x008410, 
0x017BEF, 0x007C10, 0x408BAD, 0xFFAB27, 0xFDD48B, 0xFFE4EC, 0xFFAB47, 0xFFDCED, 0xFFFE11, 0xFFF5D0, 0xFFFDF1, 0xFFFDF1, 0xFFFDF1, 0xFFF5D0, 0xFAFDF1, 0xFFBBC9, 
0x7A936A, 0x007C10, 0x0483EF, 0x008410, 0x008410, 0x008410, 0x008410, 0x008410, 0x008410, 0x008410, 0x008410, 0x008410, 0x008410, 0x008410, 0x008410, 0x008410, 
0x008410, 0x008410, 0x008410, 0x008410, 0x008410, 0x008410, 0x008410, 0x008410, 0x008410, 0x008410, 0x007BEF, 0x007C10, 0x1E83CE, 0xF7A327, 0xFECC4A, 0xFEE4EC, 
0xFFDCCC, 0xFFE4EC, 0xFFDCCC, 0xFEE4CC, 0xFEDCCC, 0xFAAB67, 0x2283CD, 0x007C10, 0x0383EF, 0xDC9B27, 0xFFD48C, 0xFCFE11, 0xFFF5D0, 0xFFFDF1, 0xFFFDF1, 0xFFFDF1, 
0xFFF5D0, 0xFFFDF1, 0xFEED90, 0xFEAB47, 0x2F8BAD, 0x007C10, 0x017BEF, 0x008410, 0x008410, 0x008410, 0x008410, 0x008410, 0x008410, 0x008410, 0x008410, 0x008410, 
0x008410, 0x008410, 0x008410, 0x008410, 0x008410, 0x008410, 0x008410, 0x008410, 0x008410, 0x008410, 0x008410, 0x008410, 0x008410, 0x008410, 0x008410, 0x008410, 
0x008410, 0x008410, 0x008410, 0x008410, 0x008410, 0x008410, 0x008410, 0x008410, 0x008410, 0x008410, 0x008410, 0x008410, 0x008410, 0x008410, 0x008410, 0x008410, 
0x008410, 0x008410, 0x008410, 0x008410, 0x008410, 0x008410, 0x008410, 0x008410, 0x008410, 0x008410, 0x008410, 0x008410, 0x008410, 0x008410, 0x008410, 0x008410, 
0x008410, 0x008410, 0x008410, 0x008410, 0x008410, 0x008410, 0x008410, 0x008410, 0x008410, 0x008410, 0x008410, 0x008410, 0x008410, 0x008410, 0x008410, 0x008410, 
0x008410, 0x008410, 0x008410, 0x008410, 0x008410, 0x008410, 0x008410, 0x008410, 0x008410, 0x008410, 0x008410, 0x008410, 0x008410, 0x008410, 0x008410, 0x008410, 
0x0283EF, 0x007C10, 0x488BCD, 0xFFAB27, 0xFCD48B, 0xFFE4EC, 0xFFAB67, 0xFFDCED, 0xFFFE11, 0xFFF5D0, 0xFFFDF1, 0xFFFDF1, 0xFFFDF1, 0xFFF5D0, 0xF9FDF1, 0xFFBBA8, 
0x70938B, 0x007C10, 0x0383EF, 0x008410, 0x008410, 0x008410, 0x008410, 0x008410, 0x008410, 0x008410, 0x008410, 0x008410, 0x008410, 0x008410, 0x008410, 0x008410, 
0x008410, 0x008410, 0x008410, 0x008410, 0x008410, 0x008410, 0x008410, 0x008410, 0x008410, 0x008410, 0x027BEF, 0x007C10, 0x3E8BAD, 0xFFAB47, 0xFCD48B, 0xFFE4EC, 
0xFFDCCC, 0xFFE4EC, 0xFFDCCC, 0xFCE4EC, 0xFFD46B, 0xD2A348, 0x0283EF, 0x017C10, 0x00840F, 0xCC9B27, 0xFECC4B, 0xFCFE11, 0xFFF5D0, 0xFFFDF1, 0xFFFDF1, 0xFFFDF1, 
0xFFF5D0, 0xFEFDF1, 0xFFED6F, 0xFBAB47, 0x2283CE, 0x007C10, 0x007BEF, 0x008410, 0x008410, 0x008410, 0x008410, 0x008410, 0x008410, 0x008410, 0x008410, 0x008410, 
0x008410, 0x008410, 0x008410, 0x008410, 0x008410, 0x008410, 0x008410, 0x008410, 0x008410, 0x008410, 0x008410, 0x008410, 0x008410, 0x008410, 0x008410, 0x008410, 
0x008410, 0x008410, 0x008410, 0x008410, 0x008410, 0x008410, 0x008410, 0x008410, 0x008410, 0x008410, 0x008410, 0x008410, 0x008410, 0x008410, 0x008410, 0x008410, 
0x008410, 0x008410, 0x008410, 0x008410, 0x008410, 0x008410, 0x008410, 0x008410, 0x008410, 0x008410, 0x008410, 0x008410, 0x008410, 0x008410, 0x008410, 0x008410, 
0x008410, 0x008410, 0x008410, 0x008410, 0x008410, 0x008410, 0x008410, 0x008410, 0x008410, 0x008410, 0x008410, 0x008410, 0x008410, 0x008410, 0x008410, 0x008410, 
0x008410, 0x008410, 0x008410, 0x008410, 0x008410, 0x008410, 0x008410, 0x008410, 0x008410, 0x008410, 0x008410, 0x008410, 0x008410, 0x008410, 0x008410, 0x008410, 
0x037BEF, 0x007C10, 0x4D8BAC, 0xFFAB27, 0xFBD48B, 0xFFE50D, 0xFFAB68, 0xFFD4AC, 0xFFFE11, 0xFFF5D0, 0xFFFDF1, 0xFFFDF1, 0xFFFDF1, 0xFFF5D0, 0xFAF5F1, 0xFFB3A8, 
0x6D938B, 0x007C10, 0x0383EF, 0x008410, 0x008410, 0x008410, 0x008410, 0x008410, 0x008410, 0x008410, 0x008410, 0x008410, 0x008410, 0x008410, 0x008410, 0x008410, 
0x008410, 0x008410, 0x008410, 0x008410, 0x008410, 0x008410, 0x008410, 0x008410, 0x008410, 0x008410, 0x0383EF, 0x007C10, 0x76938B, 0xFEB387, 0xFBDCCC, 0xFEDCCC, 
0xFFDCCC, 0xFFDCCC, 0xFEDCCC, 0xF9E4ED, 0xFEC409, 0x989349, 0x007C10, 0x0583EF, 0x007C10, 0xBE9B28, 0xFFC42A, 0xFBFE11, 0xFFF5D0, 0xFFFDF1, 0xFFFDF1, 0xFFFDF1, 
0xFFF5D0, 0xFDFDF1, 0xFEED6F, 0xF8AB27, 0x1E8BCD, 0x007C10, 0x0083EF, 0x008410, 0x008410, 0x008410, 0x008410, 0x008410, 0x008410, 0x008410, 0x008410, 0x008410, 
0x008410, 0x008410, 0x008410, 0x008410, 0x008410, 0x008410, 0x008410, 0x008410, 0x008410, 0x008410, 0x008410, 0x008410, 0x008410, 0x008410, 0x008410, 0x008410, 
0x008410, 0x008410, 0x008410, 0x008410, 0x008410, 0x008410, 0x008410, 0x008410, 0x008410, 0x008410, 0x008410, 0x008410, 0x008410, 0x008410, 0x008410, 0x008410, 
0x008410, 0x008410, 0x008410, 0x008410, 0x008410, 0x008410, 0x008410, 0x008410, 0x008410, 0x008410, 0x008410, 0x008410, 0x008410, 0x008410, 0x008410, 0x008410, 
0x008410, 0x008410, 0x008410, 0x008410, 0x008410, 0x008410, 0x008410, 0x008410, 0x008410, 0x008410, 0x008410, 0x008410, 0x008410, 0x008410, 0x008410, 0x008410, 
0x008410, 0x008410, 0x008410, 0x008410, 0x008410, 0x008410, 0x008410, 0x008410, 0x008410, 0x008410, 0x008410, 0x008410, 0x008410, 0x008410, 0x008410, 0x008410, 
0x0383EF, 0x007C10, 0x5993AC, 0xFFAB47, 0xFBD4AB, 0xFFE4ED, 0xFFAB68, 0xFFD4AC, 0xFFFE11, 0xFFF5D0, 0xFFFDF1, 0xFFFDF1, 0xFFFDF1, 0xFFFDF1, 0xFBF5D1, 0xFFB388, 
0x66938B, 0x007C10, 0x0483EF, 0x008410, 0x008410, 0x008410, 0x008410, 0x008410, 0x008410, 0x008410, 0x008410, 0x008410, 0x008410, 0x008410, 0x008410, 0x008410, 
0x008410, 0x008410, 0x008410, 0x008410, 0x008410, 0x008410, 0x008410, 0x008410, 0x008410, 0x008410, 0x027BEF, 0x007C10, 0xA99B49, 0xFEBBC8, 0xFAE4EC, 0xFFDCCC, 
0xFFE4EC, 0xFFE4EC, 0xFFDCCC, 0xFAE4EC, 0xFFBBA8, 0x588B8B, 0x007C10, 0x0683EF, 0x007C10, 0xAE9B48, 0xFFC40A, 0xFAFDF1, 0xFFF5D0, 0xFFFDF1, 0xFFFDF1, 0xFFFDF1, 
0xFFF5D0, 0xFEFDF1, 0xFFED6F, 0xF7AB27, 0x1C8B8D, 0x007C10, 0x007BEF, 0x008410, 0x008410, 0x008410, 0x008410, 0x008410, 0x008410, 0x008410, 0x008410, 0x008410, 
0x008410, 0x008410, 0x008410, 0x008410, 0x008410, 0x008410, 0x008410, 0x008410, 0x008410, 0x008410, 0x008410, 0x008410, 0x008410, 0x008410, 0x008410, 0x008410, 
0x008410, 0x008410, 0x008410, 0x008410, 0x008410, 0x008410, 0x008410, 0x008410, 0x008410, 0x008410, 0x008410, 0x008410, 0x008410, 0x008410, 0x008410, 0x008410, 
0x008410, 0x008410, 0x008410, 0x008410, 0x008410, 0x008410, 0x008410, 0x008410, 0x008410, 0x008410, 0x008410, 0x008410, 0x008410, 0x008410, 0x008410, 0x008410, 
0x008410, 0x008410, 0x008410, 0x008410, 0x008410, 0x008410, 0x008410, 0x008410, 0x008410, 0x008410, 0x008410, 0x008410, 0x008410, 0x008410, 0x008410, 0x008410, 
0x008410, 0x008410, 0x008410, 0x008410, 0x008410, 0x008410, 0x008410, 0x008410, 0x008410, 0x008410, 0x008410, 0x008410, 0x008410, 0x008410, 0x008410, 0x008410, 
0x0483EF, 0x007C10, 0x68938B, 0xFFAB47, 0xFADCAC, 0xFFE4EC, 0xFFAB68, 0xFFD4AC, 0xFFFE11, 0xFFF5D0, 0xFFFDF1, 0xFFFDF1, 0xFFFDF1, 0xFFFDD0, 0xFAF5D0, 0xFFB388, 
0x5D8B8B, 0x007C10, 0x0383EF, 0x008410, 0x008410, 0x008410, 0x008410, 0x008410, 0x008410, 0x008410, 0x008410, 0x008410, 0x008410, 0x008410, 0x008410, 0x008410, 
0x008410, 0x008410, 0x008410, 0x008410, 0x008410, 0x008410, 0x008410, 0x008410, 0x008410, 0x0083EF, 0x007C10, 0x0083EF, 0xCC9B28, 0xFFC409, 0xFCE4EC, 0xFFDCCC, 
0xFFDCCC, 0xFFDCCC, 0xFEE4EC, 0xFEDCAC, 0xFBAB47, 0x2683CE, 0x007C10, 0x0483EF, 0x007C10, 0xA39B49, 0xFFC3E9, 0xFAFDF1, 0xFFF5D0, 0xFFFDF1, 0xFFFDF1, 0xFFFDF1, 
0xFFF5D0, 0xFEFDF1, 0xFFED6F, 0xF6A347, 0x1C83CE, 0x007C10, 0x007BEF, 0x008410, 0x008410, 0x008410, 0x008410, 0x008410, 0x008410, 0x008410, 0x008410, 0x008410, 
0x008410, 0x008410, 0x008410, 0x008410, 0x008410, 0x008410, 0x008410, 0x008410, 0x008410, 0x008410, 0x008410, 0x008410, 0x008410, 0x008410, 0x008410, 0x008410, 
0x008410, 0x008410, 0x008410, 0x008410, 0x008410, 0x008410, 0x008410, 0x008410, 0x008410, 0x008410, 0x008410, 0x008410, 0x008410, 0x008410, 0x008410, 0x008410, 
0x008410, 0x008410, 0x008410, 0x008410, 0x008410, 0x008410, 0x008410, 0x008410, 0x008410, 0x008410, 0x008410, 0x008410, 0x008410, 0x008410, 0x008410, 0x008410, 
0x008410, 0x008410, 0x008410, 0x008410, 0x008410, 0x008410, 0x008410, 0x008410, 0x008410, 0x008410, 0x008410, 0x008410, 0x008410, 0x008410, 0x008410, 0x008410, 
0x008410, 0x008410, 0x008410, 0x008410, 0x008410, 0x008410, 0x008410, 0x008410, 0x008410, 0x008410, 0x008410, 0x008410, 0x008410, 0x008410, 0x008410, 0x008410, 
0x047BEF, 0x007C10, 0x78938B, 0xFFB367, 0xFADCCC, 0xFFE4EC, 0xFFB368, 0xFFD4AC, 0xFFFE11, 0xFFF5D0, 0xFFFDF1, 0xFFFDF1, 0xFFFDF1, 0xFFFDF1, 0xFBF5D1, 0xFFB388, 
0x5B8BAC, 0x007C10, 0x0283EF, 0x008410, 0x008410, 0x008410, 0x008410, 0x008410, 0x008410, 0x008410, 0x008410, 0x008410, 0x008410, 0x008410, 0x008410, 0x008410, 
0x008410, 0x008410, 0x008410, 0x008410, 0x008410, 0x008410, 0x008410, 0x008410, 0x008410, 0x0083EF, 0x007C10, 0x1E83CE, 0xF7A327, 0xFED46B, 0xFEE4EC, 0xFFDCCC, 
0xFFE4EC, 0xFFDCCC, 0xFEE4EC, 0xFFD46B, 0xEDA327, 0x1283EE, 0x007C10, 0x037BEF, 0x007C10, 0x9E9349, 0xFFC3E9, 0xF9FE11, 0xFFF5D0, 0xFFFDF1, 0xFFFDF1, 0xFFFDF1, 
0xFFF5D0, 0xFDFDF1, 0xFFED6F, 0xF6AB47, 0x1B83EE, 0x007BF0, 0x0083EF, 0x008410, 0x008410, 0x008410, 0x008410, 0x008410, 0x008410, 0x008410, 0x008410, 0x008410, 
0x008410, 0x008410, 0x008410, 0x008410, 0x008410, 0x008410, 0x008410, 0x008410, 0x008410, 0x008410, 0x008410, 0x008410, 0x008410, 0x008410, 0x008410, 0x008410, 
0x008410, 0x008410, 0x008410, 0x008410, 0x008410, 0x008410, 0x008410, 0x008410, 0x008410, 0x008410, 0x008410, 0x008410, 0x008410, 0x008410, 0x008410, 0x008410, 
0x008410, 0x008410, 0x008410, 0x008410, 0x008410, 0x008410, 0x008410, 0x008410, 0x008410, 0x008410, 0x008410, 0x008410, 0x008410, 0x008410, 0x008410, 0x008410, 
0x008410, 0x008410, 0x008410, 0x008410, 0x008410, 0x008410, 0x008410, 0x008410, 0x008410, 0x008410, 0x008410, 0x008410, 0x008410, 0x008410, 0x008410, 0x008410, 
0x008410, 0x008410, 0x008410, 0x008410, 0x008410, 0x008410, 0x008410, 0x008410, 0x008410, 0x008410, 0x008410, 0x008410, 0x008410, 0x008410, 0x008410, 0x008410, 
0x0383EF, 0x007C10, 0x8A936A, 0xFFB388, 0xF9DCCC, 0xFFE4EC, 0xFFB388, 0xFFD4AC, 0xFFFE11, 0xFFF5D0, 0xFFFDF1, 0xFFFDF1, 0xFFFDF1, 0xFFFDF1, 0xFBF5D0, 0xFFB388, 
0x5C8B8C, 0x007C10, 0x0383EF, 0x008410, 0x008410, 0x008410, 0x008410, 0x008410, 0x008410, 0x008410, 0x008410, 0x008410, 0x008410, 0x008410, 0x008410, 0x008410, 
0x008410, 0x008410, 0x008410, 0x008410, 0x008410, 0x008410, 0x008410, 0x008410, 0x0083EF, 0x037BEF, 0x007C10, 0x668B6B, 0xFFB367, 0xFADCCC, 0xFFDCCC, 0xFFDCCC, 
0xFFE4EC, 0xFFDCCC, 0xFDE4EC, 0xFECC2A, 0xDDA327, 0x0683EF, 0x007C10, 0x037BEF, 0x007C10, 0x9D9349, 0xFFC3E9, 0xF8FE11, 0xFFF5D0, 0xFFFDF1, 0xFFFDF1, 0xFFFDF1, 
0xFFF5D0, 0xFEFDF1, 0xFFED6F, 0xF6AB47, 0x1C83CE, 0x007C10, 0x007BEF, 0x008410, 0x008410, 0x008410, 0x008410, 0x008410, 0x008410, 0x008410, 0x008410, 0x008410, 
0x008410, 0x008410, 0x008410, 0x008410, 0x008410, 0x008410, 0x008410, 0x008410, 0x008410, 0x008410, 0x008410, 0x008410, 0x008410, 0x008410, 0x008410, 0x008410, 
0x008410, 0x008410, 0x008410, 0x008410, 0x008410, 0x008410, 0x008410, 0x008410, 0x008410, 0x008410, 0x008410, 0x008410, 0x008410, 0x008410, 0x008410, 0x008410, 
0x008410, 0x008410, 0x008410, 0x008410, 0x008410, 0x008410, 0x008410, 0x008410, 0x008410, 0x008410, 0x008410, 0x008410, 0x008410, 0x008410, 0x008410, 0x008410, 
0x008410, 0x008410, 0x008410, 0x008410, 0x008410, 0x008410, 0x008410, 0x008410, 0x008410, 0x008410, 0x008410, 0x008410, 0x008410, 0x008410, 0x008410, 0x008410, 
0x008410, 0x008410, 0x008410, 0x008410, 0x008410, 0x008410, 0x008410, 0x008410, 0x008410, 0x008410, 0x008410, 0x008410, 0x008410, 0x008410, 0x008410, 0x007BEF, 
0x0383EF, 0x007C10, 0x979369, 0xFFBBA8, 0xFAE4EC, 0xFFE4EC, 0xFFB388, 0xFFD48C, 0xFFFE11, 0xFFF5D0, 0xFFFDF1, 0xFFFDF1, 0xFFF5D0, 0xFFFDF1, 0xFBF5D1, 0xFFB388, 
0x5B8B8C, 0x007C10, 0x0383EF, 0x008410, 0x008410, 0x008410, 0x008410, 0x008410, 0x008410, 0x008410, 0x008410, 0x008410, 0x008410, 0x008410, 0x008410, 0x008410, 
0x008410, 0x008410, 0x008410, 0x008410, 0x008410, 0x008410, 0x008410, 0x008410, 0x008410, 0x027BEF, 0x007C10, 0xB39B49, 0xFEC409, 0xFAE4ED, 0xFEDCCC, 0xFFE4EC, 
0xFFDCCC, 0xFFDCCC, 0xFBE4EC, 0xFFC3E9, 0xBC9B48, 0x007BF0, 0x027BEF, 0x0483EF, 0x007C10, 0x9B9329, 0xFFC409, 0xF9FDF1, 0xFFF5D0, 0xFFFDF1, 0xFFFDF1, 0xFFFDF1, 
0xFFF5D0, 0xFEFDF1, 0xFEED8F, 0xFCAB47, 0x2383CE, 0x007C10, 0x007BEF, 0x008410, 0x008410, 0x008410, 0x008410, 0x008410, 0x008410, 0x008410, 0x008410, 0x008410, 
0x008410, 0x008410, 0x008410, 0x008410, 0x008410, 0x008410, 0x008410, 0x008410, 0x008410, 0x008410, 0x008410, 0x008410, 0x008410, 0x008410, 0x008410, 0x008410, 
0x008410, 0x008410, 0x008410, 0x008410, 0x008410, 0x008410, 0x008410, 0x008410, 0x008410, 0x008410, 0x008410, 0x008410, 0x008410, 0x008410, 0x008410, 0x008410, 
0x008410, 0x008410, 0x008410, 0x008410, 0x008410, 0x008410, 0x008410, 0x008410, 0x008410, 0x008410, 0x008410, 0x008410, 0x008410, 0x008410, 0x008410, 0x008410, 
0x008410, 0x008410, 0x008410, 0x008410, 0x008410, 0x008410, 0x008410, 0x008410, 0x008410, 0x008410, 0x008410, 0x008410, 0x008410, 0x008410, 0x008410, 0x008410, 
0x008410, 0x008410, 0x008410, 0x008410, 0x008410, 0x008410, 0x008410, 0x008410, 0x008410, 0x008410, 0x008410, 0x008410, 0x008410, 0x008410, 0x008410, 0x008410, 
0x0383EF, 0x007C10, 0x97936A, 0xFEC409, 0xF9E4ED, 0xFFE4EC, 0xFFB388, 0xFFCC8C, 0xFFFE11, 0xFFF5D0, 0xFFFDF1, 0xFFFDF1, 0xFFFDF1, 0xFFF5D0, 0xFAF5D0, 0xFFB388, 
0x5C8BAC, 0x007C10, 0x0383EF, 0x008410, 0x008410, 0x008410, 0x008410, 0x008410, 0x008410, 0x008410, 0x008410, 0x008410, 0x008410, 0x008410, 0x008410, 0x008410, 
0x008410, 0x008410, 0x008410, 0x008410, 0x008410, 0x008410, 0x008410, 0x007BEF, 0x007BEF, 0x007C10, 0x1983CE, 0xF2A347, 0xFED48B, 0xFEE4EC, 0xFFDCCC, 0xFFDCCC, 
0xFFE4EC, 0xFFDCCC, 0xFAE4EC, 0xFFBB88, 0x8E936A, 0x007C10, 0x0483EF, 0x0383EF, 0x007C10, 0x91936A, 0xFFC40A, 0xF9FE11, 0xFFF5D0, 0xFFFDF1, 0xFFFDF1, 0xFFFDF1, 
0xFFF5D0, 0xFFFDF1, 0xFFF5B0, 0xFFAB67, 0x2C83CD, 0x007C10, 0x0183EF, 0x008410, 0x008410, 0x008410, 0x008410, 0x008410, 0x008410, 0x008410, 0x008410, 0x008410, 
0x008410, 0x008410, 0x008410, 0x008410, 0x008410, 0x008410, 0x008410, 0x008410, 0x008410, 0x008410, 0x008410, 0x008410, 0x008410, 0x008410, 0x008410, 0x008410, 
0x008410, 0x008410, 0x008410, 0x008410, 0x008410, 0x008410, 0x008410, 0x008410, 0x008410, 0x008410, 0x008410, 0x008410, 0x008410, 0x008410, 0x008410, 0x008410, 
0x008410, 0x008410, 0x008410, 0x008410, 0x008410, 0x008410, 0x008410, 0x008410, 0x008410, 0x008410, 0x008410, 0x008410, 0x008410, 0x008410, 0x008410, 0x008410, 
0x008410, 0x008410, 0x008410, 0x008410, 0x008410, 0x008410, 0x008410, 0x008410, 0x008410, 0x008410, 0x008410, 0x008410, 0x008410, 0x008410, 0x008410, 0x008410, 
0x008410, 0x008410, 0x008410, 0x008410, 0x008410, 0x008410, 0x008410, 0x008410, 0x008410, 0x008410, 0x008410, 0x008410, 0x008410, 0x008410, 0x007BEF, 0x007BF0, 
0x017BEF, 0x007BEF, 0xBE9B48, 0xFFD46B, 0xFBE4EC, 0xFFE4EC, 0xFFB388, 0xFFCC8C, 0xFFFE11, 0xFFF5D0, 0xFFFDF1, 0xFFFDF1, 0xFFF5D0, 0xFFFDF1, 0xFBF5D0, 0xFFB367, 
0x508B8C, 0x007C10, 0x0383EF, 0x008410, 0x008410, 0x008410, 0x008410, 0x008410, 0x008410, 0x008410, 0x008410, 0x008410, 0x008410, 0x008410, 0x008410, 0x008410, 
0x008410, 0x008410, 0x008410, 0x008410, 0x008410, 0x008410, 0x008410, 0x008410, 0x0383EF, 0x007C10, 0x6F8B6A, 0xFFBBA8, 0xFAE4EC, 0xFFDCCC, 0xFFDCCC, 0xFFE4EC, 
0xFFDCCC, 0xFFE4EC, 0xFADCCC, 0xFEB367, 0x63938B, 0x007C10, 0x047BEF, 0x047BEF, 0x007C10, 0x899349, 0xFFCC2A, 0xF9FE11, 0xFFF5D0, 0xFFFDF1, 0xFFFDF1, 0xFFFDF1, 
0xFFF5D0, 0xFEFDF1, 0xFDF5B0, 0xFEB368, 0x3B8BAD, 0x007C10, 0x017BEF, 0x008410, 0x008410, 0x008410, 0x008410, 0x008410, 0x008410, 0x008410, 0x008410, 0x008410, 
0x008410, 0x008410, 0x008410, 0x008410, 0x008410, 0x008410, 0x008410, 0x008410, 0x008410, 0x008410, 0x008410, 0x008410, 0x008410, 0x008410, 0x008410, 0x008410, 
0x008410, 0x008410, 0x008410, 0x008410, 0x008410, 0x008410, 0x008410, 0x008410, 0x008410, 0x008410, 0x008410, 0x008410, 0x008410, 0x008410, 0x008410, 0x008410, 
0x008410, 0x008410, 0x008410, 0x008410, 0x008410, 0x008410, 0x008410, 0x008410, 0x008410, 0x008410, 0x008410, 0x008410, 0x008410, 0x008410, 0x008410, 0x008410, 
0x008410, 0x008410, 0x008410, 0x008410, 0x008410, 0x008410, 0x008410, 0x008410, 0x008410, 0x008410, 0x008410, 0x008410, 0x008410, 0x008410, 0x008410, 0x008410, 
0x008410, 0x008410, 0x008410, 0x008410, 0x008410, 0x008410, 0x008410, 0x008410, 0x008410, 0x008410, 0x008410, 0x008410, 0x008410, 0x008410, 0x008410, 0x017BEF, 
0x007C10, 0x368BAD, 0xFEB367, 0xFCDCCC, 0xFFDCCC, 0xFFE4EC, 0xFFB388, 0xFFCC8C, 0xFFFE11, 0xFFF5D0, 0xFFFDF1, 0xFFFDF1, 0xFFF5D0, 0xFFFDF1, 0xFCF5B0, 0xFFB367, 
0x468BAC, 0x007C10, 0x0383EF, 0x008410, 0x008410, 0x008410, 0x008410, 0x008410, 0x008410, 0x008410, 0x008410, 0x008410, 0x008410, 0x008410, 0x008410, 0x008410, 
0x008410, 0x008410, 0x008410, 0x008410, 0x008410, 0x008410, 0x0083EF, 0x007BEF, 0x017C10, 0x0083EF, 0xCE9B28, 0xFECC4A, 0xFCE4EC, 0xFEDCCC, 0xFFE4EC, 0xFFE4EC, 
0xFFDCCC, 0xFEE4EC, 0xFBD4AC, 0xFFAB47, 0x428BAD, 0x007C10, 0x0383EF, 0x0383EF, 0x007C10, 0x84936A, 0xFFCC2A, 0xF9FE11, 0xFFF5D0, 0xFFFDF1, 0xFFFDF1, 0xFFFDF1, 
0xFFFDF1, 0xFFF5D0, 0xFCF5D0, 0xFFB388, 0x458BAC, 0x007C10, 0x0283EF, 0x008410, 0x008410, 0x008410, 0x008410, 0x008410, 0x008410, 0x008410, 0x008410, 0x008410, 
0x008410, 0x008410, 0x008410, 0x008410, 0x008410, 0x008410, 0x008410, 0x008410, 0x008410, 0x008410, 0x008410, 0x008410, 0x008410, 0x008410, 0x008410, 0x008410, 
0x008410, 0x008410, 0x008410, 0x008410, 0x008410, 0x008410, 0x008410, 0x008410, 0x008410, 0x008410, 0x008410, 0x008410, 0x008410, 0x008410, 0x008410, 0x008410, 
0x008410, 0x008410, 0x008410, 0x008410, 0x008410, 0x008410, 0x008410, 0x008410, 0x008410, 0x008410, 0x008410, 0x008410, 0x008410, 0x008410, 0x008410, 0x008410, 
0x008410, 0x008410, 0x008410, 0x008410, 0x008410, 0x008410, 0x008410, 0x008410, 0x008410, 0x008410, 0x008410, 0x008410, 0x008410, 0x008410, 0x008410, 0x008410, 
0x008410, 0x008410, 0x008410, 0x008410, 0x008410, 0x008410, 0x008410, 0x008410, 0x008410, 0x008410, 0x008410, 0x008410, 0x008410, 0x0083EF, 0x007BF0, 0x0283EF, 
0x007C10, 0xB09B48, 0xFAC409, 0xFCE4ED, 0xFDDCCC, 0xFFE4EC, 0xFFB388, 0xFFCC8C, 0xFFFE11, 0xFFF5D0, 0xFFFDF1, 0xFFFDF1, 0xFFF5D0, 0xFFFDF1, 0xFBF5B0, 0xFFAB67, 
0x458BAD, 0x007C10, 0x0283EF, 0x008410, 0x008410, 0x008410, 0x008410, 0x008410, 0x008410, 0x008410, 0x008410, 0x008410, 0x008410, 0x008410, 0x008410, 0x008410, 
0x008410, 0x008410, 0x008410, 0x008410, 0x008410, 0x008410, 0x008410, 0x0383EF, 0x007C10, 0x488B8C, 0xFFB367, 0xFCDCCC, 0xFFDCCC, 0xFFDCCC, 0xFFE4EC, 0xFFE4EC, 
0xFFDCCC, 0xFFE4EC, 0xFED48B, 0xFEAB27, 0x2B8BCD, 0x007C10, 0x0183EF, 0x0483EF, 0x007C10, 0x798B6A, 0xFFCC4A, 0xF8FE11, 0xFFF5D0, 0xFFFDF1, 0xFFFDF1, 0xFFFDF1, 
0xFFF5D0, 0xFFF5F0, 0xFCF5D0, 0xFFB388, 0x4C8BAC, 0x007C10, 0x0383EF, 0x008410, 0x008410, 0x008410, 0x008410, 0x008410, 0x008410, 0x008410, 0x008410, 0x008410, 
0x008410, 0x008410, 0x008410, 0x008410, 0x008410, 0x008410, 0x008410, 0x008410, 0x008410, 0x008410, 0x008410, 0x008410, 0x008410, 0x008410, 0x008410, 0x008410, 
0x008410, 0x008410, 0x008410, 0x008410, 0x008410, 0x008410, 0x008410, 0x008410, 0x008410, 0x008410, 0x008410, 0x008410, 0x008410, 0x008410, 0x008410, 0x008410, 
0x008410, 0x008410, 0x008410, 0x008410, 0x008410, 0x008410, 0x008410, 0x008410, 0x008410, 0x008410, 0x008410, 0x008410, 0x008410, 0x008410, 0x008410, 0x008410, 
0x008410, 0x008410, 0x008410, 0x008410, 0x008410, 0x008410, 0x008410, 0x008410, 0x008410, 0x008410, 0x008410, 0x008410, 0x008410, 0x008410, 0x008410, 0x008410, 
0x008410, 0x008410, 0x008410, 0x008410, 0x008410, 0x008410, 0x008410, 0x008410, 0x008410, 0x008410, 0x008410, 0x008410, 0x0083EF, 0x007C10, 0x0283EF, 0x007C10, 
0x3D8BAD, 0xF1AB67, 0xF1DCCC, 0xFFE4EC, 0xFEDCCC, 0xFFE4EC, 0xFFAB68, 0xFFDCED, 0xFFFE11, 0xFFF5D0, 0xFFFDF1, 0xFFFDF1, 0xFFF5D0, 0xFFFDF1, 0xFCF5B0, 0xFFAB47, 
0x428BAD, 0x007C10, 0x0383EF, 0x008410, 0x008410, 0x008410, 0x008410, 0x008410, 0x008410, 0x008410, 0x008410, 0x008410, 0x008410, 0x008410, 0x008410, 0x008410, 
0x008410, 0x008410, 0x008410, 0x008410, 0x008410, 0x0083EF, 0x0083EF, 0x037BEF, 0x007BEF, 0xCB9B28, 0xFED44A, 0xFCE4EC, 0xFEDCCC, 0xFFE4EC, 0xFFE4EC, 0xFFE4EC, 
0xFFDCCC, 0xFEE4EC, 0xFFCC6B, 0xF4A327, 0x1983EE, 0x007C10, 0x0083EF, 0x037BEF, 0x007C10, 0x8C9349, 0xFFCC6B, 0xF9FE11, 0xFFF5D0, 0xFFFDF1, 0xFFFDF1, 0xFFFDF1, 
0xFFFDF1, 0xFFF5D0, 0xFBF5F1, 0xFFBBA8, 0x568B8B, 0x007C10, 0x0383EF, 0x008410, 0x008410, 0x008410, 0x008410, 0x008410, 0x008410, 0x008410, 0x008410, 0x008410, 
0x008410, 0x008410, 0x008410, 0x008410, 0x008410, 0x008410, 0x008410, 0x008410, 0x008410, 0x008410, 0x008410, 0x008410, 0x008410, 0x008410, 0x008410, 0x008410, 
0x008410, 0x008410, 0x008410, 0x008410, 0x008410, 0x008410, 0x008410, 0x008410, 0x008410, 0x008410, 0x008410, 0x008410, 0x008410, 0x008410, 0x008410, 0x008410, 
0x008410, 0x008410, 0x008410, 0x008410, 0x008410, 0x008410, 0x008410, 0x008410, 0x008410, 0x008410, 0x008410, 0x008410, 0x008410, 0x008410, 0x008410, 0x008410, 
0x008410, 0x008410, 0x008410, 0x008410, 0x008410, 0x008410, 0x008410, 0x008410, 0x008410, 0x008410, 0x008410, 0x008410, 0x008410, 0x008410, 0x008410, 0x008410, 
0x008410, 0x008410, 0x008410, 0x008410, 0x008410, 0x008410, 0x008410, 0x008410, 0x008410, 0x008410, 0x008410, 0x008410, 0x007C10, 0x0183EF, 0x017C10, 0x1283EE, 
0xDAA327, 0xFED46B, 0xFDE4EC, 0xFEDCCC, 0xFFE4EC, 0xFFDCCC, 0xFFAB47, 0xFFE54F, 0xFFFDF1, 0xFFF5D0, 0xFFFDF1, 0xFFFDF1, 0xFFF5D0, 0xFFFDF1, 0xFDEDB0, 0xFFAB47, 
0x408BAD, 0x007C10, 0x0283EF, 0x008410, 0x008410, 0x008410, 0x008410, 0x008410, 0x008410, 0x008410, 0x008410, 0x008410, 0x008410, 0x008410, 0x008410, 0x008410, 
0x008410, 0x008410, 0x008410, 0x008410, 0x008410, 0x008410, 0x0283EF, 0x007C10, 0x6C936B, 0xFFBBA8, 0xFBE4EC, 0xFFDCCC, 0xFFDCCC, 0xFFDCCC, 0xFFE4EC, 0xFFE4EC, 
0xFFDCCC, 0xFDE4EC, 0xFECC4A, 0xE6A327, 0x0B83EF, 0x007C10, 0x0083EF, 0x027BEF, 0x007C10, 0xAF9B28, 0xFEDCCC, 0xFAFE11, 0xFFF5D0, 0xFFFDF1, 0xFFFDF1, 0xFFFDF1, 
0xFFFDF1, 0xFFF5D0, 0xFBFDF1, 0xFFBBA8, 0x668B6B, 0x007C10, 0x0383EF, 0x008410, 0x008410, 0x008410, 0x008410, 0x008410, 0x008410, 0x008410, 0x008410, 0x008410, 
0x008410, 0x008410, 0x008410, 0x008410, 0x008410, 0x008410, 0x008410, 0x008410, 0x008410, 0x008410, 0x008410, 0x008410, 0x008410, 0x008410, 0x008410, 0x008410, 
0x008410, 0x008410, 0x008410, 0x008410, 0x008410, 0x008410, 0x008410, 0x008410, 0x008410, 0x008410, 0x008410, 0x008410, 0x008410, 0x008410, 0x008410, 0x008410, 
0x008410, 0x008410, 0x008410, 0x008410, 0x008410, 0x008410, 0x008410, 0x008410, 0x008410, 0x008410, 0x008410, 0x008410, 0x008410, 0x008410, 0x008410, 0x008410, 
0x008410, 0x008410, 0x008410, 0x008410, 0x008410, 0x008410, 0x008410, 0x008410, 0x008410, 0x008410, 0x008410, 0x008410, 0x008410, 0x008410, 0x008410, 0x008410, 
0x008410, 0x008410, 0x008410, 0x008410, 0x008410, 0x008410, 0x008410, 0x008410, 0x008410, 0x008410, 0x008410, 0x0083EF, 0x007BEF, 0x047BEF, 0x008410, 0xB09B48, 
0xFFBBC8, 0xFBE4EC, 0xFFDCCC, 0xFFDCCC, 0xFEE4EC, 0xFFD48B, 0xFFAB68, 0xFFF5B0, 0xFFFDF1, 0xFFF5D0, 0xFFFDF1, 0xFFFDF1, 0xFFF5D0, 0xFFFDF1, 0xFCF590, 0xFFAB47, 
0x418BAD, 0x007C10, 0x0283EF, 0x008410, 0x008410, 0x008410, 0x008410, 0x008410, 0x008410, 0x008410, 0x008410, 0x008410, 0x008410, 0x008410, 0x008410, 0x008410, 
0x008410, 0x008410, 0x008410, 0x007BEF, 0x008410, 0x017BEF, 0x037BF0, 0x2383CE, 0xF3AB47, 0xFCDCAB, 0xFEE4EC, 0xFEDCCC, 0xFFE4EC, 0xFFDCCC, 0xFFDCEC, 0xFFDCCC, 
0xFFDCCC, 0xFDE4EC, 0xFFCC2A, 0xDFA328, 0x0583EF, 0x007C0F, 0x0083EF, 0x007C10, 0x0383EF, 0xD7A328, 0xFFE52E, 0xFCFDF1, 0xFFF5D0, 0xFFFDF1, 0xFFFDF1, 0xFFFDF1, 
0xFFFDF1, 0xFFF5D0, 0xFAFDF1, 0xFFBBC9, 0x76936A, 0x007C10, 0x047BEF, 0x008410, 0x008410, 0x008410, 0x008410, 0x008410, 0x008410, 0x008410, 0x008410, 0x008410, 
0x008410, 0x008410, 0x008410, 0x008410, 0x008410, 0x008410, 0x008410, 0x008410, 0x008410, 0x008410, 0x008410, 0x008410, 0x008410, 0x008410, 0x008410, 0x008410, 
0x008410, 0x008410, 0x008410, 0x008410, 0x008410, 0x008410, 0x008410, 0x008410, 0x008410, 0x008410, 0x008410, 0x008410, 0x008410, 0x008410, 0x008410, 0x008410, 
0x008410, 0x008410, 0x008410, 0x008410, 0x008410, 0x008410, 0x008410, 0x008410, 0x008410, 0x008410, 0x008410, 0x008410, 0x008410, 0x008410, 0x008410, 0x008410, 
0x008410, 0x008410, 0x008410, 0x008410, 0x008410, 0x008410, 0x008410, 0x008410, 0x008410, 0x008410, 0x008410, 0x008410, 0x008410, 0x008410, 0x008410, 0x008410, 
0x008410, 0x008410, 0x008410, 0x008410, 0x008410, 0x008410, 0x008410, 0x008410, 0x008410, 0x008410, 0x007BEF, 0x008410, 0x027BEF, 0x007C10, 0x6E936B, 0xFFAB47, 
0xFADCCC, 0xFFE4EC, 0xFEDCCC, 0xFFDCCC, 0xFFE4EC, 0xFFC42A, 0xFFB3A9, 0xFFFDF1, 0xFFF5D0, 0xFFFDF1, 0xFFFDF1, 0xFFFDF1, 0xFFF5D0, 0xFFFDF1, 0xFDEDB0, 0xFFAB47, 
0x428BAD, 0x007C10, 0x0383EF, 0x008410, 0x008410, 0x008410, 0x008410, 0x008410, 0x008410, 0x008410, 0x008410, 0x008410, 0x008410, 0x008410, 0x008410, 0x008410, 
0x008410, 0x008410, 0x008410, 0x008410, 0x007BEF, 0x0583EF, 0x008431, 0x87936A, 0xFFC3E9, 0xF9E50D, 0xFFE4EC, 0xFFE4EC, 0xFFDCCC, 0xFFDCCC, 0xFFDCCC, 0xFFDCCC, 
0xFEDCCC, 0xFDE50D, 0xFFC40A, 0xD19B48, 0x0083EF, 0x007C10, 0x007BEF, 0x007C10, 0x2583AD, 0xFDB368, 0xFEF5B0, 0xFEFDF1, 0xFFF5D0, 0xFFFDF1, 0xFFFDF1, 0xFFFDF1, 
0xFFFDF1, 0xFFF5D0, 0xF9FDF1, 0xFFC3E9, 0x8C9349, 0x007C10, 0x0383EF, 0x0083EF, 0x008410, 0x008410, 0x008410, 0x008410, 0x008410, 0x008410, 0x008410, 0x008410, 
0x008410, 0x008410, 0x008410, 0x008410, 0x008410, 0x008410, 0x008410, 0x008410, 0x008410, 0x008410, 0x008410, 0x008410, 0x008410, 0x008410, 0x008410, 0x008410, 
0x008410, 0x008410, 0x008410, 0x008410, 0x008410, 0x008410, 0x008410, 0x008410, 0x008410, 0x008410, 0x008410, 0x008410, 0x008410, 0x008410, 0x008410, 0x008410, 
0x008410, 0x008410, 0x008410, 0x008410, 0x008410, 0x008410, 0x008410, 0x008410, 0x008410, 0x008410, 0x008410, 0x008410, 0x008410, 0x008410, 0x008410, 0x008410, 
0x008410, 0x008410, 0x008410, 0x008410, 0x008410, 0x008410, 0x008410, 0x008410, 0x008410, 0x008410, 0x008410, 0x008410, 0x008410, 0x008410, 0x008410, 0x008410, 
0x008410, 0x008410, 0x008410, 0x008410, 0x008410, 0x008410, 0x008410, 0x008410, 0x008410, 0x007BEF, 0x008410, 0x017BEF, 0x017C10, 0x268BEE, 0xF6A327, 0xFCCC6B, 
0xFEE50D, 0xFEDCCC, 0xFFDCCC, 0xFFDCCC, 0xFFE50D, 0xFFBBA8, 0xFFC44B, 0xFFFE11, 0xFFF5D0, 0xFFF5D0, 0xFFFDF1, 0xFFFDF1, 0xFFF5D0, 0xFFFDF1, 0xFCED90, 0xFFAB47, 
0x428BAD, 0x007C10, 0x0283EF, 0x008410, 0x008410, 0x008410, 0x008410, 0x008410, 0x008410, 0x008410, 0x008410, 0x008410, 0x008410, 0x008410, 0x008410, 0x008410, 
0x008410, 0x008410, 0x008410, 0x007BEF, 0x027BEF, 0x008410, 0x6A5AAA, 0xEF6226, 0xFBAB68, 0xFEBBA8, 0xFECC4A, 0xFFDCAB, 0xFFE4EC, 0xFFE4EC, 0xFEE4EC, 0xFFE4EC, 
0xFFE4EC, 0xFCDCCC, 0xFEBBC9, 0xD8A327, 0x0083CF, 0x007C10, 0x0383EF, 0x007C10, 0x598B6B, 0xFFBBE9, 0xFBFDF1, 0xFFF5D0, 0xFFFDF1, 0xFFFDF1, 0xFFFDF1, 0xFFFDF1, 
0xFFFDF1, 0xFFF5D0, 0xFAFE11, 0xFFCC2A, 0xAF9328, 0x007C10, 0x0283EF, 0x008410, 0x008410, 0x008410, 0x008410, 0x008410, 0x008410, 0x008410, 0x008410, 0x008410, 
0x008410, 0x008410, 0x008410, 0x008410, 0x008410, 0x008410, 0x008410, 0x008410, 0x008410, 0x008410, 0x008410, 0x008410, 0x008410, 0x008410, 0x008410, 0x008410, 
0x008410, 0x008410, 0x008410, 0x008410, 0x008410, 0x008410, 0x008410, 0x008410, 0x008410, 0x008410, 0x008410, 0x008410, 0x008410, 0x008410, 0x008410, 0x008410, 
0x008410, 0x008410, 0x008410, 0x008410, 0x008410, 0x008410, 0x008410, 0x008410, 0x008410, 0x008410, 0x008410, 0x008410, 0x008410, 0x008410, 0x008410, 0x008410, 
0x008410, 0x008410, 0x008410, 0x008410, 0x008410, 0x008410, 0x008410, 0x008410, 0x008410, 0x008410, 0x008410, 0x008410, 0x008410, 0x008410, 0x008410, 0x008410, 
0x008410, 0x008410, 0x008410, 0x008410, 0x008410, 0x008410, 0x008410, 0x008410, 0x008410, 0x008410, 0x007BEF, 0x038410, 0x007BF0, 0x9C7AE8, 0xFFAB26, 0xFBBBE9, 
0xFFD46B, 0xFFDCCC, 0xFFE4EC, 0xFFE4EC, 0xFFE4EC, 0xFFAB47, 0xFFDCED, 0xFFFE11, 0xFFF5D0, 0xFFFDF1, 0xFFFDF1, 0xFFFDF1, 0xFFF5D0, 0xFFFDF1, 0xFBF5B0, 0xFFAB67, 
0x488BAD, 0x007C10, 0x0283EF, 0x008410, 0x008410, 0x008410, 0x008410, 0x008410, 0x008410, 0x008410, 0x008410, 0x008410, 0x008410, 0x008410, 0x008410, 0x008410, 
0x008410, 0x008410, 0x007C0F, 0x017BEF, 0x008410, 0x825A89, 0xFF41A4, 0xFF7AE9, 0xFE8B4A, 0xFF9329, 0xFF9B27, 0xFFAB47, 0xFFBBA8, 0xFFCC4A, 0xFFD48B, 0xFED4AB, 
0xFFCC4A, 0xFCAB68, 0xFFAB47, 0xA49B49, 0x007BEF, 0x007BEF, 0x027BEF, 0x007C10, 0xA89348, 0xFFD4AC, 0xFAFE11, 0xFEF5D0, 0xFFF5D0, 0xFFFDF1, 0xFFFDF1, 0xFFFDF1, 
0xFFFDF1, 0xFFF5D0, 0xFDFE11, 0xFFD4AC, 0xD89B27, 0x0483EF, 0x007C10, 0x0083EF, 0x008410, 0x008410, 0x008410, 0x008410, 0x008410, 0x008410, 0x008410, 0x008410, 
0x008410, 0x008410, 0x008410, 0x008410, 0x008410, 0x008410, 0x008410, 0x008410, 0x008410, 0x008410, 0x008410, 0x008410, 0x008410, 0x008410, 0x008410, 0x008410, 
0x008410, 0x008410, 0x008410, 0x008410, 0x008410, 0x008410, 0x008410, 0x008410, 0x008410, 0x008410, 0x008410, 0x008410, 0x008410, 0x008410, 0x008410, 0x008410, 
0x008410, 0x008410, 0x008410, 0x008410, 0x008410, 0x008410, 0x008410, 0x008410, 0x008410, 0x008410, 0x008410, 0x008410, 0x008410, 0x008410, 0x008410, 0x008410, 
0x008410, 0x008410, 0x008410, 0x008410, 0x008410, 0x008410, 0x008410, 0x008410, 0x008410, 0x008410, 0x008410, 0x008410, 0x008410, 0x008410, 0x008410, 0x008410, 
0x008410, 0x008410, 0x008410, 0x008410, 0x008410, 0x008410, 0x008410, 0x008410, 0x007BEF, 0x007BEF, 0x027BEF, 0x008410, 0x8D5248, 0xFF49E5, 0xFB9349, 0xFE9B27, 
0xFEA327, 0xFFAB67, 0xFFB3A8, 0xFFBBC9, 0xFFBBC9, 0xFFAB88, 0xFFF5B0, 0xFFFDF1, 0xFFF5D0, 0xFFFDF1, 0xFFFDF1, 0xFFFDF1, 0xFFF5D0, 0xFEFDF1, 0xFBF5B0, 0xFEAB67, 
0x4B8BAC, 0x007C10, 0x0383EF, 0x008410, 0x008410, 0x008410, 0x008410, 0x008410, 0x008410, 0x008410, 0x008410, 0x008410, 0x008410, 0x008410, 0x008410, 0x008410, 
0x008410, 0x007BEF, 0x027BEF, 0x008430, 0x446B2B, 0xFF4184, 0xF97B09, 0xFE8B6B, 0xFF8B4A, 0xFE8B4A, 0xFF8B4A, 0xFF8B4A, 0xFF9B28, 0xFFA327, 0xFEAB47, 0xFFAB47, 
0xF9A327, 0xFE8AA6, 0x687B2A, 0x01840F, 0x027BEF, 0x0183EF, 0x007C10, 0x1683CE, 0xF0A327, 0xFEED6F, 0xFEFDF1, 0xFFF5D0, 0xFFFDF1, 0xFFFDF1, 0xFFFDF1, 0xFFFDF1, 
0xFFFDF1, 0xFFF5D0, 0xFEFE11, 0xFFDD0D, 0xF2A327, 0x1583EF, 0x007BF0, 0x0083EF, 0x008410, 0x008410, 0x008410, 0x008410, 0x008410, 0x008410, 0x008410, 0x008410, 
0x008410, 0x008410, 0x008410, 0x008410, 0x008410, 0x008410, 0x008410, 0x008410, 0x008410, 0x008410, 0x008410, 0x008410, 0x008410, 0x008410, 0x008410, 0x008410, 
0x008410, 0x008410, 0x008410, 0x008410, 0x008410, 0x008410, 0x008410, 0x008410, 0x008410, 0x008410, 0x008410, 0x008410, 0x008410, 0x008410, 0x008410, 0x008410, 
0x008410, 0x008410, 0x008410, 0x008410, 0x008410, 0x008410, 0x008410, 0x008410, 0x008410, 0x008410, 0x008410, 0x008410, 0x008410, 0x008410, 0x008410, 0x008410, 
0x008410, 0x008410, 0x008410, 0x008410, 0x008410, 0x008410, 0x008410, 0x008410, 0x008410, 0x008410, 0x008410, 0x008410, 0x008410, 0x008410, 0x008410, 0x008410, 
0x008410, 0x008410, 0x008410, 0x008410, 0x008410, 0x008410, 0x008410, 0x008410, 0x008410, 0x027BEF, 0x008430, 0x635ACA, 0xFF41A4, 0xFB834A, 0xFE8B4B, 0xFF8B4A, 
0xFF8B4A, 0xFF9349, 0xFF9B28, 0xFF9B28, 0xFF9AE6, 0xFFCC4B, 0xFFFE11, 0xFFF5D0, 0xFFFDF1, 0xFFFDF1, 0xFFFDF1, 0xFFFDF1, 0xFFF5D0, 0xFFFDF1, 0xFCEDB0, 0xFFAB47, 
0x418BAC, 0x007C10, 0x0283EF, 0x008410, 0x008410, 0x008410, 0x008410, 0x008410, 0x008410, 0x008410, 0x008410, 0x008410, 0x008410, 0x008410, 0x008410, 0x008410, 
0x008410, 0x008410, 0x027BEF, 0x008410, 0xBA4A06, 0xFE6267, 0xFA936B, 0xFF834A, 0xFE8B4A, 0xFF8B4A, 0xFF8B4A, 0xFF8B4A, 0xFF8B4A, 0xFF8B4A, 0xFE8B49, 0xFF936A, 
0xF97AC8, 0xFD3984, 0x1D6B6D, 0x008430, 0x017BEF, 0x027BEF, 0x007C10, 0x949329, 0xFFCC2A, 0xFBFE11, 0xFFF5D0, 0xFFF5D0, 0xFFFDF1, 0xFFFDF1, 0xFFFDF1, 0xFFFDF1, 
0xFFF5D0, 0xFFF5D0, 0xFEFE11, 0xFFE50E, 0xF6A327, 0x1983EF, 0x007BF0, 0x0083EF, 0x008410, 0x008410, 0x008410, 0x008410, 0x008410, 0x008410, 0x008410, 0x008410, 
0x008410, 0x008410, 0x008410, 0x008410, 0x008410, 0x008410, 0x008410, 0x008410, 0x008410, 0x008410, 0x008410, 0x008410, 0x008410, 0x008410, 0x008410, 0x008410, 
0x008410, 0x008410, 0x008410, 0x008410, 0x008410, 0x008410, 0x008410, 0x008410, 0x008410, 0x008410, 0x008410, 0x008410, 0x008410, 0x008410, 0x008410, 0x008410, 
0x008410, 0x008410, 0x008410, 0x008410, 0x008410, 0x008410, 0x008410, 0x008410, 0x008410, 0x008410, 0x008410, 0x008410, 0x008410, 0x008410, 0x008410, 0x008410, 
0x008410, 0x008410, 0x008410, 0x008410, 0x008410, 0x008410, 0x008410, 0x008410, 0x008410, 0x008410, 0x008410, 0x008410, 0x008410, 0x008410, 0x008410, 0x008410, 
0x008410, 0x008410, 0x008410, 0x008410, 0x008410, 0x008410, 0x008410, 0x008410, 0x007BEF, 0x008410, 0x1473AE, 0xED41A5, 0xFC7AE9, 0xFD8B6B, 0xFF8B4A, 0xFE8B4A, 
0xFF8B4A, 0xFF8B4A, 0xFF834B, 0xFF8B4A, 0xFFAB68, 0xFFF5B0, 0xFFFDF1, 0xFFF5D0, 0xFFF5D0, 0xFFF5D0, 0xFFFDF1, 0xFFF5D0, 0xFFF5D0, 0xFEFDF1, 0xFFE52E, 0xF4A327, 
0x1983CE, 0x007C10, 0x007BEF, 0x008410, 0x008410, 0x008410, 0x008410, 0x008410, 0x008410, 0x008410, 0x008410, 0x008410, 0x008410, 0x008410, 0x008410, 0x008410, 
0x008410, 0x007BEF, 0x008410, 0x1273AE, 0xF141A5, 0xFE7AE9, 0xFE8B4A, 0xFE8B4A, 0xFF8B4A, 0xFF8B4A, 0xFF8B4A, 0xFF8B4A, 0xFF8B4A, 0xFF8B4A, 0xFF834A, 0xFD8B6B, 
0xFE5A47, 0xD841C5, 0x047BEF, 0x008410, 0x007BEF, 0x007C10, 0x1883CE, 0xF2AB47, 0xFEED8F, 0xFEFDF1, 0xFEF5D0, 0xFFFDF1, 0xFFF5D0, 0xFFFDF1, 0xFFFDF1, 0xFFF5D0, 
0xFFFDF1, 0xFEF5D0, 0xFCFE11, 0xFDCC6B, 0xE19B07, 0x0883EF, 0x007C10, 0x0083EF, 0x008410, 0x008410, 0x008410, 0x008410, 0x008410, 0x008410, 0x008410, 0x008410, 
0x008410, 0x008410, 0x008410, 0x008410, 0x008410, 0x008410, 0x008410, 0x008410, 0x008410, 0x008410, 0x008410, 0x008410, 0x008410, 0x008410, 0x008410, 0x008410, 
0x008410, 0x008410, 0x008410, 0x008410, 0x008410, 0x008410, 0x008410, 0x008410, 0x008410, 0x008410, 0x008410, 0x008410, 0x008410, 0x008410, 0x008410, 0x008410, 
0x008410, 0x008410, 0x008410, 0x008410, 0x008410, 0x008410, 0x008410, 0x008410, 0x008410, 0x008410, 0x008410, 0x008410, 0x008410, 0x008410, 0x008410, 0x008410, 
0x008410, 0x008410, 0x008410, 0x008410, 0x008410, 0x008410, 0x008410, 0x008410, 0x008410, 0x008410, 0x008410, 0x008410, 0x008410, 0x008410, 0x008410, 0x008410, 
0x008410, 0x008410, 0x008410, 0x008410, 0x008410, 0x008410, 0x008410, 0x008410, 0x037BEF, 0x008430, 0x625ACA, 0xFE5206, 0xFB8B6B, 0xFF834A, 0xFE8B4A, 0xFF8B4A, 
0xFF8B4A, 0xFF8B4A, 0xFF8B4A, 0xFF9349, 0xFFAB67, 0xFFE50E, 0xFFF5F1, 0xFFFE11, 0xFFFDF1, 0xFFFDF1, 0xFFFDF1, 0xFFFDF1, 0xFEF5D0, 0xFBFE11, 0xFDCC4B, 0xBF9B28, 
0x007C10, 0x017BEF, 0x007BEF, 0x008410, 0x008410, 0x008410, 0x008410, 0x008410, 0x008410, 0x008410, 0x008410, 0x008410, 0x008410, 0x008410, 0x008410, 0x008410, 
0x008410, 0x007BEF, 0x008410, 0x2A736D, 0xFF41A5, 0xFA834A, 0xFE8B6B, 0xFE8B4A, 0xFE8B6A, 0xFE8B6A, 0xFF8B6A, 0xFF8B6A, 0xFE8B6A, 0xFE8B4A, 0xFE8B6B, 0xF7834A, 
0xFF41A4, 0x875268, 0x008430, 0x037BEF, 0x0383EF, 0x007C10, 0x63938B, 0xFFBBA8, 0xFBF5D1, 0xFFFE11, 0xFFFDF1, 0xFFF5D0, 0xFFF5D0, 0xFFF5D0, 0xFFF5D0, 0xFFF5D0, 
0xFEF5D0, 0xFEFE11, 0xF8DD0E, 0xFFAB26, 0x6E938B, 0x007C10, 0x0283EF, 0x008410, 0x008410, 0x008410, 0x008410, 0x008410, 0x008410, 0x008410, 0x008410, 0x008410, 
0x008410, 0x008410, 0x008410, 0x008410, 0x008410, 0x008410, 0x008410, 0x008410, 0x008410, 0x008410, 0x008410, 0x008410, 0x008410, 0x008410, 0x008410, 0x008410, 
0x008410, 0x008410, 0x008410, 0x008410, 0x008410, 0x008410, 0x008410, 0x008410, 0x008410, 0x008410, 0x008410, 0x008410, 0x008410, 0x008410, 0x008410, 0x008410, 
0x008410, 0x008410, 0x008410, 0x008410, 0x008410, 0x008410, 0x008410, 0x008410, 0x008410, 0x008410, 0x008410, 0x008410, 0x008410, 0x008410, 0x008410, 0x008410, 
0x008410, 0x008410, 0x008410, 0x008410, 0x008410, 0x008410, 0x008410, 0x008410, 0x008410, 0x008410, 0x008410, 0x008410, 0x008410, 0x008410, 0x008410, 0x008410, 
0x008410, 0x008410, 0x008410, 0x008410, 0x008410, 0x008410, 0x008410, 0x008410, 0x027BEF, 0x008430, 0x695ACA, 0xFF49E5, 0xFA8B6A, 0xFB8B6B, 0xFE8B4A, 0xFE8B4A, 
0xFE8B4A, 0xFF8B4A, 0xFF8B6B, 0xFF5A47, 0xFF82C7, 0xFFAB47, 0xFFB3A8, 0xFFD48C, 0xFFE52E, 0xFFED90, 0xFFF5B0, 0xFFF5D0, 0xFFFDF1, 0xFBED90, 0xFFAB47, 0x5B8B8B, 
0x007C10, 0x037BEF, 0x008410, 0x008410, 0x008410, 0x008410, 0x008410, 0x008410, 0x008410, 0x008410, 0x008410, 0x008410, 0x008410, 0x008410, 0x008410, 0x008410, 
0x008410, 0x007BEF, 0x018410, 0x0A7BCF, 0xD141E5, 0xFF5205, 0xFF72E9, 0xFF7B09, 0xFF832A, 0xFF832A, 0xFF832A, 0xFF832A, 0xFF832A, 0xFF832A, 0xFF7AE9, 0xFF49E5, 
0xDF41C5, 0x1373AE, 0x018410, 0x007BEF, 0x027BEF, 0x008430, 0x53732B, 0xFE8AC6, 0xFBBBA8, 0xFED4AC, 0xFFF5B0, 0xFFFE11, 0xFFFE11, 0xFFFE11, 0xFFFDF1, 0xFEFDF1, 
0xFFFE11, 0xFAE52E, 0xFFAB47, 0x9E9B69, 0x007C10, 0x027BEF, 0x007BEF, 0x0083EF, 0x008410, 0x008410, 0x008410, 0x008410, 0x008410, 0x008410, 0x008410, 0x008410, 
0x008410, 0x008410, 0x008410, 0x008410, 0x008410, 0x008410, 0x008410, 0x008410, 0x008410, 0x008410, 0x008410, 0x008410, 0x008410, 0x008410, 0x008410, 0x008410, 
0x008410, 0x008410, 0x008410, 0x008410, 0x008410, 0x008410, 0x008410, 0x008410, 0x008410, 0x008410, 0x008410, 0x008410, 0x008410, 0x008410, 0x008410, 0x008410, 
0x008410, 0x008410, 0x008410, 0x008410, 0x008410, 0x008410, 0x008410, 0x008410, 0x008410, 0x008410, 0x008410, 0x008410, 0x008410, 0x008410, 0x008410, 0x008410, 
0x008410, 0x008410, 0x008410, 0x008410, 0x008410, 0x008410, 0x008410, 0x008410, 0x008410, 0x008410, 0x008410, 0x008410, 0x008410, 0x008410, 0x008410, 0x008410, 
0x008410, 0x008410, 0x008410, 0x008410, 0x008410, 0x008410, 0x008410, 0x008410, 0x007BEF, 0x018410, 0x0B7BCF, 0xA25247, 0xFF49C5, 0xFF6A87, 0xFF832A, 0xFC8B6B, 
0xFE8B6B, 0xFF8B6B, 0xFE5A47, 0xFF5A26, 0xFF8B4A, 0xFF8B4A, 0xFF9328, 0xFF9B07, 0xFFA327, 0xFFAB67, 0xFFB388, 0xFFB3A8, 0xFCBBC9, 0xFFB3A8, 0xD6A348, 0x0783EF, 
0x007C10, 0x007BEF, 0x008410, 0x008410, 0x008410, 0x008410, 0x008410, 0x008410, 0x008410, 0x008410, 0x008410, 0x008410, 0x008410, 0x008410, 0x008410, 0x008410, 
0x008410, 0x008410, 0x017BEF, 0x008410, 0x1973AE, 0x995247, 0xE041C5, 0xF741C5, 0xFE41C5, 0xFF41C5, 0xFF49C5, 0xFF49C5, 0xFF49C5, 0xFF41C5, 0xEF41A5, 0xB54A06, 
0x21738D, 0x008410, 0x017BEF, 0x007BEF, 0x018410, 0x087BCF, 0xCF41C6, 0xFE72C8, 0xFD9B49, 0xFFA307, 0xFFB388, 0xFFC42A, 0xFFD4AC, 0xFFE52E, 0xFFED6F, 0xFFEDB0, 
0xFCDD0E, 0xFFAB47, 0xA69B69, 0x0383EF, 0x017BF0, 0x0083EF, 0x008410, 0x008410, 0x008410, 0x008410, 0x008410, 0x008410, 0x008410, 0x008410, 0x008410, 0x008410, 
0x008410, 0x008410, 0x008410, 0x008410, 0x008410, 0x008410, 0x008410, 0x008410, 0x008410, 0x008410, 0x008410, 0x008410, 0x008410, 0x008410, 0x008410, 0x008410, 
0x008410, 0x008410, 0x008410, 0x008410, 0x008410, 0x008410, 0x008410, 0x008410, 0x008410, 0x008410, 0x008410, 0x008410, 0x008410, 0x008410, 0x008410, 0x008410, 
0x008410, 0x008410, 0x008410, 0x008410, 0x008410, 0x008410, 0x008410, 0x008410, 0x008410, 0x008410, 0x008410, 0x008410, 0x008410, 0x008410, 0x008410, 0x008410, 
0x008410, 0x008410, 0x008410, 0x008410, 0x008410, 0x008410, 0x008410, 0x008410, 0x008410, 0x008410, 0x008410, 0x008410, 0x008410, 0x008410, 0x008410, 0x008410, 
0x008410, 0x008410, 0x008410, 0x008410, 0x008410, 0x008410, 0x008410, 0x008410, 0x008410, 0x007BEF, 0x008410, 0x008410, 0x406B2C, 0xA84A27, 0xF741C5, 0xFF5205, 
0xFF6A88, 0xFE5A47, 0xFF5206, 0xFF8B6A, 0xFF8B4A, 0xFF8B4A, 0xFF834B, 0xFF8B6A, 0xFF8B4A, 0xFF9349, 0xFF9349, 0xFF9329, 0xFA9328, 0xFF8AA6, 0x677B4B, 0x007C10, 
0x037BEF, 0x008410, 0x008410, 0x008410, 0x008410, 0x008410, 0x008410, 0x008410, 0x008410, 0x008410, 0x008410, 0x008410, 0x008410, 0x008410, 0x008410, 0x008410, 
0x008410, 0x007BEF, 0x008410, 0x007BEF, 0x008410, 0x008430, 0x097BCF, 0x1E738E, 0x28738D, 0x2B738D, 0x2D738D, 0x2E738D, 0x2E738D, 0x2E736D, 0x17738E, 0x008410, 
0x008410, 0x007BEF, 0x008410, 0x037BEF, 0x008430, 0x7C5A89, 0xFF49C5, 0xFA8B6B, 0xFF834A, 0xFF8B4A, 0xFF9328, 0xFF9B07, 0xFFA307, 0xFFA327, 0xFFAB47, 0xFCAB47, 
0xFEAB47, 0xC49B28, 0x007BEF, 0x007C10, 0x0083EF, 0x007C10, 0x0083EF, 0x008410, 0x008410, 0x008410, 0x008410, 0x008410, 0x008410, 0x008410, 0x008410, 0x008410, 
0x008410, 0x008410, 0x008410, 0x008410, 0x008410, 0x008410, 0x008410, 0x008410, 0x008410, 0x008410, 0x008410, 0x008410, 0x008410, 0x008410, 0x008410, 0x008410, 
0x008410, 0x008410, 0x008410, 0x008410, 0x008410, 0x008410, 0x008410, 0x008410, 0x008410, 0x008410, 0x008410, 0x008410, 0x008410, 0x008410, 0x008410, 0x008410, 
0x008410, 0x008410, 0x008410, 0x008410, 0x008410, 0x008410, 0x008410, 0x008410, 0x008410, 0x008410, 0x008410, 0x008410, 0x008410, 0x008410, 0x008410, 0x008410, 
0x008410, 0x008410, 0x008410, 0x008410, 0x008410, 0x008410, 0x008410, 0x008410, 0x008410, 0x008410, 0x008410, 0x008410, 0x008410, 0x008410, 0x008410, 0x008410, 
0x008410, 0x008410, 0x008410, 0x008410, 0x008410, 0x008410, 0x008410, 0x008410, 0x007BEF, 0x008410, 0x007BEF, 0x017BEF, 0x008430, 0x008410, 0x1F738D, 0x5462EA, 
0xEB3984, 0xFE49E5, 0xFD834A, 0xFF8B4A, 0xFF8B4A, 0xFF8B4A, 0xFF8B4A, 0xFF8B4A, 0xFF8B4A, 0xFF8B4A, 0xFF8B4A, 0xFF8B4B, 0xFB834A, 0xFF41A5, 0x5B62EB, 0x008430, 
0x027BEF, 0x0083EF, 0x008410, 0x008410, 0x008410, 0x008410, 0x008410, 0x008410, 0x008410, 0x008410, 0x008410, 0x008410, 0x008410, 0x008410, 0x008410, 0x008410, 
0x008410, 0x008410, 0x007BEF, 0x008410, 0x017BEF, 0x037BEF, 0x008410, 0x008410, 0x008410, 0x008410, 0x008410, 0x008410, 0x008410, 0x008410, 0x008410, 0x027BEF, 
0x017BEF, 0x008410, 0x017BEF, 0x008410, 0x20738D, 0xF43984, 0xFC72C8, 0xFE8B6B, 0xFE8B4A, 0xFF8B4A, 0xFF834A, 0xFF8B6A, 0xFF8B6A, 0xFF934A, 0xFF9349, 0xFC9B69, 
0xFF7AA7, 0xC04A06, 0x007BEF, 0x0183EF, 0x007C10, 0x0083EF, 0x008410, 0x008410, 0x008410, 0x008410, 0x008410, 0x008410, 0x008410, 0x008410, 0x008410, 0x008410, 
0x008410, 0x008410, 0x008410, 0x008410, 0x008410, 0x008410, 0x008410, 0x008410, 0x008410, 0x008410, 0x008410, 0x008410, 0x008410, 0x008410, 0x008410, 0x008410, 
0x008410, 0x008410, 0x008410, 0x008410, 0x008410, 0x008410, 0x008410, 0x008410, 0x008410, 0x008410, 0x008410, 0x008410, 0x008410, 0x008410, 0x008410, 0x008410, 
0x008410, 0x008410, 0x008410, 0x008410, 0x008410, 0x008410, 0x008410, 0x008410, 0x008410, 0x008410, 0x008410, 0x008410, 0x008410, 0x008410, 0x008410, 0x008410, 
0x008410, 0x008410, 0x008410, 0x008410, 0x008410, 0x008410, 0x008410, 0x008410, 0x008410, 0x008410, 0x008410, 0x008410, 0x008410, 0x008410, 0x008410, 0x008410, 
0x008410, 0x008410, 0x008410, 0x008410, 0x008410, 0x008410, 0x008410, 0x008410, 0x008410, 0x008410, 0x0083EF, 0x008410, 0x027BEF, 0x057BEF, 0x008451, 0x46630B, 
0xFC41A5, 0xFB832A, 0xFE8B4A, 0xFF8B4A, 0xFF8B4A, 0xFF8B4A, 0xFF8B4A, 0xFF8B4A, 0xFF8B4A, 0xFF8B4A, 0xFF8B4A, 0xFF8B4A, 0xFB834A, 0xFF49C5, 0x5E630B, 0x008430, 
0x027BEF, 0x008410, 0x008410, 0x008410, 0x008410, 0x008410, 0x008410, 0x008410, 0x008410, 0x008410, 0x008410, 0x008410, 0x008410, 0x008410, 0x008410, 0x008410, 
0x008410, 0x008410, 0x008410, 0x008410, 0x007BEF, 0x008410, 0x007BEF, 0x007BEF, 0x017BEF, 0x017BEF, 0x017BEF, 0x017BEF, 0x017BEF, 0x017BEF, 0x007BEF, 0x008410, 
0x007BEF, 0x008410, 0x027BEF, 0x008430, 0x935268, 0xFF49E5, 0xF98B6A, 0xFF8B4A, 0xFF8B4A, 0xFF8B4A, 0xFF8B4A, 0xFF8B4A, 0xFF8B4A, 0xFF8B4A, 0xFF834A, 0xFD8B6B, 
0xFF5A47, 0xDB41C5, 0x027BEF, 0x007C10, 0x0083EF, 0x008410, 0x008410, 0x008410, 0x008410, 0x008410, 0x008410, 0x008410, 0x008410, 0x008410, 0x008410, 0x008410, 
0x008410, 0x008410, 0x008410, 0x008410, 0x008410, 0x008410, 0x008410, 0x008410, 0x008410, 0x008410, 0x008410, 0x008410, 0x008410, 0x008410, 0x008410, 0x008410, 
0x008410, 0x008410, 0x008410, 0x008410, 0x008410, 0x008410, 0x008410, 0x008410, 0x008410, 0x008410, 0x008410, 0x008410, 0x008410, 0x008410, 0x008410, 0x008410, 
0x008410, 0x008410, 0x008410, 0x008410, 0x008410, 0x008410, 0x008410, 0x008410, 0x008410, 0x008410, 0x008410, 0x008410, 0x008410, 0x008410, 0x008410, 0x008410, 
0x008410, 0x008410, 0x008410, 0x008410, 0x008410, 0x008410, 0x008410, 0x008410, 0x008410, 0x008410, 0x008410, 0x008410, 0x008410, 0x008410, 0x008410, 0x008410, 
0x008410, 0x008410, 0x008410, 0x008410, 0x008410, 0x008410, 0x008410, 0x008410, 0x008410, 0x008410, 0x008410, 0x008410, 0x007BEF, 0x057BEF, 0x018430, 0x895268, 
0xFF51E5, 0xF58B8B, 0xFD8B6B, 0xFE8B6A, 0xFE8B4A, 0xFE8B4A, 0xFF8B4A, 0xFF8B4A, 0xFF8B4A, 0xFE8B4A, 0xFE8B4A, 0xFE8B6A, 0xFA8B6A, 0xFB49C5, 0x5E62EB, 0x008430, 
0x037BEF, 0x008410, 0x008410, 0x008410, 0x008410, 0x008410, 0x008410, 0x008410, 0x008410, 0x008410, 0x008410, 0x008410, 0x008410, 0x008410, 0x008410, 0x008410, 
0x008410, 0x008410, 0x008410, 0x008410, 0x008410, 0x008410, 0x008410, 0x008410, 0x008410, 0x008410, 0x008410, 0x008410, 0x008410, 0x008410, 0x008410, 0x008410, 
0x008410, 0x007BEF, 0x008410, 0x0B7BCE, 0xE641A5, 0xFE6AA8, 0xFD8B6B, 0xFE834A, 0xFF8B4A, 0xFF8B4A, 0xFF8B4A, 0xFF8B4A, 0xFF8B4A, 0xFF8B4A, 0xFF8B4A, 0xFE8B6B, 
0xFF6267, 0xDB41C5, 0x037BEF, 0x007BF0, 0x008410, 0x008410, 0x008410, 0x008410, 0x008410, 0x008410, 0x008410, 0x008410, 0x008410, 0x008410, 0x008410, 0x008410, 
0x008410, 0x008410, 0x008410, 0x008410, 0x008410, 0x008410, 0x008410, 0x008410, 0x008410, 0x008410, 0x008410, 0x008410, 0x008410, 0x008410, 0x008410, 0x008410, 
0x008410, 0x008410, 0x008410, 0x008410, 0x008410, 0x008410, 0x008410, 0x008410, 0x008410, 0x008410, 0x008410, 0x008410, 0x008410, 0x008410, 0x008410, 0x008410, 
0x008410, 0x008410, 0x008410, 0x008410, 0x008410, 0x008410, 0x008410, 0x008410, 0x008410, 0x008410, 0x008410, 0x008410, 0x008410, 0x008410, 0x008410, 0x008410, 
0x008410, 0x008410, 0x008410, 0x008410, 0x008410, 0x008410, 0x008410, 0x008410, 0x008410, 0x008410, 0x008410, 0x008410, 0x008410, 0x008410, 0x008410, 0x008410, 
0x008410, 0x008410, 0x008410, 0x008410, 0x008410, 0x008410, 0x008410, 0x008410, 0x008410, 0x008410, 0x008410, 0x008410, 0x008410, 0x027BEF, 0x008410, 0x396B4C, 
0xEB41A4, 0xFF49E5, 0xFF6AA8, 0xFF7B09, 0xFC8B4A, 0xFA8B6B, 0xFA8B6B, 0xF98B6B, 0xF98B6B, 0xFA8B6A, 0xFB834A, 0xFE7B09, 0xFF72C8, 0xFF4184, 0x456B0B, 0x008430, 
0x027BEF, 0x008410, 0x008410, 0x008410, 0x008410, 0x008410, 0x008410, 0x008410, 0x008410, 0x008410, 0x008410, 0x008410, 0x008410, 0x008410, 0x008410, 0x008410, 
0x008410, 0x008410, 0x008410, 0x008410, 0x008410, 0x008410, 0x008410, 0x008410, 0x008410, 0x008410, 0x008410, 0x008410, 0x008410, 0x008410, 0x008410, 0x008410, 
0x008410, 0x017BEF, 0x008410, 0x356B4C, 0xFC41A4, 0xFB832A, 0xFF8B6B, 0xFE8B4A, 0xFE8B4A, 0xFF8B4A, 0xFF8B4A, 0xFF8B4A, 0xFF8B4A, 0xFF8B4A, 0xFE8B4A, 0xFE938B, 
0xFD6287, 0xDA41C5, 0x037BEF, 0x008410, 0x008410, 0x008410, 0x008410, 0x008410, 0x008410, 0x008410, 0x008410, 0x008410, 0x008410, 0x008410, 0x008410, 0x008410, 
0x008410, 0x008410, 0x008410, 0x008410, 0x008410, 0x008410, 0x008410, 0x008410, 0x008410, 0x008410, 0x008410, 0x008410, 0x008410, 0x008410, 0x008410, 0x008410, 
0x008410, 0x008410, 0x008410, 0x008410, 0x008410, 0x008410, 0x008410, 0x008410, 0x008410, 0x008410, 0x008410, 0x008410, 0x008410, 0x008410, 0x008410, 0x008410, 
0x008410, 0x008410, 0x008410, 0x008410, 0x008410, 0x008410, 0x008410, 0x008410, 0x008410, 0x008410, 0x008410, 0x008410, 0x008410, 0x008410, 0x008410, 0x008410, 
0x008410, 0x008410, 0x008410, 0x008410, 0x008410, 0x008410, 0x008410, 0x008410, 0x008410, 0x008410, 0x008410, 0x008410, 0x008410, 0x008410, 0x008410, 0x008410, 
0x008410, 0x008410, 0x008410, 0x008410, 0x008410, 0x008410, 0x008410, 0x008410, 0x008410, 0x008410, 0x008410, 0x008410, 0x008410, 0x008410, 0x007BEF, 0x008410, 
0x1973AE, 0x795A89, 0xCB41E6, 0xF641A5, 0xFF49C5, 0xFF49E5, 0xFF51E5, 0xFF51E5, 0xFF51E5, 0xFF49E5, 0xFF41A5, 0xFC41A4, 0xE441A5, 0xA85227, 0x0A7BCF, 0x008410, 
0x007BEF, 0x008410, 0x008410, 0x008410, 0x008410, 0x008410, 0x008410, 0x008410, 0x008410, 0x008410, 0x008410, 0x008410, 0x008410, 0x008410, 0x008410, 0x008410, 
0x008410, 0x008410, 0x008410, 0x008410, 0x008410, 0x008410, 0x008410, 0x008410, 0x008410, 0x008410, 0x008410, 0x008410, 0x008410, 0x008410, 0x008410, 0x008410, 
0x008410, 0x017BEF, 0x008410, 0x2F736D, 0xFF3984, 0xFF6267, 0xFF7AE9, 0xFD832A, 0xFC834A, 0xFB834A, 0xFB8B4A, 0xFB8B4A, 0xFB8B4A, 0xFB8B4A, 0xFB8B4A, 0xFB832A, 
0xFF5206, 0xD741C5, 0x007BEF, 0x007BF0, 0x008410, 0x008410, 0x008410, 0x008410, 0x008410, 0x008410, 0x008410, 0x008410, 0x008410, 0x008410, 0x008410, 0x008410, 
0x008410, 0x008410, 0x008410, 0x008410, 0x008410, 0x008410, 0x008410, 0x008410, 0x008410, 0x008410, 0x008410, 0x008410, 0x008410, 0x008410, 0x008410, 0x008410, 
0x008410, 0x008410, 0x008410, 0x008410, 0x008410, 0x008410, 0x008410, 0x008410, 0x008410, 0x008410, 0x008410, 0x008410, 0x008410, 0x008410, 0x008410, 0x008410, 
0x008410, 0x008410, 0x008410, 0x008410, 0x008410, 0x008410, 0x008410, 0x008410, 0x008410, 0x008410, 0x008410, 0x008410, 0x008410, 0x008410, 0x008410, 0x008410, 
0x008410, 0x008410, 0x008410, 0x008410, 0x008410, 0x008410, 0x008410, 0x008410, 0x008410, 0x008410, 0x008410, 0x008410, 0x008410, 0x008410, 0x008410, 0x008410, 
0x008410, 0x008410, 0x008410, 0x008410, 0x008410, 0x008410, 0x008410, 0x008410, 0x008410, 0x008410, 0x008410, 0x008410, 0x008410, 0x007BEF, 0x008410, 0x017BEF, 
0x008410, 0x008430, 0x007BEF, 0x1F738D, 0x436B2C, 0x5D62EB, 0x695ACA, 0x705A89, 0x725A89, 0x655ACA, 0x4B630B, 0x28736D, 0x0B7BCE, 0x008410, 0x008410, 0x007BEF, 
0x008410, 0x008410, 0x008410, 0x008410, 0x008410, 0x008410, 0x008410, 0x008410, 0x008410, 0x008410, 0x008410, 0x008410, 0x008410, 0x008410, 0x008410, 0x008410, 
0x008410, 0x008410, 0x008410, 0x008410, 0x008410, 0x008410, 0x008410, 0x008410, 0x008410, 0x008410, 0x008410, 0x008410, 0x008410, 0x008410, 0x008410, 0x008410, 
0x008410, 0x007BEF, 0x017BEF, 0x017BEF, 0x6B5ACA, 0xD541C5, 0xF841A4, 0xFF41A4, 0xFF41A5, 0xFF49C5, 0xFF49C5, 0xFF49C5, 0xFF49C5, 0xFF49C5, 0xFF49C5, 0xFF4184, 
0xDF41A5, 0x4E630B, 0x008410, 0x017BEF, 0x008410, 0x008410, 0x008410, 0x008410, 0x008410, 0x008410, 0x008410, 0x008410, 0x008410, 0x008410, 0x008410, 0x008410, 
0x008410, 0x008410, 0x008410, 0x008410, 0x008410, 0x008410, 0x008410, 0x008410, 0x008410, 0x008410, 0x008410, 0x008410, 0x008410, 0x008410, 0x008410, 0x008410, 
0x008410, 0x008410, 0x008410, 0x008410, 0x008410, 0x008410, 0x008410, 0x008410, 0x008410, 0x008410, 0x008410, 0x008410, 0x008410, 0x008410, 0x008410, 0x008410, 
0x008410, 0x008410, 0x008410, 0x008410, 0x008410, 0x008410, 0x008410, 0x008410, 0x008410, 0x008410, 0x008410, 0x008410, 0x008410, 0x008410, 0x008410, 0x008410, 
0x008410, 0x008410, 0x008410, 0x008410, 0x008410, 0x008410, 0x008410, 0x008410, 0x008410, 0x008410, 0x008410, 0x008410, 0x008410, 0x008410, 0x008410, 0x008410, 
0x008410, 0x008410, 0x008410, 0x008410, 0x008410, 0x008410, 0x008410, 0x008410, 0x008410, 0x008410, 0x008410, 0x008410, 0x008410, 0x008410, 0x007BEF, 0x008410, 
0x007BEF, 0x037BEF, 0x008410, 0x008410, 0x008430, 0x008430, 0x008430, 0x008430, 0x008430, 0x008430, 0x008430, 0x008410, 0x008410, 0x027BEF, 0x007BEF, 0x008410, 
0x007BEF, 0x008410, 0x008410, 0x008410, 0x008410, 0x008410, 0x008410, 0x008410, 0x008410, 0x008410, 0x008410, 0x008410, 0x008410, 0x008410, 0x008410, 0x008410, 
0x008410, 0x008410, 0x008410, 0x008410, 0x008410, 0x008410, 0x008410, 0x008410, 0x008410, 0x008410, 0x008410, 0x008410, 0x008410, 0x008410, 0x008410, 0x008410, 
0x008410, 0x008410, 0x007BEF, 0x008410, 0x008430, 0x017BEF, 0x23738D, 0x406B4C, 0x53630B, 0x5E62EB, 0x6762CA, 0x6B5ACA, 0x6B5ACA, 0x6D5ACA, 0x685ACA, 0x416B2C, 
0x0A7BCF, 0x008410, 0x007BEF, 0x008410, 0x008410, 0x008410, 0x008410, 0x008410, 0x008410, 0x008410, 0x008410, 0x008410, 0x008410, 0x008410, 0x008410, 0x008410, 
0x008410, 0x008410, 0x008410, 0x008410, 0x008410, 0x008410, 0x008410, 0x008410, 0x008410, 0x008410, 0x008410, 0x008410, 0x008410, 0x008410, 0x008410, 0x008410, 
0x008410, 0x008410, 0x008410, 0x008410, 0x008410, 0x008410, 0x008410, 0x008410, 0x008410, 0x008410, 0x008410, 0x008410, 0x008410, 0x008410, 0x008410, 0x008410, 
0x008410, 0x008410, 0x008410, 0x008410, 0x008410, 0x008410, 0x008410, 0x008410, 0x008410, 0x008410, 0x008410, 0x008410, 0x008410, 0x008410, 0x008410, 0x008410, 
0x008410, 0x008410, 0x008410, 0x008410, 0x008410, 0x008410, 0x008410, 0x008410, 0x008410, 0x008410, 0x008410, 0x008410, 0x008410, 0x008410, 0x008410, 0x008410, 
0x008410, 0x008410, 0x008410, 0x008410, 0x008410, 0x008410, 0x008410, 0x008410, 0x008410, 0x008410, 0x008410, 0x008410, 0x008410, 0x008410, 0x008410, 0x008410, 
0x008410, 0x007BEF, 0x007BF0, 0x017BEF, 0x037BEF, 0x047BEF, 0x047BEF, 0x047BEF, 0x047BEF, 0x047BEF, 0x037BEF, 0x017BEF, 0x007BEF, 0x008410, 0x007BEF, 0x008410, 
0x008410, 0x008410, 0x008410, 0x008410, 0x008410, 0x008410, 0x008410, 0x008410, 0x008410, 0x008410, 0x008410, 0x008410, 0x008410, 0x008410, 0x008410, 0x008410, 
0x008410, 0x008410, 0x008410, 0x008410, 0x008410, 0x008410, 0x008410, 0x008410, 0x008410, 0x008410, 0x008410, 0x008410, 0x008410, 0x008410, 0x008410, 0x008410, 
0x008410, 0x007BEF, 0x008410, 0x007BEF, 0x037BEF, 0x008410, 0x008410, 0x008430, 0x008430, 0x008430, 0x008430, 0x008430, 0x008430, 0x008430, 0x008430, 0x008430, 
0x008410, 0x027BEF, 0x008410, 0x007BEF, 0x008410, 0x008410, 0x008410, 0x008410, 0x008410, 0x008410, 0x008410, 0x008410, 0x008410, 0x008410, 0x008410, 0x008410, 
0x008410, 0x008410, 0x008410, 0x008410, 0x008410, 0x008410, 0x008410, 0x008410, 0x008410, 0x008410, 0x008410, 0x008410, 0x008410, 0x008410, 0x008410, 0x008410, 
0x008410, 0x008410, 0x008410, 0x008410, 0x008410, 0x008410, 0x008410, 0x008410, 0x008410, 0x008410, 0x008410, 0x008410, 0x008410, 0x008410, 0x008410, 0x008410, 
0x008410, 0x008410, 0x008410, 0x008410, 0x008410, 0x008410, 0x008410, 0x008410, 0x008410, 0x008410, 0x008410, 0x008410, 0x008410, 0x008410, 0x008410, 0x008410, 
0x008410, 0x008410, 0x008410, 0x008410, 0x008410, 0x008410, 0x008410, 0x008410, 0x008410, 0x008410, 0x008410, 0x008410, 0x008410, 0x008410, 0x008410, 0x008410, 
0x008410, 0x008410, 0x008410, 0x008410, 0x008410, 0x008410, 0x008410, 0x008410, 0x008410, 0x008410, 0x008410, 0x008410, 0x008410, 0x008410, 0x008410, 0x008410, 
0x008410, 0x008410, 0x008410, 0x008410, 0x008410, 0x008410, 0x008410, 0x008410, 0x008410, 0x008410, 0x008410, 0x008410, 0x008410, 0x008410, 0x008410, 0x008410, 
0x008410, 0x008410, 0x008410, 0x008410, 0x008410, 0x008410, 0x008410, 0x008410, 0x008410, 0x008410, 0x008410, 0x008410, 0x008410, 0x008410, 0x008410, 0x008410, 
0x008410, 0x008410, 0x008410, 0x008410, 0x008410, 0x008410, 0x008410, 0x008410, 0x008410, 0x008410, 0x008410, 0x008410, 0x008410, 0x008410, 0x008410, 0x008410, 
0x008410, 0x008410, 0x008410, 0x007BEF, 0x008410, 0x007BEF, 0x007BEF, 0x027BEF, 0x037BEF, 0x037BEF, 0x047BEF, 0x047BEF, 0x047BEF, 0x047BEF, 0x047BEF, 0x027BEF, 
0x007BEF, 0x008410, 0x007BEF, 0x008410, 0x008410, 0x008410, 0x008410, 0x008410, 0x008410, 0x008410, 0x008410, 0x008410, 0x008410, 0x008410, 0x008410, 0x008410, 
0x008410, 0x008410, 0x008410, 0x008410, 0x008410, 0x008410, 0x008410, 0x008410, 0x008410, 0x008410, 0x008410, 0x008410, 0x008410, 0x008410, 0x008410, 0x008410, 
0x008410, 0x008410, 0x008410, 0x008410, 0x008410, 0x008410, 0x008410, 0x008410, 0x008410, 0x008410, 0x008410, 0x008410, 0x008410, 0x008410, 0x008410, 0x008410, 
0x008410, 0x008410, 0x008410, 0x008410, 0x008410, 0x008410, 0x008410, 0x008410, 0x008410, 0x008410, 0x008410, 0x008410, 0x008410, 0x008410, 0x008410, 0x008410, 
0x008410, 0x008410, 0x008410, 0x008410, 0x008410, 0x008410, 0x008410, 0x008410, 0x008410, 0x008410, 0x008410, 0x008410, 0x008410, 0x008410, 0x008410, 0x008410, 
0x008410, 0x008410, 0x008410, 0x008410, 0x008410, 0x008410, 0x008410, 0x008410, 0x008410, 0x008410, 0x008410, 0x008410, 0x008410, 0x008410, 0x008410, 0x008410, 
0x008410, 0x008410, 0x008410, 0x008410, 0x008410, 0x008410, 0x008410, 0x008410, 0x008410, 0x008410, 0x008410, 0x008410, 0x008410, 0x008410, 0x008410, 0x008410, 
0x008410, 0x008410, 0x008410, 0x008410, 0x008410, 0x008410, 0x008410, 0x008410, 0x008410, 0x008410, 0x008410, 0x008410, 0x008410, 0x008410, 0x008410, 0x008410, 
0x008410, 0x008410, 0x008410, 0x008410, 0x008410, 0x008410, 0x008410, 0x008410, 0x008410, 0x008410, 0x008410, 0x008410, 0x008410, 0x008410, 0x008410, 0x008410, 
0x008410, 0x008410, 0x008410, 0x008410, 0x008410, 0x008410, 0x008410, 0x008410, 0x008410, 0x008410, 0x008410, 0x008410, 0x008410, 0x008410, 0x008410, 0x008410, 
0x008410, 0x008410, 0x008410, 0x008410, 0x008410, 0x008410, 0x008410, 0x008410, 0x008410, 0x008410, 0x008410, 0x008410, 0x008410, 0x008410, 0x008410, 0x008410, 
0x008410, 0x008410, 0x008410, 0x008410, 0x008410, 0x008410, 0x008410, 0x008410, 0x008410, 0x008410, 0x008410, 0x008410, 0x008410, 0x008410, 0x008410, 0x008410, 
0x008410, 0x008410, 0x008410, 0x008410, 0x008410, 0x008410, 0x008410, 0x008410, 0x008410, 0x008410, 0x008410, 0x008410, 0x008410, 0x008410, 0x008410, 0x008410, 
0x008410, 0x008410, 0x008410, 0x008410, 0x008410, 0x008410, 0x008410, 0x008410, 0x008410, 0x008410, 0x008410, 0x008410, 0x008410, 0x008410, 0x008410, 0x008410, 
0x008410, 0x008410, 0x008410, 0x008410, 0x008410, 0x008410, 0x008410, 0x008410, 0x008410, 0x008410, 0x008410, 0x008410, 0x008410, 0x008410, 0x008410, 0x008410, 
0x008410, 0x008410, 0x008410, 0x008410, 0x008410, 0x008410, 0x008410, 0x008410, 0x008410, 0x008410, 0x008410, 0x008410, 0x008410, 0x008410, 0x008410, 0x008410, 
0x008410, 0x008410, 0x008410, 0x008410, 0x008410, 0x008410, 0x008410, 0x008410, 0x008410, 0x008410, 0x008410, 0x008410, 0x008410, 0x008410, 0x008410, 0x008410, 
0x008410, 0x008410, 0x008410, 0x008410, 0x008410, 0x008410, 0x008410, 0x008410, 0x008410, 0x008410, 0x008410, 0x008410, 0x008410, 0x008410, 0x008410, 0x008410, 
0x008410, 0x008410, 0x008410, 0x008410, 0x008410, 0x008410, 0x008410, 0x008410, 0x008410, 0x008410, 0x008410, 0x008410, 0x008410, 0x008410, 0x008410, 0x008410, 
0x008410, 0x008410, 0x008410, 0x008410, 0x008410, 0x008410, 0x008410, 0x008410, 0x008410, 0x008410, 0x008410, 0x008410, 0x008410, 0x008410, 0x008410, 0x008410, 
0x008410, 0x008410, 0x008410, 0x008410, 0x008410, 0x008410, 0x008410, 0x008410, 0x008410, 0x008410, 0x008410, 0x008410, 0x008410, 0x008410, 0x008410, 0x008410, 
0x008410, 0x008410, 0x008410, 0x008410, 0x008410, 0x008410, 0x008410, 0x008410, 0x008410, 0x008410, 0x008410, 0x008410, 0x008410, 0x008410, 0x008410, 0x008410, 
0x008410, 0x008410, 0x008410, 0x008410, 0x008410, 0x008410, 0x008410, 0x008410, 0x008410, 0x008410, 0x008410, 0x008410, 0x008410, 0x008410, 0x008410, 0x008410, 
0x008410, 0x008410, 0x008410, 0x008410, 0x008410, 0x008410, 0x008410, 0x008410, 0x008410, 0x008410, 0x008410, 0x008410, 0x008410, 0x008410, 0x008410, 0x008410, 
0x008410, 0x008410, 0x008410, 0x008410, 0x008410, 0x008410, 0x008410, 0x008410, 0x008410, 0x008410, 0x008410, 0x008410, 0x008410, 0x008410, 0x008410, 0x008410, 
0x008410, 0x008410, 0x008410, 0x008410, 0x008410, 0x008410, 0x008410, 0x008410, 0x008410, 0x008410, 0x008410, 0x008410, 0x008410, 0x008410, 0x008410, 0x008410, 
0x008410, 0x008410, 0x008410, 0x008410, 0x008410, 0x008410, 0x008410, 0x008410, 0x008410, 0x008410, 0x008410, 0x008410, 0x008410, 0x008410, 0x008410, 0x008410, 
0x008410, 0x008410, 0x008410, 0x008410, 0x008410, 0x008410, 0x008410, 0x008410, 0x008410, 0x008410, 0x008410, 0x008410, 0x008410, 0x008410, 0x008410, 0x008410, 
0x008410, 0x008410, 0x008410, 0x008410, 0x008410, 0x008410, 0x008410, 0x008410, 0x008410, 0x008410, 0x008410, 0x008410, 0x008410, 0x008410, 0x008410, 0x008410, 
0x008410, 0x008410, 0x008410, 0x008410, 0x008410, 0x008410, 0x008410, 0x008410, 0x008410, 0x008410, 0x008410, 0x008410, 0x008410, 0x008410, 0x008410, 0x008410, 
0x008410, 0x008410, 0x008410, 0x008410, 0x008410, 0x008410, 0x008410, 0x008410, 0x008410, 0x008410, 0x008410, 0x008410, 0x008410, 0x008410, 0x008410, 0x008410, 
0x008410, 0x008410, 0x008410, 0x008410, 0x008410, 0x008410, 0x008410, 0x008410, 0x008410, 0x008410, 0x008410, 0x008410, 0x008410, 0x008410, 0x008410, 0x008410, 
0x008410, 0x008410, 0x008410, 0x008410, 0x008410, 0x008410, 0x008410, 0x008410, 0x008410, 0x008410, 0x008410, 0x008410, 0x008410, 0x008410, 0x008410, 0x008410, 
0x008410, 0x008410, 0x008410, 0x008410, 0x008410, 0x008410, 0x008410, 0x008410, 0x008410, 0x008410, 0x008410, 0x008410, 0x008410, 0x008410, 0x008410, 0x008410, 
0x008410, 0x008410, 0x008410, 0x008410, 0x008410, 0x008410, 0x008410, 0x008410, 0x008410, 0x008410, 0x008410, 0x008410, 0x008410, 0x008410, 0x008410, 0x008410, 
0x008410, 0x008410, 0x008410, 0x008410, 0x008410, 0x008410, 0x008410, 0x008410, 0x008410, 0x008410, 0x008410, 0x008410, 0x008410, 0x008410, 0x008410, 0x008410, 
0x008410, 0x008410, 0x008410, 0x008410, 0x008410, 0x008410, 0x008410, 0x008410, 0x008410, 0x008410, 0x008410, 0x008410, 0x008410, 0x008410, 0x008410, 0x008410, 
0x008410, 0x008410, 0x008410, 0x008410, 0x008410, 0x008410, 0x008410, 0x008410, 0x008410, 0x008410, 0x008410, 0x008410, 0x008410, 0x008410, 0x008410, 0x008410, 
0x008410, 0x008410, 0x008410, 0x008410, 0x008410, 0x008410, 0x008410, 0x008410, 0x008410, 0x008410, 0x008410, 0x008410, 0x008410, 0x008410, 0x008410, 0x008410, 
0x008410, 0x008410, 0x008410, 0x008410, 0x008410, 0x008410, 0x008410, 0x008410, 0x008410, 0x008410, 0x008410, 0x008410, 0x008410, 0x008410, 0x008410, 0x008410, 
0x008410, 0x008410, 0x008410, 0x008410, 0x008410, 0x008410, 0x008410, 0x008410, 0x008410, 0x008410, 0x008410, 0x008410, 0x008410, 0x008410, 0x008410, 0x008410, 
0x008410, 0x008410, 0x008410, 0x008410, 0x008410, 0x008410, 0x008410, 0x008410, 0x008410, 0x008410, 0x008410, 0x008410, 0x008410, 0x008410, 0x008410, 0x008410, 
0x008410, 0x008410, 0x008410, 0x008410, 0x008410, 0x008410, 0x008410, 0x008410, 0x008410, 0x008410, 0x008410, 0x008410, 0x008410, 0x008410, 0x008410, 0x008410, 
0x008410, 0x008410, 0x008410, 0x008410, 0x008410, 0x008410, 0x008410, 0x008410, 0x008410, 0x008410, 0x008410, 0x008410, 0x008410, 0x008410, 0x008410, 0x008410, 
0x008410, 0x008410, 0x008410, 0x008410, 0x008410, 0x008410, 0x008410, 0x008410, 0x008410, 0x008410, 0x008410, 0x008410, 0x008410, 0x008410, 0x008410, 0x008410, 
0x008410, 0x008410, 0x008410, 0x008410, 0x008410, 0x008410, 0x008410, 0x008410, 0x008410, 0x008410, 0x008410, 0x008410, 0x008410, 0x008410, 0x008410, 0x008410, 
0x008410, 0x008410, 0x008410, 0x008410, 0x008410, 0x008410, 0x008410, 0x008410, 0x008410, 0x008410, 0x008410, 0x008410, 0x008410, 0x008410, 0x008410, 0x008410, 
0x008410, 0x008410, 0x008410, 0x008410, 0x008410, 0x008410, 0x008410, 0x008410, 0x008410, 0x008410, 0x008410, 0x008410, 0x008410, 0x008410, 0x008410, 0x008410, 
0x008410, 0x008410, 0x008410, 0x008410, 0x008410, 0x008410, 0x008410, 0x008410, 0x008410, 0x008410, 0x008410, 0x008410, 0x008410, 0x008410, 0x008410, 0x008410, 
0x008410, 0x008410, 0x008410, 0x008410, 0x008410, 0x008410, 0x008410, 0x008410, 0x008410, 0x008410, 0x008410, 0x008410, 0x008410, 0x008410, 0x008410, 0x008410, 
0x008410, 0x008410, 0x008410, 0x008410, 0x008410, 0x008410, 0x008410, 0x008410, 0x008410, 0x008410, 0x008410, 0x008410, 0x008410, 0x008410, 0x008410, 0x008410, 
0x008410, 0x008410, 0x008410, 0x008410, 0x008410, 0x008410, 0x008410, 0x008410, 0x008410, 0x008410, 0x008410, 0x008410, 0x008410, 0x008410, 0x008410, 0x008410, 
0x008410, 0x008410, 0x008410, 0x008410, 0x008410, 0x008410, 0x008410, 0x008410, 0x008410, 0x008410, 0x008410, 0x008410, 0x008410, 0x008410, 0x008410, 0x008410, 
0x008410, 0x008410, 0x008410, 0x008410, 0x008410, 0x008410, 0x008410, 0x008410, 0x008410, 0x008410, 0x008410, 0x008410, 0x008410, 0x008410, 0x008410, 0x008410, 
0x008410, 0x008410, 0x008410, 0x008410, 0x008410, 0x008410, 0x008410, 0x008410, 0x008410, 0x008410, 0x008410, 0x008410, 0x008410, 0x008410, 0x008410, 0x008410, 
0x008410, 0x008410, 0x008410, 0x008410, 0x008410, 0x008410, 0x008410, 0x008410, 0x008410, 0x008410, 0x008410, 0x008410, 0x008410, 0x008410, 0x008410, 0x008410, 
0x008410, 0x008410, 0x008410, 0x008410, 0x008410, 0x008410, 0x008410, 0x008410, 0x008410, 0x008410, 0x008410, 0x008410, 0x008410, 0x008410, 0x008410, 0x008410, 
0x008410, 0x008410, 0x008410, 0x008410, 0x008410, 0x008410, 0x008410, 0x008410, 0x008410, 0x008410, 0x008410, 0x008410, 0x008410, 0x008410, 0x008410, 0x008410, 
0x008410, 0x008410, 0x008410, 0x008410, 0x008410, 0x008410, 0x008410, 0x008410, 0x008410, 0x008410, 0x008410, 0x008410, 0x008410, 0x008410, 0x008410, 0x008410, 
0x008410, 0x008410, 0x008410, 0x008410, 0x008410, 0x008410, 0x008410, 0x008410, 0x008410, 0x008410, 0x008410, 0x008410, 0x008410, 0x008410, 0x008410, 0x008410, 
0x008410, 0x008410, 0x008410, 0x008410, 0x008410, 0x008410, 0x008410, 0x008410, 0x008410, 0x008410, 0x008410, 0x008410, 0x008410, 0x008410, 0x008410, 0x008410, 
0x008410, 0x008410, 0x008410, 0x008410, 0x008410, 0x008410, 0x008410, 0x008410, 0x008410, 0x008410, 0x008410, 0x008410, 0x008410, 0x008410, 0x008410, 0x008410, 
0x008410, 0x008410, 0x008410, 0x008410, 0x008410, 0x008410, 0x008410, 0x008410, 0x008410, 0x008410, 0x008410, 0x008410, 0x008410, 0x008410, 0x008410, 0x008410, 
0x008410, 0x008410, 0x008410, 0x008410, 0x008410, 0x008410, 0x008410, 0x008410, 0x008410, 0x008410, 0x008410, 0x008410, 0x008410, 0x008410, 0x008410, 0x008410, 
0x008410, 0x008410, 0x008410, 0x008410, 0x008410, 0x008410, 0x008410, 0x008410, 0x008410, 0x008410, 0x008410, 0x008410, 0x008410, 0x008410, 0x008410, 0x008410, 
0x008410, 0x008410, 0x008410, 0x008410, 0x008410, 0x008410, 0x008410, 0x008410, 0x008410, 0x008410, 0x008410, 0x008410, 0x008410, 0x008410, 0x008410, 0x008410, 
0x008410, 0x008410, 0x008410, 0x008410, 0x008410, 0x008410, 0x008410, 0x008410, 0x008410, 0x008410, 0x008410, 0x008410, 0x008410, 0x008410, 0x008410, 0x008410, 
0x008410, 0x008410, 0x008410, 0x008410, 0x008410, 0x008410, 0x008410, 0x008410, 0x008410, 0x008410, 0x008410, 0x008410, 0x008410, 0x008410, 0x008410, 0x008410, 
0x008410, 0x008410, 0x008410, 0x008410, 0x008410, 0x008410, 0x008410, 0x008410, 0x008410, 0x008410, 0x008410, 0x008410, 0x008410, 0x008410, 0x008410, 0x008410, 
0x008410, 0x008410, 0x008410, 0x008410, 0x008410, 0x008410, 0x008410, 0x008410, 0x008410, 0x008410, 0x008410, 0x008410, 0x008410, 0x008410, 0x008410, 0x008410, 
0x008410, 0x008410, 0x008410, 0x008410, 0x008410, 0x008410, 0x008410, 0x008410, 0x008410, 0x008410, 0x008410, 0x008410, 0x008410, 0x008410, 0x008410, 0x008410, 
0x008410, 0x008410, 0x008410, 0x008410, 0x008410, 0x008410, 0x008410, 0x008410, 0x008410, 0x008410, 0x008410, 0x008410, 0x008410, 0x008410, 0x008410, 0x008410, 
0x008410, 0x008410, 0x008410, 0x008410, 0x008410, 0x008410, 0x008410, 0x008410, 0x008410, 0x008410, 0x008410, 0x008410, 0x008410, 0x008410, 0x008410, 0x008410, 
0x008410, 0x008410, 0x008410, 0x008410, 0x008410, 0x008410, 0x008410, 0x008410, 0x008410, 0x008410, 0x008410, 0x008410, 0x008410, 0x008410, 0x008410, 0x008410, 
0x008410, 0x008410, 0x008410, 0x008410, 0x008410, 0x008410, 0x008410, 0x008410, 0x008410, 0x008410, 0x008410, 0x008410, 0x008410, 0x008410, 0x008410, 0x008410, 
0x008410, 0x008410, 0x008410, 0x008410, 0x008410, 0x008410, 0x008410, 0x008410, 0x008410, 0x008410, 0x008410, 0x008410, 0x008410, 0x008410, 0x008410, 0x008410, 
0x008410, 0x008410, 0x008410, 0x008410, 0x008410, 0x008410, 0x008410, 0x008410, 0x008410, 0x008410, 0x008410, 0x008410, 0x008410, 0x008410, 0x008410, 0x008410, 
0x008410, 0x008410, 0x008410, 0x008410, 0x008410, 0x008410, 0x008410, 0x008410, 0x008410, 0x008410, 0x008410, 0x008410, 0x008410, 0x008410, 0x008410, 0x008410, 
0x008410, 0x008410, 0x008410, 0x008410, 0x008410, 0x008410, 0x008410, 0x008410, 0x008410, 0x008410, 0x008410, 0x008410, 0x008410, 0x008410, 0x008410, 0x008410, 
0x008410, 0x008410, 0x008410, 0x008410, 0x008410, 0x008410, 0x008410, 0x008410, 0x008410, 0x008410, 0x008410, 0x008410, 0x008410, 0x008410, 0x008410, 0x008410, 
0x008410, 0x008410, 0x008410, 0x008410, 0x008410, 0x008410, 0x008410, 0x008410, 0x008410, 0x008410, 0x008410, 0x008410, 0x008410, 0x008410, 0x008410, 0x008410, 
0x008410, 0x008410, 0x008410, 0x008410, 0x008410, 0x008410, 0x008410, 0x008410, 0x008410, 0x008410, 0x008410, 0x008410, 0x008410, 0x008410, 0x008410, 0x008410, 
0x008410, 0x008410, 0x008410, 0x008410, 0x008410, 0x008410, 0x008410, 0x008410, 0x008410, 0x008410, 0x008410, 0x008410, 0x008410, 0x008410, 0x008410, 0x008410, 
0x008410, 0x008410, 0x008410, 0x008410, 0x008410, 0x008410, 0x008410, 0x008410, 0x008410, 0x008410, 0x008410, 0x008410, 0x008410, 0x008410, 0x008410, 0x008410, 
0x008410, 0x008410, 0x008410, 0x008410, 0x008410, 0x008410, 0x008410, 0x008410, 0x008410, 0x008410, 0x008410, 0x008410, 0x008410, 0x008410, 0x008410, 0x008410, 
0x008410, 0x008410, 0x008410, 0x008410, 0x008410, 0x008410, 0x008410, 0x008410, 0x008410, 0x008410, 0x008410, 0x008410, 0x008410, 0x008410, 0x008410, 0x008410, 
0x008410, 0x008410, 0x008410, 0x008410, 0x008410, 0x008410, 0x008410, 0x008410, 0x008410, 0x008410, 0x008410, 0x008410, 0x008410, 0x008410, 0x008410, 0x008410, 
0x008410, 0x008410, 0x008410, 0x008410, 0x008410, 0x008410, 0x008410, 0x008410, 0x008410, 0x008410, 0x008410, 0x008410, 0x008410, 0x008410, 0x008410, 0x008410, 
0x008410, 0x008410, 0x008410, 0x008410, 0x008410, 0x008410, 0x008410, 0x008410, 0x008410, 0x008410, 0x008410, 0x008410, 0x008410, 0x008410, 0x008410, 0x008410, 
0x008410, 0x008410, 0x008410, 0x008410, 0x008410, 0x008410, 0x008410, 0x008410, 0x008410, 0x008410, 0x008410, 0x008410, 0x008410, 0x008410, 0x008410, 0x008410, 
0x008410, 0x008410, 0x008410, 0x008410, 0x008410, 0x008410, 0x008410, 0x008410, 0x008410, 0x008410, 0x008410, 0x008410, 0x008410, 0x008410, 0x008410, 0x008410, 
0x008410, 0x008410, 0x008410, 0x008410, 0x008410, 0x008410, 0x008410, 0x008410, 0x008410, 0x008410, 0x008410, 0x008410, 0x008410, 0x008410, 0x008410, 0x008410, 
0x008410, 0x008410, 0x008410, 0x008410, 0x008410, 0x008410, 0x008410, 0x008410, 0x008410, 0x008410, 0x008410, 0x008410, 0x008410, 0x008410, 0x008410, 0x008410, 
0x008410, 0x008410, 0x008410, 0x008410, 0x008410, 0x008410, 0x008410, 0x008410, 0x008410, 0x008410, 0x008410, 0x008410, 0x008410, 0x008410, 0x008410, 0x008410, 
0x008410, 0x008410, 0x008410, 0x008410, 0x008410, 0x008410, 0x008410, 0x008410, 0x008410, 0x008410, 0x008410, 0x008410, 0x008410, 0x008410, 0x008410, 0x008410, 
0x008410, 0x008410, 0x008410, 0x008410, 0x008410, 0x008410, 0x008410, 0x008410, 0x008410, 0x008410, 0x008410, 0x008410, 0x008410, 0x008410, 0x008410, 0x008410, 
0x008410, 0x008410, 0x008410, 0x008410, 0x008410, 0x008410, 0x008410, 0x008410, 0x008410, 0x008410, 0x008410, 0x008410, 0x008410, 0x008410, 0x008410, 0x008410, 
0x008410, 0x008410, 0x008410, 0x008410, 0x008410, 0x008410, 0x008410, 0x008410, 0x008410, 0x008410, 0x008410, 0x008410, 0x008410, 0x008410, 0x008410, 0x008410, 
0x008410, 0x008410, 0x008410, 0x008410, 0x008410, 0x008410, 0x008410, 0x008410, 0x008410, 0x008410, 0x008410, 0x008410, 0x008410, 0x008410, 0x008410, 0x008410, 
0x008410, 0x008410, 0x008410, 0x008410, 0x008410, 0x008410, 0x008410, 0x008410, 0x008410, 0x008410, 0x008410, 0x008410, 0x008410, 0x008410, 0x008410, 0x008410, 
0x008410, 0x008410, 0x008410, 0x008410, 0x008410, 0x008410, 0x008410, 0x008410, 0x008410, 0x008410, 0x008410, 0x008410, 0x008410, 0x008410, 0x008410, 0x008410, 
0x008410, 0x008410, 0x008410, 0x008410, 0x008410, 0x008410, 0x008410, 0x008410, 0x008410, 0x008410, 0x008410, 0x008410, 0x008410, 0x008410, 0x008410, 0x008410, 
0x008410, 0x008410, 0x008410, 0x008410, 0x008410, 0x008410, 0x008410, 0x008410, 0x008410, 0x008410, 0x008410, 0x008410, 0x008410, 0x008410, 0x008410, 0x008410, 
0x008410, 0x008410, 0x008410, 0x008410, 0x008410, 0x008410, 0x008410, 0x008410, 0x008410, 0x008410, 0x008410, 0x008410, 0x008410, 0x008410, 0x008410, 0x008410, 
0x008410, 0x008410, 0x008410, 0x008410, 0x008410, 0x008410, 0x008410, 0x008410, 0x008410, 0x008410, 0x008410, 0x008410, 0x008410, 0x008410, 0x008410, 0x008410, 
0x008410, 0x008410, 0x008410, 0x008410, 0x008410, 0x008410, 0x008410, 0x008410, 0x008410, 0x008410, 0x008410, 0x008410, 0x008410, 0x008410, 0x008410, 0x008410, 
0x008410, 0x008410, 0x008410, 0x008410, 0x008410, 0x008410, 0x008410, 0x008410, 0x008410, 0x008410, 0x008410, 0x008410, 0x008410, 0x008410, 0x008410, 0x008410, 
0x008410, 0x008410, 0x008410, 0x008410, 0x008410, 0x008410, 0x008410, 0x008410, 0x008410, 0x008410, 0x008410, 0x008410, 0x008410, 0x008410, 0x008410, 0x008410, 
0x008410, 0x008410, 0x008410, 0x008410, 0x008410, 0x008410, 0x008410, 0x008410, 0x008410, 0x008410, 0x008410, 0x008410, 0x008410, 0x008410, 0x008410, 0x008410, 
0x008410, 0x008410, 0x008410, 0x008410, 0x008410, 0x008410, 0x008410, 0x008410, 0x008410, 0x008410, 0x008410, 0x008410, 0x008410, 0x008410, 0x008410, 0x008410, 
0x008410, 0x008410, 0x008410, 0x008410, 0x008410, 0x008410, 0x008410, 0x008410, 0x008410, 0x008410, 0x008410, 0x008410, 0x008410, 0x008410, 0x008410, 0x008410, 
0x008410, 0x008410, 0x008410, 0x008410, 0x008410, 0x008410, 0x008410, 0x008410, 0x008410, 0x008410, 0x008410, 0x008410, 0x008410, 0x008410, 0x008410, 0x008410, 
0x008410, 0x008410, 0x008410, 0x008410, 0x008410, 0x008410, 0x008410, 0x008410, 0x008410, 0x008410, 0x008410, 0x008410, 0x008410, 0x008410, 0x008410, 0x008410, 
0x008410, 0x008410, 0x008410, 0x008410, 0x008410, 0x008410, 0x008410, 0x008410, 0x008410, 0x008410, 0x008410, 0x008410, 0x008410, 0x008410, 0x008410, 0x008410, 
0x008410, 0x008410, 0x008410, 0x008410, 0x008410, 0x008410, 0x008410, 0x008410, 0x008410, 0x008410, 0x008410, 0x008410, 0x008410, 0x008410, 0x008410, 0x008410, 
0x008410, 0x008410, 0x008410, 0x008410, 0x008410, 0x008410, 0x008410, 0x008410, 0x008410, 0x008410, 0x008410, 0x008410, 0x008410, 0x008410, 0x008410, 0x008410, 
0x008410, 0x008410, 0x008410, 0x008410, 0x008410, 0x008410, 0x008410, 0x008410, 0x008410, 0x008410, 0x008410, 0x008410, 0x008410, 0x008410, 0x008410, 0x008410, 
0x008410, 0x008410, 0x008410, 0x008410, 0x008410, 0x008410, 0x008410, 0x008410, 0x008410, 0x008410, 0x008410, 0x008410, 0x008410, 0x008410, 0x008410, 0x008410, 
0x008410, 0x008410, 0x008410, 0x008410, 0x008410, 0x008410, 0x008410, 0x008410, 0x008410, 0x008410, 0x008410, 0x008410, 0x008410, 0x008410, 0x008410, 0x008410, 
0x008410, 0x008410, 0x008410, 0x008410, 0x008410, 0x008410, 0x008410, 0x008410, 0x008410, 0x008410, 0x008410, 0x008410, 0x008410, 0x008410, 0x008410, 0x008410, 
0x008410, 0x008410, 0x008410, 0x008410, 0x008410, 0x008410, 0x008410, 0x008410, 0x008410, 0x008410, 0x008410, 0x008410, 0x008410, 0x008410, 0x008410, 0x008410, 
0x008410, 0x008410, 0x008410, 0x008410, 0x008410, 0x008410, 0x008410, 0x008410, 0x008410, 0x008410, 0x008410, 0x008410, 0x008410, 0x008410, 0x008410, 0x008410, 
0x008410, 0x008410, 0x008410, 0x008410, 0x008410, 0x008410, 0x008410, 0x008410, 0x008410, 0x008410, 0x008410, 0x008410, 0x008410, 0x008410, 0x008410, 0x008410, 
0x008410, 0x008410, 0x008410, 0x008410, 0x008410, 0x008410, 0x008410, 0x008410, 0x008410, 0x008410, 0x008410, 0x008410, 0x008410, 0x008410, 0x008410, 0x008410, 
0x008410, 0x008410, 0x008410, 0x008410, 0x008410, 0x008410, 0x008410, 0x008410, 0x008410, 0x008410, 0x008410, 0x008410, 0x008410, 0x008410, 0x008410, 0x008410, 
0x008410, 0x008410, 0x008410, 0x008410, 0x008410, 0x008410, 0x008410, 0x008410, 0x008410, 0x008410, 0x008410, 0x008410, 0x008410, 0x008410, 0x008410, 0x008410, 
0x008410, 0x008410, 0x008410, 0x008410, 0x008410, 0x008410, 0x008410, 0x008410, 0x008410, 0x008410, 0x008410, 0x008410, 0x008410, 0x008410, 0x008410, 0x008410, 
0x008410, 0x008410, 0x008410, 0x008410, 0x008410, 0x008410, 0x008410, 0x008410, 0x008410, 0x008410, 0x008410, 0x008410, 0x008410, 0x008410, 0x008410, 0x008410, 
0x008410, 0x008410, 0x008410, 0x008410, 0x008410, 0x008410, 0x008410, 0x008410, 0x008410, 0x008410, 0x008410, 0x008410, 0x008410, 0x008410, 0x008410, 0x008410, 
0x008410, 0x008410, 0x008410, 0x008410, 0x008410, 0x008410, 0x008410, 0x008410, 0x008410, 0x008410, 0x008410, 0x008410, 0x008410, 0x008410, 0x008410, 0x008410, 
0x008410, 0x008410, 0x008410, 0x008410, 0x008410, 0x008410, 0x008410, 0x008410, 0x008410, 0x008410, 0x008410, 0x008410, 0x008410, 0x008410, 0x008410, 0x008410, 
0x008410, 0x008410, 0x008410, 0x008410, 0x008410, 0x008410, 0x008410, 0x008410, 0x008410, 0x008410, 0x008410, 0x008410, 0x008410, 0x008410, 0x008410, 0x008410, 
0x008410, 0x008410, 0x008410, 0x008410, 0x008410, 0x008410, 0x008410, 0x008410, 0x008410, 0x008410, 0x008410, 0x008410, 0x008410, 0x008410, 0x008410, 0x008410, 
};