const uint32_t Image_horse_rgb888[160][160] = {
0x00808080, 0x00808080, 0x00808080, 0x00808080, 0x00808080, 0x00808080, 0x00808080, 0x00808080, 0x00808080, 0x00808080, 0x00808080, 0x00808080, 0x00808080, 0x00808080, 0x00808080, 0x00808080, 
0x00808080, 0x00808080, 0x00808080, 0x00808080, 0x00808080, 0x00808080, 0x00808080, 0x00808080, 0x00808080, 0x00808080, 0x00808080, 0x00808080, 0x00808080, 0x00808080, 0x00808080, 0x00808080, 
0x00808080, 0x00808080, 0x00808080, 0x00808080, 0x00808080, 0x00808080, 0x00808080, 0x00808080, 0x00808080, 0x00808080, 0x00808080, 0x00808080, 0x00808080, 0x00808080, 0x00808080, 0x00808080, 
0x00808080, 0x00808080, 0x00808080, 0x00808080, 0x00808080, 0x00808080, 0x00808080, 0x00808080, 0x00808080, 0x00808080, 0x00808080, 0x00808080, 0x00808080, 0x00808080, 0x00808080, 0x00808080, 
0x00808080, 0x00808080, 0x00808080, 0x00808080, 0x00808080, 0x00808080, 0x00808080, 0x00808080, 0x00808080, 0x00808080, 0x00808080, 0x00808080, 0x00808080, 0x00808080, 0x00808080, 0x00808080, 
0x00808080, 0x00808080, 0x00808080, 0x00808080, 0x00808080, 0x00808080, 0x00808080, 0x00808080, 0x00808080, 0x00808080, 0x00808080, 0x00808080, 0x00808080, 0x00808080, 0x00808080, 0x00808080, 
0x00808080, 0x00808080, 0x00808080, 0x00808080, 0x00808080, 0x00808080, 0x00808080, 0x00808080, 0x00808080, 0x00808080, 0x00808080, 0x00808080, 0x00808080, 0x00808080, 0x00808080, 0x00808080, 
0x00808080, 0x00808080, 0x00808080, 0x00808080, 0x00808080, 0x00808080, 0x00808080, 0x00808080, 0x00808080, 0x00808080, 0x00808080, 0x00808080, 0x00808080, 0x00808080, 0x00808080, 0x00808080, 
0x00808080, 0x00808080, 0x00808080, 0x00808080, 0x00808080, 0x00808080, 0x00808080, 0x00808080, 0x00808080, 0x00808080, 0x00808080, 0x00808080, 0x00808080, 0x00808080, 0x00808080, 0x00808080, 
0x00808080, 0x00808080, 0x00808080, 0x00808080, 0x00808080, 0x00808080, 0x00808080, 0x00808080, 0x00808080, 0x00808080, 0x00808080, 0x00808080, 0x00808080, 0x00808080, 0x00808080, 0x00808080, 
0x00808080, 0x00808080, 0x00808080, 0x00808080, 0x00808080, 0x00808080, 0x00808080, 0x00808080, 0x00808080, 0x00808080, 0x00808080, 0x00808080, 0x00808080, 0x00808080, 0x00808080, 0x00808080, 
0x00808080, 0x00808080, 0x00808080, 0x00808080, 0x00808080, 0x00808080, 0x00808080, 0x00808080, 0x00808080, 0x00808080, 0x00808080, 0x00808080, 0x00808080, 0x00808080, 0x00808080, 0x00808080, 
0x00808080, 0x00808080, 0x00808080, 0x00808080, 0x00808080, 0x00808080, 0x00808080, 0x00808080, 0x00808080, 0x00808080, 0x00808080, 0x00808080, 0x00808080, 0x00808080, 0x00808080, 0x00808080, 
0x00808080, 0x00808080, 0x00808080, 0x00808080, 0x00808080, 0x00808080, 0x00808080, 0x00808080, 0x00808080, 0x00808080, 0x00808080, 0x00808080, 0x00808080, 0x00808080, 0x00808080, 0x00808080, 
0x00808080, 0x00808080, 0x00808080, 0x00808080, 0x00808080, 0x00808080, 0x00808080, 0x00808080, 0x00808080, 0x00808080, 0x00808080, 0x00808080, 0x00808080, 0x00808080, 0x00808080, 0x00808080, 
0x00808080, 0x00808080, 0x00808080, 0x00808080, 0x00808080, 0x00808080, 0x00808080, 0x00808080, 0x00808080, 0x00808080, 0x00808080, 0x00808080, 0x00808080, 0x00808080, 0x00808080, 0x00808080, 
0x00808080, 0x00808080, 0x00808080, 0x00808080, 0x00808080, 0x00808080, 0x00808080, 0x00808080, 0x00808080, 0x00808080, 0x00808080, 0x00808080, 0x00808080, 0x00808080, 0x00808080, 0x00808080, 
0x00808080, 0x00808080, 0x00808080, 0x00808080, 0x00808080, 0x00808080, 0x00808080, 0x00808080, 0x00808080, 0x00808080, 0x00808080, 0x00808080, 0x00808080, 0x00808080, 0x00808080, 0x00808080, 
0x00808080, 0x00808080, 0x00808080, 0x00808080, 0x00808080, 0x00808080, 0x00808080, 0x00808080, 0x00808080, 0x00808080, 0x00808080, 0x00808080, 0x00808080, 0x00808080, 0x00808080, 0x00808080, 
0x00808080, 0x00808080, 0x00808080, 0x00808080, 0x00808080, 0x00808080, 0x00808080, 0x00808080, 0x00808080, 0x00808080, 0x00808080, 0x00808080, 0x00808080, 0x00808080, 0x00808080, 0x00808080, 
0x00808080, 0x00808080, 0x00808080, 0x00808080, 0x00808080, 0x00808080, 0x00808080, 0x00808080, 0x00808080, 0x00808080, 0x00808080, 0x00808080, 0x00808080, 0x00808080, 0x00808080, 0x00808080, 
0x00808080, 0x00808080, 0x00808080, 0x00808080, 0x00808080, 0x00808080, 0x00808080, 0x00808080, 0x00808080, 0x00808080, 0x00808080, 0x00808080, 0x00808080, 0x00808080, 0x00808080, 0x00808080, 
0x00808080, 0x00808080, 0x00808080, 0x00808080, 0x00808080, 0x00808080, 0x00808080, 0x00808080, 0x00808080, 0x00808080, 0x00808080, 0x00808080, 0x00808080, 0x00808080, 0x00808080, 0x00808080, 
0x00808080, 0x00808080, 0x00808080, 0x00808080, 0x00808080, 0x00808080, 0x00808080, 0x00808080, 0x00808080, 0x00808080, 0x00808080, 0x00808080, 0x00808080, 0x00808080, 0x00808080, 0x00808080, 
0x00808080, 0x00808080, 0x00808080, 0x00808080, 0x00808080, 0x00808080, 0x00808080, 0x00808080, 0x00808080, 0x00808080, 0x00808080, 0x00808080, 0x00808080, 0x00808080, 0x00808080, 0x00808080, 
0x00808080, 0x00808080, 0x00808080, 0x00808080, 0x00808080, 0x00808080, 0x00808080, 0x00808080, 0x00808080, 0x00808080, 0x00808080, 0x00808080, 0x00808080, 0x00808080, 0x00808080, 0x00808080, 
0x00808080, 0x00808080, 0x00808080, 0x00808080, 0x00808080, 0x00808080, 0x00808080, 0x00808080, 0x00808080, 0x00808080, 0x00808080, 0x00808080, 0x00808080, 0x00808080, 0x00808080, 0x00808080, 
0x00808080, 0x00808080, 0x00808080, 0x00808080, 0x00808080, 0x00808080, 0x00808080, 0x00808080, 0x00808080, 0x00808080, 0x00808080, 0x00808080, 0x00808080, 0x00808080, 0x00808080, 0x00808080, 
0x00808080, 0x00808080, 0x00808080, 0x00808080, 0x00808080, 0x00808080, 0x00808080, 0x00808080, 0x00808080, 0x00808080, 0x00808080, 0x00808080, 0x00808080, 0x00808080, 0x00808080, 0x00808080, 
0x00808080, 0x00808080, 0x00808080, 0x00808080, 0x00808080, 0x00808080, 0x00808080, 0x00808080, 0x00808080, 0x00808080, 0x00808080, 0x00808080, 0x00808080, 0x00808080, 0x00808080, 0x00808080, 
0x00808080, 0x00808080, 0x00808080, 0x00808080, 0x00808080, 0x00808080, 0x00808080, 0x00808080, 0x00808080, 0x00808080, 0x00808080, 0x00808080, 0x00808080, 0x00808080, 0x00808080, 0x00808080, 
0x00808080, 0x00808080, 0x00808080, 0x00808080, 0x00808080, 0x00808080, 0x00808080, 0x00808080, 0x00808080, 0x00808080, 0x00808080, 0x00808080, 0x00808080, 0x00808080, 0x00808080, 0x00808080, 
0x00808080, 0x00808080, 0x00808080, 0x00808080, 0x00808080, 0x00808080, 0x00808080, 0x00808080, 0x00808080, 0x00808080, 0x00808080, 0x00808080, 0x00808080, 0x00808080, 0x00808080, 0x00808080, 
0x00808080, 0x00808080, 0x00808080, 0x00808080, 0x00808080, 0x00808080, 0x00808080, 0x00808080, 0x00808080, 0x00808080, 0x00808080, 0x00808080, 0x00808080, 0x00808080, 0x00808080, 0x00808080, 
0x00808080, 0x00808080, 0x00808080, 0x00808080, 0x00808080, 0x00808080, 0x00808080, 0x00808080, 0x00808080, 0x00808080, 0x00808080, 0x00808080, 0x00808080, 0x00808080, 0x00808080, 0x00808080, 
0x00808080, 0x00808080, 0x00808080, 0x00808080, 0x00808080, 0x00808080, 0x00808080, 0x00808080, 0x00808080, 0x00808080, 0x00808080, 0x00808080, 0x00808080, 0x00808080, 0x00808080, 0x00808080, 
0x00808080, 0x00808080, 0x00808080, 0x00808080, 0x00808080, 0x00808080, 0x00808080, 0x00808080, 0x00808080, 0x00808080, 0x00808080, 0x00808080, 0x00808080, 0x00808080, 0x00808080, 0x00808080, 
0x00808080, 0x00808080, 0x00808080, 0x00808080, 0x00808080, 0x00808080, 0x00808080, 0x00808080, 0x00808080, 0x00808080, 0x00808080, 0x00808080, 0x00808080, 0x00808080, 0x00808080, 0x00808080, 
0x00808080, 0x00808080, 0x00808080, 0x00808080, 0x00808080, 0x00808080, 0x00808080, 0x00808080, 0x00808080, 0x00808080, 0x00808080, 0x00808080, 0x00808080, 0x00808080, 0x00808080, 0x00808080, 
0x00808080, 0x00808080, 0x00808080, 0x00808080, 0x00808080, 0x00808080, 0x00808080, 0x00808080, 0x00808080, 0x00808080, 0x00808080, 0x00808080, 0x00808080, 0x00808080, 0x00808080, 0x00808080, 
0x00808080, 0x00808080, 0x00808080, 0x00808080, 0x00808080, 0x00808080, 0x00808080, 0x00808080, 0x00808080, 0x00808080, 0x00808080, 0x00808080, 0x00808080, 0x00808080, 0x00808080, 0x00808080, 
0x00808080, 0x00808080, 0x00808080, 0x00808080, 0x00808080, 0x00808080, 0x00808080, 0x00808080, 0x00808080, 0x00808080, 0x00808080, 0x00808080, 0x00808080, 0x00808080, 0x00808080, 0x00808080, 
0x00808080, 0x00808080, 0x00808080, 0x00808080, 0x00808080, 0x00808080, 0x00808080, 0x00808080, 0x00808080, 0x00808080, 0x00808080, 0x00808080, 0x00808080, 0x00808080, 0x00808080, 0x00808080, 
0x00808080, 0x00808080, 0x00808080, 0x00808080, 0x00808080, 0x00808080, 0x00808080, 0x00808080, 0x00808080, 0x00808080, 0x00808080, 0x00808080, 0x00808080, 0x00808080, 0x00808080, 0x00808080, 
0x00808080, 0x00808080, 0x00808080, 0x00808080, 0x00808080, 0x00808080, 0x00808080, 0x00808080, 0x00808080, 0x00808080, 0x00808080, 0x00808080, 0x00808080, 0x00808080, 0x00808080, 0x00808080, 
0x00808080, 0x00808080, 0x00808080, 0x00808080, 0x00808080, 0x00808080, 0x00808080, 0x00808080, 0x00808080, 0x00808080, 0x00808080, 0x00808080, 0x00808080, 0x00808080, 0x00808080, 0x00808080, 
0x00808080, 0x00808080, 0x00808080, 0x00808080, 0x00808080, 0x00808080, 0x00808080, 0x00808080, 0x00808080, 0x00808080, 0x00808080, 0x00808080, 0x00808080, 0x00808080, 0x00808080, 0x00808080, 
0x00808080, 0x00808080, 0x00808080, 0x00808080, 0x00808080, 0x00808080, 0x00808080, 0x00808080, 0x00808080, 0x00808080, 0x00808080, 0x00808080, 0x00808080, 0x00808080, 0x00808080, 0x00808080, 
0x00808080, 0x00808080, 0x00808080, 0x00808080, 0x00808080, 0x00808080, 0x00808080, 0x00808080, 0x00808080, 0x00808080, 0x00808080, 0x00808080, 0x00808080, 0x00808080, 0x00808080, 0x00808080, 
0x00808080, 0x00808080, 0x00808080, 0x00808080, 0x00808080, 0x00808080, 0x00808080, 0x00808080, 0x00808080, 0x00808080, 0x00808080, 0x00808080, 0x00808080, 0x00808080, 0x00808080, 0x00808080, 
0x00808080, 0x00808080, 0x00808080, 0x00808080, 0x00808080, 0x00808080, 0x00808080, 0x00808080, 0x00808080, 0x00808080, 0x00808080, 0x00808080, 0x00808080, 0x00808080, 0x00808080, 0x00808080, 
0x00808080, 0x00808080, 0x00808080, 0x00808080, 0x00808080, 0x00808080, 0x00808080, 0x00808080, 0x00808080, 0x00808080, 0x00808080, 0x00808080, 0x00808080, 0x00808080, 0x00808080, 0x00808080, 
0x00808080, 0x00808080, 0x00808080, 0x00808080, 0x00808080, 0x00808080, 0x00808080, 0x00808080, 0x00808080, 0x00808080, 0x00808080, 0x00808080, 0x00808080, 0x00808080, 0x00808080, 0x00808080, 
0x00808080, 0x00808080, 0x00808080, 0x00808080, 0x00808080, 0x00808080, 0x00808080, 0x00808080, 0x00808080, 0x00808080, 0x00808080, 0x00808080, 0x00808080, 0x00808080, 0x00808080, 0x00808080, 
0x00808080, 0x00808080, 0x00808080, 0x00808080, 0x00808080, 0x00808080, 0x00808080, 0x00808080, 0x00808080, 0x00808080, 0x00808080, 0x00808080, 0x00808080, 0x00808080, 0x00808080, 0x00808080, 
0x00808080, 0x00808080, 0x00808080, 0x00808080, 0x00808080, 0x00808080, 0x00808080, 0x00808080, 0x00808080, 0x00808080, 0x00808080, 0x00808080, 0x00808080, 0x00808080, 0x00808080, 0x00808080, 
0x00808080, 0x00808080, 0x00808080, 0x00808080, 0x00808080, 0x00808080, 0x00808080, 0x00808080, 0x00808080, 0x00808080, 0x00808080, 0x00808080, 0x00808080, 0x00808080, 0x00808080, 0x00808080, 
0x00808080, 0x00808080, 0x00808080, 0x00808080, 0x00808080, 0x00808080, 0x00808080, 0x00808080, 0x00808080, 0x00808080, 0x00808080, 0x00808080, 0x00808080, 0x00808080, 0x00808080, 0x00808080, 
0x00808080, 0x00808080, 0x00808080, 0x00808080, 0x00808080, 0x00808080, 0x00808080, 0x00808080, 0x00808080, 0x00808080, 0x00808080, 0x00808080, 0x00808080, 0x00808080, 0x00808080, 0x00808080, 
0x00808080, 0x00808080, 0x00808080, 0x00808080, 0x00808080, 0x00808080, 0x00808080, 0x00808080, 0x00808080, 0x00808080, 0x00808080, 0x00808080, 0x00808080, 0x00808080, 0x00808080, 0x00808080, 
0x00808080, 0x00808080, 0x00808080, 0x00808080, 0x00808080, 0x00808080, 0x00808080, 0x00808080, 0x00808080, 0x00808080, 0x00808080, 0x00808080, 0x00808080, 0x00808080, 0x00808080, 0x00808080, 
0x00808080, 0x00808080, 0x00808080, 0x00808080, 0x00808080, 0x00808080, 0x00808080, 0x00808080, 0x00808080, 0x00808080, 0x00808080, 0x00808080, 0x00808080, 0x00808080, 0x00808080, 0x00808080, 
0x00808080, 0x00808080, 0x00808080, 0x00808080, 0x00808080, 0x00808080, 0x00808080, 0x00808080, 0x00808080, 0x00808080, 0x00808080, 0x00808080, 0x00808080, 0x00808080, 0x00808080, 0x00808080, 
0x00808080, 0x00808080, 0x00808080, 0x00808080, 0x00808080, 0x00808080, 0x00808080, 0x00808080, 0x00808080, 0x00808080, 0x00808080, 0x00808080, 0x00808080, 0x00808080, 0x00808080, 0x00808080, 
0x00808080, 0x00808080, 0x00808080, 0x00808080, 0x00808080, 0x00808080, 0x00808080, 0x00808080, 0x00808080, 0x00808080, 0x00808080, 0x00808080, 0x00808080, 0x00808080, 0x00808080, 0x00808080, 
0x00808080, 0x00808080, 0x00808080, 0x00808080, 0x00808080, 0x00808080, 0x00808080, 0x00808080, 0x00808080, 0x00808080, 0x00808080, 0x00808080, 0x00808080, 0x00808080, 0x00808080, 0x00808080, 
0x00808080, 0x00808080, 0x00808080, 0x00808080, 0x00808080, 0x00808080, 0x00808080, 0x00808080, 0x00808080, 0x00808080, 0x00808080, 0x00808080, 0x00808080, 0x00808080, 0x00808080, 0x00808080, 
0x00808080, 0x00808080, 0x00808080, 0x00808080, 0x00808080, 0x00808080, 0x00808080, 0x00808080, 0x00808080, 0x00808080, 0x00808080, 0x00808080, 0x00808080, 0x00808080, 0x00808080, 0x00808080, 
0x00808080, 0x00808080, 0x00808080, 0x00808080, 0x00808080, 0x00808080, 0x00808080, 0x00808080, 0x00808080, 0x00808080, 0x00808080, 0x00808080, 0x00808080, 0x00808080, 0x00808080, 0x00808080, 
0x00808080, 0x00808080, 0x00808080, 0x00808080, 0x00808080, 0x00808080, 0x00808080, 0x00808080, 0x00808080, 0x00808080, 0x00808080, 0x00808080, 0x00808080, 0x00808080, 0x00808080, 0x00808080, 
0x00808080, 0x00808080, 0x00808080, 0x00808080, 0x00808080, 0x00808080, 0x00808080, 0x00808080, 0x00808080, 0x00808080, 0x00808080, 0x00808080, 0x00808080, 0x00808080, 0x00808080, 0x00808080, 
0x00808080, 0x00808080, 0x00808080, 0x00808080, 0x00808080, 0x00808080, 0x00808080, 0x00808080, 0x00808080, 0x00808080, 0x00808080, 0x00808080, 0x00808080, 0x00808080, 0x00808080, 0x00808080, 
0x00808080, 0x00808080, 0x00808080, 0x00808080, 0x00808080, 0x00808080, 0x00808080, 0x00808080, 0x00808080, 0x00808080, 0x00808080, 0x00808080, 0x00808080, 0x00808080, 0x00808080, 0x00808080, 
0x00808080, 0x00808080, 0x00808080, 0x00808080, 0x00808080, 0x00808080, 0x00808080, 0x00808080, 0x00808080, 0x00808080, 0x00808080, 0x00808080, 0x00808080, 0x00808080, 0x00808080, 0x00808080, 
0x00808080, 0x00808080, 0x00808080, 0x00808080, 0x00808080, 0x00808080, 0x00808080, 0x00808080, 0x00808080, 0x00808080, 0x00808080, 0x00808080, 0x00808080, 0x00808080, 0x00808080, 0x00808080, 
0x00808080, 0x00808080, 0x00808080, 0x00808080, 0x00808080, 0x00808080, 0x00808080, 0x00808080, 0x00808080, 0x00808080, 0x00808080, 0x00808080, 0x00808080, 0x00808080, 0x00808080, 0x00808080, 
0x00808080, 0x00808080, 0x00808080, 0x00808080, 0x00808080, 0x00808080, 0x00808080, 0x00808080, 0x00808080, 0x00808080, 0x00808080, 0x00808080, 0x00808080, 0x00808080, 0x00808080, 0x00808080, 
0x00808080, 0x00808080, 0x00808080, 0x00808080, 0x00808080, 0x00808080, 0x00808080, 0x00808080, 0x00808080, 0x00808080, 0x00808080, 0x00808080, 0x00808080, 0x00808080, 0x00808080, 0x00808080, 
0x00808080, 0x00808080, 0x00808080, 0x00808080, 0x00808080, 0x00808080, 0x00808080, 0x00808080, 0x00808080, 0x00808080, 0x00808080, 0x00808080, 0x00808080, 0x00808080, 0x00808080, 0x00808080, 
0x00808080, 0x00808080, 0x00808080, 0x00808080, 0x00808080, 0x00808080, 0x00808080, 0x00808080, 0x00808080, 0x00808080, 0x00808080, 0x00808080, 0x00808080, 0x00808080, 0x00808080, 0x00808080, 
0x00808080, 0x00808080, 0x00808080, 0x00808080, 0x00808080, 0x00808080, 0x00808080, 0x00808080, 0x00808080, 0x00808080, 0x00808080, 0x00808080, 0x00808080, 0x00808080, 0x00808080, 0x00808080, 
0x00808080, 0x00808080, 0x00808080, 0x00808080, 0x00808080, 0x00808080, 0x00808080, 0x00808080, 0x00808080, 0x00808080, 0x00808080, 0x00808080, 0x00808080, 0x00808080, 0x00808080, 0x00808080, 
0x00808080, 0x00808080, 0x00808080, 0x00808080, 0x00808080, 0x00808080, 0x00808080, 0x00808080, 0x00808080, 0x00808080, 0x00808080, 0x00808080, 0x00808080, 0x00808080, 0x00808080, 0x00808080, 
0x00808080, 0x00808080, 0x00808080, 0x00808080, 0x00808080, 0x00808080, 0x00808080, 0x00808080, 0x00808080, 0x00808080, 0x00808080, 0x00808080, 0x00808080, 0x00808080, 0x00808080, 0x00808080, 
0x00808080, 0x00808080, 0x00808080, 0x00808080, 0x00808080, 0x00808080, 0x00808080, 0x00808080, 0x00808080, 0x00808080, 0x00808080, 0x00808080, 0x00808080, 0x00808080, 0x00808080, 0x00808080, 
0x00808080, 0x00808080, 0x00808080, 0x00808080, 0x00808080, 0x00808080, 0x00808080, 0x00808080, 0x00808080, 0x00808080, 0x00808080, 0x00808080, 0x00808080, 0x00808080, 0x00808080, 0x00808080, 
0x00808080, 0x00808080, 0x00808080, 0x00808080, 0x00808080, 0x00808080, 0x00808080, 0x00808080, 0x00808080, 0x00808080, 0x00808080, 0x00808080, 0x00808080, 0x00808080, 0x00808080, 0x00808080, 
0x00808080, 0x00808080, 0x00808080, 0x00808080, 0x00808080, 0x00808080, 0x00808080, 0x00808080, 0x00808080, 0x00808080, 0x00808080, 0x00808080, 0x00808080, 0x00808080, 0x00808080, 0x00808080, 
0x00808080, 0x00808080, 0x00808080, 0x00808080, 0x00808080, 0x00808080, 0x00808080, 0x00808080, 0x00808080, 0x00808080, 0x00808080, 0x00808080, 0x00808080, 0x00808080, 0x00808080, 0x00808080, 
0x00808080, 0x00808080, 0x00808080, 0x00808080, 0x00808080, 0x00808080, 0x00808080, 0x00808080, 0x00808080, 0x00808080, 0x00808080, 0x00808080, 0x00808080, 0x00808080, 0x00808080, 0x00808080, 
0x00808080, 0x00808080, 0x00808080, 0x00808080, 0x00808080, 0x00808080, 0x00808080, 0x00808080, 0x00808080, 0x00808080, 0x00808080, 0x00808080, 0x00808080, 0x00808080, 0x00808080, 0x00808080, 
0x00808080, 0x00808080, 0x00808080, 0x00808080, 0x00808080, 0x00808080, 0x00808080, 0x00808080, 0x00808080, 0x00808080, 0x00808080, 0x00808080, 0x00808080, 0x00808080, 0x00808080, 0x00808080, 
0x00808080, 0x00808080, 0x00808080, 0x00808080, 0x00808080, 0x00808080, 0x00808080, 0x00808080, 0x00808080, 0x00808080, 0x00808080, 0x00808080, 0x00808080, 0x00808080, 0x00808080, 0x00808080, 
0x00808080, 0x00808080, 0x00808080, 0x00808080, 0x00808080, 0x00808080, 0x00808080, 0x00808080, 0x00808080, 0x00808080, 0x00808080, 0x00808080, 0x00808080, 0x00808080, 0x00808080, 0x00808080, 
0x00808080, 0x00808080, 0x00808080, 0x00808080, 0x00808080, 0x00808080, 0x00808080, 0x00808080, 0x00808080, 0x00808080, 0x00808080, 0x00808080, 0x00808080, 0x00808080, 0x00808080, 0x00808080, 
0x00808080, 0x00808080, 0x00808080, 0x00808080, 0x00808080, 0x00808080, 0x00808080, 0x00808080, 0x00808080, 0x00808080, 0x00808080, 0x00808080, 0x00808080, 0x00808080, 0x00808080, 0x00808080, 
0x00808080, 0x00808080, 0x00808080, 0x00808080, 0x00808080, 0x00808080, 0x00808080, 0x00808080, 0x00808080, 0x00808080, 0x00808080, 0x00808080, 0x00808080, 0x00808080, 0x00808080, 0x00808080, 
0x00808080, 0x00808080, 0x00808080, 0x00808080, 0x00808080, 0x00808080, 0x00808080, 0x00808080, 0x00808080, 0x00808080, 0x00808080, 0x00808080, 0x00808080, 0x00808080, 0x00808080, 0x00808080, 
0x00808080, 0x00808080, 0x00808080, 0x00808080, 0x00808080, 0x00808080, 0x00808080, 0x00808080, 0x00808080, 0x00808080, 0x00808080, 0x00808080, 0x00808080, 0x00808080, 0x00808080, 0x00808080, 
0x00808080, 0x00808080, 0x00808080, 0x00808080, 0x00808080, 0x00808080, 0x00808080, 0x00808080, 0x00808080, 0x00808080, 0x00808080, 0x00808080, 0x00808080, 0x00808080, 0x00808080, 0x00808080, 
0x00808080, 0x00808080, 0x00808080, 0x00808080, 0x00808080, 0x00808080, 0x00808080, 0x00808080, 0x00808080, 0x00808080, 0x00808080, 0x00808080, 0x00808080, 0x00808080, 0x00808080, 0x00808080, 
0x00808080, 0x00808080, 0x00808080, 0x00808080, 0x00808080, 0x00808080, 0x00808080, 0x00808080, 0x00808080, 0x00808080, 0x00808080, 0x00808080, 0x00808080, 0x00808080, 0x00808080, 0x00808080, 
0x00808080, 0x00808080, 0x00808080, 0x00808080, 0x00808080, 0x00808080, 0x00808080, 0x00808080, 0x00808080, 0x00808080, 0x00808080, 0x00808080, 0x00808080, 0x00808080, 0x00808080, 0x00808080, 
0x00808080, 0x00808080, 0x00808080, 0x00808080, 0x00808080, 0x00808080, 0x00808080, 0x00808080, 0x00808080, 0x00808080, 0x00808080, 0x00808080, 0x00808080, 0x00808080, 0x00808080, 0x00808080, 
0x00808080, 0x00808080, 0x00808080, 0x00808080, 0x00808080, 0x00808080, 0x00808080, 0x00808080, 0x00808080, 0x00808080, 0x00808080, 0x00808080, 0x00808080, 0x00808080, 0x00808080, 0x00808080, 
0x00808080, 0x00808080, 0x00808080, 0x00808080, 0x00808080, 0x00808080, 0x00808080, 0x00808080, 0x00808080, 0x00808080, 0x00808080, 0x00808080, 0x00808080, 0x00808080, 0x00808080, 0x00808080, 
0x00808080, 0x00808080, 0x00808080, 0x00808080, 0x00808080, 0x00808080, 0x00808080, 0x00808080, 0x00808080, 0x00808080, 0x00808080, 0x00808080, 0x00808080, 0x00808080, 0x00808080, 0x00808080, 
0x00808080, 0x00808080, 0x00808080, 0x00808080, 0x00808080, 0x00808080, 0x00808080, 0x00808080, 0x00808080, 0x00808080, 0x00808080, 0x00808080, 0x00808080, 0x00808080, 0x00808080, 0x00808080, 
0x00808080, 0x00808080, 0x00808080, 0x00808080, 0x00808080, 0x00808080, 0x00808080, 0x00808080, 0x00808080, 0x00808080, 0x00808080, 0x00808080, 0x00808080, 0x00808080, 0x00808080, 0x00808080, 
0x00808080, 0x00808080, 0x00808080, 0x00808080, 0x00808080, 0x00808080, 0x00808080, 0x00808080, 0x00808080, 0x00808080, 0x00808080, 0x00808080, 0x00808080, 0x00808080, 0x00808080, 0x00808080, 
0x00808080, 0x00808080, 0x00808080, 0x00808080, 0x00808080, 0x00808080, 0x00808080, 0x00808080, 0x00808080, 0x00808080, 0x00808080, 0x00808080, 0x00808080, 0x00808080, 0x00808080, 0x00808080, 
0x00808080, 0x00808080, 0x00808080, 0x00808080, 0x00808080, 0x00808080, 0x00808080, 0x00808080, 0x00808080, 0x00808080, 0x00808080, 0x00808080, 0x00808080, 0x00808080, 0x00808080, 0x00808080, 
0x00808080, 0x00808080, 0x00808080, 0x00808080, 0x00808080, 0x00808080, 0x00808080, 0x00808080, 0x00808080, 0x00808080, 0x00808080, 0x00808080, 0x00808080, 0x00808080, 0x00808080, 0x00808080, 
0x00808080, 0x00808080, 0x00808080, 0x00808080, 0x00808080, 0x00808080, 0x00808080, 0x00808080, 0x00808080, 0x00808080, 0x00808080, 0x00808080, 0x00808080, 0x00808080, 0x00808080, 0x00808080, 
0x00808080, 0x00808080, 0x00808080, 0x00808080, 0x00808080, 0x00808080, 0x00808080, 0x00808080, 0x00808080, 0x00808080, 0x00808080, 0x00808080, 0x00808080, 0x00808080, 0x00808080, 0x00808080, 
0x00808080, 0x00808080, 0x00808080, 0x00808080, 0x00808080, 0x00808080, 0x00808080, 0x00808080, 0x00808080, 0x00808080, 0x00808080, 0x00808080, 0x00808080, 0x00808080, 0x00808080, 0x00808080, 
0x00808080, 0x00808080, 0x00808080, 0x00808080, 0x00808080, 0x00808080, 0x00808080, 0x00808080, 0x00808080, 0x00808080, 0x00808080, 0x00808080, 0x00808080, 0x00808080, 0x00808080, 0x00808080, 
0x00808080, 0x00808080, 0x00808080, 0x00808080, 0x00808080, 0x00808080, 0x00808080, 0x00808080, 0x00808080, 0x00808080, 0x00808080, 0x00808080, 0x00808080, 0x00808080, 0x00808080, 0x00808080, 
0x00808080, 0x00808080, 0x00808080, 0x00808080, 0x00808080, 0x00808080, 0x00808080, 0x00808080, 0x00808080, 0x00808080, 0x00808080, 0x00808080, 0x00808080, 0x00808080, 0x00808080, 0x00808080, 
0x00808080, 0x00808080, 0x00808080, 0x00808080, 0x00808080, 0x00808080, 0x00808080, 0x00808080, 0x00808080, 0x00808080, 0x00808080, 0x00808080, 0x00808080, 0x00808080, 0x00808080, 0x00808080, 
0x00808080, 0x00808080, 0x00808080, 0x00808080, 0x00808080, 0x00808080, 0x00808080, 0x00808080, 0x00808080, 0x00808080, 0x00808080, 0x00808080, 0x00808080, 0x00808080, 0x00808080, 0x00808080, 
0x00808080, 0x00808080, 0x00808080, 0x00808080, 0x00808080, 0x00808080, 0x00808080, 0x00808080, 0x00808080, 0x00808080, 0x00808080, 0x00808080, 0x00808080, 0x00808080, 0x00808080, 0x00808080, 
0x00808080, 0x00808080, 0x00808080, 0x00808080, 0x00808080, 0x00808080, 0x00808080, 0x00808080, 0x00808080, 0x00808080, 0x00808080, 0x00808080, 0x00808080, 0x00808080, 0x00808080, 0x00808080, 
0x00808080, 0x00808080, 0x00808080, 0x00808080, 0x00808080, 0x00808080, 0x00808080, 0x00808080, 0x00808080, 0x00808080, 0x00808080, 0x00808080, 0x00808080, 0x00808080, 0x00808080, 0x00808080, 
0x00808080, 0x00808080, 0x00808080, 0x00808080, 0x00808080, 0x00808080, 0x00808080, 0x00808080, 0x00808080, 0x00808080, 0x00808080, 0x00808080, 0x00808080, 0x00808080, 0x00808080, 0x00808080, 
0x00808080, 0x00808080, 0x00808080, 0x00808080, 0x00808080, 0x00808080, 0x00808080, 0x00808080, 0x00808080, 0x00808080, 0x00808080, 0x00808080, 0x00808080, 0x00808080, 0x00808080, 0x00808080, 
0x00808080, 0x00808080, 0x00808080, 0x00808080, 0x00808080, 0x00808080, 0x00808080, 0x00808080, 0x00808080, 0x00808080, 0x00808080, 0x00808080, 0x00808080, 0x00808080, 0x00808080, 0x00808080, 
0x00808080, 0x00808080, 0x00808080, 0x00808080, 0x00808080, 0x00808080, 0x00808080, 0x00808080, 0x00808080, 0x00808080, 0x00808080, 0x00808080, 0x00808080, 0x00808080, 0x00808080, 0x00808080, 
0x00808080, 0x00808080, 0x00808080, 0x00808080, 0x00808080, 0x00808080, 0x00808080, 0x00808080, 0x00808080, 0x00808080, 0x00808080, 0x00808080, 0x00808080, 0x00808080, 0x00808080, 0x00808080, 
0x00808080, 0x00808080, 0x00808080, 0x00808080, 0x00808080, 0x00808080, 0x00808080, 0x00808080, 0x00808080, 0x00808080, 0x00808080, 0x00808080, 0x00808080, 0x00808080, 0x00808080, 0x00808080, 
0x00808080, 0x00808080, 0x00808080, 0x00808080, 0x00808080, 0x00808080, 0x00808080, 0x00808080, 0x00808080, 0x00808080, 0x00808080, 0x00808080, 0x00808080, 0x00808080, 0x00808080, 0x00808080, 
0x00808080, 0x00808080, 0x00808080, 0x00808080, 0x00808080, 0x00808080, 0x00808080, 0x00808080, 0x00808080, 0x00808080, 0x00808080, 0x00808080, 0x00808080, 0x00808080, 0x00808080, 0x00808080, 
0x00808080, 0x00808080, 0x00808080, 0x00808080, 0x00808080, 0x00808080, 0x00807F7F, 0x007F8080, 0x00807F7F, 0x03807F7F, 0x02808080, 0x007F8081, 0x007F8080, 0x02807F7F, 0x007F8080, 0x00807F7F, 
0x00808080, 0x00808080, 0x00808080, 0x00808080, 0x00808080, 0x00808080, 0x00808080, 0x00808080, 0x00808080, 0x00808080, 0x00808080, 0x00808080, 0x00808080, 0x00808080, 0x00808080, 0x00808080, 
0x00808080, 0x00808080, 0x00808080, 0x00808080, 0x00808080, 0x00808080, 0x00808080, 0x00808080, 0x00808080, 0x00808080, 0x00808080, 0x00808080, 0x00808080, 0x00808080, 0x00808080, 0x00808080, 
0x00808080, 0x00808080, 0x00808080, 0x00808080, 0x00808080, 0x00808080, 0x00808080, 0x00808080, 0x00808080, 0x00808080, 0x00808080, 0x00808080, 0x00808080, 0x00808080, 0x00808080, 0x00808080, 
0x00808080, 0x00808080, 0x00808080, 0x00808080, 0x00808080, 0x00808080, 0x00808080, 0x00808080, 0x00808080, 0x00808080, 0x00808080, 0x00808080, 0x00808080, 0x00808080, 0x00808080, 0x00808080, 
0x00808080, 0x00808080, 0x00808080, 0x00808080, 0x00808080, 0x00808080, 0x00808080, 0x00808080, 0x00808080, 0x00808080, 0x00808080, 0x00808080, 0x00808080, 0x00808080, 0x00808080, 0x00808080, 
0x00808080, 0x00808080, 0x00808080, 0x00808080, 0x00808080, 0x00808080, 0x00808080, 0x00808080, 0x00808080, 0x00808080, 0x00808080, 0x00808080, 0x00808080, 0x00808080, 0x00808080, 0x00808080, 
0x00808080, 0x00808080, 0x00808080, 0x00808080, 0x00808080, 0x00808080, 0x00808080, 0x00808080, 0x00808080, 0x00808080, 0x00808080, 0x00808080, 0x00808080, 0x00808080, 0x00808080, 0x00808080, 
0x00808080, 0x00808080, 0x00808080, 0x00808080, 0x00808080, 0x00808080, 0x00808080, 0x00808080, 0x00808080, 0x00808080, 0x00808080, 0x00808080, 0x00808080, 0x00808080, 0x00808080, 0x00808080, 
0x00808080, 0x00808080, 0x00808080, 0x00808080, 0x00808080, 0x00808080, 0x00808080, 0x00808080, 0x00808080, 0x00808080, 0x00808080, 0x00808080, 0x00808080, 0x00808080, 0x00808080, 0x00808080, 
0x00808080, 0x00808080, 0x00808080, 0x00808080, 0x00808080, 0x00808080, 0x00808080, 0x00807F7F, 0x007F7F7F, 0x007E8285, 0x007E8081, 0x05807C79, 0x00807F80, 0x007E8183, 0x02807F7E, 0x007F8080, 
0x00807F7F, 0x00808080, 0x00808080, 0x00808080, 0x00808080, 0x00808080, 0x00808080, 0x00808080, 0x00808080, 0x00808080, 0x00808080, 0x00808080, 0x00808080, 0x00808080, 0x00808080, 0x00808080, 
0x00808080, 0x00808080, 0x00808080, 0x00808080, 0x00808080, 0x00808080, 0x00808080, 0x00808080, 0x00808080, 0x00808080, 0x00808080, 0x00808080, 0x00808080, 0x00808080, 0x00808080, 0x00808080, 
0x00808080, 0x00808080, 0x00808080, 0x00808080, 0x00808080, 0x00808080, 0x00808080, 0x00808080, 0x00808080, 0x00808080, 0x00808080, 0x00808080, 0x00808080, 0x00808080, 0x00808080, 0x00808080, 
0x00808080, 0x00808080, 0x00808080, 0x00808080, 0x00808080, 0x00808080, 0x00808080, 0x00808080, 0x00808080, 0x00808080, 0x00808080, 0x00808080, 0x00808080, 0x00808080, 0x00808080, 0x00808080, 
0x00808080, 0x00808080, 0x00808080, 0x00808080, 0x00808080, 0x00808080, 0x00808080, 0x00808080, 0x00808080, 0x00808080, 0x00808080, 0x00808080, 0x00808080, 0x00808080, 0x00808080, 0x00808080, 
0x00808080, 0x00808080, 0x00808080, 0x00808080, 0x00808080, 0x00808080, 0x00808080, 0x00808080, 0x00808080, 0x00808080, 0x00808080, 0x00808080, 0x00808080, 0x00808080, 0x00808080, 0x00808080, 
0x00808080, 0x00808080, 0x00808080, 0x00808080, 0x00808080, 0x00808080, 0x00808080, 0x00808080, 0x00808080, 0x00808080, 0x00808080, 0x00808080, 0x00808080, 0x00808080, 0x00808080, 0x00808080, 
0x00808080, 0x00808080, 0x00808080, 0x00808080, 0x00808080, 0x00808080, 0x00808080, 0x00808080, 0x00808080, 0x00808080, 0x00808080, 0x00808080, 0x00808080, 0x00808080, 0x00808080, 0x00808080, 
0x00808080, 0x00808080, 0x00808080, 0x00808080, 0x00808080, 0x00808080, 0x00808080, 0x00808080, 0x00807F7F, 0x007F8080, 0x01807F7F, 0x04807F7E, 0x03807F7E, 0x04807F7E, 0x03807F7E, 0x00807F7F, 
0x007F8080, 0x00807F7F, 0x00808080, 0x00808080, 0x00808080, 0x00808080, 0x007F7F7F, 0x007F7F7F, 0x007F7F80, 0x6A906F59, 0xB29F6C48, 0xDFAF7349, 0xC1A06943, 0x3889766A, 0x007D8285, 0x03807F7E, 
0x007F8080, 0x0080807F, 0x00808080, 0x00808080, 0x00808080, 0x00808080, 0x00808080, 0x00808080, 0x00808080, 0x00808080, 0x00808080, 0x00808080, 0x00808080, 0x00808080, 0x00808080, 0x00808080, 
0x00808080, 0x00808080, 0x00808080, 0x00808080, 0x00808080, 0x00808080, 0x00808080, 0x00808080, 0x00808080, 0x00808080, 0x00808080, 0x00808080, 0x00808080, 0x00808080, 0x00808080, 0x00808080, 
0x00808080, 0x00808080, 0x00808080, 0x00808080, 0x00808080, 0x00808080, 0x00808080, 0x00808080, 0x00808080, 0x00808080, 0x00808080, 0x00808080, 0x00808080, 0x00808080, 0x00808080, 0x00808080, 
0x00808080, 0x00808080, 0x00808080, 0x00808080, 0x00808080, 0x00808080, 0x00808080, 0x00808080, 0x00808080, 0x00808080, 0x00808080, 0x00808080, 0x00808080, 0x00808080, 0x00808080, 0x00808080, 
0x00808080, 0x00808080, 0x00808080, 0x00808080, 0x00808080, 0x00808080, 0x00808080, 0x00808080, 0x00808080, 0x00808080, 0x00808080, 0x00808080, 0x00808080, 0x00808080, 0x00808080, 0x00808080, 
0x00808080, 0x00808080, 0x00808080, 0x00808080, 0x00808080, 0x00808080, 0x00808080, 0x00808080, 0x00808080, 0x00808080, 0x00808080, 0x00808080, 0x00808080, 0x00808080, 0x00808080, 0x00808080, 
0x00808080, 0x00808080, 0x00808080, 0x00808080, 0x00808080, 0x00808080, 0x00808080, 0x00808080, 0x00808080, 0x00808080, 0x00808080, 0x00808080, 0x00808080, 0x00808080, 0x00808080, 0x00808080, 
0x00808080, 0x00808080, 0x00808080, 0x00808080, 0x00808080, 0x00808080, 0x00808080, 0x00808080, 0x00808080, 0x00808080, 0x00808080, 0x00808080, 0x00808080, 0x00808080, 0x00808080, 0x00808080, 
0x00808080, 0x00808080, 0x00808080, 0x00808080, 0x00808080, 0x00808080, 0x00808080, 0x00808080, 0x007F8080, 0x00807F7F, 0x007E8082, 0x007D8285, 0x007E8284, 0x007E8285, 0x007E8285, 0x007E8182, 
0x03807F7F, 0x00807F7F, 0x007F8080, 0x00807F7F, 0x00808080, 0x0080807F, 0x03807E7E, 0x007D8184, 0x44897364, 0xFFC07A47, 0xFFECAD79, 0xFFF6BA86, 0xFFE4A470, 0xF3AB6B3C, 0x3E897465, 0x007D8184, 
0x02807F7E, 0x007F7F80, 0x00807F7F, 0x00808080, 0x00808080, 0x00808080, 0x00808080, 0x00808080, 0x00808080, 0x00808080, 0x00808080, 0x00808080, 0x00808080, 0x00808080, 0x00808080, 0x00808080, 
0x00808080, 0x00808080, 0x00808080, 0x00808080, 0x00808080, 0x00808080, 0x00808080, 0x00808080, 0x00808080, 0x00808080, 0x00808080, 0x00808080, 0x00808080, 0x00808080, 0x00808080, 0x00808080, 
0x00808080, 0x00808080, 0x00808080, 0x00808080, 0x00808080, 0x00808080, 0x00808080, 0x00808080, 0x00808080, 0x00808080, 0x00808080, 0x00808080, 0x00808080, 0x00808080, 0x00808080, 0x00808080, 
0x00808080, 0x00808080, 0x00808080, 0x00808080, 0x00808080, 0x00808080, 0x00808080, 0x00808080, 0x00808080, 0x00808080, 0x00808080, 0x00808080, 0x00808080, 0x00808080, 0x00808080, 0x00808080, 
0x00808080, 0x00808080, 0x00808080, 0x00808080, 0x00808080, 0x00808080, 0x00808080, 0x00808080, 0x00808080, 0x00808080, 0x00808080, 0x00808080, 0x00808080, 0x00808080, 0x00808080, 0x00808080, 
0x00808080, 0x00808080, 0x00808080, 0x00808080, 0x00808080, 0x00808080, 0x00808080, 0x00808080, 0x00808080, 0x00808080, 0x00808080, 0x00808080, 0x00808080, 0x00808080, 0x00808080, 0x00808080, 
0x00808080, 0x00808080, 0x00808080, 0x00808080, 0x00808080, 0x00808080, 0x00808080, 0x00808080, 0x00808080, 0x00808080, 0x00808080, 0x00808080, 0x00808080, 0x00808080, 0x00808080, 0x00808080, 
0x00808080, 0x00808080, 0x00808080, 0x00808080, 0x00808080, 0x00808080, 0x00808080, 0x00808080, 0x00808080, 0x00808080, 0x00808080, 0x00808080, 0x00808080, 0x00808080, 0x00808080, 0x00808080, 
0x00808080, 0x00808080, 0x00808080, 0x00808080, 0x00808080, 0x00808080, 0x00808080, 0x00808080, 0x017F7F7F, 0x007E8081, 0x1E867B73, 0x7E956E55, 0x86936E55, 0x7F936E55, 0x548C725F, 0x15837B74, 
0x007D8184, 0x007E8081, 0x01807F7E, 0x007F8080, 0x00807F7F, 0x00808080, 0x027F7F7F, 0x007E7F80, 0xB89C6A46, 0xFDE9AA75, 0xF7FEC38F, 0xFEF6BA86, 0xFBFDC28E, 0xFEE5A876, 0xF7AB693A, 0x478B7463, 
0x007D8184, 0x02807F7E, 0x007F8080, 0x007F7F7F, 0x00808080, 0x00808080, 0x00808080, 0x00808080, 0x00808080, 0x00808080, 0x00808080, 0x00808080, 0x00808080, 0x00808080, 0x00808080, 0x00808080, 
0x00808080, 0x00808080, 0x00808080, 0x00808080, 0x00808080, 0x00808080, 0x00808080, 0x00808080, 0x00808080, 0x00808080, 0x00808080, 0x00808080, 0x00808080, 0x00808080, 0x00808080, 0x00808080, 
0x00808080, 0x00808080, 0x00808080, 0x00808080, 0x00808080, 0x00808080, 0x00808080, 0x00808080, 0x00808080, 0x00808080, 0x00808080, 0x00808080, 0x00808080, 0x00808080, 0x00808080, 0x00808080, 
0x00808080, 0x00808080, 0x00808080, 0x00808080, 0x00808080, 0x00808080, 0x00808080, 0x00808080, 0x00808080, 0x00808080, 0x00808080, 0x00808080, 0x00808080, 0x00808080, 0x00808080, 0x00808080, 
0x00808080, 0x00808080, 0x00808080, 0x00808080, 0x00808080, 0x00808080, 0x00808080, 0x00808080, 0x00808080, 0x00808080, 0x00808080, 0x00808080, 0x00808080, 0x00808080, 0x00808080, 0x00808080, 
0x00808080, 0x00808080, 0x00808080, 0x00808080, 0x00808080, 0x00808080, 0x00808080, 0x00808080, 0x00808080, 0x00808080, 0x00808080, 0x00808080, 0x00808080, 0x00808080, 0x00808080, 0x00808080, 
0x00808080, 0x00808080, 0x00808080, 0x00808080, 0x00808080, 0x00808080, 0x00808080, 0x00808080, 0x00808080, 0x00808080, 0x00808080, 0x00808080, 0x00808080, 0x00808080, 0x00808080, 0x00808080, 
0x00808080, 0x00808080, 0x00808080, 0x00808080, 0x00808080, 0x00808080, 0x00808080, 0x00808080, 0x00808080, 0x00808080, 0x00808080, 0x00808080, 0x00808080, 0x00808080, 0x00808080, 0x00808080, 
0x00808080, 0x00808080, 0x00808080, 0x00808080, 0x00808080, 0x00808080, 0x00808080, 0x00808080, 0x017F7F7F, 0x007E7F7F, 0xC39D6945, 0xFFBF7642, 0xFFCA854F, 0xFFC8824D, 0xFFBD7845, 0xECA86A3D, 
0x88936B50, 0x0F817B77, 0x007D8184, 0x00818080, 0x00808181, 0x00808080, 0x007F8284, 0x1F83766E, 0xF6B67748, 0xFEF8BD89, 0xFEF6BA86, 0xFEF8BC88, 0xFFF5B985, 0xFCFCC18C, 0xFEE7AA77, 0xF3A8673A, 
0x2185796F, 0x007D8183, 0x01807F7E, 0x00808080, 0x00808080, 0x00808080, 0x00808080, 0x00808080, 0x00808080, 0x00808080, 0x00808080, 0x00808080, 0x00808080, 0x00808080, 0x00808080, 0x00808080, 
0x00808080, 0x00808080, 0x00808080, 0x00808080, 0x00808080, 0x00808080, 0x00808080, 0x00808080, 0x00808080, 0x00808080, 0x00808080, 0x00808080, 0x00808080, 0x00808080, 0x00808080, 0x00808080, 
0x00808080, 0x00808080, 0x00808080, 0x00808080, 0x00808080, 0x00808080, 0x00808080, 0x00808080, 0x00808080, 0x00808080, 0x00808080, 0x00808080, 0x00808080, 0x00808080, 0x00808080, 0x00808080, 
0x00808080, 0x00808080, 0x00808080, 0x00808080, 0x00808080, 0x00808080, 0x00808080, 0x00808080, 0x00808080, 0x00808080, 0x00808080, 0x00808080, 0x00808080, 0x00808080, 0x00808080, 0x00808080, 
0x00808080, 0x00808080, 0x00808080, 0x00808080, 0x00808080, 0x00808080, 0x00808080, 0x00808080, 0x00808080, 0x00808080, 0x00808080, 0x00808080, 0x00808080, 0x00808080, 0x00808080, 0x00808080, 
0x00808080, 0x00808080, 0x00808080, 0x00808080, 0x00808080, 0x00808080, 0x00808080, 0x00808080, 0x00808080, 0x00808080, 0x00808080, 0x00808080, 0x00808080, 0x00808080, 0x00808080, 0x00808080, 
0x00808080, 0x00808080, 0x00808080, 0x00808080, 0x00808080, 0x00808080, 0x00808080, 0x00808080, 0x00808080, 0x00808080, 0x00808080, 0x00808080, 0x00808080, 0x00808080, 0x00808080, 0x00808080, 
0x00808080, 0x00808080, 0x00808080, 0x00808080, 0x00808080, 0x00808080, 0x00808080, 0x00808080, 0x00808080, 0x00808080, 0x00808080, 0x00808080, 0x00808080, 0x00808080, 0x00808080, 0x00808080, 
0x00808080, 0x00808080, 0x00808080, 0x00808080, 0x00808080, 0x00808080, 0x00808080, 0x00808080, 0x007E8080, 0x01827B79, 0xDAA1643E, 0xFBD08E59, 0xF9E4A069, 0xFBDF9C66, 0xFBE29E67, 0xFFDE9A63, 
0xFFCA814C, 0xD3AD7045, 0x26897B71, 0x017B7C7C, 0x057D7B7A, 0x0A7D7A78, 0x007C8082, 0x668D6C56, 0xFFCE8C59, 0xFAFCC28E, 0xFFF5B986, 0xFFF8BC88, 0xFEF8BC88, 0xFFF5B985, 0xFBFDC28E, 0xFFD59563, 
0xC09B6641, 0x02807F7F, 0x017F7F7F, 0x007F7F7F, 0x00808080, 0x00808080, 0x00808080, 0x00808080, 0x00808080, 0x00808080, 0x00808080, 0x00808080, 0x00808080, 0x00808080, 0x00808080, 0x00808080, 
0x00808080, 0x00808080, 0x00808080, 0x00808080, 0x00808080, 0x00808080, 0x00808080, 0x00808080, 0x00808080, 0x00808080, 0x00808080, 0x00808080, 0x00808080, 0x00808080, 0x00808080, 0x00808080, 
0x00808080, 0x00808080, 0x00808080, 0x00808080, 0x00808080, 0x00808080, 0x00808080, 0x00808080, 0x00808080, 0x00808080, 0x00808080, 0x00808080, 0x00808080, 0x00808080, 0x00808080, 0x00808080, 
0x00808080, 0x00808080, 0x00808080, 0x00808080, 0x00808080, 0x00808080, 0x00808080, 0x00808080, 0x00808080, 0x00808080, 0x00808080, 0x00808080, 0x00808080, 0x00808080, 0x00808080, 0x00808080, 
0x00808080, 0x00808080, 0x00808080, 0x00808080, 0x00808080, 0x00808080, 0x00808080, 0x00808080, 0x00808080, 0x00808080, 0x00808080, 0x00808080, 0x00808080, 0x00808080, 0x00808080, 0x00808080, 
0x00808080, 0x00808080, 0x00808080, 0x00808080, 0x00808080, 0x00808080, 0x00808080, 0x00808080, 0x00808080, 0x00808080, 0x00808080, 0x00808080, 0x00808080, 0x00808080, 0x00808080, 0x00808080, 
0x00808080, 0x00808080, 0x00808080, 0x00808080, 0x00808080, 0x00808080, 0x00808080, 0x00808080, 0x00808080, 0x00808080, 0x00808080, 0x00808080, 0x00808080, 0x00808080, 0x00808080, 0x00808080, 
0x00808080, 0x00808080, 0x00808080, 0x00808080, 0x00808080, 0x00808080, 0x00808080, 0x00808080, 0x00808080, 0x00808080, 0x00808080, 0x00808080, 0x00808080, 0x00808080, 0x00808080, 0x00808080, 
0x00808080, 0x00808080, 0x00808080, 0x00808080, 0x00808080, 0x00808080, 0x00808080, 0x007F7F7F, 0x007F8080, 0x00817D7C, 0xD39E643E, 0xFFCB8854, 0xFCE9A36A, 0xFEEAA369, 0xFFDF9A63, 0xFECA8C59, 
0xFAA47248, 0xFF89552F, 0xEE7C4D2B, 0xD84A311F, 0xE0503420, 0xE44F3420, 0xD34C3422, 0xE28C5834, 0xFEE4A572, 0xFDFBC08C, 0xFEF6BA86, 0xFFF7BB87, 0xFFF7BB87, 0xFEF7BB87, 0xFFF7BB87, 0xFAF8BE8A, 
0xFFBB7745, 0x5A8D705C, 0x007C8184, 0x037F7E7D, 0x007F7F7F, 0x007F7F7F, 0x007F7F7F, 0x00808080, 0x007F7F7F, 0x00808080, 0x00808080, 0x00808080, 0x00808080, 0x00808080, 0x00808080, 0x00808080, 
0x00808080, 0x00808080, 0x00808080, 0x00808080, 0x00808080, 0x00808080, 0x00808080, 0x00808080, 0x00808080, 0x00808080, 0x00808080, 0x00808080, 0x00808080, 0x00808080, 0x00808080, 0x00808080, 
0x00808080, 0x00808080, 0x00808080, 0x00808080, 0x00808080, 0x00808080, 0x00808080, 0x00808080, 0x00808080, 0x00808080, 0x00808080, 0x00808080, 0x00808080, 0x00808080, 0x00808080, 0x00808080, 
0x00808080, 0x00808080, 0x00808080, 0x00808080, 0x00808080, 0x00808080, 0x00808080, 0x00808080, 0x00808080, 0x00808080, 0x00808080, 0x00808080, 0x00808080, 0x00808080, 0x00808080, 0x00808080, 
0x00808080, 0x00808080, 0x00808080, 0x00808080, 0x00808080, 0x00808080, 0x00808080, 0x00808080, 0x00808080, 0x00808080, 0x00808080, 0x00808080, 0x00808080, 0x00808080, 0x00808080, 0x00808080, 
0x00808080, 0x00808080, 0x00808080, 0x00808080, 0x00808080, 0x00808080, 0x00808080, 0x00808080, 0x00808080, 0x00808080, 0x00808080, 0x00808080, 0x00808080, 0x00808080, 0x00808080, 0x00808080, 
0x00808080, 0x00808080, 0x00808080, 0x00808080, 0x00808080, 0x00808080, 0x00808080, 0x00808080, 0x00808080, 0x00808080, 0x00808080, 0x00808080, 0x00808080, 0x00808080, 0x00808080, 0x00808080, 
0x00808080, 0x00808080, 0x00808080, 0x00808080, 0x00808080, 0x00808080, 0x00808080, 0x00808080, 0x00808080, 0x00808080, 0x00808080, 0x00808080, 0x00808080, 0x00808080, 0x00808080, 0x00808080, 
0x00808080, 0x00808080, 0x00808080, 0x00808080, 0x00808080, 0x00808080, 0x007F7F7F, 0x00808080, 0x047F7E7D, 0x017D8082, 0x979D7051, 0xFFC27B47, 0xFAC18555, 0xFE865936, 0xFF603D22, 0xFE53331C, 
0xFF57351E, 0xFD664027, 0xFF784B30, 0xFF805032, 0xFF815133, 0xFF7F5033, 0xFF7C4D2F, 0xFF9F633A, 0xFFEDB07D, 0xFFF9BE8A, 0xFFF7BB87, 0xFFF8BC88, 0xFFF8BC88, 0xFFF8BC88, 0xFEF5B985, 0xFBFCC18D, 
0xFDDA9B68, 0xC19A6541, 0x00808283, 0x00828283, 0x00828283, 0x00828383, 0x00818181, 0x037F7F7E, 0x027F7F7E, 0x00808080, 0x007F7F7F, 0x00808080, 0x00808080, 0x00808080, 0x00808080, 0x00808080, 
0x00808080, 0x00808080, 0x00808080, 0x00808080, 0x00808080, 0x00808080, 0x00808080, 0x00808080, 0x00808080, 0x00808080, 0x00808080, 0x00808080, 0x00808080, 0x00808080, 0x00808080, 0x00808080, 
0x00808080, 0x00808080, 0x00808080, 0x00808080, 0x00808080, 0x00808080, 0x00808080, 0x00808080, 0x00808080, 0x00808080, 0x00808080, 0x00808080, 0x00808080, 0x00808080, 0x00808080, 0x00808080, 
0x00808080, 0x00808080, 0x00808080, 0x00808080, 0x00808080, 0x00808080, 0x00808080, 0x00808080, 0x00808080, 0x00808080, 0x00808080, 0x00808080, 0x00808080, 0x00808080, 0x00808080, 0x00808080, 
0x00808080, 0x00808080, 0x00808080, 0x00808080, 0x00808080, 0x00808080, 0x00808080, 0x00808080, 0x00808080, 0x00808080, 0x00808080, 0x00808080, 0x00808080, 0x00808080, 0x00808080, 0x00808080, 
0x00808080, 0x00808080, 0x00808080, 0x00808080, 0x00808080, 0x00808080, 0x00808080, 0x00808080, 0x00808080, 0x00808080, 0x00808080, 0x00808080, 0x00808080, 0x00808080, 0x00808080, 0x00808080, 
0x00808080, 0x00808080, 0x00808080, 0x00808080, 0x00808080, 0x00808080, 0x00808080, 0x00808080, 0x00808080, 0x00808080, 0x00808080, 0x00808080, 0x00808080, 0x00808080, 0x00808080, 0x00808080, 
0x00808080, 0x00808080, 0x00808080, 0x00808080, 0x00808080, 0x00808080, 0x00808080, 0x00808080, 0x00808080, 0x00808080, 0x00808080, 0x00808080, 0x00808080, 0x00808080, 0x00808080, 0x00808080, 
0x00808080, 0x00808080, 0x00808080, 0x00808080, 0x00808080, 0x007F7F7F, 0x00808080, 0x017F7E7E, 0x00818182, 0x007F8284, 0x736D5748, 0xFE7D4A26, 0xFC56351D, 0xFE5C3922, 0xFF794C30, 0xFF8C593A, 
0xFE95603F, 0xFF966040, 0xFE945F3F, 0xFD935E3E, 0xFE935E3E, 0xFE925D3E, 0xFD945D3E, 0xFDA86A3F, 0xFFEEB17E, 0xFEF9BD89, 0xFFF6BA86, 0xFFF8BC88, 0xFFF8BC88, 0xFFF7BB87, 0xFFF7BB87, 0xFEF9BD89, 
0xFEEEB27F, 0xF9AB6B3E, 0x317F6E63, 0x18727271, 0x1A75716E, 0x1774716F, 0x06797876, 0x00828485, 0x00838586, 0x027F7F7E, 0x007F7F7F, 0x00808080, 0x007F7F7F, 0x00808080, 0x00808080, 0x00808080, 
0x00808080, 0x00808080, 0x00808080, 0x00808080, 0x00808080, 0x00808080, 0x00808080, 0x00808080, 0x00808080, 0x00808080, 0x00808080, 0x00808080, 0x00808080, 0x00808080, 0x00808080, 0x00808080, 
0x00808080, 0x00808080, 0x00808080, 0x00808080, 0x00808080, 0x00808080, 0x00808080, 0x00808080, 0x00808080, 0x00808080, 0x00808080, 0x00808080, 0x00808080, 0x00808080, 0x00808080, 0x00808080, 
0x00808080, 0x00808080, 0x00808080, 0x00808080, 0x00808080, 0x00808080, 0x00808080, 0x00808080, 0x00808080, 0x00808080, 0x00808080, 0x00808080, 0x00808080, 0x00808080, 0x00808080, 0x00808080, 
0x00808080, 0x00808080, 0x00808080, 0x00808080, 0x00808080, 0x00808080, 0x00808080, 0x00808080, 0x00808080, 0x00808080, 0x00808080, 0x00808080, 0x00808080, 0x00808080, 0x00808080, 0x00808080, 
0x00808080, 0x00808080, 0x00808080, 0x00808080, 0x00808080, 0x00808080, 0x00808080, 0x00808080, 0x00808080, 0x00808080, 0x00808080, 0x00808080, 0x00808080, 0x00808080, 0x00808080, 0x00808080, 
0x00808080, 0x00808080, 0x00808080, 0x00808080, 0x00808080, 0x00808080, 0x00808080, 0x00808080, 0x00808080, 0x00808080, 0x00808080, 0x00808080, 0x00808080, 0x00808080, 0x00808080, 0x00808080, 
0x00808080, 0x00808080, 0x00808080, 0x00808080, 0x00808080, 0x00808080, 0x00808080, 0x00808080, 0x00808080, 0x00808080, 0x00808080, 0x00808080, 0x00808080, 0x00808080, 0x00808080, 0x00808080, 
0x00808080, 0x00808080, 0x00808080, 0x00808080, 0x007F7F7F, 0x00808080, 0x017F7E7E, 0x00828384, 0x0E7A7876, 0xA7533D2D, 0xFF512F18, 0xFD72482E, 0xFE8C593A, 0xFF976040, 0xFF935E3E, 0xFF915D3E, 
0xFF8F5B3C, 0xFF8D5A3B, 0xFF8F5B3C, 0xFF8F5B3C, 0xFF8F5B3C, 0xFF8F5B3D, 0xFF8E5A3B, 0xFFA6693E, 0xFFEEB17E, 0xFFFABE8A, 0xFFF7BB87, 0xFFF8BC88, 0xFFF8BC88, 0xFFF8BC88, 0xFFF8BC88, 0xFFF7BB87, 
0xFEF9BE8A, 0xFEBE7E4F, 0xF3764728, 0xF4593821, 0xF55E3A22, 0xF25C3921, 0xDD583923, 0x9E564232, 0x326E6862, 0x00838486, 0x01808080, 0x007F7F7F, 0x00808080, 0x007F7F7F, 0x00808080, 0x00808080, 
0x00808080, 0x00808080, 0x00808080, 0x00808080, 0x00808080, 0x00808080, 0x00808080, 0x00808080, 0x00808080, 0x00808080, 0x00808080, 0x00808080, 0x00808080, 0x00808080, 0x00808080, 0x00808080, 
0x00808080, 0x00808080, 0x00808080, 0x00808080, 0x00808080, 0x00808080, 0x00808080, 0x00808080, 0x00808080, 0x00808080, 0x00808080, 0x00808080, 0x00808080, 0x00808080, 0x00808080, 0x00808080, 
0x00808080, 0x00808080, 0x00808080, 0x00808080, 0x00808080, 0x00808080, 0x00808080, 0x00808080, 0x00808080, 0x00808080, 0x00808080, 0x00808080, 0x00808080, 0x00808080, 0x00808080, 0x00808080, 
0x00808080, 0x00808080, 0x00808080, 0x00808080, 0x00808080, 0x00808080, 0x00808080, 0x00808080, 0x00808080, 0x00808080, 0x00808080, 0x00808080, 0x00808080, 0x00808080, 0x00808080, 0x00808080, 
0x00808080, 0x00808080, 0x00808080, 0x00808080, 0x00808080, 0x00808080, 0x00808080, 0x00808080, 0x00808080, 0x00808080, 0x00808080, 0x00808080, 0x00808080, 0x00808080, 0x00808080, 0x00808080, 
0x00808080, 0x00808080, 0x00808080, 0x00808080, 0x00808080, 0x00808080, 0x00808080, 0x00808080, 0x00808080, 0x00808080, 0x00808080, 0x00808080, 0x00808080, 0x00808080, 0x00808080, 0x00808080, 
0x00808080, 0x00808080, 0x00808080, 0x00808080, 0x00808080, 0x00808080, 0x00808080, 0x00808080, 0x00808080, 0x00808080, 0x00808080, 0x00808080, 0x00808080, 0x00808080, 0x00808080, 0x00808080, 
0x00808080, 0x00808080, 0x00808080, 0x007F7F7F, 0x00808080, 0x017E7E7E, 0x00828485, 0x2376706C, 0xCF4C321E, 0xFF623A20, 0xFC8F5B3D, 0xFF965F3F, 0xFF905C3D, 0xFF8E5A3B, 0xFF905C3D, 0xFF895537, 
0xFF804D30, 0xFF8A5738, 0xFF8F5B3C, 0xFF905C3C, 0xFF8F5B3C, 0xFF8A5738, 0xFF905C3C, 0xFFA76A3F, 0xFFEDB17D, 0xFFFABD89, 0xFFF6BA86, 0xFFF8BC88, 0xFFF8BC88, 0xFFF8BC88, 0xFFF8BC88, 0xFEF6BA86, 
0xFFFCC08C, 0xFEC68757, 0xFF985E38, 0xFF915C3E, 0xFF915C3D, 0xFF915C3D, 0xFF8D593A, 0xFF7A4A2C, 0xFA56331A, 0x785C4C41, 0x00808081, 0x02808080, 0x007F7F7F, 0x00808080, 0x00808080, 0x00808080, 
0x00808080, 0x00808080, 0x00808080, 0x00808080, 0x00808080, 0x00808080, 0x00808080, 0x00808080, 0x00808080, 0x00808080, 0x00808080, 0x00808080, 0x00808080, 0x00808080, 0x00808080, 0x00808080, 
0x00808080, 0x00808080, 0x00808080, 0x00808080, 0x00808080, 0x00808080, 0x00808080, 0x00808080, 0x00808080, 0x00808080, 0x00808080, 0x00808080, 0x00808080, 0x00808080, 0x00808080, 0x00808080, 
0x00808080, 0x00808080, 0x00808080, 0x00808080, 0x00808080, 0x00808080, 0x00808080, 0x00808080, 0x00808080, 0x00808080, 0x00808080, 0x00808080, 0x00808080, 0x00808080, 0x00808080, 0x00808080, 
0x00808080, 0x00808080, 0x00808080, 0x00808080, 0x00808080, 0x00808080, 0x00808080, 0x00808080, 0x00808080, 0x00808080, 0x00808080, 0x00808080, 0x00808080, 0x00808080, 0x00808080, 0x00808080, 
0x00808080, 0x00808080, 0x00808080, 0x00808080, 0x00808080, 0x00808080, 0x00808080, 0x00808080, 0x00808080, 0x00808080, 0x00808080, 0x00808080, 0x00808080, 0x00808080, 0x00808080, 0x00808080, 
0x00808080, 0x00808080, 0x00808080, 0x00808080, 0x00808080, 0x00808080, 0x00808080, 0x00808080, 0x00808080, 0x00808080, 0x00808080, 0x00808080, 0x00808080, 0x00808080, 0x00808080, 0x00808080, 
0x00808080, 0x00808080, 0x00808080, 0x00808080, 0x00808080, 0x00808080, 0x00808080, 0x00808080, 0x00808080, 0x00808080, 0x00808080, 0x00808080, 0x00808080, 0x00808080, 0x00808080, 0x00808080, 
0x00808080, 0x00808080, 0x00808080, 0x00808080, 0x017F7E7E, 0x00828384, 0x1D76706D, 0xE04A2E19, 0xFF6F4428, 0xF9956041, 0xFF8F5B3C, 0xFE8E5A3C, 0xFE8F5B3C, 0xFF905C3D, 0xFF845133, 0xFF7C4A2D, 
0xFF8A5739, 0xFF925D3E, 0xFF915D3E, 0xFF8B5839, 0xFF7C4A2D, 0xFF8D5839, 0xFF794D31, 0xFF955C34, 0xFFEFB17D, 0xFFFABE8A, 0xFFF7BB87, 0xFFF8BC88, 0xFFF8BC88, 0xFFF8BC88, 0xFFF8BC88, 0xFFF5B985, 
0xFFFCC08C, 0xFECA8B5B, 0xFE975D37, 0xFE8D5B3D, 0xFE8F5B3C, 0xFE8F5B3C, 0xFD8F5B3C, 0xFA945F40, 0xFC915D3E, 0xFF60371B, 0x89574538, 0x00818283, 0x037F7E7E, 0x007F7F7F, 0x007F7F7F, 0x00808080, 
0x00808080, 0x00808080, 0x00808080, 0x00808080, 0x00808080, 0x00808080, 0x00808080, 0x00808080, 0x00808080, 0x00808080, 0x00808080, 0x00808080, 0x00808080, 0x00808080, 0x00808080, 0x00808080, 
0x00808080, 0x00808080, 0x00808080, 0x00808080, 0x00808080, 0x00808080, 0x00808080, 0x00808080, 0x00808080, 0x00808080, 0x00808080, 0x00808080, 0x00808080, 0x00808080, 0x00808080, 0x00808080, 
0x00808080, 0x00808080, 0x00808080, 0x00808080, 0x00808080, 0x00808080, 0x00808080, 0x00808080, 0x00808080, 0x00808080, 0x00808080, 0x00808080, 0x00808080, 0x00808080, 0x00808080, 0x00808080, 
0x00808080, 0x00808080, 0x00808080, 0x00808080, 0x00808080, 0x00808080, 0x00808080, 0x00808080, 0x00808080, 0x00808080, 0x00808080, 0x00808080, 0x00808080, 0x00808080, 0x00808080, 0x00808080, 
0x00808080, 0x00808080, 0x00808080, 0x00808080, 0x00808080, 0x00808080, 0x00808080, 0x00808080, 0x00808080, 0x00808080, 0x00808080, 0x00808080, 0x00808080, 0x00808080, 0x00808080, 0x00808080, 
0x00808080, 0x00808080, 0x00808080, 0x00808080, 0x00808080, 0x00808080, 0x00808080, 0x00808080, 0x00808080, 0x00808080, 0x00808080, 0x00808080, 0x00808080, 0x00808080, 0x00808080, 0x00808080, 
0x00808080, 0x00808080, 0x00808080, 0x00808080, 0x00808080, 0x00808080, 0x00808080, 0x00808080, 0x00808080, 0x00808080, 0x00808080, 0x00808080, 0x00808080, 0x00808080, 0x00808080, 0x00808080, 
0x00808080, 0x00808080, 0x00808080, 0x007F7F7F, 0x01808181, 0x067D7C7B, 0xC94D3422, 0xFF6E4327, 0xFA956041, 0xFF8E5A3B, 0xFE8F5B3C, 0xFF8F5B3C, 0xFF905C3D, 0xFF845133, 0xFF7D4B2E, 0xFF8E5A3B, 
0xFF925D3E, 0xFF855437, 0xFF885638, 0xFF7D4B2E, 0xFF845133, 0xFF925D3E, 0xFF623F26, 0xFF9A6139, 0xFFE0A270, 0xFFFDC18C, 0xFFF6BA86, 0xFFF8BC88, 0xFFF8BC88, 0xFFF8BC88, 0xFFF8BC88, 0xFFF5B985, 
0xFFFDC18D, 0xFFCB8C5C, 0xFF9C603A, 0xFF905C3E, 0xFF8F5B3C, 0xFF905C3D, 0xFE905C3D, 0xFF8E5B3C, 0xFE8F5B3C, 0xF8935F40, 0xFF5A341A, 0x5464584F, 0x00848587, 0x027E7E7D, 0x00808080, 0x00808080, 
0x00808080, 0x00808080, 0x00808080, 0x00808080, 0x00808080, 0x00808080, 0x00808080, 0x00808080, 0x00808080, 0x00808080, 0x00808080, 0x00808080, 0x00808080, 0x00808080, 0x00808080, 0x00808080, 
0x00808080, 0x00808080, 0x00808080, 0x00808080, 0x00808080, 0x00808080, 0x00808080, 0x00808080, 0x00808080, 0x00808080, 0x00808080, 0x00808080, 0x00808080, 0x00808080, 0x00808080, 0x00808080, 
0x00808080, 0x00808080, 0x00808080, 0x00808080, 0x00808080, 0x00808080, 0x00808080, 0x00808080, 0x00808080, 0x00808080, 0x00808080, 0x00808080, 0x00808080, 0x00808080, 0x00808080, 0x00808080, 
0x00808080, 0x00808080, 0x00808080, 0x00808080, 0x00808080, 0x00808080, 0x00808080, 0x00808080, 0x00808080, 0x00808080, 0x00808080, 0x00808080, 0x00808080, 0x00808080, 0x00808080, 0x00808080, 
0x00808080, 0x00808080, 0x00808080, 0x00808080, 0x00808080, 0x00808080, 0x00808080, 0x00808080, 0x00808080, 0x00808080, 0x00808080, 0x00808080, 0x00808080, 0x00808080, 0x00808080, 0x00808080, 
0x00808080, 0x00808080, 0x00808080, 0x00808080, 0x00808080, 0x00808080, 0x00808080, 0x00808080, 0x00808080, 0x00808080, 0x00808080, 0x00808080, 0x00808080, 0x00808080, 0x00808080, 0x00808080, 
0x00808080, 0x00808080, 0x00808080, 0x00808080, 0x00808080, 0x00808080, 0x00808080, 0x00808080, 0x00808080, 0x00808080, 0x00808080, 0x00808080, 0x00808080, 0x00808080, 0x00808080, 0x00808080, 
0x00808080, 0x00808080, 0x00808080, 0x027E7E7D, 0x00838587, 0x6A5F5146, 0xFF5B3419, 0xFA946041, 0xFF8E5B3C, 0xFE8F5B3C, 0xFF905C3D, 0xFF8F5B3C, 0xFF8F5B3C, 0xFF7D4B2E, 0xFF8D593A, 0xFF905C3D, 
0xFF8F5B3C, 0xFF54341D, 0xFF6D4227, 0xFF814D30, 0xFF966040, 0xFF74472C, 0xFF896242, 0xFFD79766, 0xFFB7794B, 0xFFFDC28D, 0xFFF6BA86, 0xFFF8BC88, 0xFFF8BC88, 0xFFF8BC88, 0xFFF8BC88, 0xFFF6BA86, 
0xFFFCC08C, 0xFFC88858, 0xFF834E2B, 0xFF875639, 0xFF925D3E, 0xFF8F5B3C, 0xFF905C3D, 0xFF905C3D, 0xFF8E5B3C, 0xFC915D3E, 0xFE875537, 0xE44F321D, 0x0B797775, 0x01808181, 0x007F7F7F, 0x007F7F7F, 
0x00808080, 0x00808080, 0x00808080, 0x00808080, 0x00808080, 0x00808080, 0x00808080, 0x00808080, 0x00808080, 0x00808080, 0x00808080, 0x00808080, 0x00808080, 0x00808080, 0x00808080, 0x00808080, 
0x00808080, 0x00808080, 0x00808080, 0x00808080, 0x00808080, 0x00808080, 0x00808080, 0x00808080, 0x00808080, 0x00808080, 0x00808080, 0x00808080, 0x00808080, 0x00808080, 0x00808080, 0x00808080, 
0x00808080, 0x00808080, 0x00808080, 0x00808080, 0x00808080, 0x00808080, 0x00808080, 0x00808080, 0x00808080, 0x00808080, 0x00808080, 0x00808080, 0x00808080, 0x00808080, 0x00808080, 0x00808080, 
0x00808080, 0x00808080, 0x00808080, 0x00808080, 0x00808080, 0x00808080, 0x00808080, 0x00808080, 0x00808080, 0x00808080, 0x00808080, 0x00808080, 0x00808080, 0x00808080, 0x00808080, 0x00808080, 
0x00808080, 0x00808080, 0x00808080, 0x00808080, 0x00808080, 0x00808080, 0x00808080, 0x00808080, 0x00808080, 0x00808080, 0x00808080, 0x00808080, 0x00808080, 0x00808080, 0x00808080, 0x00808080, 
0x00808080, 0x00808080, 0x00808080, 0x00808080, 0x00808080, 0x00808080, 0x00808080, 0x00808080, 0x00808080, 0x00808080, 0x00808080, 0x00808080, 0x00808080, 0x00808080, 0x00808080, 0x00808080, 
0x00808080, 0x00808080, 0x00808080, 0x00808080, 0x00808080, 0x00808080, 0x00808080, 0x00808080, 0x00808080, 0x00808080, 0x00808080, 0x00808080, 0x00808080, 0x00808080, 0x00808080, 0x00808080, 
0x00808080, 0x00808080, 0x007F7F7F, 0x027F7F7F, 0x00818283, 0xB5533D2C, 0xFD7A4B2D, 0xFA945E3F, 0xFE8E5A3B, 0xFF905C3D, 0xFF905C3D, 0xFF8F5B3C, 0xFF8F5B3C, 0xFF8E5A3B, 0xFF8E5A3B, 0xFF945F3F, 
0xFF6E452B, 0xFF50311B, 0xFF825032, 0xFF865334, 0xFF966040, 0xFF56331C, 0xFFC9966A, 0xFFF7B883, 0xFFCE9162, 0xFFF9BD89, 0xFFF7BB87, 0xFFF8BC88, 0xFFF8BC88, 0xFFF8BC88, 0xFFF8BC88, 0xFFF6BA87, 
0xFFF9BE89, 0xFFCA8A5A, 0xFFA37149, 0xFF623D25, 0xFF935E3E, 0xFF8E5A3B, 0xFF905B3C, 0xFF8F5B3C, 0xFE905C3D, 0xFF8D5A3B, 0xFB956040, 0xFF663C21, 0x695F5247, 0x00838587, 0x037E7E7D, 0x00808080, 
0x00808080, 0x00808080, 0x00808080, 0x00808080, 0x00808080, 0x00808080, 0x00808080, 0x00808080, 0x00808080, 0x00808080, 0x00808080, 0x00808080, 0x00808080, 0x00808080, 0x00808080, 0x00808080, 
0x00808080, 0x00808080, 0x00808080, 0x00808080, 0x00808080, 0x00808080, 0x00808080, 0x00808080, 0x00808080, 0x00808080, 0x00808080, 0x00808080, 0x00808080, 0x00808080, 0x00808080, 0x00808080, 
0x00808080, 0x00808080, 0x00808080, 0x00808080, 0x00808080, 0x00808080, 0x00808080, 0x00808080, 0x00808080, 0x00808080, 0x00808080, 0x00808080, 0x00808080, 0x00808080, 0x00808080, 0x00808080, 
0x00808080, 0x00808080, 0x00808080, 0x00808080, 0x00808080, 0x00808080, 0x00808080, 0x00808080, 0x00808080, 0x00808080, 0x00808080, 0x00808080, 0x00808080, 0x00808080, 0x00808080, 0x00808080, 
0x00808080, 0x00808080, 0x00808080, 0x00808080, 0x00808080, 0x00808080, 0x00808080, 0x00808080, 0x00808080, 0x00808080, 0x00808080, 0x00808080, 0x00808080, 0x00808080, 0x00808080, 0x00808080, 
0x00808080, 0x00808080, 0x00808080, 0x00808080, 0x00808080, 0x00808080, 0x00808080, 0x00808080, 0x00808080, 0x00808080, 0x00808080, 0x00808080, 0x00808080, 0x00808080, 0x00808080, 0x00808080, 
0x00808080, 0x00808080, 0x00808080, 0x00808080, 0x00808080, 0x00808080, 0x00808080, 0x00808080, 0x00808080, 0x00808080, 0x00808080, 0x00808080, 0x00808080, 0x00808080, 0x00808080, 0x00808080, 
0x00808080, 0x00808080, 0x00808080, 0x00808080, 0x007E7D7D, 0xCD523825, 0xFF815032, 0xFC925D3E, 0xFF8F5A3B, 0xFF8F5B3C, 0xFF905C3D, 0xFF905C3D, 0xFF905C3D, 0xFF8F5B3C, 0xFF925D3E, 0xFF845436, 
0xFF462914, 0xFE603C24, 0xFF915C3D, 0xFF955F3F, 0xFF70452B, 0xFF69472C, 0xFFF8BD89, 0xFFF7BC88, 0xFFFCC08C, 0xFFF7BB87, 0xFFF8BC88, 0xFFF8BC88, 0xFFF8BC88, 0xFFF8BC88, 0xFFF8BC88, 0xFFF7BB87, 
0xFFF8BC88, 0xFFF5B986, 0xFFFFC48E, 0xFF765133, 0xFF794A2F, 0xFF945F3F, 0xFF8E5B3C, 0xFF8F5B3C, 0xFF8F5B3C, 0xFE8E5B3C, 0xFC925D3E, 0xFE825133, 0xCD523825, 0x017E7D7D, 0x00808080, 0x007F7F7F, 
0x00808080, 0x00808080, 0x00808080, 0x00808080, 0x00808080, 0x00808080, 0x00808080, 0x00808080, 0x00808080, 0x00808080, 0x00808080, 0x00808080, 0x00808080, 0x00808080, 0x00808080, 0x00808080, 
0x00808080, 0x00808080, 0x00808080, 0x00808080, 0x00808080, 0x00808080, 0x00808080, 0x00808080, 0x00808080, 0x00808080, 0x00808080, 0x00808080, 0x00808080, 0x00808080, 0x00808080, 0x00808080, 
0x00808080, 0x00808080, 0x00808080, 0x00808080, 0x00808080, 0x00808080, 0x00808080, 0x00808080, 0x00808080, 0x00808080, 0x00808080, 0x00808080, 0x00808080, 0x00808080, 0x00808080, 0x00808080, 
0x00808080, 0x00808080, 0x00808080, 0x00808080, 0x00808080, 0x00808080, 0x00808080, 0x00808080, 0x00808080, 0x00808080, 0x00808080, 0x00808080, 0x00808080, 0x00808080, 0x00808080, 0x00808080, 
0x00808080, 0x00808080, 0x00808080, 0x00808080, 0x00808080, 0x00808080, 0x00808080, 0x00808080, 0x00808080, 0x00808080, 0x00808080, 0x00808080, 0x00808080, 0x00808080, 0x00808080, 0x00808080, 
0x00808080, 0x00808080, 0x00808080, 0x00808080, 0x00808080, 0x00808080, 0x00808080, 0x00808080, 0x00808080, 0x00808080, 0x00808080, 0x00808080, 0x00808080, 0x00808080, 0x00808080, 0x00808080, 
0x00808080, 0x00808080, 0x00808080, 0x00808080, 0x00808080, 0x00808080, 0x00808080, 0x00808080, 0x00808080, 0x00808080, 0x00808080, 0x00808080, 0x00808080, 0x00808080, 0x00808080, 0x00808080, 
0x00808080, 0x00808080, 0x007F7F7F, 0x00808182, 0x0F787572, 0xED52331D, 0xFF8A5738, 0xFD905C3D, 0xFF8F5B3C, 0xFF905C3D, 0xFF8F5B3C, 0xFF905C3D, 0xFF8F5B3C, 0xFF8F5B3C, 0xFF8F5B3C, 0xFF57351E, 
0xFB503620, 0xFE6F452B, 0xFF9E6645, 0xFF8B593A, 0xFF472914, 0xFFC69368, 0xFFFFC48E, 0xFFF4B985, 0xFFF7BB87, 0xFFF8BC88, 0xFFF7BB87, 0xFFF8BC88, 0xFFF8BC88, 0xFFF8BC88, 0xFFF8BC88, 0xFFF8BC88, 
0xFFF7BB87, 0xFFF5B986, 0xFFFFC58F, 0xFFB8885F, 0xFF5C3720, 0xFF976140, 0xFF8E5A3B, 0xFF905C3D, 0xFF905C3D, 0xFF8F5B3C, 0xFF8F5B3C, 0xFD915D3E, 0xFD58351C, 0x2C6F6863, 0x00838485, 0x017E7E7E, 
0x00808080, 0x00808080, 0x00808080, 0x00808080, 0x00808080, 0x00808080, 0x00808080, 0x00808080, 0x00808080, 0x00808080, 0x00808080, 0x00808080, 0x00808080, 0x00808080, 0x00808080, 0x00808080, 
0x00808080, 0x00808080, 0x00808080, 0x00808080, 0x00808080, 0x00808080, 0x00808080, 0x00808080, 0x00808080, 0x00808080, 0x00808080, 0x00808080, 0x00808080, 0x00808080, 0x00808080, 0x00808080, 
0x00808080, 0x00808080, 0x00808080, 0x00808080, 0x00808080, 0x00808080, 0x00808080, 0x00808080, 0x00808080, 0x00808080, 0x00808080, 0x00808080, 0x00808080, 0x00808080, 0x00808080, 0x00808080, 
0x00808080, 0x00808080, 0x00808080, 0x00808080, 0x00808080, 0x00808080, 0x00808080, 0x00808080, 0x00808080, 0x00808080, 0x00808080, 0x00808080, 0x00808080, 0x00808080, 0x00808080, 0x00808080, 
0x00808080, 0x00808080, 0x00808080, 0x00808080, 0x00808080, 0x00808080, 0x00808080, 0x00808080, 0x00808080, 0x00808080, 0x00808080, 0x00808080, 0x00808080, 0x00808080, 0x00808080, 0x00808080, 
0x00808080, 0x00808080, 0x00808080, 0x00808080, 0x00808080, 0x00808080, 0x00808080, 0x00808080, 0x00808080, 0x00808080, 0x00808080, 0x00808080, 0x00808080, 0x00808080, 0x00808080, 0x00808080, 
0x00808080, 0x00808080, 0x00808080, 0x00808080, 0x00808080, 0x00808080, 0x00808080, 0x00808080, 0x00808080, 0x00808080, 0x00808080, 0x00808080, 0x00808080, 0x00808080, 0x00808080, 0x00808080, 
0x00808080, 0x00808080, 0x007E7E7E, 0x00818283, 0x1D76726F, 0xF856351E, 0xFF8E5A3B, 0xFE8F5B3C, 0xFF905C3D, 0xFF8F5B3C, 0xFF905C3D, 0xFF8F5B3C, 0xFF8D5A3B, 0xFF986242, 0xFF593219, 0xFF826750, 
0xFEAA9179, 0xFE47250F, 0xFF75492E, 0xFF472814, 0xFF956B48, 0xFFFFC48E, 0xFFF6B986, 0xFFF8BC88, 0xFFF7BB87, 0xFFF8BC88, 0xFFF8BC88, 0xFFF8BC88, 0xFFF8BC88, 0xFFF8BC88, 0xFFF8BC88, 0xFFF7BB87, 
0xFFF8BC88, 0xFFF7BB87, 0xFFFABD89, 0xFFEEB381, 0xFF613F25, 0xFF885538, 0xFF905C3D, 0xFF8F5B3C, 0xFF905C3D, 0xFF905C3D, 0xFF8E5A3B, 0xF9956041, 0xFF683E22, 0x6D5E5147, 0x04848586, 0x057E7C7C, 
0x00808080, 0x007F7F7F, 0x00808080, 0x00808080, 0x00808080, 0x00808080, 0x00808080, 0x00808080, 0x00808080, 0x00808080, 0x00808080, 0x00808080, 0x00808080, 0x00808080, 0x00808080, 0x00808080, 
0x00808080, 0x00808080, 0x00808080, 0x00808080, 0x00808080, 0x00808080, 0x00808080, 0x00808080, 0x00808080, 0x00808080, 0x00808080, 0x00808080, 0x00808080, 0x00808080, 0x00808080, 0x00808080, 
0x00808080, 0x00808080, 0x00808080, 0x00808080, 0x00808080, 0x00808080, 0x00808080, 0x00808080, 0x00808080, 0x00808080, 0x00808080, 0x00808080, 0x00808080, 0x00808080, 0x00808080, 0x00808080, 
0x00808080, 0x00808080, 0x00808080, 0x00808080, 0x00808080, 0x00808080, 0x00808080, 0x00808080, 0x00808080, 0x00808080, 0x00808080, 0x00808080, 0x00808080, 0x00808080, 0x00808080, 0x00808080, 
0x00808080, 0x00808080, 0x00808080, 0x00808080, 0x00808080, 0x00808080, 0x00808080, 0x00808080, 0x00808080, 0x00808080, 0x00808080, 0x00808080, 0x00808080, 0x00808080, 0x00808080, 0x00808080, 
0x00808080, 0x00808080, 0x00808080, 0x00808080, 0x00808080, 0x00808080, 0x00808080, 0x00808080, 0x00808080, 0x00808080, 0x00808080, 0x00808080, 0x00808080, 0x00808080, 0x00808080, 0x00808080, 
0x00808080, 0x00808080, 0x00808080, 0x00808080, 0x00808080, 0x00808080, 0x00808080, 0x00808080, 0x00808080, 0x00808080, 0x00808080, 0x00808080, 0x00808080, 0x00808080, 0x00808080, 0x00808080, 
0x00808080, 0x00808080, 0x007F7F7F, 0x00808181, 0x0A797775, 0xE94E311C, 0xFD875537, 0xFD945E3F, 0xFE8E5A3B, 0xFF8F5B3C, 0xFF8F5B3C, 0xFF915C3D, 0xFF986343, 0xFF633A20, 0xFF5B3C25, 0xFFF0DDC4, 
0xFFF5D1AD, 0xFF9C6E48, 0xFF724F33, 0xFFA47751, 0xFFFCC08B, 0xFFF7BB87, 0xFFF7BB87, 0xFFF7BB87, 0xFFF8BC88, 0xFFF8BC88, 0xFFF8BC88, 0xFFF8BC88, 0xFFF8BC88, 0xFFF8BC88, 0xFFF8BC88, 0xFFF8BC88, 
0xFFF8BC88, 0xFFF8BC88, 0xFFF5B986, 0xFFFFC38D, 0xFF825B3C, 0xFF72462C, 0xFF955F3F, 0xFF8E5A3B, 0xFF905C3D, 0xFF8F5B3C, 0xFE8E5B3C, 0xF9935F3F, 0xFE78492B, 0xA0564132, 0x0085888A, 0x00828383, 
0x027F7E7E, 0x007F7F7F, 0x00808080, 0x007F7F7F, 0x00808080, 0x00808080, 0x00808080, 0x00808080, 0x00808080, 0x00808080, 0x00808080, 0x00808080, 0x00808080, 0x00808080, 0x00808080, 0x00808080, 
0x00808080, 0x00808080, 0x00808080, 0x00808080, 0x00808080, 0x00808080, 0x00808080, 0x00808080, 0x00808080, 0x00808080, 0x00808080, 0x00808080, 0x00808080, 0x00808080, 0x00808080, 0x00808080, 
0x00808080, 0x00808080, 0x00808080, 0x00808080, 0x00808080, 0x00808080, 0x00808080, 0x00808080, 0x00808080, 0x00808080, 0x00808080, 0x00808080, 0x00808080, 0x00808080, 0x00808080, 0x00808080, 
0x00808080, 0x00808080, 0x00808080, 0x00808080, 0x00808080, 0x00808080, 0x00808080, 0x00808080, 0x00808080, 0x00808080, 0x00808080, 0x00808080, 0x00808080, 0x00808080, 0x00808080, 0x00808080, 
0x00808080, 0x00808080, 0x00808080, 0x00808080, 0x00808080, 0x00808080, 0x00808080, 0x00808080, 0x00808080, 0x00808080, 0x00808080, 0x00808080, 0x00808080, 0x00808080, 0x00808080, 0x00808080, 
0x00808080, 0x00808080, 0x00808080, 0x00808080, 0x00808080, 0x00808080, 0x00808080, 0x00808080, 0x00808080, 0x00808080, 0x00808080, 0x00808080, 0x00808080, 0x00808080, 0x00808080, 0x00808080, 
0x00808080, 0x00808080, 0x00808080, 0x00808080, 0x00808080, 0x00808080, 0x00808080, 0x00808080, 0x00808080, 0x00808080, 0x00808080, 0x00808080, 0x00808080, 0x00808080, 0x00808080, 0x00808080, 
0x00808080, 0x00808080, 0x00808080, 0x027E7E7E, 0x00838586, 0x765F4E42, 0xFF553017, 0xFB8B593C, 0xFF945F3F, 0xFF935F3F, 0xFF935F3F, 0xFF875638, 0xFF573017, 0xFF5D412B, 0xFFE0C9AE, 0xFFFEECD2, 
0xFFF7C293, 0xFFFFC28B, 0xFFFFC28D, 0xFFFFC38E, 0xFFF7BB87, 0xFFF7BB87, 0xFFF8BC88, 0xFFF7BB87, 0xFFF8BC88, 0xFFF8BC88, 0xFFF8BC88, 0xFFF8BC88, 0xFFF8BC88, 0xFFF8BC88, 0xFFF8BC88, 0xFFF8BC88, 
0xFFF8BC88, 0xFFF7BB87, 0xFFF4B885, 0xFFFEC68F, 0xFFA57852, 0xFF643C23, 0xFF976140, 0xFF8D5B3C, 0xFF905C3D, 0xFF905C3D, 0xFF8F5B3C, 0xFD925D3E, 0xFE825235, 0xEA4E311C, 0x96594536, 0x25716D69, 
0x00848688, 0x017F7F80, 0x007F7F7F, 0x00808080, 0x007F7F7F, 0x00808080, 0x00808080, 0x00808080, 0x00808080, 0x00808080, 0x00808080, 0x00808080, 0x00808080, 0x00808080, 0x00808080, 0x00808080, 
0x00808080, 0x00808080, 0x00808080, 0x00808080, 0x00808080, 0x00808080, 0x00808080, 0x00808080, 0x00808080, 0x00808080, 0x00808080, 0x00808080, 0x00808080, 0x00808080, 0x00808080, 0x00808080, 
0x00808080, 0x00808080, 0x00808080, 0x00808080, 0x00808080, 0x00808080, 0x00808080, 0x00808080, 0x00808080, 0x00808080, 0x00808080, 0x00808080, 0x00808080, 0x00808080, 0x00808080, 0x00808080, 
0x00808080, 0x00808080, 0x00808080, 0x00808080, 0x00808080, 0x00808080, 0x00808080, 0x00808080, 0x00808080, 0x00808080, 0x00808080, 0x00808080, 0x00808080, 0x00808080, 0x00808080, 0x00808080, 
0x00808080, 0x00808080, 0x00808080, 0x00808080, 0x00808080, 0x00808080, 0x00808080, 0x00808080, 0x00808080, 0x00808080, 0x00808080, 0x00808080, 0x00808080, 0x00808080, 0x00808080, 0x00808080, 
0x00808080, 0x00808080, 0x00808080, 0x00808080, 0x00808080, 0x00808080, 0x00808080, 0x00808080, 0x00808080, 0x00808080, 0x00808080, 0x00808080, 0x00808080, 0x00808080, 0x00808080, 0x00808080, 
0x00808080, 0x00808080, 0x00808080, 0x00808080, 0x00808080, 0x00808080, 0x00808080, 0x00808080, 0x00808080, 0x00808080, 0x00808080, 0x00808080, 0x00808080, 0x00808080, 0x00808080, 0x00808080, 
0x00808080, 0x00808080, 0x007F7F7F, 0x007F7F7F, 0x02808080, 0x007B7D7E, 0xA96A4B35, 0xFE643A1D, 0xFC502E18, 0xFF543018, 0xFF522F17, 0xFF4E3019, 0xFF8B725B, 0xFFF2DDC3, 0xFFFFEED6, 0xFFF8D7B6, 
0xFFF7B984, 0xFFF5B986, 0xFFF6BA86, 0xFFF5BA86, 0xFFF7BB87, 0xFFF8BC88, 0xFFF7BB87, 0xFFF8BC88, 0xFFF8BC88, 0xFFF8BC88, 0xFFF8BC88, 0xFFF8BC88, 0xFFF8BC88, 0xFFF8BC88, 0xFFF8BC88, 0xFFF8BC88, 
0xFFF8BC88, 0xFFF8BC88, 0xFFF5B986, 0xFFFEC48E, 0xFFC29065, 0xFF5D3820, 0xFF955F40, 0xFF8E5B3C, 0xFF905C3D, 0xFF905C3D, 0xFF8F5B3C, 0xFF925D3D, 0xFF815134, 0xFF5B3820, 0xFF7B4A2C, 0xF252311A, 
0x6F5E4F44, 0x00808081, 0x00808181, 0x007F7F7E, 0x00808080, 0x00808080, 0x00808080, 0x00808080, 0x00808080, 0x00808080, 0x00808080, 0x00808080, 0x00808080, 0x00808080, 0x00808080, 0x00808080, 
0x00808080, 0x00808080, 0x00808080, 0x00808080, 0x00808080, 0x00808080, 0x00808080, 0x00808080, 0x00808080, 0x00808080, 0x00808080, 0x00808080, 0x00808080, 0x00808080, 0x00808080, 0x00808080, 
0x00808080, 0x00808080, 0x00808080, 0x00808080, 0x00808080, 0x00808080, 0x00808080, 0x00808080, 0x00808080, 0x00808080, 0x00808080, 0x00808080, 0x00808080, 0x00808080, 0x00808080, 0x00808080, 
0x00808080, 0x00808080, 0x00808080, 0x00808080, 0x00808080, 0x00808080, 0x00808080, 0x00808080, 0x00808080, 0x00808080, 0x00808080, 0x00808080, 0x00808080, 0x00808080, 0x00808080, 0x00808080, 
0x00808080, 0x00808080, 0x00808080, 0x00808080, 0x00808080, 0x00808080, 0x00808080, 0x00808080, 0x00808080, 0x00808080, 0x00808080, 0x00808080, 0x00808080, 0x00808080, 0x00808080, 0x00808080, 
0x00808080, 0x00808080, 0x00808080, 0x00808080, 0x00808080, 0x00808080, 0x00808080, 0x00808080, 0x00808080, 0x00808080, 0x00808080, 0x00808080, 0x00808080, 0x00808080, 0x00808080, 0x00808080, 
0x00808080, 0x00808080, 0x00808080, 0x00808080, 0x00808080, 0x00808080, 0x00808080, 0x00808080, 0x00808080, 0x00808080, 0x00808080, 0x00808080, 0x00808080, 0x00808080, 0x00808080, 0x00808080, 
0x00808080, 0x00808080, 0x00808080, 0x00808080, 0x027F7F7F, 0x007E8184, 0xA5A16D4A, 0xFED0A683, 0xFBCAB6A0, 0xFFC4AB93, 0xFFC6AE96, 0xFFE4CCB3, 0xFFFFF0D6, 0xFFFDE6CC, 0xFFFAE4CB, 0xFFF8C89C, 
0xFFF6B983, 0xFFF7BB88, 0xFFF6BA87, 0xFFF7BB87, 0xFFF8BC88, 0xFFF7BB87, 0xFFF8BC88, 0xFFF8BC88, 0xFFF8BC88, 0xFFF8BC88, 0xFFF8BC88, 0xFFF8BC88, 0xFFF8BC88, 0xFFF8BC88, 0xFFF8BC88, 0xFFF8BC88, 
0xFFF8BC88, 0xFFF8BC88, 0xFFF6BA86, 0xFFFEC18C, 0xFFD39E70, 0xFF5C3921, 0xFF925D3E, 0xFF8F5A3B, 0xFF905C3D, 0xFF905C3D, 0xFF8E5A3B, 0xFE935E3E, 0xFF7B4D31, 0xFE5A3720, 0xFA986142, 0xFF8D5A3B, 
0xFF5F361B, 0x9D564233, 0x00808080, 0x037F8080, 0x007F7F7F, 0x00808080, 0x00808080, 0x00808080, 0x00808080, 0x00808080, 0x00808080, 0x00808080, 0x00808080, 0x00808080, 0x00808080, 0x00808080, 
0x00808080, 0x00808080, 0x00808080, 0x00808080, 0x00808080, 0x00808080, 0x00808080, 0x00808080, 0x00808080, 0x00808080, 0x00808080, 0x00808080, 0x00808080, 0x00808080, 0x00808080, 0x00808080, 
0x00808080, 0x00808080, 0x00808080, 0x00808080, 0x00808080, 0x00808080, 0x00808080, 0x00808080, 0x00808080, 0x00808080, 0x00808080, 0x00808080, 0x00808080, 0x00808080, 0x00808080, 0x00808080, 
0x00808080, 0x00808080, 0x00808080, 0x00808080, 0x00808080, 0x00808080, 0x00808080, 0x00808080, 0x00808080, 0x00808080, 0x00808080, 0x00808080, 0x00808080, 0x00808080, 0x00808080, 0x00808080, 
0x00808080, 0x00808080, 0x00808080, 0x00808080, 0x00808080, 0x00808080, 0x00808080, 0x00808080, 0x00808080, 0x00808080, 0x00808080, 0x00808080, 0x00808080, 0x00808080, 0x00808080, 0x00808080, 
0x00808080, 0x00808080, 0x00808080, 0x00808080, 0x00808080, 0x00808080, 0x00808080, 0x00808080, 0x00808080, 0x00808080, 0x00808080, 0x00808080, 0x00808080, 0x00808080, 0x00808080, 0x00808080, 
0x00808080, 0x00808080, 0x00808080, 0x00808080, 0x00808080, 0x00808080, 0x00808080, 0x00808080, 0x00808080, 0x00808080, 0x00808080, 0x00808080, 0x00808080, 0x00808080, 0x00808080, 0x00808080, 
0x00808080, 0x00808080, 0x00808080, 0x007F7F7F, 0x007E8081, 0x0C827B77, 0xEEA76A40, 0xFFF5DABE, 0xFEFFF3DA, 0xFFFFEFD4, 0xFFFFF0D6, 0xFFFFEAD0, 0xFFF9E2C7, 0xFFFBE5CC, 0xFFFADEC0, 0xFFF7BB87, 
0xFFF6BA86, 0xFFF9BD89, 0xFFFFC28C, 0xFFFDC08B, 0xFFF6BA86, 0xFFF7BB87, 0xFFF8BC88, 0xFFF7BB87, 0xFFF8BC88, 0xFFF8BC88, 0xFFF8BC88, 0xFFF8BC88, 0xFFF8BC88, 0xFFF8BC88, 0xFFF8BC88, 0xFFF8BC88, 
0xFFF8BC88, 0xFFF8BC88, 0xFFF7BB87, 0xFFFDC08B, 0xFFDEA777, 0xFF5E3B22, 0xFF8F5B3C, 0xFF8F5B3C, 0xFF905C3D, 0xFF905C3D, 0xFF8F5B3C, 0xFF935D3E, 0xFF7D4F33, 0xFE784B30, 0xFF925D3E, 0xFE8F5B3C, 
0xF8956041, 0xFF62391E, 0x97564334, 0x00828384, 0x027F7F7F, 0x007F7F7F, 0x007F7F7F, 0x00808080, 0x00808080, 0x00808080, 0x00808080, 0x00808080, 0x00808080, 0x00808080, 0x00808080, 0x00808080, 
0x00808080, 0x00808080, 0x00808080, 0x00808080, 0x00808080, 0x00808080, 0x00808080, 0x00808080, 0x00808080, 0x00808080, 0x00808080, 0x00808080, 0x00808080, 0x00808080, 0x00808080, 0x00808080, 
0x00808080, 0x00808080, 0x00808080, 0x00808080, 0x00808080, 0x00808080, 0x00808080, 0x00808080, 0x00808080, 0x00808080, 0x00808080, 0x00808080, 0x00808080, 0x00808080, 0x00808080, 0x00808080, 
0x00808080, 0x00808080, 0x00808080, 0x00808080, 0x00808080, 0x00808080, 0x00808080, 0x00808080, 0x00808080, 0x00808080, 0x00808080, 0x00808080, 0x00808080, 0x00808080, 0x00808080, 0x00808080, 
0x00808080, 0x00808080, 0x00808080, 0x00808080, 0x00808080, 0x00808080, 0x00808080, 0x00808080, 0x00808080, 0x00808080, 0x00808080, 0x00808080, 0x00808080, 0x00808080, 0x00808080, 0x00808080, 
0x00808080, 0x00808080, 0x00808080, 0x00808080, 0x00808080, 0x00808080, 0x00808080, 0x00808080, 0x00808080, 0x00808080, 0x00808080, 0x00808080, 0x00808080, 0x00808080, 0x00808080, 0x00808080, 
0x00808080, 0x00808080, 0x00808080, 0x00808080, 0x00808080, 0x00808080, 0x00808080, 0x00808080, 0x00808080, 0x00808080, 0x00808080, 0x00808080, 0x00808080, 0x00808080, 0x00808080, 0x00808080, 
0x00808080, 0x00808080, 0x00807F7F, 0x027F7E7E, 0x007D8285, 0x45887060, 0xFFBC8156, 0xFCFCE7CE, 0xFFF8E1C7, 0xFFF9E2C8, 0xFFF9E2C8, 0xFFFBE4CA, 0xFFFBE4C9, 0xFFFBE7CF, 0xFFF9CDA5, 0xFFF5B781, 
0xFFFBBF8B, 0xFFF2B784, 0xFFD8A273, 0xFFE1A979, 0xFFFFC28D, 0xFFF9BD89, 0xFFF7BB87, 0xFFF8BC88, 0xFFF8BC88, 0xFFF8BC88, 0xFFF8BC88, 0xFFF8BC88, 0xFFF8BC88, 0xFFF8BC88, 0xFFF8BC88, 0xFFF8BC88, 
0xFFF8BC88, 0xFFF8BC88, 0xFFF6BA86, 0xFFFBBE89, 0xFFE7AE7D, 0xFF5F3D24, 0xFF8C583A, 0xFF905C3D, 0xFF905B3D, 0xFF905C3D, 0xFF905C3D, 0xFF8F5B3C, 0xFF915C3D, 0xFF925D3E, 0xFF8F5B3C, 0xFE8F5B3C, 
0xFE8F5B3C, 0xF9925E3F, 0xFF593319, 0x6361544A, 0x00838586, 0x027E7E7D, 0x00808080, 0x007F7F7F, 0x00808080, 0x00808080, 0x00808080, 0x00808080, 0x00808080, 0x00808080, 0x00808080, 0x00808080, 
0x00808080, 0x00808080, 0x00808080, 0x00808080, 0x00808080, 0x00808080, 0x00808080, 0x00808080, 0x00808080, 0x00808080, 0x00808080, 0x00808080, 0x00808080, 0x00808080, 0x00808080, 0x00808080, 
0x00808080, 0x00808080, 0x00808080, 0x00808080, 0x00808080, 0x00808080, 0x00808080, 0x00808080, 0x00808080, 0x00808080, 0x00808080, 0x00808080, 0x00808080, 0x00808080, 0x00808080, 0x00808080, 
0x00808080, 0x00808080, 0x00808080, 0x00808080, 0x00808080, 0x00808080, 0x00808080, 0x00808080, 0x00808080, 0x00808080, 0x00808080, 0x00808080, 0x00808080, 0x00808080, 0x00808080, 0x00808080, 
0x00808080, 0x00808080, 0x00808080, 0x00808080, 0x00808080, 0x00808080, 0x00808080, 0x00808080, 0x00808080, 0x00808080, 0x00808080, 0x00808080, 0x00808080, 0x00808080, 0x00808080, 0x00808080, 
0x00808080, 0x00808080, 0x00808080, 0x00808080, 0x00808080, 0x00808080, 0x00808080, 0x00808080, 0x00808080, 0x00808080, 0x00808080, 0x00808080, 0x00808080, 0x00808080, 0x00808080, 0x00808080, 
0x00808080, 0x00808080, 0x00808080, 0x00808080, 0x00808080, 0x00808080, 0x00808080, 0x00808080, 0x00808080, 0x00808080, 0x00808080, 0x00808080, 0x00808080, 0x00808080, 0x00808080, 0x00808080, 
0x00808080, 0x00808080, 0x00808080, 0x02807F7E, 0x007E8386, 0x93946748, 0xFED5A680, 0xFAFFEDD5, 0xFEF9E2C7, 0xFFFCE5CB, 0xFFFBE4CA, 0xFFFBE4CA, 0xFFFBE4CB, 0xFFFBE2C7, 0xFFF7BE8C, 0xFFF9BC87, 
0xFEECB381, 0xFF684429, 0xFE43250F, 0xFE492B14, 0xFF926846, 0xFFF5BA86, 0xFFF8BC88, 0xFFF7BB87, 0xFFF8BC88, 0xFFF8BC88, 0xFFF8BC88, 0xFFF8BC88, 0xFFF8BC88, 0xFFF8BC88, 0xFFF7BB87, 0xFFF8BC88, 
0xFFF7BB87, 0xFFF7BB87, 0xFFF7BB87, 0xFFFABD89, 0xFFECB280, 0xFF634026, 0xFF8A5739, 0xFF8F5B3C, 0xFF8F5C3C, 0xFF905C3D, 0xFF8F5C3D, 0xFF905C3D, 0xFF8F5B3C, 0xFF8F5C3D, 0xFF8F5B3C, 0xFF905C3D, 
0xFF8E5B3C, 0xFD915D3D, 0xFC885739, 0xF34D2E17, 0x22736D69, 0x01828385, 0x017F7E7E, 0x00808080, 0x00808080, 0x00808080, 0x00808080, 0x00808080, 0x00808080, 0x00808080, 0x00808080, 0x00808080, 
0x00808080, 0x00808080, 0x00808080, 0x00808080, 0x00808080, 0x00808080, 0x00808080, 0x00808080, 0x00808080, 0x00808080, 0x00808080, 0x00808080, 0x00808080, 0x00808080, 0x00808080, 0x00808080, 
0x00808080, 0x00808080, 0x00808080, 0x00808080, 0x00808080, 0x00808080, 0x00808080, 0x00808080, 0x00808080, 0x00808080, 0x00808080, 0x00808080, 0x00808080, 0x00808080, 0x00808080, 0x00808080, 
0x00808080, 0x00808080, 0x00808080, 0x00808080, 0x00808080, 0x00808080, 0x00808080, 0x00808080, 0x00808080, 0x00808080, 0x00808080, 0x00808080, 0x00808080, 0x00808080, 0x00808080, 0x00808080, 
0x00808080, 0x00808080, 0x00808080, 0x00808080, 0x00808080, 0x00808080, 0x00808080, 0x00808080, 0x00808080, 0x00808080, 0x00808080, 0x00808080, 0x00808080, 0x00808080, 0x00808080, 0x00808080, 
0x00808080, 0x00808080, 0x00808080, 0x00808080, 0x00808080, 0x00808080, 0x00808080, 0x00808080, 0x00808080, 0x00808080, 0x00808080, 0x00808080, 0x00808080, 0x00808080, 0x00808080, 0x00808080, 
0x00808080, 0x00808080, 0x00808080, 0x00808080, 0x00808080, 0x00808080, 0x00808080, 0x00808080, 0x00808080, 0x00808080, 0x00808080, 0x00808080, 0x00808080, 0x00808080, 0x00808080, 0x00808080, 
0x00808080, 0x00808080, 0x007F7F7F, 0x007F8080, 0x06817C7A, 0xE1A3673D, 0xFFEDCEB0, 0xFDFEE9D0, 0xFFFAE3C9, 0xFFFBE4CA, 0xFFFCE5CB, 0xFFFAE3C9, 0xFFFCE7CE, 0xFFF9D5B2, 0xFFF4B681, 0xFFFFC691, 
0xFE996C47, 0xFF4E3624, 0xFEE7E2DF, 0xFE7B6554, 0xFF2F1300, 0xFFAC7E57, 0xFFFFC58F, 0xFFF4B985, 0xFFF8BC88, 0xFFF8BC88, 0xFFF8BC88, 0xFFF8BC88, 0xFFF8BC88, 0xFFF8BC88, 0xFFF8BC88, 0xFFF7BB87, 
0xFFF8BC88, 0xFFF8BC88, 0xFFF7BB87, 0xFFF9BC88, 0xFFEEB481, 0xFF634127, 0xFF895638, 0xFF905C3D, 0xFF8F5B3D, 0xFF905C3D, 0xFF905C3D, 0xFF8F5B3C, 0xFF8F5B3C, 0xFF8D593B, 0xFF905C3D, 0xFF8F5B3C, 
0xFE905C3D, 0xFF8E5A3B, 0xFB945F40, 0xFF724529, 0xB7523B2A, 0x00808081, 0x027F7F7F, 0x007F7F7F, 0x00808080, 0x00808080, 0x00808080, 0x00808080, 0x00808080, 0x00808080, 0x00808080, 0x00808080, 
0x00808080, 0x00808080, 0x00808080, 0x00808080, 0x00808080, 0x00808080, 0x00808080, 0x00808080, 0x00808080, 0x00808080, 0x00808080, 0x00808080, 0x00808080, 0x00808080, 0x00808080, 0x00808080, 
0x00808080, 0x00808080, 0x00808080, 0x00808080, 0x00808080, 0x00808080, 0x00808080, 0x00808080, 0x00808080, 0x00808080, 0x00808080, 0x00808080, 0x00808080, 0x00808080, 0x00808080, 0x00808080, 
0x00808080, 0x00808080, 0x00808080, 0x00808080, 0x00808080, 0x00808080, 0x00808080, 0x00808080, 0x00808080, 0x00808080, 0x00808080, 0x00808080, 0x00808080, 0x00808080, 0x00808080, 0x00808080, 
0x00808080, 0x00808080, 0x00808080, 0x00808080, 0x00808080, 0x00808080, 0x00808080, 0x00808080, 0x00808080, 0x00808080, 0x00808080, 0x00808080, 0x00808080, 0x00808080, 0x00808080, 0x00808080, 
0x00808080, 0x00808080, 0x00808080, 0x00808080, 0x00808080, 0x00808080, 0x00808080, 0x00808080, 0x00808080, 0x00808080, 0x00808080, 0x00808080, 0x00808080, 0x00808080, 0x00808080, 0x00808080, 
0x00808080, 0x00808080, 0x00808080, 0x00808080, 0x00808080, 0x00808080, 0x00808080, 0x00808080, 0x00808080, 0x00808080, 0x00808080, 0x00808080, 0x00808080, 0x00808080, 0x00808080, 0x00808080, 
0x00808080, 0x00808080, 0x02807E7E, 0x007D8285, 0x4A8A6F5D, 0xFFBC8155, 0xFCFDE8D0, 0xFFFBE4C9, 0xFFFBE4CA, 0xFFFCE5CB, 0xFFFBE4CA, 0xFFFBE4CA, 0xFFFBE5CC, 0xFFF8C496, 0xFFF6B883, 0xFFFCC18C, 
0xFF704B2D, 0xFF543926, 0xFFCAC2BB, 0xFF7A6352, 0xFF391C07, 0xFF986D4A, 0xFFFEC58F, 0xFFF3B984, 0xFFF8BC88, 0xFFF8BC88, 0xFFF8BC88, 0xFFF8BC88, 0xFFF8BC88, 0xFFF8BC88, 0xFFF7BB87, 0xFFF8BC88, 
0xFFF7BA87, 0xFFF7BB87, 0xFFF8BC88, 0xFFF9BD88, 0xFFEDB380, 0xFF624027, 0xFF885739, 0xFF905C3D, 0xFF8E5A3C, 0xFF905C3D, 0xFF905C3D, 0xFF8E5A3B, 0xFF905C3D, 0xFF814E31, 0xFF865335, 0xFF905C3D, 
0xFF8E5B3C, 0xFE8F5B3C, 0xFF8E5B3C, 0xFB915D3E, 0xFF563218, 0x45685D56, 0x00838586, 0x027E7E7E, 0x00807F7F, 0x00808080, 0x00808080, 0x00808080, 0x00808080, 0x00808080, 0x00808080, 0x00808080, 
0x00808080, 0x00808080, 0x00808080, 0x00808080, 0x00808080, 0x00808080, 0x00808080, 0x00808080, 0x00808080, 0x00808080, 0x00808080, 0x00808080, 0x00808080, 0x00808080, 0x00808080, 0x00808080, 
0x00808080, 0x00808080, 0x00808080, 0x00808080, 0x00808080, 0x00808080, 0x00808080, 0x00808080, 0x00808080, 0x00808080, 0x00808080, 0x00808080, 0x00808080, 0x00808080, 0x00808080, 0x00808080, 
0x00808080, 0x00808080, 0x00808080, 0x00808080, 0x00808080, 0x00808080, 0x00808080, 0x00808080, 0x00808080, 0x00808080, 0x00808080, 0x00808080, 0x00808080, 0x00808080, 0x00808080, 0x00808080, 
0x00808080, 0x00808080, 0x00808080, 0x00808080, 0x00808080, 0x00808080, 0x00808080, 0x00808080, 0x00808080, 0x00808080, 0x00808080, 0x00808080, 0x00808080, 0x00808080, 0x00808080, 0x00808080, 
0x00808080, 0x00808080, 0x00808080, 0x00808080, 0x00808080, 0x00808080, 0x00808080, 0x00808080, 0x00808080, 0x00808080, 0x00808080, 0x00808080, 0x00808080, 0x00808080, 0x00808080, 0x00808080, 
0x00808080, 0x00808080, 0x00808080, 0x00808080, 0x00808080, 0x00808080, 0x00808080, 0x00808080, 0x00808080, 0x00808080, 0x00808080, 0x00808080, 0x00808080, 0x00808080, 0x00808080, 0x00808080, 
0x00808080, 0x007F7F80, 0x017F7F7F, 0x007F8283, 0xB598633F, 0xFEDAB08C, 0xFBFFEED6, 0xFEF9E2C7, 0xFFFCE5CB, 0xFFFCE5CB, 0xFFFAE3C9, 0xFFFCE7CE, 0xFFFAD9B7, 0xFFF7B983, 0xFFF8BD89, 0xFFF3B784, 
0xFE613F26, 0xFF482A14, 0xFE412109, 0xFE4B2D15, 0xFF402512, 0xFF9A6E4B, 0xFFFFC690, 0xFFF3B884, 0xFFF8BC88, 0xFFF8BC88, 0xFFF8BC88, 0xFFF8BC88, 0xFFF8BC88, 0xFFF8BC88, 0xFFF6BA86, 0xFFFCC08C, 
0xFFC28456, 0xFFD09363, 0xFFFDC28D, 0xFFF9BC88, 0xFFECB281, 0xFF633F26, 0xFF885638, 0xFF905C3D, 0xFF8F5B3B, 0xFF905C3D, 0xFF8F5B3C, 0xFF8E5A3B, 0xFF905C3D, 0xFF8B5739, 0xFF7C4A2D, 0xFF8E5B3B, 
0xFF8F5B3C, 0xFF8F5B3C, 0xFF8E5A3B, 0xFB945F3F, 0xFE75482B, 0xB8513A29, 0x00818282, 0x017F7F7F, 0x007F8080, 0x00808080, 0x00808080, 0x00808080, 0x00808080, 0x00808080, 0x00808080, 0x00808080, 
0x00808080, 0x00808080, 0x00808080, 0x00808080, 0x00808080, 0x00808080, 0x00808080, 0x00808080, 0x00808080, 0x00808080, 0x00808080, 0x00808080, 0x00808080, 0x00808080, 0x00808080, 0x00808080, 
0x00808080, 0x00808080, 0x00808080, 0x00808080, 0x00808080, 0x00808080, 0x00808080, 0x00808080, 0x00808080, 0x00808080, 0x00808080, 0x00808080, 0x00808080, 0x00808080, 0x00808080, 0x00808080, 
0x00808080, 0x00808080, 0x00808080, 0x00808080, 0x00808080, 0x00808080, 0x00808080, 0x00808080, 0x00808080, 0x00808080, 0x00808080, 0x00808080, 0x00808080, 0x00808080, 0x00808080, 0x00808080, 
0x00808080, 0x00808080, 0x00808080, 0x00808080, 0x00808080, 0x00808080, 0x00808080, 0x00808080, 0x00808080, 0x00808080, 0x00808080, 0x00808080, 0x00808080, 0x00808080, 0x00808080, 0x00808080, 
0x00808080, 0x00808080, 0x00808080, 0x00808080, 0x00808080, 0x00808080, 0x00808080, 0x00808080, 0x00808080, 0x00808080, 0x00808080, 0x00808080, 0x00808080, 0x00808080, 0x00808080, 0x00808080, 
0x00808080, 0x00808080, 0x00808080, 0x00808080, 0x00808080, 0x00808080, 0x00808080, 0x00808080, 0x00808080, 0x00808080, 0x00808080, 0x00808080, 0x00808080, 0x00808080, 0x00808080, 0x00808080, 
0x0080807F, 0x027F7F7E, 0x007D8183, 0x2B87766A, 0xFBAF7043, 0xFDF6DDC2, 0xFEFDE7CD, 0xFFFBE4CA, 0xFFFCE4CA, 0xFFFBE4CA, 0xFFFBE4C9, 0xFFFBE6CD, 0xFFF8C698, 0xFFF6B983, 0xFFF6BB87, 0xFFFCC08B, 
0xFF7B5436, 0xFF3C210E, 0xFF4F311C, 0xFF4C2E19, 0xFF422612, 0xFFCE996C, 0xFFFDC28D, 0xFFF5B986, 0xFFF8BC88, 0xFFF8BC88, 0xFFF8BC88, 0xFFF8BC88, 0xFFF8BC88, 0xFFF7BB87, 0xFFF7BB87, 0xFFFCC18C, 
0xFFB5774A, 0xFFC58758, 0xFFFEC38E, 0xFFF9BB87, 0xFFEDB381, 0xFF624026, 0xFF885638, 0xFF8F5C3D, 0xFF8F5A3C, 0xFF8F5B3C, 0xFF905C3D, 0xFF925D3E, 0xFF8F5B3C, 0xFF905C3D, 0xFF7D4B2E, 0xFF875435, 
0xFF915D3E, 0xFF8F5B3C, 0xFE8F5B3C, 0xFE905C3C, 0xFD8C5A3B, 0xF9502F18, 0x21726C68, 0x00828384, 0x017E7E7E, 0x007F7F7F, 0x00808080, 0x00808080, 0x00808080, 0x00808080, 0x00808080, 0x00808080, 
0x00808080, 0x00808080, 0x00808080, 0x00808080, 0x00808080, 0x00808080, 0x00808080, 0x00808080, 0x00808080, 0x00808080, 0x00808080, 0x00808080, 0x00808080, 0x00808080, 0x00808080, 0x00808080, 
0x00808080, 0x00808080, 0x00808080, 0x00808080, 0x00808080, 0x00808080, 0x00808080, 0x00808080, 0x00808080, 0x00808080, 0x00808080, 0x00808080, 0x00808080, 0x00808080, 0x00808080, 0x00808080, 
0x00808080, 0x00808080, 0x00808080, 0x00808080, 0x00808080, 0x00808080, 0x00808080, 0x00808080, 0x00808080, 0x00808080, 0x00808080, 0x00808080, 0x00808080, 0x00808080, 0x00808080, 0x00808080, 
0x00808080, 0x00808080, 0x00808080, 0x00808080, 0x00808080, 0x00808080, 0x00808080, 0x00808080, 0x00808080, 0x00808080, 0x00808080, 0x00808080, 0x00808080, 0x00808080, 0x00808080, 0x00808080, 
0x00808080, 0x00808080, 0x00808080, 0x00808080, 0x00808080, 0x00808080, 0x00808080, 0x00808080, 0x00808080, 0x00808080, 0x00808080, 0x00808080, 0x00808080, 0x00808080, 0x00808080, 0x00808080, 
0x00808080, 0x00808080, 0x00808080, 0x00808080, 0x00808080, 0x00808080, 0x00808080, 0x00808080, 0x00808080, 0x00808080, 0x00808080, 0x00808080, 0x00808080, 0x00808080, 0x00808080, 0x00808080, 
0x007F8080, 0x037F7F7E, 0x007E8285, 0xA1966543, 0xFFD2A17B, 0xFAFFEED6, 0xFFFAE2C8, 0xFFFCE5CB, 0xFFFCE5CB, 0xFFFBE4CA, 0xFFFCE6CD, 0xFFFADDBF, 0xFFF7BA86, 0xFFF7BB87, 0xFFF6BA87, 0xFFF9BE89, 
0xFFE8B07E, 0xFF835C3C, 0xFF56361F, 0xFF50321B, 0xFFA27550, 0xFFFEC28D, 0xFFF6BA86, 0xFFF8BB87, 0xFFF8BC88, 0xFFF8BC88, 0xFFF8BC88, 0xFFF8BC88, 0xFFF8BC88, 0xFFF8BC88, 0xFFF7BB87, 0xFFFBC08B, 
0xFFB6784A, 0xFFC88A5B, 0xFFFEC28E, 0xFFF8BC88, 0xFFECB280, 0xFF613F25, 0xFF895638, 0xFF905B3C, 0xFE8E5B3C, 0xFF905C3D, 0xFE8B593A, 0xFE815235, 0xFF8F5B3C, 0xFE915D3E, 0xFF814E31, 0xFF824F31, 
0xFF8C5839, 0xFF8E5A3B, 0xFF905C3D, 0xFF8E5A3B, 0xFA956040, 0xFF653B20, 0x7C5B4C40, 0x00848687, 0x047E7D7D, 0x00808080, 0x00808080, 0x00808080, 0x00808080, 0x00808080, 0x00808080, 0x00808080, 
0x00808080, 0x00808080, 0x00808080, 0x00808080, 0x00808080, 0x00808080, 0x00808080, 0x00808080, 0x00808080, 0x00808080, 0x00808080, 0x00808080, 0x00808080, 0x00808080, 0x00808080, 0x00808080, 
0x00808080, 0x00808080, 0x00808080, 0x00808080, 0x00808080, 0x00808080, 0x00808080, 0x00808080, 0x00808080, 0x00808080, 0x00808080, 0x00808080, 0x00808080, 0x00808080, 0x00808080, 0x00808080, 
0x00808080, 0x00808080, 0x00808080, 0x00808080, 0x00808080, 0x00808080, 0x00808080, 0x00808080, 0x00808080, 0x00808080, 0x00808080, 0x00808080, 0x00808080, 0x00808080, 0x00808080, 0x00808080, 
0x00808080, 0x00808080, 0x00808080, 0x00808080, 0x00808080, 0x00808080, 0x00808080, 0x00808080, 0x00808080, 0x00808080, 0x00808080, 0x00808080, 0x00808080, 0x00808080, 0x00808080, 0x00808080, 
0x00808080, 0x00808080, 0x00808080, 0x00808080, 0x00808080, 0x00808080, 0x00808080, 0x00808080, 0x00808080, 0x00808080, 0x00808080, 0x00808080, 0x00808080, 0x00808080, 0x00808080, 0x00808080, 
0x00808080, 0x00808080, 0x00808080, 0x00808080, 0x00808080, 0x00808080, 0x00808080, 0x00808080, 0x00808080, 0x00808080, 0x00808080, 0x00808080, 0x00808080, 0x00808080, 0x00808080, 0x00808080, 
0x01807F7E, 0x007D8184, 0x2D887469, 0xFAAE6E42, 0xFDF5DCC1, 0xFEFCE6CD, 0xFEFBE4CA, 0xFFFBE4CA, 0xFFFCE5CB, 0xFFFAE3C9, 0xFFFBE7CF, 0xFFF9D3AE, 0xFFF6B882, 0xFFF8BC88, 0xFFF8BC88, 0xFFF7BB87, 
0xFFFBBF8A, 0xFFFFC28D, 0xFFEAB17F, 0xFFEAB07F, 0xFFFEC18C, 0xFFF7BB87, 0xFFF7BB87, 0xFFF7BC88, 0xFFF8BC88, 0xFFF8BC88, 0xFFF8BC88, 0xFFF8BC88, 0xFFF8BC88, 0xFFF7BB87, 0xFFF8BC87, 0xFFF8BC88, 
0xFFAD6F42, 0xFFD39565, 0xFFFDC18D, 0xFFF6BA86, 0xFFF8BD89, 0xFF6B482D, 0xFF7E4E32, 0xFF935E3E, 0xFF8D5A3B, 0xFF955F3F, 0xFF684127, 0xFF57361F, 0xFF935D3E, 0xFF915D3D, 0xFF845133, 0xFF804D30, 
0xFF814E31, 0xFF885536, 0xFF905C3D, 0xFE8E5B3C, 0xFC925D3E, 0xFE805032, 0xD64F3421, 0x037C7B7A, 0x01808080, 0x007F7F7F, 0x00808080, 0x00808080, 0x00808080, 0x00808080, 0x00808080, 0x00808080, 
0x00808080, 0x00808080, 0x00808080, 0x00808080, 0x00808080, 0x00808080, 0x00808080, 0x00808080, 0x00808080, 0x00808080, 0x00808080, 0x00808080, 0x00808080, 0x00808080, 0x00808080, 0x00808080, 
0x00808080, 0x00808080, 0x00808080, 0x00808080, 0x00808080, 0x00808080, 0x00808080, 0x00808080, 0x00808080, 0x00808080, 0x00808080, 0x00808080, 0x00808080, 0x00808080, 0x00808080, 0x00808080, 
0x00808080, 0x00808080, 0x00808080, 0x00808080, 0x00808080, 0x00808080, 0x00808080, 0x00808080, 0x00808080, 0x00808080, 0x00808080, 0x00808080, 0x00808080, 0x00808080, 0x00808080, 0x00808080, 
0x00808080, 0x00808080, 0x00808080, 0x00808080, 0x00808080, 0x00808080, 0x00808080, 0x00808080, 0x00808080, 0x00808080, 0x00808080, 0x00808080, 0x00808080, 0x00808080, 0x00808080, 0x00808080, 
0x00808080, 0x00808080, 0x00808080, 0x00808080, 0x00808080, 0x00808080, 0x00808080, 0x00808080, 0x00808080, 0x00808080, 0x00808080, 0x00808080, 0x00808080, 0x00808080, 0x00808080, 0x00808080, 
0x00808080, 0x00808080, 0x00808080, 0x00808080, 0x00808080, 0x00808080, 0x00808080, 0x00808080, 0x00808080, 0x00808080, 0x00808080, 0x00808080, 0x00808080, 0x00808080, 0x00807F7F, 0x007F7F80, 
0x037F7F7E, 0x007F8384, 0xBA9A643E, 0xFFD6AA85, 0xFBFFEED6, 0xFFF9E2C7, 0xFFFCE5CB, 0xFFFCE5CB, 0xFFFCE5CB, 0xFFFBE3C9, 0xFFFCE6CE, 0xFFF8C89C, 0xFFF7B983, 0xFFF7BB88, 0xFFF7BB87, 0xFFF8BC88, 
0xFFF7BB87, 0xFFF6BA87, 0xFFFBBF8A, 0xFFFBBF8A, 0xFFF6BB87, 0xFFF7BB87, 0xFFF8BC88, 0xFFF7BB87, 0xFFF8BC88, 0xFFF8BC88, 0xFFF8BC88, 0xFFF8BC88, 0xFFF7BB87, 0xFFF6BA86, 0xFFFABE89, 0xFFEDB07E, 
0xFFA5663A, 0xFFE4A775, 0xFFFBBF8B, 0xFFF4B884, 0xFFFFC690, 0xFFA0744F, 0xFF5C371F, 0xFF9C6544, 0xFE925D3E, 0xFF895739, 0xFB472B16, 0xFC5D3A21, 0xFF925D3D, 0xFE905C3D, 0xFF865335, 0xFF7F4D2F, 
0xFF855234, 0xFF835133, 0xFF915D3E, 0xFF8F5B3C, 0xFF8F5B3C, 0xFD915D3E, 0xFF55321A, 0x346C645F, 0x00838485, 0x017E7E7E, 0x00808080, 0x00808080, 0x00808080, 0x00808080, 0x00808080, 0x00808080, 
0x00808080, 0x00808080, 0x00808080, 0x00808080, 0x00808080, 0x00808080, 0x00808080, 0x00808080, 0x00808080, 0x00808080, 0x00808080, 0x00808080, 0x00808080, 0x00808080, 0x00808080, 0x00808080, 
0x00808080, 0x00808080, 0x00808080, 0x00808080, 0x00808080, 0x00808080, 0x00808080, 0x00808080, 0x00808080, 0x00808080, 0x00808080, 0x00808080, 0x00808080, 0x00808080, 0x00808080, 0x00808080, 
0x00808080, 0x00808080, 0x00808080, 0x00808080, 0x00808080, 0x00808080, 0x00808080, 0x00808080, 0x00808080, 0x00808080, 0x00808080, 0x00808080, 0x00808080, 0x00808080, 0x00808080, 0x00808080, 
0x00808080, 0x00808080, 0x00808080, 0x00808080, 0x00808080, 0x00808080, 0x00808080, 0x00808080, 0x00808080, 0x00808080, 0x00808080, 0x00808080, 0x00808080, 0x00808080, 0x00808080, 0x00808080, 
0x00808080, 0x00808080, 0x00808080, 0x00808080, 0x00808080, 0x00808080, 0x00808080, 0x00808080, 0x00808080, 0x00808080, 0x00808080, 0x00808080, 0x00808080, 0x00808080, 0x00808080, 0x00808080, 
0x00808080, 0x00808080, 0x00808080, 0x00808080, 0x00808080, 0x00808080, 0x00808080, 0x00808080, 0x00808080, 0x00808080, 0x00808080, 0x00808080, 0x00808080, 0x00807F7F, 0x007F8080, 0x03807E7D, 
0x007D8286, 0x508B6E5A, 0xFFB97D51, 0xFBFBE5CC, 0xFFFBE4CA, 0xFEFBE4CA, 0xFFFBE4CA, 0xFFFCE5CB, 0xFFFCE5CB, 0xFFFCE4CA, 0xFFFBE4CB, 0xFFF7C292, 0xFFF7BA85, 0xFFF8BB87, 0xFFF8BC88, 0xFFF8BC88, 
0xFFF7BB87, 0xFFF8BC88, 0xFFF7BB87, 0xFFF7BB87, 0xFFF8BC88, 0xFFF7BB87, 0xFFF8BC88, 0xFFF8BC88, 0xFFF8BC88, 0xFFF8BC88, 0xFFF8BC88, 0xFFF8BC88, 0xFFF8BC88, 0xFFF5B985, 0xFFFEC28D, 0xFFD39665, 
0xFFAB6C40, 0xFFF7BB87, 0xFFF8BC88, 0xFFF7BB87, 0xFFF8BC88, 0xFFF0B683, 0xFF644228, 0xFF633B23, 0xFE8C593A, 0xFF57331D, 0xFB6D4B2F, 0xFC6B452A, 0xFF8F5B3C, 0xFE8F5B3D, 0xFF885536, 0xFF804E30, 
0xFF885537, 0xFF814F31, 0xFF915C3D, 0xFF8E5B3C, 0xFE8E5A3B, 0xFA955F40, 0xFE653B20, 0x735E5045, 0x00848587, 0x037F7E7D, 0x00808080, 0x00808080, 0x00808080, 0x00808080, 0x00808080, 0x00808080, 
0x00808080, 0x00808080, 0x00808080, 0x00808080, 0x00808080, 0x00808080, 0x00808080, 0x00808080, 0x00808080, 0x00808080, 0x00808080, 0x00808080, 0x00808080, 0x00808080, 0x00808080, 0x00808080, 
0x00808080, 0x00808080, 0x00808080, 0x00808080, 0x00808080, 0x00808080, 0x00808080, 0x00808080, 0x00808080, 0x00808080, 0x00808080, 0x00808080, 0x00808080, 0x00808080, 0x00808080, 0x00808080, 
0x00808080, 0x00808080, 0x00808080, 0x00808080, 0x00808080, 0x00808080, 0x00808080, 0x00808080, 0x00808080, 0x00808080, 0x00808080, 0x00808080, 0x00808080, 0x00808080, 0x00808080, 0x00808080, 
0x00808080, 0x00808080, 0x00808080, 0x00808080, 0x00808080, 0x00808080, 0x00808080, 0x00808080, 0x00808080, 0x00808080, 0x00808080, 0x00808080, 0x00808080, 0x00808080, 0x00808080, 0x00808080, 
0x00808080, 0x00808080, 0x00808080, 0x00808080, 0x00808080, 0x00808080, 0x00808080, 0x00808080, 0x00808080, 0x00808080, 0x00808080, 0x00808080, 0x00808080, 0x00808080, 0x00808080, 0x00808080, 
0x00808080, 0x00808080, 0x00808080, 0x00808080, 0x00808080, 0x00808080, 0x00808080, 0x00808080, 0x00808080, 0x00808080, 0x00808080, 0x00808080, 0x00807F7F, 0x007F8080, 0x01807F7E, 0x007D8285, 
0x1F847970, 0xE8A6673B, 0xFCEBCCAE, 0xFDFDE9CF, 0xFEFAE3C9, 0xFFFCE5CB, 0xFFFCE5CB, 0xFFFCE5CB, 0xFFFCE5CB, 0xFFFBE4CA, 0xFFFCE5CB, 0xFFF8C495, 0xFFF6B781, 0xFFF8BC88, 0xFFF8BC88, 0xFFF7BB87, 
0xFFF8BC88, 0xFFF8BC88, 0xFFF8BC88, 0xFFF8BC88, 0xFFF8BC88, 0xFFF8BC88, 0xFFF8BC88, 0xFFF8BC88, 0xFFF8BC88, 0xFFF8BC88, 0xFFF8BC88, 0xFFF7BB87, 0xFFF7BB87, 0xFFF7BB87, 0xFFF8BC88, 0xFFAD6E42, 
0xFFCD8F5F, 0xFFFDC18D, 0xFFF6BA86, 0xFFF8BC88, 0xFFF6BA86, 0xFFFCC08B, 0xFFE3AB7A, 0xFF7F593A, 0xFF5A3921, 0xFF765134, 0xFFC69368, 0xFF633E25, 0xFF925D3E, 0xFF8F5B3C, 0xFF8B5739, 0xFF855234, 
0xFF8A5738, 0xFF804E30, 0xFF915D3D, 0xFF8F5B3C, 0xFE8E5B3C, 0xFA945F40, 0xFE724529, 0xA3564234, 0x00828384, 0x027F7E7E, 0x007F7F7F, 0x00808080, 0x00808080, 0x00808080, 0x00808080, 0x00808080, 
0x00808080, 0x00808080, 0x00808080, 0x00808080, 0x00808080, 0x00808080, 0x00808080, 0x00808080, 0x00808080, 0x00808080, 0x00808080, 0x00808080, 0x00808080, 0x00808080, 0x00808080, 0x00808080, 
0x00808080, 0x00808080, 0x00808080, 0x00808080, 0x00808080, 0x00808080, 0x00808080, 0x00808080, 0x00808080, 0x00808080, 0x00808080, 0x00808080, 0x00808080, 0x00808080, 0x00808080, 0x00808080, 
0x00808080, 0x00808080, 0x00808080, 0x00808080, 0x00808080, 0x00808080, 0x00808080, 0x00808080, 0x00808080, 0x00808080, 0x00808080, 0x00808080, 0x00808080, 0x00808080, 0x00808080, 0x00808080, 
0x00808080, 0x00808080, 0x00808080, 0x00808080, 0x00808080, 0x00808080, 0x00808080, 0x00808080, 0x00808080, 0x00808080, 0x00808080, 0x00808080, 0x00808080, 0x00808080, 0x00808080, 0x00808080, 
0x00808080, 0x00808080, 0x00808080, 0x00808080, 0x00808080, 0x00808080, 0x00808080, 0x00808080, 0x00808080, 0x00808080, 0x00808080, 0x00808080, 0x00808080, 0x00808080, 0x00808080, 0x00808080, 
0x00808080, 0x00808080, 0x00808080, 0x00808080, 0x00808080, 0x00808080, 0x00808080, 0x00808080, 0x00808080, 0x00808080, 0x00808080, 0x00808080, 0x00808080, 0x01807F7E, 0x007E8083, 0x17837A74, 
0xDAA2653B, 0xFFE2BD9C, 0xFCFFEDD5, 0xFFFAE2C8, 0xFFFCE5CB, 0xFFFBE4CA, 0xFFFBE4CA, 0xFFFCE5CB, 0xFFFCE5CA, 0xFFFBE4CA, 0xFFFBE4CB, 0xFFFBE0C5, 0xFFF8C89B, 0xFFF7B882, 0xFFF7BB87, 0xFFF8BC88, 
0xFFF7BB87, 0xFFF8BC88, 0xFFF8BC88, 0xFFF8BC88, 0xFFF8BC88, 0xFFF8BC88, 0xFFF8BC88, 0xFFF8BC88, 0xFFF8BC88, 0xFFF8BC88, 0xFFF7BB87, 0xFFF8BC88, 0xFFF5B985, 0xFFFEC28E, 0xFFD09262, 0xFFA8693D, 
0xFFF4B884, 0xFFF8BC88, 0xFFF7BB87, 0xFFF7BB87, 0xFFF8BC88, 0xFFF6BA86, 0xFFFCC08B, 0xFFFFC58F, 0xFEEBB280, 0xFFFFC58F, 0xFEC9966A, 0xFE5D3820, 0xFF966040, 0xFF8E5A3B, 0xFF8E5A3B, 0xFF8E5A3B, 
0xFF8A5637, 0xFF814E31, 0xFF915D3E, 0xFF8F5B3C, 0xFF8E5B3C, 0xFC935E3F, 0xFF7B4C2F, 0xC3533C2A, 0x00818181, 0x027E7E7E, 0x00808080, 0x007F7F7F, 0x00808080, 0x00808080, 0x00808080, 0x00808080, 
0x00808080, 0x00808080, 0x00808080, 0x00808080, 0x00808080, 0x00808080, 0x00808080, 0x00808080, 0x00808080, 0x00808080, 0x00808080, 0x00808080, 0x00808080, 0x00808080, 0x00808080, 0x00808080, 
0x00808080, 0x00808080, 0x00808080, 0x00808080, 0x00808080, 0x00808080, 0x00808080, 0x00808080, 0x00808080, 0x00808080, 0x00808080, 0x00808080, 0x00808080, 0x00808080, 0x00808080, 0x00808080, 
0x00808080, 0x00808080, 0x00808080, 0x00808080, 0x00808080, 0x00808080, 0x00808080, 0x00808080, 0x00808080, 0x00808080, 0x00808080, 0x00808080, 0x00808080, 0x00808080, 0x00808080, 0x00808080, 
0x00808080, 0x00808080, 0x00808080, 0x00808080, 0x00808080, 0x00808080, 0x00808080, 0x00808080, 0x00808080, 0x00808080, 0x00808080, 0x00808080, 0x00808080, 0x00808080, 0x00808080, 0x00808080, 
0x00808080, 0x00808080, 0x00808080, 0x00808080, 0x00808080, 0x00808080, 0x00808080, 0x00808080, 0x00808080, 0x00808080, 0x00808080, 0x00808080, 0x00808080, 0x00808080, 0x00808080, 0x00808080, 
0x00808080, 0x00808080, 0x00808080, 0x00808080, 0x00808080, 0x00808080, 0x00808080, 0x00808080, 0x00808080, 0x00808080, 0x00808080, 0x00808080, 0x00807F7F, 0x017E8080, 0x08817E7C, 0xC89F653E, 
0xFFE1B997, 0xFBFFEDD5, 0xFFF9E1C7, 0xFEFCE5CB, 0xFFFBE4CA, 0xFFFCE5CB, 0xFFFCE6CC, 0xFFFBE4CA, 0xFFFCE5CB, 0xFFFCE5CB, 0xFFFBE4CA, 0xFFFBE5CC, 0xFFFBE6CE, 0xFFF9D2AC, 0xFFF7BA86, 0xFFF7BA86, 
0xFFF8BC88, 0xFFF7BB87, 0xFFF8BC88, 0xFFF8BC88, 0xFFF8BC88, 0xFFF8BC88, 0xFFF8BC88, 0xFFF8BC88, 0xFFF8BC88, 0xFFF7BB87, 0xFFF8BC88, 0xFFF6BA86, 0xFFFBBF8B, 0xFFEBAF7C, 0xFFA26338, 0xFFD99C6B, 
0xFFFDC18C, 0xFFF6BA86, 0xFFF8BC88, 0xFFF8BC88, 0xFFF7BB87, 0xFFF8BC88, 0xFFF6BB87, 0xFFF5BA86, 0xFFF7BA87, 0xFFFEC58F, 0xFFBB8A60, 0xFF5E3921, 0xFF966040, 0xFF8D5B3C, 0xFF8F5B3C, 0xFF915D3D, 
0xFF8A5538, 0xFF814E31, 0xFF915D3D, 0xFF8F5B3C, 0xFF8F5B3C, 0xFD925D3E, 0xFE825133, 0xDA4F3421, 0x007B7A79, 0x00828384, 0x017F7E7E, 0x00808080, 0x007F7F7F, 0x00808080, 0x00808080, 0x00808080, 
0x00808080, 0x00808080, 0x00808080, 0x00808080, 0x00808080, 0x00808080, 0x00808080, 0x00808080, 0x00808080, 0x00808080, 0x00808080, 0x00808080, 0x00808080, 0x00808080, 0x00808080, 0x00808080, 
0x00808080, 0x00808080, 0x00808080, 0x00808080, 0x00808080, 0x00808080, 0x00808080, 0x00808080, 0x00808080, 0x00808080, 0x00808080, 0x00808080, 0x00808080, 0x00808080, 0x00808080, 0x00808080, 
0x00808080, 0x00808080, 0x00808080, 0x00808080, 0x00808080, 0x00808080, 0x00808080, 0x00808080, 0x00808080, 0x00808080, 0x00808080, 0x00808080, 0x00808080, 0x00808080, 0x00808080, 0x00808080, 
0x00808080, 0x00808080, 0x00808080, 0x00808080, 0x00808080, 0x00808080, 0x00808080, 0x00808080, 0x00808080, 0x00808080, 0x00808080, 0x00808080, 0x00808080, 0x00808080, 0x00808080, 0x00808080, 
0x00808080, 0x00808080, 0x00808080, 0x00808080, 0x00808080, 0x00808080, 0x00808080, 0x00808080, 0x00808080, 0x00808080, 0x00808080, 0x00808080, 0x00808080, 0x00808080, 0x00808080, 0x00808080, 
0x00808080, 0x00808080, 0x00808080, 0x00808080, 0x00808080, 0x00808080, 0x00808080, 0x00808080, 0x00808080, 0x00808080, 0x00808080, 0x00808080, 0x02807F7E, 0x007D8286, 0x6F8F6A51, 0xFFD2A078, 
0xFAFFF4DC, 0xFFFBE6CA, 0xFEFCE7CD, 0xFFFBE4CA, 0xFFFCE7CD, 0xFFFBE4CA, 0xFFF9DEC5, 0xFFFCE6CC, 0xFFFBE4CA, 0xFFFCE5CB, 0xFFFCE5CB, 0xFFFBE4CA, 0xFFFBE4C9, 0xFFFBE8D0, 0xFFFADAB9, 0xFFF7BC89, 
0xFFF7BA85, 0xFFF8BC88, 0xFFF7BB87, 0xFFF8BC88, 0xFFF8BC88, 0xFFF8BC88, 0xFFF8BC88, 0xFFF8BC88, 0xFFF7BB87, 0xFFF8BC88, 0xFFF6BA86, 0xFFFABF8A, 0xFFF4B884, 0xFFAB6C40, 0xFFC18354, 0xFFFCC08B, 
0xFFF6BA86, 0xFFF7BB87, 0xFFF7BB87, 0xFFF8BC88, 0xFFF8BC88, 0xFFF8BC88, 0xFFF7BB87, 0xFFF8BC88, 0xFFF5B986, 0xFFFFC48E, 0xFFB98960, 0xFF5D3821, 0xFF976141, 0xFF8E5B3C, 0xFF8E5A3B, 0xFF905C3E, 
0xFF895637, 0xFF804E30, 0xFF905C3D, 0xFF8F5B3C, 0xFF8F5B3C, 0xFE915C3D, 0xFD855537, 0xFB4E2F19, 0xC0523826, 0x22736F6B, 0x00838485, 0x017F7E7E, 0x00808080, 0x007F7F7F, 0x00808080, 0x00808080, 
0x00808080, 0x00808080, 0x00808080, 0x00808080, 0x00808080, 0x00808080, 0x00808080, 0x00808080, 0x00808080, 0x00808080, 0x00808080, 0x00808080, 0x00808080, 0x00808080, 0x00808080, 0x00808080, 
0x00808080, 0x00808080, 0x00808080, 0x00808080, 0x00808080, 0x00808080, 0x00808080, 0x00808080, 0x00808080, 0x00808080, 0x00808080, 0x00808080, 0x00808080, 0x00808080, 0x00808080, 0x00808080, 
0x00808080, 0x00808080, 0x00808080, 0x00808080, 0x00808080, 0x00808080, 0x00808080, 0x00808080, 0x00808080, 0x00808080, 0x00808080, 0x00808080, 0x00808080, 0x00808080, 0x00808080, 0x00808080, 
0x00808080, 0x00808080, 0x00808080, 0x00808080, 0x00808080, 0x00808080, 0x00808080, 0x00808080, 0x00808080, 0x00808080, 0x00808080, 0x00808080, 0x00808080, 0x00808080, 0x00808080, 0x00808080, 
0x00808080, 0x00808080, 0x00808080, 0x00808080, 0x00808080, 0x00808080, 0x00808080, 0x00808080, 0x00808080, 0x00808080, 0x00808080, 0x00808080, 0x00808080, 0x00808080, 0x00808080, 0x00808080, 
0x00808080, 0x00808080, 0x00808080, 0x00808080, 0x00808080, 0x00808080, 0x00808080, 0x00808080, 0x00808080, 0x00808080, 0x00808080, 0x00808080, 0x027F7E7E, 0x007E8082, 0xB59C6B49, 0xFDEECDAE, 
0xFAEFB7A3, 0xFEE6A28E, 0xFFF8D9C0, 0xFFFCE7CD, 0xFFFAE0C7, 0xFFE8A490, 0xFFE59B88, 0xFFFAE2C8, 0xFFFBE5CB, 0xFFFBE4CA, 0xFFFCE5CA, 0xFFFCE5CB, 0xFFFCE4CA, 0xFFFBE3C9, 0xFFFBE7CF, 0xFFFADDC0, 
0xFFF7BE8C, 0xFFF7BA85, 0xFFF8BC88, 0xFFF7BB87, 0xFFF8BC88, 0xFFF7BB87, 0xFFF8BC88, 0xFFF7BB87, 0xFFF6BA87, 0xFFF6BA86, 0xFFFCC08C, 0xFFF3B683, 0xFFAF7043, 0xFFB7784B, 0xFFF8BC88, 0xFFF7BB87, 
0xFFF7BB87, 0xFFF8BC88, 0xFFF8BC88, 0xFFF8BC88, 0xFFF8BC88, 0xFFF8BC88, 0xFFF8BC88, 0xFFF8BC88, 0xFFF5B986, 0xFFFFC48E, 0xFFB9885F, 0xFF5D3821, 0xFF966040, 0xFF8E5B3C, 0xFF8F5B3C, 0xFF915D3D, 
0xFF895637, 0xFF835032, 0xFF915D3E, 0xFF8F5B3C, 0xFF8F5B3C, 0xFF925D3E, 0xFF845336, 0xFD57361F, 0xFF7A4B2D, 0xE151331E, 0x1E74706C, 0x00828383, 0x017F7E7E, 0x00808080, 0x00808080, 0x00808080, 
0x00808080, 0x00808080, 0x00808080, 0x00808080, 0x00808080, 0x00808080, 0x00808080, 0x00808080, 0x00808080, 0x00808080, 0x00808080, 0x00808080, 0x00808080, 0x00808080, 0x00808080, 0x00808080, 
0x00808080, 0x00808080, 0x00808080, 0x00808080, 0x00808080, 0x00808080, 0x00808080, 0x00808080, 0x00808080, 0x00808080, 0x00808080, 0x00808080, 0x00808080, 0x00808080, 0x00808080, 0x00808080, 
0x00808080, 0x00808080, 0x00808080, 0x00808080, 0x00808080, 0x00808080, 0x00808080, 0x00808080, 0x00808080, 0x00808080, 0x00808080, 0x00808080, 0x00808080, 0x00808080, 0x00808080, 0x00808080, 
0x00808080, 0x00808080, 0x00808080, 0x00808080, 0x00808080, 0x00808080, 0x00808080, 0x00808080, 0x00808080, 0x00808080, 0x00808080, 0x00808080, 0x00808080, 0x00808080, 0x00808080, 0x00808080, 
0x00808080, 0x00808080, 0x00808080, 0x00808080, 0x00808080, 0x00808080, 0x00808080, 0x00808080, 0x00808080, 0x00808080, 0x00808080, 0x00808080, 0x00808080, 0x00808080, 0x00808080, 0x00808080, 
0x00808080, 0x00808080, 0x00808080, 0x00808080, 0x00808080, 0x00808080, 0x00808080, 0x00808080, 0x00808080, 0x00808080, 0x00808080, 0x00808080, 0x01807F7F, 0x007C7E7F, 0xBF9D6D4C, 0xFFF1CDAF, 
0xFAE49382, 0xFFDE8372, 0xFFF3CAB2, 0xFFFDECD1, 0xFFF6D3BA, 0xFFE08877, 0xFFE28E7D, 0xFFF8DBC2, 0xFFFCE7CC, 0xFFFAE3C9, 0xFFFBE4CB, 0xFFFCE5CB, 0xFFFCE5CB, 0xFFFCE5CB, 0xFFFBE3C9, 0xFFFBE6CE, 
0xFFFADDBF, 0xFFF6BB88, 0xFFF5B883, 0xFFF6BA86, 0xFFF6BA86, 0xFEF6BA86, 0xFFF6BA86, 0xFEF9BD89, 0xFEFBC08B, 0xFFFEC28D, 0xFEE4A775, 0xFFA8693D, 0xFFBB7C4E, 0xFFF7BB87, 0xFFF8BC88, 0xFFF7BB87, 
0xFFF8BC88, 0xFFF7BB87, 0xFFF8BC88, 0xFFF8BC88, 0xFFF8BC88, 0xFFF8BC88, 0xFFF8BC88, 0xFFF8BC88, 0xFFF5B886, 0xFFFEC48F, 0xFFB8875E, 0xFF5D3820, 0xFF966041, 0xFF8D5B3C, 0xFF8E5A3B, 0xFF905C3D, 
0xFF895637, 0xFF895537, 0xFF905C3D, 0xFF8E5A3B, 0xFF8F5B3C, 0xFE915C3D, 0xFE855437, 0xFF54341D, 0xFA935F40, 0xFF794A2D, 0xC64F3624, 0x047D7D7C, 0x01808080, 0x007F7F7F, 0x007F7F7F, 0x00808080, 
0x00808080, 0x00808080, 0x00808080, 0x00808080, 0x00808080, 0x00808080, 0x00808080, 0x00808080, 0x00808080, 0x00808080, 0x00808080, 0x00808080, 0x00808080, 0x00808080, 0x00808080, 0x00808080, 
0x00808080, 0x00808080, 0x00808080, 0x00808080, 0x00808080, 0x00808080, 0x00808080, 0x00808080, 0x00808080, 0x00808080, 0x00808080, 0x00808080, 0x00808080, 0x00808080, 0x00808080, 0x00808080, 
0x00808080, 0x00808080, 0x00808080, 0x00808080, 0x00808080, 0x00808080, 0x00808080, 0x00808080, 0x00808080, 0x00808080, 0x00808080, 0x00808080, 0x00808080, 0x00808080, 0x00808080, 0x00808080, 
0x00808080, 0x00808080, 0x00808080, 0x00808080, 0x00808080, 0x00808080, 0x00808080, 0x00808080, 0x00808080, 0x00808080, 0x00808080, 0x00808080, 0x00808080, 0x00808080, 0x00808080, 0x00808080, 
0x00808080, 0x00808080, 0x00808080, 0x00808080, 0x00808080, 0x00808080, 0x00808080, 0x00808080, 0x00808080, 0x00808080, 0x00808080, 0x00808080, 0x00808080, 0x00808080, 0x00808080, 0x00808080, 
0x00808080, 0x00808080, 0x00808080, 0x00808080, 0x00808080, 0x00808080, 0x00808080, 0x00808080, 0x00808080, 0x00808080, 0x00808080, 0x00808080, 0x017F7F7F, 0x007E7D7E, 0xC2A06A47, 0xFFF2D5B6, 
0xFBECAE9A, 0xFFE8A692, 0xFFFBE5CB, 0xFFFBE4CA, 0xFFFBE4CA, 0xFFE8A390, 0xFFEBAF9A, 0xFFFCE6CC, 0xFFFBE4CA, 0xFFFBE4C9, 0xFFFBE4CA, 0xFFFBE4CA, 0xFFFBE4CA, 0xFFFBE4CA, 0xFFFBE4CB, 0xFEFAE3C8, 
0xFFFCE8CF, 0xFEFFE0C0, 0xFBFCC18C, 0xFBFCC18E, 0xFBFDC28E, 0xFBFCC18D, 0xFDFCC18D, 0xFFEEB27E, 0xFFE1A472, 0xFEBE8051, 0xFFAA6B3F, 0xFED19363, 0xFFFBBF8A, 0xFFF8BC88, 0xFFF7BB87, 0xFFF8BC88, 
0xFFF7BB87, 0xFFF8BC88, 0xFFF8BC88, 0xFFF8BC88, 0xFFF8BC88, 0xFFF8BC88, 0xFFF8BC88, 0xFFF8BC88, 0xFFF4B985, 0xFFFFC48E, 0xFFBC8B61, 0xFF5B371F, 0xFF966040, 0xFF8E5A3B, 0xFF8F5B3C, 0xFF8F5B3C, 
0xFF8B5738, 0xFF8E5A3B, 0xFF8F5B3C, 0xFF8F5B3C, 0xFF8E5A3B, 0xFF925D3E, 0xFF825335, 0xFE52321C, 0xFF8C593A, 0xF9966142, 0xFF61381D, 0x66605348, 0x00848688, 0x037E7E7D, 0x00808080, 0x00808080, 
0x00808080, 0x00808080, 0x00808080, 0x00808080, 0x00808080, 0x00808080, 0x00808080, 0x00808080, 0x00808080, 0x00808080, 0x00808080, 0x00808080, 0x00808080, 0x00808080, 0x00808080, 0x00808080, 
0x00808080, 0x00808080, 0x00808080, 0x00808080, 0x00808080, 0x00808080, 0x00808080, 0x00808080, 0x00808080, 0x00808080, 0x00808080, 0x00808080, 0x00808080, 0x00808080, 0x00808080, 0x00808080, 
0x00808080, 0x00808080, 0x00808080, 0x00808080, 0x00808080, 0x00808080, 0x00808080, 0x00808080, 0x00808080, 0x00808080, 0x00808080, 0x00808080, 0x00808080, 0x00808080, 0x00808080, 0x00808080, 
0x00808080, 0x00808080, 0x00808080, 0x00808080, 0x00808080, 0x00808080, 0x00808080, 0x00808080, 0x00808080, 0x00808080, 0x00808080, 0x00808080, 0x00808080, 0x00808080, 0x00808080, 0x00808080, 
0x00808080, 0x00808080, 0x00808080, 0x00808080, 0x00808080, 0x00808080, 0x00808080, 0x00808080, 0x00808080, 0x00808080, 0x00808080, 0x00808080, 0x00808080, 0x00808080, 0x00808080, 0x00808080, 
0x00808080, 0x00808080, 0x00808080, 0x00808080, 0x00808080, 0x00808080, 0x00808080, 0x00808080, 0x00808080, 0x00808080, 0x00808080, 0x00808080, 0x007F7F7F, 0x007F7F80, 0xC9A06A45, 0xFEEECEAE, 
0xFBFEE9D0, 0xFEFBE4C9, 0xFFFCE5CB, 0xFFFBE4CA, 0xFFFCE5CB, 0xFFFBE3C9, 0xFFFCE6CC, 0xFFFCE5CB, 0xFFFBE4CA, 0xFFFCE6CC, 0xFFFFE9D0, 0xFFFBE4CA, 0xFFFBE4C9, 0xFFFCE5CB, 0xFFFBE4CA, 0xFFFBE4CA, 
0xFFFAE2C8, 0xFFDBB696, 0xFFD89C6B, 0xFFD99662, 0xFFD69561, 0xFFCE8C59, 0xFFC38150, 0xF2AE6F42, 0xFDA26236, 0xFECA8C5C, 0xFEF4B884, 0xFFFCC08C, 0xFFF7BB87, 0xFFF7BB87, 0xFFF8BC88, 0xFFF7BB87, 
0xFFF8BC88, 0xFFF8BC88, 0xFFF8BC88, 0xFFF8BC88, 0xFFF8BC88, 0xFFF8BC88, 0xFFF8BC88, 0xFFF8BC88, 0xFFF6BA86, 0xFFFEC18C, 0xFFD59F71, 0xFF59371F, 0xFF915D3D, 0xFF8E5A3B, 0xFF905C3D, 0xFF8E5A3B, 
0xFF8E5A3B, 0xFF8F5B3C, 0xFF8F5B3C, 0xFF905C3D, 0xFF8F5B3C, 0xFF915D3D, 0xFF865537, 0xFF6E452A, 0xFE905C3D, 0xFC915C3D, 0xFD845335, 0xD8513622, 0x037D7B7B, 0x00808080, 0x007F7F7F, 0x00808080, 
0x00808080, 0x00808080, 0x00808080, 0x00808080, 0x00808080, 0x00808080, 0x00808080, 0x00808080, 0x00808080, 0x00808080, 0x00808080, 0x00808080, 0x00808080, 0x00808080, 0x00808080, 0x00808080, 
0x00808080, 0x00808080, 0x00808080, 0x00808080, 0x00808080, 0x00808080, 0x00808080, 0x00808080, 0x00808080, 0x00808080, 0x00808080, 0x00808080, 0x00808080, 0x00808080, 0x00808080, 0x00808080, 
0x00808080, 0x00808080, 0x00808080, 0x00808080, 0x00808080, 0x00808080, 0x00808080, 0x00808080, 0x00808080, 0x00808080, 0x00808080, 0x00808080, 0x00808080, 0x00808080, 0x00808080, 0x00808080, 
0x00808080, 0x00808080, 0x00808080, 0x00808080, 0x00808080, 0x00808080, 0x00808080, 0x00808080, 0x00808080, 0x00808080, 0x00808080, 0x00808080, 0x00808080, 0x00808080, 0x00808080, 0x00808080, 
0x00808080, 0x00808080, 0x00808080, 0x00808080, 0x00808080, 0x00808080, 0x00808080, 0x00808080, 0x00808080, 0x00808080, 0x00808080, 0x00808080, 0x00808080, 0x00808080, 0x00808080, 0x00808080, 
0x00808080, 0x00808080, 0x00808080, 0x00808080, 0x00808080, 0x00808080, 0x00808080, 0x00808080, 0x00808080, 0x00808080, 0x00808080, 0x00808080, 0x027F7F7E, 0x007E8284, 0xA6966543, 0xFEDDB28E, 
0xFAFFEDD5, 0xFEF9E2C7, 0xFFFBE4CA, 0xFFFCE5CB, 0xFFFBE4CA, 0xFFFCE5CB, 0xFFFBE4CA, 0xFFFAE3C9, 0xFFFEE9D0, 0xFFE9C9AB, 0xFFC4936D, 0xFFFCE5CB, 0xFFFBE4CA, 0xFFFBE4CA, 0xFFFAE3C9, 0xFEFEE8CF, 
0xFFEDCFB2, 0xF8A36134, 0x73906B52, 0x688D6E5A, 0x67896D59, 0x5A876C5A, 0x40887162, 0x16827C76, 0x5B8D715C, 0xFFC48150, 0xFBF9BE8B, 0xFFF6BA86, 0xFEF7BB87, 0xFFF8BC88, 0xFFF7BB87, 0xFFF8BC88, 
0xFFF8BC88, 0xFFF8BC88, 0xFFF8BC88, 0xFFF8BC88, 0xFFF8BC88, 0xFFF8BC88, 0xFFF8BC88, 0xFFF8BC88, 0xFFF7BB87, 0xFFF7BB87, 0xFFF5BA86, 0xFF624027, 0xFF805033, 0xFF956040, 0xFF8D5A3B, 0xFF8F5B3C, 
0xFF8F5B3C, 0xFF945E3F, 0xFF915D3D, 0xFF8F5B3C, 0xFF905C3D, 0xFF8F5B3C, 0xFF905C3D, 0xFF935E3E, 0xFF905C3D, 0xFF8E5A3B, 0xFD935E3F, 0xFF5C361D, 0x366B645E, 0x00838486, 0x017E7E7E, 0x00808080, 
0x00808080, 0x00808080, 0x00808080, 0x00808080, 0x00808080, 0x00808080, 0x00808080, 0x00808080, 0x00808080, 0x00808080, 0x00808080, 0x00808080, 0x00808080, 0x00808080, 0x00808080, 0x00808080, 
0x00808080, 0x00808080, 0x00808080, 0x00808080, 0x00808080, 0x00808080, 0x00808080, 0x00808080, 0x00808080, 0x00808080, 0x00808080, 0x00808080, 0x00808080, 0x00808080, 0x00808080, 0x00808080, 
0x00808080, 0x00808080, 0x00808080, 0x00808080, 0x00808080, 0x00808080, 0x00808080, 0x00808080, 0x00808080, 0x00808080, 0x00808080, 0x00808080, 0x00808080, 0x00808080, 0x00808080, 0x00808080, 
0x00808080, 0x00808080, 0x00808080, 0x00808080, 0x00808080, 0x00808080, 0x00808080, 0x00808080, 0x00808080, 0x00808080, 0x00808080, 0x00808080, 0x00808080, 0x00808080, 0x00808080, 0x00808080, 
0x00808080, 0x00808080, 0x00808080, 0x00808080, 0x00808080, 0x00808080, 0x00808080, 0x00808080, 0x00808080, 0x00808080, 0x00808080, 0x00808080, 0x00808080, 0x00808080, 0x00808080, 0x00808080, 
0x00808080, 0x00808080, 0x00808080, 0x00808080, 0x00808080, 0x00808080, 0x00808080, 0x00808080, 0x00808080, 0x00808080, 0x00808080, 0x00808080, 0x02807E7E, 0x007D8185, 0x438A7262, 0xFFB97B50, 
0xFCFAE5CC, 0xFFFBE4CA, 0xFEFBE4CA, 0xFFFBE4CA, 0xFFFCE5CB, 0xFFFBE4CA, 0xFFFCE5CB, 0xFFF9E2C7, 0xFFFEEDD4, 0xFFD5AC8A, 0xFFAE7147, 0xFFFDE8CE, 0xFFFBE4CA, 0xFFFCE5CB, 0xFEF9E2C7, 0xFBFFEDD5, 
0xFDD4A884, 0xCA9E643D, 0x007F8385, 0x007D8286, 0x007E8286, 0x007E8386, 0x007E8285, 0x007E8082, 0x007D8184, 0xA5926444, 0xFFD69562, 0xFBFCC18D, 0xFFF6B986, 0xFFF8BC88, 0xFFF8BC88, 0xFFF8BC88, 
0xFFF8BC88, 0xFFF8BC88, 0xFFF8BC88, 0xFFF8BC88, 0xFFF8BC88, 0xFFF8BC88, 0xFFF8BC88, 0xFFF8BC88, 0xFFF8BC88, 0xFFF4B985, 0xFFFFC48E, 0xFFAD7F58, 0xFF492915, 0xFF885739, 0xFF966040, 0xFF925D3E, 
0xFF955F3F, 0xFF7A4D31, 0xFF875638, 0xFF915C3D, 0xFF8F5B3C, 0xFF905C3D, 0xFF8F5B3C, 0xFF8F5B3C, 0xFF8F5B3C, 0xFE8D5B3C, 0xFA956041, 0xFE6A3F23, 0x6A5E5147, 0x00848687, 0x037F7D7D, 0x00808080, 
0x00808080, 0x00808080, 0x00808080, 0x00808080, 0x00808080, 0x00808080, 0x00808080, 0x00808080, 0x00808080, 0x00808080, 0x00808080, 0x00808080, 0x00808080, 0x00808080, 0x00808080, 0x00808080, 
0x00808080, 0x00808080, 0x00808080, 0x00808080, 0x00808080, 0x00808080, 0x00808080, 0x00808080, 0x00808080, 0x00808080, 0x00808080, 0x00808080, 0x00808080, 0x00808080, 0x00808080, 0x00808080, 
0x00808080, 0x007F7F7F, 0x00808080, 0x017F7F7F, 0x037F7E7E, 0x037F7E7E, 0x037F7E7E, 0x037F7E7E, 0x037F7E7E, 0x037F7E7E, 0x007F7F7F, 0x007F7F7F, 0x0080807F, 0x007F7F7F, 0x00808080, 0x00808080, 
0x00808080, 0x00808080, 0x00808080, 0x00808080, 0x00808080, 0x00808080, 0x00808080, 0x00808080, 0x00808080, 0x00808080, 0x00808080, 0x00808080, 0x00808080, 0x00808080, 0x00808080, 0x00808080, 
0x00808080, 0x00808080, 0x00808080, 0x00808080, 0x00808080, 0x00808080, 0x00808080, 0x00808080, 0x00808080, 0x00808080, 0x00808080, 0x00808080, 0x00808080, 0x00808080, 0x00808080, 0x00808080, 
0x00808080, 0x00808080, 0x00808080, 0x00808080, 0x00808080, 0x00808080, 0x00808080, 0x00808080, 0x00808080, 0x00808080, 0x00808080, 0x00808080, 0x00807F7F, 0x017F7F7F, 0x007F8182, 0xC09A623C, 
0xFFDAAF8C, 0xFBFFEED6, 0xFFF9E1C6, 0xFEFCE5CB, 0xFFFBE4CA, 0xFFFBE4CA, 0xFFFBE4CA, 0xFFFBE4CA, 0xFFFFF2DA, 0xFFB98259, 0xFFC69670, 0xFFFFEFD7, 0xFFFAE2C8, 0xFEFBE4C9, 0xFFFCE7CD, 0xF9F3DBC1, 
0xFFB16F41, 0x6590705A, 0x037C8184, 0x07807E7C, 0x03807F7E, 0x03807F7E, 0x02807F7F, 0x02807E7D, 0x007D8184, 0x2C86756A, 0xFCB47243, 0xFDF6BA87, 0xFEF7BB87, 0xFFF7BB87, 0xFFF8BC88, 0xFFF8BC88, 
0xFFF8BC88, 0xFFF8BC88, 0xFFF8BC88, 0xFFF8BC88, 0xFFF8BC88, 0xFFF8BC88, 0xFFF8BC88, 0xFFF8BC88, 0xFFF7BB87, 0xFFF7BB87, 0xFFF7BB87, 0xFFFCC08B, 0xFFA0744F, 0xFF4C2E18, 0xFF673F26, 0xFF815134, 
0xFE643C24, 0xFE412612, 0xFF7E5033, 0xFE935D3E, 0xFF8E5A3B, 0xFF905C3D, 0xFF905C3D, 0xFF905C3D, 0xFF905C3D, 0xFF8E5B3C, 0xF9946041, 0xFE714427, 0x7F5C4C40, 0x00848687, 0x047E7E7D, 0x00808080, 
0x00808080, 0x00808080, 0x00808080, 0x00808080, 0x00808080, 0x00808080, 0x00807F7F, 0x007F7F80, 0x007F7F7F, 0x01807F7F, 0x03807F7E, 0x04807F7E, 0x05807F7E, 0x05807F7E, 0x04807F7F, 0x04807F7F, 
0x04807F7F, 0x04807F7E, 0x04807F7E, 0x04807F7E, 0x04807F7E, 0x02807F7E, 0x00807F7F, 0x007F7F80, 0x007F7F7F, 0x00808080, 0x00808080, 0x00808080, 0x00808080, 0x00808080, 0x00808080, 0x007F7F7F, 
0x00808080, 0x027F7E7E, 0x027F7F7F, 0x00828384, 0x00848687, 0x00858688, 0x00858688, 0x00858688, 0x00858688, 0x00848687, 0x00838484, 0x00808080, 0x047F7E7E, 0x027F7E7E, 0x007F7F80, 0x007F7F80, 
0x007F7F7F, 0x00808080, 0x00808080, 0x00808080, 0x00808080, 0x00808080, 0x00808080, 0x00808080, 0x00808080, 0x00808080, 0x00808080, 0x00808080, 0x00808080, 0x00808080, 0x00808080, 0x00808080, 
0x00808080, 0x00808080, 0x00808080, 0x00808080, 0x00808080, 0x00808080, 0x00808080, 0x00808080, 0x00808080, 0x00808080, 0x00808080, 0x00808080, 0x00808080, 0x00808080, 0x00808080, 0x00808080, 
0x00808080, 0x00808080, 0x00808080, 0x00808080, 0x00808080, 0x00808080, 0x00808080, 0x00808080, 0x00808080, 0x00808080, 0x00808080, 0x00808080, 0x00808080, 0x017F7F7E, 0x007D8183, 0x30877569, 
0xFCAC6A3D, 0xFBEED2B6, 0xFDFFEBD2, 0xFFF9E1C7, 0xFEFBE4CA, 0xFFFBE5CB, 0xFFF9E2C7, 0xFFFAE4CA, 0xFFD2A784, 0xFFAC6E43, 0xFFF2D7BB, 0xFFFDE7CE, 0xFEFAE3C9, 0xFFFAE2C8, 0xFCFFECD4, 0xFFC49069, 
0xC79C623B, 0x06817F7D, 0x017F7F80, 0x007F7F7F, 0x00808080, 0x00808080, 0x00807F7F, 0x007F7F7F, 0x007E7F80, 0x01827F7D, 0xD6A1673F, 0xFFE1A370, 0xFCFCC08B, 0xFFF6BA86, 0xFFF8BC88, 0xFFF8BC88, 
0xFFF8BC88, 0xFFF8BC88, 0xFFF8BC88, 0xFFF8BC88, 0xFFF8BC88, 0xFFF8BC88, 0xFFF8BC88, 0xFFF8BC88, 0xFFF8BC88, 0xFFF8BC88, 0xFFF7BB87, 0xFFF6BB87, 0xFFFFC58F, 0xFFD9A374, 0xFF755133, 0xFF56371F, 
0xFE724F32, 0xFC704B2F, 0xFF7F5033, 0xFE935E3E, 0xFF8F5B3C, 0xFF905C3D, 0xFF905C3D, 0xFF905C3D, 0xFF905C3D, 0xFF8E5B3C, 0xFA945F40, 0xFF74472A, 0xA8564132, 0x00828383, 0x027F7F7E, 0x007F7F7F, 
0x00808080, 0x00808080, 0x00808080, 0x00807F7F, 0x007F8080, 0x00807F7F, 0x03807F7E, 0x03807F7F, 0x007F8080, 0x007E8183, 0x007E8285, 0x007E8285, 0x007E8285, 0x007E8284, 0x007E8284, 0x007D8083, 
0x007E8284, 0x007E8284, 0x007E8284, 0x007E8284, 0x007E8285, 0x007E8284, 0x007E8082, 0x01808080, 0x03807F7F, 0x00807F7F, 0x007F8080, 0x007F7F7F, 0x00808080, 0x007F7F7F, 0x00808080, 0x007F7F7F, 
0x027F7F7F, 0x00838586, 0x00808080, 0x1E736F6B, 0x46685F58, 0x6164574E, 0x6B5E5147, 0x6D5D5046, 0x5D655A51, 0x4069615A, 0x1E726D6A, 0x007C7B7B, 0x00838586, 0x00838586, 0x01808080, 0x027F7E7E, 
0x007F7F7F, 0x00808080, 0x007F7F7F, 0x00808080, 0x00808080, 0x00808080, 0x00808080, 0x00808080, 0x00808080, 0x00808080, 0x00808080, 0x00808080, 0x00808080, 0x00808080, 0x00808080, 0x00808080, 
0x00808080, 0x00808080, 0x00808080, 0x00808080, 0x00808080, 0x00808080, 0x00808080, 0x00808080, 0x00808080, 0x00808080, 0x00808080, 0x00808080, 0x00808080, 0x00808080, 0x00808080, 0x00808080, 
0x00808080, 0x00808080, 0x00808080, 0x00808080, 0x00808080, 0x00808080, 0x00808080, 0x00808080, 0x00808080, 0x00808080, 0x00808080, 0x00808080, 0x00807F7F, 0x007F8080, 0x02807F7E, 0x007D8185, 
0x74916D53, 0xFFB67548, 0xF8F1D9BF, 0xFCFFEDD5, 0xFFFCE5CB, 0xFEF7DEC3, 0xFFC3916B, 0xFFB67E55, 0xFFBB855D, 0xFFEFD3B7, 0xFFFDE8CE, 0xFEF9E0C6, 0xFFFAE3C9, 0xFCFFF0D8, 0xFCD4AB88, 0xF7A45F30, 
0x2A89796F, 0x007D8083, 0x01807F7E, 0x00808080, 0x00808080, 0x00808080, 0x00808080, 0x00808080, 0x02807F7F, 0x007E8183, 0xA7966848, 0xFED08F5D, 0xFAFCC18D, 0xFFF5B985, 0xFFF8BC88, 0xFFF8BC88, 
0xFFF8BC88, 0xFFF8BC88, 0xFFF8BC88, 0xFFF8BC88, 0xFFF8BC88, 0xFFF8BC88, 0xFFF8BC88, 0xFFF8BC88, 0xFFF8BC88, 0xFFF7BB87, 0xFFF8BC88, 0xFFF8BB88, 0xFFF5B986, 0xFFFEC18C, 0xFFFDC08B, 0xFFEBB17F, 
0xFFFFC690, 0xFF8E6543, 0xFF77492E, 0xFF956040, 0xFF8F5B3C, 0xFF905C3D, 0xFF905C3D, 0xFF905C3D, 0xFF8F5B3C, 0xFF8D5A3B, 0xFB955F40, 0xFF6A4025, 0xB64E3A2B, 0x00828384, 0x057F7F7F, 0x04807F7F, 
0x04807F7E, 0x05807F7E, 0x04807F7F, 0x04807F7F, 0x01808080, 0x007F8182, 0x007E8285, 0x007F8284, 0x00817F7D, 0x20867870, 0x438A7263, 0x5E8B6D59, 0x738E6C54, 0x89926A4E, 0x98956A4C, 0x9F8F6447, 
0x9F956A4D, 0x9F966B4D, 0x9E966A4D, 0x8F94684C, 0x698F6E58, 0x36887468, 0x10847B76, 0x00818181, 0x007E8285, 0x007F8080, 0x03807F7E, 0x00808080, 0x007F7F7F, 0x00808080, 0x007F7F7F, 0x027F7F7F, 
0x00828385, 0x426B625B, 0xB8513928, 0xF352311B, 0xFF5C361C, 0xFF643B20, 0xFF6A3F23, 0xFF6D4125, 0xFF6B4024, 0xFF663D22, 0xF55E3921, 0xCD563A26, 0x855B4A3D, 0x306D6762, 0x007F8080, 0x00848687, 
0x01808080, 0x027F7E7E, 0x00808080, 0x007F7F7F, 0x00808080, 0x00808080, 0x00808080, 0x00808080, 0x00808080, 0x00808080, 0x00808080, 0x00808080, 0x00808080, 0x00808080, 0x00808080, 0x00808080, 
0x00808080, 0x00808080, 0x00808080, 0x00808080, 0x00808080, 0x00808080, 0x00808080, 0x00808080, 0x00808080, 0x00808080, 0x00808080, 0x00808080, 0x00808080, 0x00808080, 0x00808080, 0x00808080, 
0x00808080, 0x00808080, 0x00808080, 0x00808080, 0x00808080, 0x00808080, 0x00808080, 0x00808080, 0x00808080, 0x00808080, 0x00808080, 0x00808080, 0x00808080, 0x00807F7F, 0x007F7F7F, 0x037F7F7F, 
0x007F8082, 0x8A976A4B, 0xFFB27041, 0xFFDDB694, 0xFDF9E4CA, 0xFBFFEDD5, 0xFDFAE2C8, 0xFEF7DDC2, 0xFEFFEFD7, 0xFEFFEED5, 0xFEFEE8CF, 0xFDFFEED5, 0xFAFBE6CD, 0xFFD1A581, 0xFFA86232, 0x57917562, 
0x007C8083, 0x02807F7E, 0x007F8080, 0x007F7F7F, 0x00808080, 0x00808080, 0x00808080, 0x00807F7F, 0x03807F7E, 0x007D8185, 0x8A926B51, 0xFFC78553, 0xFBFBC08D, 0xFFF6BA86, 0xFFF8BC88, 0xFFF8BC88, 
0xFFF8BC88, 0xFFF8BC88, 0xFFF8BC88, 0xFFF8BC88, 0xFFF8BC88, 0xFFF8BC88, 0xFFF8BC88, 0xFFF8BC88, 0xFFF8BC88, 0xFFF8BC88, 0xFFF8BC88, 0xFFF7BB87, 0xFFF8BC88, 0xFFF6BA86, 0xFFF6BA86, 0xFFF7BB87, 
0xFEFEC38D, 0xFE7F593A, 0xFF77492E, 0xFE945F3F, 0xFF8F5B3C, 0xFF905C3D, 0xFF905C3D, 0xFF905C3D, 0xFF905C3D, 0xFF8E5B3C, 0xFA925E3F, 0xFE7C4C2B, 0x9C6A4D38, 0x02807E7C, 0x007D7E7F, 0x007D8183, 
0x007D8184, 0x007D8285, 0x007D8184, 0x007E8183, 0x007F7F7E, 0x1C837871, 0x568B6F5E, 0x9995694B, 0xD3A06840, 0xF7AE6E41, 0xFFBB7848, 0xFFC4814F, 0xFFCB8856, 0xFFD18F5D, 0xFFD79562, 0xFFD99865, 
0xFFD89764, 0xFFD89764, 0xFFD89764, 0xFFD4925F, 0xFFC68351, 0xFFB57344, 0xE9A86A3F, 0xBB9C6742, 0x698F6E57, 0x06817E7B, 0x007C8185, 0x02807F7F, 0x00807F7F, 0x007F7F7F, 0x037F7F7F, 0x00828384, 
0x7B5C4B3F, 0xFF4E2C14, 0xFF75482C, 0xFF8C5A3B, 0xFB935F40, 0xFA956041, 0xFA956041, 0xFA956041, 0xFA956041, 0xFC956041, 0xFF925E3E, 0xFF8A5738, 0xFF77482A, 0xFD60391F, 0xBB563D2B, 0x59635850, 
0x007D7D7E, 0x00838586, 0x027F7F7F, 0x007F7F7F, 0x00808080, 0x00808080, 0x00808080, 0x00808080, 0x00808080, 0x00808080, 0x00808080, 0x00808080, 0x00808080, 0x00808080, 0x00808080, 0x00808080, 
0x00808080, 0x00808080, 0x00808080, 0x00808080, 0x00808080, 0x00808080, 0x00808080, 0x00808080, 0x00808080, 0x00808080, 0x00808080, 0x00808080, 0x00808080, 0x00808080, 0x00808080, 0x00808080, 
0x00808080, 0x00808080, 0x00808080, 0x00808080, 0x00808080, 0x00808080, 0x00808080, 0x00808080, 0x00808080, 0x00808080, 0x00808080, 0x00808080, 0x00808080, 0x00808080, 0x00808080, 0x00807F7F, 
0x017F7F7F, 0x007F8182, 0x588E715E, 0xD19F633A, 0xFFB6784B, 0xFFCD9B74, 0xFFE3BF9F, 0xFFEED1B4, 0xFFEDCEB0, 0xFFECCDAF, 0xFFECCDAF, 0xFFDAB290, 0xFFB97C50, 0xE4A36033, 0x538F7663, 0x007D8183, 
0x037F7F7E, 0x007F7F80, 0x00807F7F, 0x00808080, 0x00808080, 0x00808080, 0x00808080, 0x00808080, 0x027F7E7D, 0x007C8185, 0x768F6E58, 0xFFC17E4D, 0xFBFABF8B, 0xFFF7BB87, 0xFFF8BC88, 0xFFF8BC88, 
0xFFF8BC88, 0xFFF8BC88, 0xFFF8BC88, 0xFFF8BC88, 0xFFF8BC88, 0xFFF8BC88, 0xFFF8BC88, 0xFFF8BC88, 0xFFF8BC88, 0xFFF8BC88, 0xFFF8BC88, 0xFFF8BC88, 0xFFF8BC88, 0xFFF7BB87, 0xFFF8BC88, 0xFFF5B986, 
0xFFFEC48E, 0xFF80593A, 0xFF76482D, 0xFF956040, 0xFF8E5B3C, 0xFF8F5B3C, 0xFF905C3D, 0xFF8F5B3C, 0xFF8F5B3C, 0xFF8F5B3C, 0xFE8D593B, 0xFE6B4326, 0xF8B97C4F, 0xD7B0774D, 0xB6A06E4B, 0xA29A6E4F, 
0x97976D50, 0x93946E54, 0x98966A4E, 0xA89A6A49, 0xCAA06A44, 0xF2AE6F43, 0xFFC17F4D, 0xFFD59361, 0xFFE5A774, 0xFFF1B682, 0xFCF8BD8A, 0xFBFBC08C, 0xFBFCC18D, 0xFBFCC28E, 0xFBFCC28E, 0xFBFCC18D, 
0xFBFCC28E, 0xFBFCC28E, 0xFBFCC28E, 0xFBFCC28E, 0xFBFBC18D, 0xFDF6BA87, 0xFFECB07D, 0xFFDD9E6C, 0xFFBF7B4A, 0xCC9E653E, 0x4C8D7565, 0x007E8183, 0x017F7F80, 0x047F7E7E, 0x00838586, 0x7B5B4B3F, 
0xFF553016, 0xFB8B593B, 0xFB945F3F, 0xFE905B3C, 0xFE8E5B3C, 0xFE8E5B3C, 0xFF8E5B3C, 0xFF8E5B3C, 0xFE8E5B3C, 0xFE8E5B3C, 0xFE8F5B3C, 0xFD905C3D, 0xFB945F40, 0xFE935E3F, 0xFF835233, 0xFF693E23, 
0xC2563B29, 0x3C6B635D, 0x00828485, 0x027F7F7F, 0x007F7F7F, 0x00808080, 0x00808080, 0x00808080, 0x00808080, 0x00808080, 0x00808080, 0x00808080, 0x00808080, 0x00808080, 0x00808080, 0x00808080, 
0x00808080, 0x00808080, 0x00808080, 0x00808080, 0x00808080, 0x00808080, 0x00808080, 0x00808080, 0x00808080, 0x00808080, 0x00808080, 0x00808080, 0x00808080, 0x00808080, 0x00808080, 0x00808080, 
0x00808080, 0x00808080, 0x00808080, 0x00808080, 0x00808080, 0x00808080, 0x00808080, 0x00808080, 0x00808080, 0x00808080, 0x00808080, 0x00808080, 0x00808080, 0x00808080, 0x00807F7F, 0x00808080, 
0x00807F7F, 0x017F7F7F, 0x007D8285, 0x02817F7D, 0x47897060, 0x91936646, 0xCE9E633A, 0xE9A6673C, 0xEEA6683D, 0xEFA6683D, 0xEDA5673B, 0xCF9E6138, 0x7A926B51, 0x12857D78, 0x007C8184, 0x02807F7F, 
0x0080807F, 0x00808080, 0x00808080, 0x00808080, 0x00808080, 0x00808080, 0x00808080, 0x00808080, 0x03807F7E, 0x007D8285, 0x648E715D, 0xFFBD7A48, 0xFBF9BE8A, 0xFFF7BB87, 0xFFF8BC88, 0xFFF8BC88, 
0xFFF8BC88, 0xFFF8BC88, 0xFFF8BC88, 0xFFF8BC88, 0xFFF8BC88, 0xFFF8BC88, 0xFFF8BC88, 0xFFF8BC88, 0xFFF8BC88, 0xFFF8BC88, 0xFFF8BC88, 0xFFF8BC88, 0xFFF8BC88, 0xFFF8BC88, 0xFFF8BC88, 0xFFF4B885, 
0xFFFFC690, 0xFF9D714D, 0xFF633C23, 0xFF986141, 0xFF8D5A3B, 0xFF905C3D, 0xFF8F5B3C, 0xFF905C3D, 0xFF8D5A3B, 0xFF976141, 0xFF6A4127, 0xFF67452B, 0xFFFBC28D, 0xFFF7BA85, 0xFFF0B07B, 0xFFEAA974, 
0xFFE7A671, 0xFFE6A46F, 0xFFE4A36E, 0xFFE4A46F, 0xFFEAAB77, 0xFFF4B884, 0xFCFBC08C, 0xFBFDC28E, 0xFDFCC08C, 0xFEF9BD89, 0xFEF7BB87, 0xFEF7BB87, 0xFFF6BA86, 0xFFF6BA86, 0xFFF6BA86, 0xFFF6BA86, 
0xFFF6BA86, 0xFFF6B884, 0xFFF6B985, 0xFFF6B883, 0xFEF6B883, 0xFEF8BC87, 0xFEFABF8B, 0xFCFCC18D, 0xFBFBC08D, 0xFFD39563, 0xFFA96535, 0x85946B50, 0x007E7E7F, 0x0084888A, 0x6060534A, 0xFF583218, 
0xFA8F5C3D, 0xFE925D3D, 0xFF8E5A3C, 0xFE905C3D, 0xFF915D3D, 0xFF915D3E, 0xFF915D3E, 0xFF915D3E, 0xFF915D3E, 0xFF8F5B3C, 0xFF8F5B3C, 0xFE905C3D, 0xFE8F5B3C, 0xFF8F5B3C, 0xFC925D3E, 0xFC956041, 
0xFF885535, 0xFF5A341A, 0x71605146, 0x00838485, 0x027F7F7E, 0x007F7F80, 0x007F7F7F, 0x00808080, 0x00808080, 0x00808080, 0x00808080, 0x00808080, 0x00808080, 0x00808080, 0x00808080, 0x00808080, 
0x00808080, 0x00808080, 0x00808080, 0x00808080, 0x00808080, 0x00808080, 0x00808080, 0x00808080, 0x00808080, 0x00808080, 0x00808080, 0x00808080, 0x00808080, 0x00808080, 0x00808080, 0x00808080, 
0x00808080, 0x00808080, 0x00808080, 0x00808080, 0x00808080, 0x00808080, 0x00808080, 0x00808080, 0x00808080, 0x00808080, 0x00808080, 0x00808080, 0x00808080, 0x00808080, 0x00808080, 0x007F7F7F, 
0x007F8080, 0x00808080, 0x02807F7E, 0x007F8080, 0x007E8285, 0x007E8386, 0x0081807F, 0x0B847D79, 0x10847D79, 0x11847D79, 0x10847D79, 0x0082807F, 0x007D8285, 0x007E8081, 0x02807F7F, 0x00808080, 
0x00807F7F, 0x00808080, 0x00808080, 0x00808080, 0x00808080, 0x00808080, 0x00808080, 0x00808080, 0x03807F7E, 0x007D8285, 0x588B7462, 0xFFB97645, 0xFBF7BC89, 0xFFF8BC88, 0xFFF8BC88, 0xFFF8BC88, 
0xFFF8BC88, 0xFFF8BC88, 0xFFF8BC88, 0xFFF8BC88, 0xFFF8BC88, 0xFFF8BC88, 0xFFF8BC88, 0xFFF8BC88, 0xFFF8BC88, 0xFFF8BC88, 0xFFF8BC88, 0xFFF8BC88, 0xFFF8BC88, 0xFFF8BC88, 0xFFF8BC88, 0xFFF6BA86, 
0xFFFDC18C, 0xFFD7A172, 0xFF52321B, 0xFF915D3D, 0xFF905B3C, 0xFF8E5A3C, 0xFF8F5B3C, 0xFF8D5A3B, 0xFF955F3F, 0xFF825235, 0xFE4B2D17, 0xFED6A072, 0xFEFDC28C, 0xFDF5BA86, 0xFBF9BE8A, 0xFBFABF8C, 
0xFAFBC08C, 0xFAFBC08C, 0xFBFBC08D, 0xFBFBC08C, 0xFCFBBF8B, 0xFEF9BD88, 0xFEF7BB87, 0xFEF6BA86, 0xFFF7BB87, 0xFFF7BB87, 0xFFF8BC88, 0xFFF7BB87, 0xFFF8BC88, 0xFFF8BC88, 0xFFF8BC88, 0xFFF7BB87, 
0xFFF7BC88, 0xFFFACFA3, 0xFFFBD4AB, 0xFFFACFA3, 0xFFF9C696, 0xFFF7BC89, 0xFFF7B984, 0xFEF6BA86, 0xFFF7BB87, 0xFCFCC08C, 0xF9E8AD7C, 0xFFBD7947, 0x81987053, 0x50635953, 0xFE5E381D, 0xFB915D3D, 
0xFE905C3D, 0xFF8E5A3C, 0xFE8F5B3C, 0xFF8D5A3B, 0xFF8A5738, 0xFF885536, 0xFF875436, 0xFF875436, 0xFF8A5738, 0xFF905C3D, 0xFF905C3D, 0xFF8F5B3C, 0xFF905C3D, 0xFF905C3D, 0xFE8F5B3C, 0xFF8E5A3B, 
0xFC925D3E, 0xFC925E3F, 0xFF563117, 0x4D665C54, 0x00838587, 0x027E7E7E, 0x00808080, 0x00808080, 0x00808080, 0x00808080, 0x00808080, 0x00808080, 0x00808080, 0x00808080, 0x00808080, 0x00808080, 
0x00808080, 0x00808080, 0x00808080, 0x00808080, 0x00808080, 0x00808080, 0x00808080, 0x00808080, 0x00808080, 0x00808080, 0x00808080, 0x00808080, 0x00808080, 0x00808080, 0x00808080, 0x00808080, 
0x00808080, 0x00808080, 0x00808080, 0x00808080, 0x00808080, 0x00808080, 0x00808080, 0x00808080, 0x00808080, 0x00808080, 0x00808080, 0x00808080, 0x00808080, 0x00808080, 0x00808080, 0x00808080, 
0x00808080, 0x007F7F7F, 0x007F8080, 0x00807F7F, 0x02807F7E, 0x03807F7F, 0x007F8080, 0x007E8081, 0x007E8081, 0x007E8081, 0x007E8081, 0x007F8080, 0x03807F7F, 0x00807F7F, 0x007F8080, 0x00807F7F, 
0x00808080, 0x00808080, 0x00808080, 0x00808080, 0x00808080, 0x00808080, 0x00808080, 0x00808080, 0x03807F7E, 0x007D8284, 0x548C7463, 0xFFB87544, 0xFBF6BB88, 0xFFF8BC88, 0xFFF8BC88, 0xFFF8BC88, 
0xFFF8BC88, 0xFFF8BC88, 0xFFF8BC88, 0xFFF8BC88, 0xFFF8BC88, 0xFFF8BC88, 0xFFF8BC88, 0xFFF8BC88, 0xFFF8BC88, 0xFFF8BC88, 0xFFF8BC88, 0xFFF8BC88, 0xFFF8BC88, 0xFFF8BC88, 0xFFF8BC88, 0xFFF8BC88, 
0xFFF5B985, 0xFFFEC28D, 0xFF845D3D, 0xFF57331C, 0xFF976141, 0xFF976140, 0xFF966040, 0xFF996242, 0xFF805134, 0xFF492A15, 0xFFB9885F, 0xFFFFC48E, 0xFFF5B985, 0xFFF8BC88, 0xFFF7BB87, 0xFFF7BB87, 
0xFFF7BB87, 0xFFF7BB87, 0xFFF7BA87, 0xFFF7BA87, 0xFFF7BB87, 0xFFF7BB87, 0xFFF7BB87, 0xFFF7BB87, 0xFFF8BC88, 0xFFF8BC88, 0xFFF8BC88, 0xFFF8BC88, 0xFFF8BC88, 0xFFF8BC88, 0xFFF8BC88, 0xFFF7BB86, 
0xFFF7BD89, 0xFFFBD6AD, 0xFFFCDBB5, 0xFFFCDDB8, 0xFFFCDEB9, 0xFFFCD7AF, 0xFFF9CA9C, 0xFFF7BC89, 0xFEF7BA85, 0xFEF6BB87, 0xFFFABE89, 0xFBFBC18D, 0xFFC78655, 0xFF794725, 0xFF8C5A3C, 0xFE915D3D, 
0xFF8E5B3C, 0xFE8F5B3C, 0xFF8F5B3C, 0xFF8C5839, 0xFF8B5839, 0xFF8B5839, 0xFF8B5739, 0xFF8A5638, 0xFF855234, 0xFF824F32, 0xFF8B5738, 0xFF915D3D, 0xFF8F5B3C, 0xFF8F5B3C, 0xFF905C3D, 0xFE905C3D, 
0xFF8E5A3B, 0xFC925D3E, 0xFE845234, 0xDE50331F, 0x087C7A79, 0x00808081, 0x007F7F7F, 0x00808080, 0x00808080, 0x00808080, 0x00808080, 0x00808080, 0x00808080, 0x00808080, 0x00808080, 0x00808080, 
0x00808080, 0x00808080, 0x00808080, 0x00808080, 0x00808080, 0x00808080, 0x00808080, 0x00808080, 0x00808080, 0x00808080, 0x00808080, 0x00808080, 0x00808080, 0x00808080, 0x00808080, 0x00808080, 
0x00808080, 0x00808080, 0x00808080, 0x00808080, 0x00808080, 0x00808080, 0x00808080, 0x00808080, 0x00808080, 0x00808080, 0x00808080, 0x00808080, 0x00808080, 0x00808080, 0x00808080, 0x00808080, 
0x00808080, 0x00808080, 0x00808080, 0x00808080, 0x00808080, 0x007F8080, 0x00807F7F, 0x00807F7F, 0x00807F7F, 0x00807F7F, 0x00807F7F, 0x00807F7F, 0x007F8080, 0x007F7F7F, 0x00808080, 0x00808080, 
0x00808080, 0x00808080, 0x00808080, 0x00808080, 0x00808080, 0x00808080, 0x00808080, 0x00808080, 0x03807F7E, 0x007D8285, 0x528C7463, 0xFFB87545, 0xFBF7BC89, 0xFFF8BC88, 0xFFF8BC88, 0xFFF8BC88, 
0xFFF8BC88, 0xFFF8BC88, 0xFFF8BC88, 0xFFF8BC88, 0xFFF8BC88, 0xFFF8BC88, 0xFFF8BC88, 0xFFF8BC88, 0xFFF8BC88, 0xFFF8BC88, 0xFFF8BC88, 0xFFF8BC88, 0xFFF8BC88, 0xFFF8BC88, 0xFFF8BC88, 0xFFF7BB88, 
0xFFF6BB87, 0xFFF9BD88, 0xFFF1B784, 0xFF795436, 0xFF51301A, 0xFF70442A, 0xFF71452B, 0xFF603921, 0xFF56361E, 0xFFBD8C62, 0xFFFFC58E, 0xFFF5B986, 0xFFF8BC88, 0xFFF7BB87, 0xFFF8BC88, 0xFFF8BC88, 
0xFFF8BC88, 0xFFF8BC88, 0xFFF8BC88, 0xFFF8BC88, 0xFFF8BC88, 0xFFF8BC88, 0xFFF8BC88, 0xFFF8BC88, 0xFFF8BC88, 0xFFF8BC88, 0xFFF8BC88, 0xFFF8BC88, 0xFFF8BC88, 0xFFF8BC88, 0xFFF8BC88, 0xFFF8BC88, 
0xFFF7BB87, 0xFFF7BC88, 0xFFF8BE8C, 0xFFF8C393, 0xFFFACFA3, 0xFFFCDBB4, 0xFFFDDEB9, 0xFFFBD7AE, 0xFFF8C291, 0xFFF7B985, 0xFEF6BA86, 0xFFF8BC88, 0xFEF5B986, 0xFEB67649, 0xFE925B3A, 0xFF8E5B3C, 
0xFE905C3D, 0xFF905C3D, 0xFF905C3D, 0xFF905C3D, 0xFF905C3D, 0xFF915C3D, 0xFF905C3D, 0xFF905C3D, 0xFF915C3D, 0xFF8C593A, 0xFF824F31, 0xFF865335, 0xFF905C3D, 0xFF8F5B3C, 0xFF8F5B3C, 0xFF905C3D, 
0xFE905C3D, 0xFF8E5A3B, 0xFB945F40, 0xFF5E371C, 0x50655A51, 0x00848587, 0x037E7E7D, 0x007F7F7F, 0x00808080, 0x00808080, 0x00808080, 0x00808080, 0x00808080, 0x00808080, 0x00808080, 0x00808080, 
0x00808080, 0x00808080, 0x00808080, 0x00808080, 0x00808080, 0x00808080, 0x00808080, 0x00808080, 0x00808080, 0x00808080, 0x00808080, 0x00808080, 0x00808080, 0x00808080, 0x00808080, 0x00808080, 
0x00808080, 0x00808080, 0x00808080, 0x00808080, 0x00808080, 0x00808080, 0x00808080, 0x00808080, 0x00808080, 0x00808080, 0x00808080, 0x00808080, 0x00808080, 0x00808080, 0x00808080, 0x00808080, 
0x00808080, 0x00808080, 0x00808080, 0x00808080, 0x00808080, 0x00808080, 0x00808080, 0x00808080, 0x00808080, 0x00808080, 0x00808080, 0x00808080, 0x00808080, 0x00808080, 0x00808080, 0x00808080, 
0x00808080, 0x00808080, 0x00808080, 0x00808080, 0x00808080, 0x00808080, 0x00808080, 0x00808080, 0x03807F7E, 0x007D8285, 0x528C7462, 0xFFB87544, 0xFBF6BB88, 0xFFF8BC88, 0xFFF8BC88, 0xFFF8BC88, 
0xFFF8BC88, 0xFFF8BC88, 0xFFF8BC88, 0xFFF8BC88, 0xFFF8BC88, 0xFFF8BC88, 0xFFF8BC88, 0xFFF8BC88, 0xFFF8BC88, 0xFFF8BC88, 0xFFF8BC88, 0xFFF8BC88, 0xFFF8BC88, 0xFFF8BC88, 0xFFF8BC88, 0xFFF8BC88, 
0xFFF8BC88, 0xFFF6BA87, 0xFFFABE89, 0xFFFBBE8A, 0xFFBD8B61, 0xFF926846, 0xFF8A6241, 0xFFA17550, 0xFFE5AC7C, 0xFFFFC48E, 0xFFF5B986, 0xFFF8BC88, 0xFFF7BB87, 0xFFF8BC88, 0xFFF8BC88, 0xFFF8BC88, 
0xFFF8BC88, 0xFFF8BC88, 0xFFF8BC88, 0xFFF8BC88, 0xFFF8BC88, 0xFFF8BC88, 0xFFF8BC88, 0xFFF8BC88, 0xFFF8BC88, 0xFFF8BC88, 0xFFF8BC88, 0xFFF8BC88, 0xFFF8BC88, 0xFFF8BC88, 0xFFF8BC88, 0xFFF7BB87, 
0xFFF8BC88, 0xFFF7BB87, 0xFFF7BB86, 0xFFF7BA85, 0xFFF7B984, 0xFFF8BF8D, 0xFFFBD0A5, 0xFFFDDDB7, 0xFFFCDAB3, 0xFFF8C190, 0xFEF7BA85, 0xFFF6BA86, 0xFEFCC08C, 0xFEE1A471, 0xFFA0633A, 0xFE8F5C3D, 
0xFF8F5B3C, 0xFF8F5B3C, 0xFF8F5B3C, 0xFF8F5B3C, 0xFF8F5B3C, 0xFF8F5B3C, 0xFF8F5B3C, 0xFF8F5B3C, 0xFF8F5B3C, 0xFF905C3C, 0xFF905C3D, 0xFF845133, 0xFF845133, 0xFF905C3D, 0xFF8F5B3C, 0xFF8F5B3C, 
0xFF905C3D, 0xFE8E5A3B, 0xFA945F3F, 0xFE76482B, 0xAE533E2D, 0x00818282, 0x027F7F7F, 0x00808080, 0x00808080, 0x00808080, 0x00808080, 0x00808080, 0x00808080, 0x00808080, 0x00808080, 0x00808080, 
0x00808080, 0x00808080, 0x00808080, 0x00808080, 0x00808080, 0x00808080, 0x00808080, 0x00808080, 0x00808080, 0x00808080, 0x00808080, 0x00808080, 0x00808080, 0x00808080, 0x00808080, 0x00808080, 
0x00808080, 0x00808080, 0x00808080, 0x00808080, 0x00808080, 0x00808080, 0x00808080, 0x00808080, 0x00808080, 0x00808080, 0x00808080, 0x00808080, 0x00808080, 0x00808080, 0x00808080, 0x00808080, 
0x00808080, 0x00808080, 0x00808080, 0x00808080, 0x00808080, 0x00808080, 0x00808080, 0x00808080, 0x00808080, 0x00808080, 0x00808080, 0x00808080, 0x00808080, 0x00808080, 0x00808080, 0x00808080, 
0x00808080, 0x00808080, 0x00808080, 0x00808080, 0x00808080, 0x00808080, 0x00808080, 0x00808080, 0x03807F7E, 0x007D8284, 0x558C7363, 0xFFB97645, 0xFBF7BC89, 0xFFF7BB87, 0xFFF8BC88, 0xFFF8BC88, 
0xFFF8BC88, 0xFFF8BC88, 0xFFF8BC88, 0xFFF8BC88, 0xFFF8BC88, 0xFFF8BC88, 0xFFF8BC88, 0xFFF8BC88, 0xFFF8BC88, 0xFFF8BC88, 0xFFF8BC88, 0xFFF8BC88, 0xFFF8BC88, 0xFFF8BC88, 0xFFF8BC88, 0xFFF8BC88, 
0xFFF7BB87, 0xFFF8BC88, 0xFFF7BB87, 0xFFF7BB87, 0xFFFFC58F, 0xFFFFC790, 0xFFFFC690, 0xFFFFC790, 0xFFFBBF8A, 0xFFF5B986, 0xFFF8BC88, 0xFFF7BB87, 0xFFF8BC88, 0xFFF8BC88, 0xFFF8BC88, 0xFFF8BC88, 
0xFFF8BC88, 0xFFF8BC88, 0xFFF8BC88, 0xFFF8BC88, 0xFFF8BC88, 0xFFF8BC88, 0xFFF8BC88, 0xFFF8BC88, 0xFFF8BC88, 0xFFF8BC88, 0xFFF8BC88, 0xFFF8BC88, 0xFFF8BC88, 0xFFF8BC88, 0xFFF8BC88, 0xFFF8BC88, 
0xFFF7BB87, 0xFFF7BC88, 0xFFF8BC88, 0xFFF8BC88, 0xFFF8BC88, 0xFFF7BA85, 0xFFF6B984, 0xFFFACCA0, 0xFFFDDEB8, 0xFFFBD5AC, 0xFFF7BB87, 0xFFF7BB87, 0xFFF6BA86, 0xFFFABE8A, 0xFFBD7E4F, 0xFF945C38, 
0xFF8E5B3D, 0xFF905C3C, 0xFF905C3D, 0xFF905C3D, 0xFF905C3D, 0xFF905C3D, 0xFF905C3D, 0xFF8F5B3C, 0xFF905C3D, 0xFF8F5B3C, 0xFF8F5B3C, 0xFF915D3E, 0xFF855234, 0xFF835032, 0xFF915C3D, 0xFF8F5B3C, 
0xFF8F5B3C, 0xFF8F5B3C, 0xFE905C3D, 0xFF8B5839, 0xF150311B, 0x11767370, 0x00818283, 0x007F7F7E, 0x00808080, 0x00808080, 0x00808080, 0x00808080, 0x00808080, 0x00808080, 0x00808080, 0x00808080, 
0x00808080, 0x00808080, 0x00808080, 0x00808080, 0x00808080, 0x00808080, 0x00808080, 0x00808080, 0x00808080, 0x00808080, 0x00808080, 0x00808080, 0x00808080, 0x00808080, 0x00808080, 0x00808080, 
0x00808080, 0x00808080, 0x00808080, 0x00808080, 0x00808080, 0x00808080, 0x00808080, 0x00808080, 0x00808080, 0x00808080, 0x00808080, 0x00808080, 0x00808080, 0x00808080, 0x00808080, 0x00808080, 
0x00808080, 0x00808080, 0x00808080, 0x00808080, 0x00808080, 0x00808080, 0x00808080, 0x00808080, 0x00808080, 0x00808080, 0x00808080, 0x00808080, 0x00808080, 0x00808080, 0x00808080, 0x00808080, 
0x00808080, 0x00808080, 0x00808080, 0x00808080, 0x00808080, 0x00808080, 0x00808080, 0x00808080, 0x03807E7E, 0x007C8185, 0x658D6F5C, 0xFFBE7A49, 0xFBF9BE8A, 0xFFF7BB87, 0xFFF8BC88, 0xFFF8BC88, 
0xFFF8BC88, 0xFFF8BC88, 0xFFF8BC88, 0xFFF8BC88, 0xFFF8BC88, 0xFFF8BC88, 0xFFF8BC88, 0xFFF8BC88, 0xFFF8BC88, 0xFFF8BC88, 0xFFF8BC88, 0xFFF8BC88, 0xFFF8BC88, 0xFFF8BC88, 0xFFF8BC88, 0xFFF8BC88, 
0xFFF8BC88, 0xFFF7BB87, 0xFFF8BC88, 0xFFF7BB87, 0xFFF5BA86, 0xFFF5B986, 0xFFF5B986, 0xFFF5B986, 0xFFF7BB87, 0xFFF8BC88, 0xFFF7BB87, 0xFFF8BC88, 0xFFF8BC88, 0xFFF8BC88, 0xFFF8BC88, 0xFFF8BC88, 
0xFFF8BC88, 0xFFF8BC88, 0xFFF8BC88, 0xFFF8BC88, 0xFFF8BC88, 0xFFF8BC88, 0xFFF8BC88, 0xFFF8BC88, 0xFFF8BC88, 0xFFF8BC88, 0xFFF8BC88, 0xFFF8BC88, 0xFFF8BC88, 0xFFF8BC88, 0xFFF8BC88, 0xFFF8BC88, 
0xFFF8BC88, 0xFFF8BC88, 0xFFF8BC88, 0xFFF8BC88, 0xFFF7BB87, 0xFFF8BC88, 0xFFF7BB87, 0xFFF7BA86, 0xFFFBD4AB, 0xFFFCDDB8, 0xFFF9C99A, 0xFFF6B984, 0xFFF6BA87, 0xFFFCC08C, 0xFFDEA16F, 0xFF9F6138, 
0xFF905C3D, 0xFF8F5B3C, 0xFF905C3D, 0xFF905C3D, 0xFF905C3D, 0xFF905C3D, 0xFF905C3D, 0xFF905C3D, 0xFF8F5B3C, 0xFF905C3D, 0xFF8F5B3C, 0xFF8E5B3C, 0xFF915D3E, 0xFF835032, 0xFF865335, 0xFF915D3E, 
0xFF8E5A3B, 0xFF905C3D, 0xFF8F5B3C, 0xFB935E3F, 0xFF5C351B, 0x4D675C55, 0x00838587, 0x037E7E7D, 0x00808080, 0x00808080, 0x00808080, 0x00808080, 0x00808080, 0x00808080, 0x00808080, 0x00808080, 
0x00808080, 0x00808080, 0x00808080, 0x00808080, 0x00808080, 0x00808080, 0x00808080, 0x00808080, 0x00808080, 0x00808080, 0x00808080, 0x00808080, 0x00808080, 0x00808080, 0x00808080, 0x00808080, 
0x00808080, 0x00808080, 0x00808080, 0x00808080, 0x00808080, 0x00808080, 0x00808080, 0x00808080, 0x00808080, 0x00808080, 0x00808080, 0x00808080, 0x00808080, 0x00808080, 0x00808080, 0x00808080, 
0x00808080, 0x00808080, 0x00808080, 0x00808080, 0x00808080, 0x00808080, 0x00808080, 0x00808080, 0x00808080, 0x00808080, 0x00808080, 0x00808080, 0x00808080, 0x00808080, 0x00808080, 0x00808080, 
0x00808080, 0x00808080, 0x00808080, 0x00808080, 0x00808080, 0x00808080, 0x00808080, 0x00808080, 0x037F7F7E, 0x007D8185, 0x84916C52, 0xFFC68351, 0xFBFBC08C, 0xFFF6BA86, 0xFFF8BC88, 0xFFF8BC88, 
0xFFF8BC88, 0xFFF8BC88, 0xFFF8BC88, 0xFFF8BC88, 0xFFF8BC88, 0xFFF8BC88, 0xFFF8BC88, 0xFFF8BC88, 0xFFF8BC88, 0xFFF8BC88, 0xFFF8BC88, 0xFFF8BC88, 0xFFF8BC88, 0xFFF8BC88, 0xFFF8BC88, 0xFFF8BC88, 
0xFFF8BC88, 0xFFF8BC88, 0xFFF8BC88, 0xFFF8BC88, 0xFFF8BC88, 0xFFF8BC88, 0xFFF8BC88, 0xFFF8BC88, 0xFFF8BC88, 0xFFF8BC88, 0xFFF8BC88, 0xFFF8BC88, 0xFFF8BC88, 0xFFF8BC88, 0xFFF8BC88, 0xFFF8BC88, 
0xFFF8BC88, 0xFFF8BC88, 0xFFF8BC88, 0xFFF8BC88, 0xFFF8BC88, 0xFFF8BC88, 0xFFF8BC88, 0xFFF8BC88, 0xFFF8BC88, 0xFFF8BC88, 0xFFF8BC88, 0xFFF8BC88, 0xFFF8BC88, 0xFFF8BC88, 0xFFF8BC88, 0xFFF8BC88, 
0xFFF8BC88, 0xFFF8BC88, 0xFFF8BC88, 0xFFF8BC88, 0xFFF8BC88, 0xFFF7BB87, 0xFFF8BC88, 0xFFF6B984, 0xFFF9C696, 0xFFFDDDB7, 0xFFFBD5AC, 0xFFF7BC88, 0xFFF7BA86, 0xFFF8BC88, 0xFFF5B985, 0xFEB17244, 
0xFF945D3A, 0xFE8E5B3C, 0xFE905C3D, 0xFE8F5B3C, 0xFF8F5B3C, 0xFF905C3D, 0xFF8F5B3C, 0xFF905C3D, 0xFF905C3D, 0xFF905C3D, 0xFF905C3D, 0xFF8F5B3C, 0xFF8F5B3C, 0xFF905C3D, 0xFF804D30, 0xFF8A5738, 
0xFF905C3D, 0xFF8F5B3C, 0xFE8D5A3B, 0xF9956041, 0xFE6C4024, 0x8C5A493C, 0x00838587, 0x047F7D7D, 0x00808080, 0x00808080, 0x00808080, 0x00808080, 0x00808080, 0x00808080, 0x00808080, 0x00808080, 
0x00808080, 0x00808080, 0x00808080, 0x00808080, 0x00808080, 0x00808080, 0x00808080, 0x00808080, 0x00808080, 0x00808080, 0x00808080, 0x00808080, 0x00808080, 0x00808080, 0x00808080, 0x00808080, 
0x00808080, 0x00808080, 0x00808080, 0x00808080, 0x00808080, 0x00808080, 0x00808080, 0x00808080, 0x00808080, 0x00808080, 0x00808080, 0x00808080, 0x00808080, 0x00808080, 0x00808080, 0x00808080, 
0x00808080, 0x00808080, 0x00808080, 0x00808080, 0x00808080, 0x00808080, 0x00808080, 0x00808080, 0x00808080, 0x00808080, 0x00808080, 0x00808080, 0x00808080, 0x00808080, 0x00808080, 0x00808080, 
0x00808080, 0x00808080, 0x00808080, 0x00808080, 0x00808080, 0x00808080, 0x00808080, 0x00808080, 0x03807F7E, 0x007E8184, 0xA295694B, 0xFFCE8C5A, 0xFAFCC18D, 0xFFF5B986, 0xFFF8BC88, 0xFFF8BC88, 
0xFFF8BC88, 0xFFF8BC88, 0xFFF8BC88, 0xFFF8BC88, 0xFFF8BC88, 0xFFF8BC88, 0xFFF8BC88, 0xFFF8BC88, 0xFFF8BC88, 0xFFF8BC88, 0xFFF8BC88, 0xFFF8BC88, 0xFFF8BC88, 0xFFF8BC88, 0xFFF8BC88, 0xFFF8BC88, 
0xFFF8BC88, 0xFFF8BC88, 0xFFF8BC88, 0xFFF8BC88, 0xFFF8BC88, 0xFFF8BC88, 0xFFF8BC88, 0xFFF8BC88, 0xFFF8BC88, 0xFFF8BC88, 0xFFF8BC88, 0xFFF8BC88, 0xFFF8BC88, 0xFFF8BC88, 0xFFF8BC88, 0xFFF8BC88, 
0xFFF8BC88, 0xFFF8BC88, 0xFFF8BC88, 0xFFF8BC88, 0xFFF8BC88, 0xFFF8BC88, 0xFFF8BC88, 0xFFF8BC88, 0xFFF8BC88, 0xFFF8BC88, 0xFFF8BC88, 0xFFF8BC88, 0xFFF8BC88, 0xFFF8BC88, 0xFFF8BC88, 0xFFF8BC88, 
0xFFF8BC88, 0xFFF8BC88, 0xFFF8BC88, 0xFFF8BC88, 0xFFF8BC88, 0xFFF8BC88, 0xFFF7BB87, 0xFFF7BB87, 0xFFF7BB88, 0xFFFBD7AE, 0xFFFCDCB6, 0xFFF8BF8D, 0xFFF6BA86, 0xFFF6BA86, 0xFFFCC08C, 0xFFCA8B5B, 
0xFF995E38, 0xFF8F5C3D, 0xFF8E5A3B, 0xFD925E3F, 0xFD925D3E, 0xFF8F5B3C, 0xFE905C3D, 0xFF8F5B3C, 0xFF905C3D, 0xFF905C3D, 0xFF905C3D, 0xFF905C3D, 0xFF8F5B3C, 0xFF905C3D, 0xFF8B5839, 0xFF7F4D2F, 
0xFF905B3C, 0xFF8F5B3C, 0xFF8E5B3C, 0xFA945F40, 0xFF75472A, 0xAA574233, 0x00828384, 0x037E7E7D, 0x00808080, 0x00808080, 0x00808080, 0x00808080, 0x00808080, 0x00808080, 0x00808080, 0x00808080, 
0x00808080, 0x00808080, 0x00808080, 0x00808080, 0x00808080, 0x00808080, 0x00808080, 0x00808080, 0x00808080, 0x00808080, 0x00808080, 0x00808080, 0x00808080, 0x00808080, 0x00808080, 0x00808080, 
0x00808080, 0x00808080, 0x00808080, 0x00808080, 0x00808080, 0x00808080, 0x00808080, 0x00808080, 0x00808080, 0x00808080, 0x00808080, 0x00808080, 0x00808080, 0x00808080, 0x00808080, 0x00808080, 
0x00808080, 0x00808080, 0x00808080, 0x00808080, 0x00808080, 0x00808080, 0x00808080, 0x00808080, 0x00808080, 0x00808080, 0x00808080, 0x00808080, 0x00808080, 0x00808080, 0x00808080, 0x00808080, 
0x00808080, 0x00808080, 0x00808080, 0x00808080, 0x00808080, 0x00808080, 0x00808080, 0x007F7F7F, 0x017F7F7F, 0x007F8081, 0xBC996643, 0xFFD59563, 0xFBFDC18D, 0xFFF6BA86, 0xFFF8BC88, 0xFFF8BC88, 
0xFFF8BC88, 0xFFF8BC88, 0xFFF8BC88, 0xFFF8BC88, 0xFFF8BC88, 0xFFF8BC88, 0xFFF8BC88, 0xFFF8BC88, 0xFFF8BC88, 0xFFF8BC88, 0xFFF8BC88, 0xFFF8BC88, 0xFFF8BC88, 0xFFF8BC88, 0xFFF8BC88, 0xFFF8BC88, 
0xFFF8BC88, 0xFFF8BC88, 0xFFF8BC88, 0xFFF8BC88, 0xFFF8BC88, 0xFFF8BC88, 0xFFF8BC88, 0xFFF8BC88, 0xFFF8BC88, 0xFFF8BC88, 0xFFF8BC88, 0xFFF8BC88, 0xFFF8BC88, 0xFFF8BC88, 0xFFF8BC88, 0xFFF8BC88, 
0xFFF8BC88, 0xFFF8BC88, 0xFFF8BC88, 0xFFF8BC88, 0xFFF8BC88, 0xFFF8BC88, 0xFFF8BC88, 0xFFF8BC88, 0xFFF8BC88, 0xFFF8BC88, 0xFFF8BC88, 0xFFF8BC88, 0xFFF8BC88, 0xFFF8BC88, 0xFFF8BC88, 0xFFF8BC88, 
0xFFF8BC88, 0xFFF8BC88, 0xFFF8BC88, 0xFFF8BC88, 0xFFF8BC88, 0xFFF8BC88, 0xFFF8BC88, 0xFFF8BC88, 0xFFF7BA86, 0xFFF8C291, 0xFFF9C696, 0xFFF7BB87, 0xFFF7BB87, 0xFFF6BA86, 0xFEFCC08B, 0xFEE1A371, 
0xFE9A5E36, 0xF4593720, 0xEE54351F, 0xFF5C371E, 0xFF845335, 0xFD935E3F, 0xFF8E5B3C, 0xFE905C3D, 0xFF8F5B3C, 0xFF905C3D, 0xFF905C3D, 0xFF8F5B3C, 0xFF905C3D, 0xFF8E5A3B, 0xFF915D3E, 0xFF835032, 
0xFF875335, 0xFF915D3D, 0xFF8E5A3B, 0xFB935E3F, 0xFF794A2D, 0xB8543F2E, 0x00818282, 0x027F7F7E, 0x00808080, 0x00808080, 0x00808080, 0x00808080, 0x00808080, 0x00808080, 0x00808080, 0x00808080, 
0x00808080, 0x00808080, 0x00808080, 0x00808080, 0x00808080, 0x00808080, 0x00808080, 0x00808080, 0x00808080, 0x00808080, 0x00808080, 0x00808080, 0x00808080, 0x00808080, 0x00808080, 0x00808080, 
0x00808080, 0x00808080, 0x00808080, 0x00808080, 0x00808080, 0x00808080, 0x00808080, 0x00808080, 0x00808080, 0x00808080, 0x00808080, 0x00808080, 0x00808080, 0x00808080, 0x00808080, 0x00808080, 
0x00808080, 0x00808080, 0x00808080, 0x00808080, 0x00808080, 0x00808080, 0x00808080, 0x00808080, 0x00808080, 0x00808080, 0x00808080, 0x00808080, 0x00808080, 0x00808080, 0x00808080, 0x00808080, 
0x00808080, 0x00808080, 0x00808080, 0x00808080, 0x00808080, 0x00808080, 0x00808080, 0x00808080, 0x007F8080, 0x00807F7D, 0xD09E643F, 0xFFDC9D6A, 0xFCFCC08C, 0xFFF5B985, 0xFFF8BC88, 0xFFF8BC88, 
0xFFF8BC88, 0xFFF8BC88, 0xFFF8BC88, 0xFFF8BC88, 0xFFF8BC88, 0xFFF8BC88, 0xFFF8BC88, 0xFFF8BC88, 0xFFF8BC88, 0xFFF8BC88, 0xFFF8BC88, 0xFFF8BC88, 0xFFF8BC88, 0xFFF8BC88, 0xFFF8BC88, 0xFFF8BC88, 
0xFFF8BC88, 0xFFF8BC88, 0xFFF8BC88, 0xFFF8BC88, 0xFFF8BC88, 0xFFF8BC88, 0xFFF8BC88, 0xFFF8BC88, 0xFFF8BC88, 0xFFF8BC88, 0xFFF8BC88, 0xFFF8BC88, 0xFFF8BC88, 0xFFF8BC88, 0xFFF8BC88, 0xFFF8BC88, 
0xFFF8BC88, 0xFFF8BC88, 0xFFF8BC88, 0xFFF8BC88, 0xFFF8BC88, 0xFFF8BC88, 0xFFF8BC88, 0xFFF8BC88, 0xFFF8BC88, 0xFFF8BC88, 0xFFF8BC88, 0xFFF8BC88, 0xFFF8BC88, 0xFFF8BC88, 0xFFF8BC88, 0xFFF8BC88, 
0xFFF8BC88, 0xFFF8BC88, 0xFFF8BC88, 0xFFF8BC88, 0xFFF8BC88, 0xFFF8BC88, 0xFFF8BC88, 0xFFF7BB87, 0xFFF8BC88, 0xFFF7BA86, 0xFFF7BA85, 0xFFF8BC88, 0xFFF8BC88, 0xFFF7BB87, 0xFEF9BD89, 0xFEEEB27F, 
0xFCA9693C, 0x4179695D, 0x14747575, 0x4A675E56, 0xE44D301B, 0xFF7D4E31, 0xFD935E3E, 0xFF8E5B3C, 0xFF905C3D, 0xFF905C3D, 0xFF905C3D, 0xFF905C3D, 0xFF905C3D, 0xFF8F5B3C, 0xFF8F5B3C, 0xFF8D593A, 
0xFF804E30, 0xFF8F5B3C, 0xFF8E5B3C, 0xFB925E3E, 0xFF7D4D30, 0xC6533B2A, 0x007F8080, 0x017F7F7F, 0x007F7F7F, 0x00808080, 0x00808080, 0x00808080, 0x00808080, 0x00808080, 0x00808080, 0x00808080, 
0x00808080, 0x00808080, 0x00808080, 0x00808080, 0x00808080, 0x00808080, 0x00808080, 0x00808080, 0x00808080, 0x00808080, 0x00808080, 0x00808080, 0x00808080, 0x00808080, 0x00808080, 0x00808080, 
0x00808080, 0x00808080, 0x00808080, 0x00808080, 0x00808080, 0x00808080, 0x00808080, 0x00808080, 0x00808080, 0x00808080, 0x00808080, 0x00808080, 0x00808080, 0x00808080, 0x00808080, 0x00808080, 
0x00808080, 0x00808080, 0x00808080, 0x00808080, 0x00808080, 0x00808080, 0x00808080, 0x00808080, 0x00808080, 0x00808080, 0x00808080, 0x00808080, 0x00808080, 0x00808080, 0x00808080, 0x00808080, 
0x00808080, 0x00808080, 0x00808080, 0x00808080, 0x00808080, 0x00808080, 0x00808080, 0x007F7F7F, 0x007F8081, 0x06817D79, 0xE3A1663C, 0xFEE3A472, 0xFDFBC08B, 0xFFF6BA86, 0xFFF8BC88, 0xFFF8BC88, 
0xFFF8BC88, 0xFFF8BC88, 0xFFF8BC88, 0xFFF8BC88, 0xFFF8BC88, 0xFFF8BC88, 0xFFF8BC88, 0xFFF8BC88, 0xFFF8BC88, 0xFFF8BC88, 0xFFF8BC88, 0xFFF8BC88, 0xFFF8BC88, 0xFFF8BC88, 0xFFF8BC88, 0xFFF8BC88, 
0xFFF8BC88, 0xFFF8BC88, 0xFFF8BC88, 0xFFF8BC88, 0xFFF8BC88, 0xFFF8BC88, 0xFFF8BC88, 0xFFF8BC88, 0xFFF8BC88, 0xFFF8BC88, 0xFFF8BC88, 0xFFF8BC88, 0xFFF8BC88, 0xFFF8BC88, 0xFFF8BC88, 0xFFF8BC88, 
0xFFF8BC88, 0xFFF8BC88, 0xFFF8BC88, 0xFFF8BC88, 0xFFF8BC88, 0xFFF8BC88, 0xFFF8BC88, 0xFFF8BC88, 0xFFF8BC88, 0xFFF8BC88, 0xFFF8BC88, 0xFFF8BC88, 0xFFF8BC88, 0xFFF8BC88, 0xFFF8BC88, 0xFFF8BC88, 
0xFFF8BC88, 0xFFF8BC88, 0xFFF8BC88, 0xFFF8BC88, 0xFFF8BC88, 0xFFF8BC88, 0xFFF8BC88, 0xFFF8BC88, 0xFFF7BB87, 0xFFF8BC88, 0xFFF8BB87, 0xFFF7B984, 0xFFF7BA85, 0xFFF8BC88, 0xFFF7BB87, 0xFBF7BC89, 
0xFFB87545, 0x4D8F7664, 0x007F8387, 0x00868788, 0x2A6F6864, 0xF5503019, 0xFC8C593A, 0xFE905C3D, 0xFE8F5B3C, 0xFF905C3D, 0xFF905C3D, 0xFF8F5B3C, 0xFF8F5B3C, 0xFF8E5A3B, 0xFF8F5B3C, 0xFF905C3D, 
0xFF824F31, 0xFF895638, 0xFF905C3D, 0xFD915D3D, 0xFF835233, 0xD7513724, 0x027C7C7B, 0x00808080, 0x00808080, 0x00808080, 0x00808080, 0x00808080, 0x00808080, 0x00808080, 0x00808080, 0x00808080, 
0x00808080, 0x00808080, 0x00808080, 0x00808080, 0x00808080, 0x00808080, 0x00808080, 0x00808080, 0x00808080, 0x00808080, 0x00808080, 0x00808080, 0x00808080, 0x00808080, 0x00808080, 0x00808080, 
0x00808080, 0x00808080, 0x00808080, 0x00808080, 0x00808080, 0x00808080, 0x00808080, 0x00808080, 0x00808080, 0x00808080, 0x00808080, 0x00808080, 0x00808080, 0x00808080, 0x00808080, 0x00808080, 
0x00808080, 0x00808080, 0x00808080, 0x00808080, 0x00808080, 0x00808080, 0x00808080, 0x00808080, 0x00808080, 0x00808080, 0x00808080, 0x00808080, 0x00808080, 0x00808080, 0x00808080, 0x00808080, 
0x00808080, 0x00808080, 0x00808080, 0x00808080, 0x00808080, 0x00808080, 0x00808080, 0x007F7E7E, 0x007E8082, 0x17857A73, 0xF4A7673A, 0xFFE8AB79, 0xFEFBBF8A, 0xFFF7BB87, 0xFFF8BC88, 0xFFF8BC88, 
0xFFF8BC88, 0xFFF8BC88, 0xFFF8BC88, 0xFFF8BC88, 0xFFF8BC88, 0xFFF8BC88, 0xFFF8BC88, 0xFFF8BC88, 0xFFF8BC88, 0xFFF8BC88, 0xFFF8BC88, 0xFFF8BC88, 0xFFF8BC88, 0xFFF8BC88, 0xFFF8BC88, 0xFFF8BC88, 
0xFFF8BC88, 0xFFF8BC88, 0xFFF8BC88, 0xFFF8BC88, 0xFFF8BC88, 0xFFF8BC88, 0xFFF8BC88, 0xFFF8BC88, 0xFFF8BC88, 0xFFF8BC88, 0xFFF8BC88, 0xFFF8BC88, 0xFFF8BC88, 0xFFF8BC88, 0xFFF8BC88, 0xFFF8BC88, 
0xFFF8BC88, 0xFFF8BC88, 0xFFF8BC88, 0xFFF8BC88, 0xFFF8BC88, 0xFFF8BC88, 0xFFF8BC88, 0xFFF8BC88, 0xFFF8BC88, 0xFFF8BC88, 0xFFF8BC88, 0xFFF8BC88, 0xFFF8BC88, 0xFFF8BC88, 0xFFF8BC88, 0xFFF8BC88, 
0xFFF8BC88, 0xFFF8BC88, 0xFFF8BC88, 0xFFF8BC88, 0xFFF8BC88, 0xFFF8BC88, 0xFFF8BC88, 0xFFF8BC88, 0xFFF8BC88, 0xFFF7BB87, 0xFFF8BE8B, 0xFFF9C99B, 0xFFF9C89A, 0xFFF7BB87, 0xFEF6BA86, 0xF9FCC18D, 
0xFEC78452, 0x7E8F6A52, 0x007D8184, 0x097E7C7B, 0x00848688, 0x855B493D, 0xFF643B20, 0xFB945F40, 0xFF8E5A3B, 0xFF8F5B3C, 0xFF905C3D, 0xFF8F5B3C, 0xFF8F5B3C, 0xFF8C593A, 0xFF8E5A3B, 0xFF915D3E, 
0xFF875436, 0xFF845133, 0xFF915D3E, 0xFE905C3C, 0xFE895638, 0xEB52341F, 0x10787673, 0x00808181, 0x007F7F7F, 0x00808080, 0x00808080, 0x00808080, 0x00808080, 0x00808080, 0x00808080, 0x00808080, 
0x00808080, 0x00808080, 0x00808080, 0x00808080, 0x00808080, 0x00808080, 0x00808080, 0x00808080, 0x00808080, 0x00808080, 0x00808080, 0x00808080, 0x00808080, 0x00808080, 0x00808080, 0x00808080, 
0x00808080, 0x00808080, 0x00808080, 0x00808080, 0x00808080, 0x00808080, 0x00808080, 0x00808080, 0x00808080, 0x00808080, 0x00808080, 0x00808080, 0x00808080, 0x00808080, 0x00808080, 0x00808080, 
0x00808080, 0x00808080, 0x00808080, 0x00808080, 0x00808080, 0x00808080, 0x00808080, 0x00808080, 0x00808080, 0x00808080, 0x00808080, 0x00808080, 0x00808080, 0x00808080, 0x00808080, 0x00808080, 
0x00808080, 0x00808080, 0x00808080, 0x00808080, 0x00808080, 0x00808080, 0x00808080, 0x017F7F7E, 0x007D8183, 0x2E86756A, 0xFEAC6A3C, 0xFEEFB380, 0xFEF9BD89, 0xFFF7BB86, 0xFFF8BC88, 0xFFF8BC88, 
0xFFF8BC88, 0xFFF8BC88, 0xFFF8BC88, 0xFFF8BC88, 0xFFF8BC88, 0xFFF8BC88, 0xFFF8BC88, 0xFFF8BC88, 0xFFF8BC88, 0xFFF8BC88, 0xFFF8BC88, 0xFFF8BC88, 0xFFF8BC88, 0xFFF8BC88, 0xFFF8BC88, 0xFFF8BC88, 
0xFFF8BC88, 0xFFF8BC88, 0xFFF8BC88, 0xFFF8BC88, 0xFFF8BC88, 0xFFF8BC88, 0xFFF8BC88, 0xFFF8BC88, 0xFFF8BC88, 0xFFF8BC88, 0xFFF8BC88, 0xFFF8BC88, 0xFFF8BC88, 0xFFF8BC88, 0xFFF8BC88, 0xFFF8BC88, 
0xFFF8BC88, 0xFFF8BC88, 0xFFF8BC88, 0xFFF8BC88, 0xFFF8BC88, 0xFFF8BC88, 0xFFF8BC88, 0xFFF8BC88, 0xFFF8BC88, 0xFFF8BC88, 0xFFF8BC88, 0xFFF8BC88, 0xFFF8BC88, 0xFFF8BC88, 0xFFF8BC88, 0xFFF8BC88, 
0xFFF8BC88, 0xFFF8BC88, 0xFFF8BC88, 0xFFF8BC88, 0xFFF8BC88, 0xFFF8BC88, 0xFFF8BC88, 0xFFF8BC88, 0xFFF8BC88, 0xFFF6B884, 0xFFF9CA9C, 0xFFFDDDB8, 0xFFFCDCB7, 0xFFF9C99A, 0xFFF5B883, 0xFAFDC28E, 
0xFFD89865, 0xA6976748, 0x007F8183, 0x037F7E7E, 0x01818282, 0x0C797674, 0xE44D301B, 0xFE845336, 0xFD925D3E, 0xFF8E5B3C, 0xFF905C3D, 0xFF8F5B3C, 0xFF8F5B3C, 0xFF8E5A3C, 0xFF8B5739, 0xFF905C3D, 
0xFF8C5839, 0xFF824F32, 0xFF905C3D, 0xFE8F5B3C, 0xFF8E5A3B, 0xF954331C, 0x23736E6B, 0x00828283, 0x007E7E7E, 0x00808080, 0x00808080, 0x00808080, 0x00808080, 0x00808080, 0x00808080, 0x00808080, 
0x00808080, 0x00808080, 0x00808080, 0x00808080, 0x00808080, 0x00808080, 0x00808080, 0x00808080, 0x00808080, 0x00808080, 0x00808080, 0x00808080, 0x00808080, 0x00808080, 0x00808080, 0x00808080, 
0x00808080, 0x00808080, 0x00808080, 0x00808080, 0x00808080, 0x00808080, 0x00808080, 0x00808080, 0x00808080, 0x00808080, 0x00808080, 0x00808080, 0x00808080, 0x00808080, 0x00808080, 0x00808080, 
0x00808080, 0x00808080, 0x00808080, 0x00808080, 0x00808080, 0x00808080, 0x00808080, 0x00808080, 0x00808080, 0x00808080, 0x00808080, 0x00808080, 0x00808080, 0x00808080, 0x00808080, 0x00808080, 
0x00808080, 0x00808080, 0x00808080, 0x00808080, 0x00808080, 0x00808080, 0x00808080, 0x037F7E7E, 0x007C8184, 0x4F8C7160, 0xFFB57241, 0xFBF5BA87, 0xFFF7BC87, 0xFFF7BB87, 0xFFF8BC88, 0xFFF8BC88, 
0xFFF8BC88, 0xFFF8BC88, 0xFFF8BC88, 0xFFF8BC88, 0xFFF8BC88, 0xFFF8BC88, 0xFFF8BC88, 0xFFF8BC88, 0xFFF8BC88, 0xFFF8BC88, 0xFFF8BC88, 0xFFF8BC88, 0xFFF8BC88, 0xFFF8BC88, 0xFFF8BC88, 0xFFF8BC88, 
0xFFF8BC88, 0xFFF8BC88, 0xFFF8BC88, 0xFFF8BC88, 0xFFF8BC88, 0xFFF8BC88, 0xFFF8BC88, 0xFFF8BC88, 0xFFF8BC88, 0xFFF8BC88, 0xFFF8BC88, 0xFFF8BC88, 0xFFF8BC88, 0xFFF8BC88, 0xFFF8BC88, 0xFFF8BC88, 
0xFFF8BC88, 0xFFF8BC88, 0xFFF8BC88, 0xFFF8BC88, 0xFFF8BC88, 0xFFF8BC88, 0xFFF8BC88, 0xFFF8BC88, 0xFFF8BC88, 0xFFF8BC88, 0xFFF8BC88, 0xFFF8BC88, 0xFFF8BC88, 0xFFF8BC88, 0xFFF8BC88, 0xFFF8BC88, 
0xFFF8BC88, 0xFFF8BC88, 0xFFF8BC88, 0xFFF8BC88, 0xFFF8BC88, 0xFFF8BC88, 0xFFF8BC88, 0xFFF8BC88, 0xFFF8BC88, 0xFFF6B984, 0xFFF8C697, 0xFFFDDDB7, 0xFFFDDEB8, 0xFFFACFA3, 0xFFF6B883, 0xFAFBC08C, 
0xFFE8A974, 0xB39C6A49, 0x007E8081, 0x01807F7F, 0x037E7E7E, 0x00848587, 0x8D57463A, 0xFE6B4024, 0xFA956040, 0xFE8D5A3B, 0xFF905C3D, 0xFF905C3D, 0xFF8F5B3C, 0xFF905C3D, 0xFF8A5738, 0xFF8E5A3B, 
0xFF8F5B3C, 0xFF835032, 0xFF8F5B3C, 0xFF8F5B3C, 0xFE905C3D, 0xFF56341C, 0x316F6864, 0x00828384, 0x017F7E7E, 0x00808080, 0x00808080, 0x00808080, 0x00808080, 0x00808080, 0x00808080, 0x00808080, 
0x00808080, 0x00808080, 0x00808080, 0x00808080, 0x00808080, 0x00808080, 0x00808080, 0x00808080, 0x00808080, 0x00808080, 0x00808080, 0x00808080, 0x00808080, 0x00808080, 0x00808080, 0x00808080, 
0x00808080, 0x00808080, 0x00808080, 0x00808080, 0x00808080, 0x00808080, 0x00808080, 0x00808080, 0x00808080, 0x00808080, 0x00808080, 0x00808080, 0x00808080, 0x00808080, 0x00808080, 0x00808080, 
0x00808080, 0x00808080, 0x00808080, 0x00808080, 0x00808080, 0x00808080, 0x00808080, 0x00808080, 0x00808080, 0x00808080, 0x00808080, 0x00808080, 0x00808080, 0x00808080, 0x00808080, 0x00808080, 
0x00808080, 0x00808080, 0x00808080, 0x00808080, 0x00808080, 0x00808080, 0x00808080, 0x04807F7D, 0x007D8185, 0x71906D55, 0xFEBD7A49, 0xFAF9BE8B, 0xFFF7BB87, 0xFFF8BC88, 0xFFF8BC88, 0xFFF8BC88, 
0xFFF8BC88, 0xFFF8BC88, 0xFFF8BC88, 0xFFF8BC88, 0xFFF8BC88, 0xFFF8BC88, 0xFFF8BC88, 0xFFF8BC88, 0xFFF8BC88, 0xFFF8BC88, 0xFFF8BC88, 0xFFF8BC88, 0xFFF8BC88, 0xFFF8BC88, 0xFFF8BC88, 0xFFF8BC88, 
0xFFF8BC88, 0xFFF8BC88, 0xFFF8BC88, 0xFFF8BC88, 0xFFF8BC88, 0xFFF8BC88, 0xFFF8BC88, 0xFFF8BC88, 0xFFF8BC88, 0xFFF8BC88, 0xFFF8BC88, 0xFFF8BC88, 0xFFF8BC88, 0xFFF8BC88, 0xFFF8BC88, 0xFFF8BC88, 
0xFFF8BC88, 0xFFF8BC88, 0xFFF8BC88, 0xFFF8BC88, 0xFFF8BC88, 0xFFF8BC88, 0xFFF8BC88, 0xFFF8BC88, 0xFFF8BC88, 0xFFF8BC88, 0xFFF8BC88, 0xFFF8BC88, 0xFFF8BC88, 0xFFF8BC88, 0xFFF8BC88, 0xFFF8BC88, 
0xFFF8BC88, 0xFFF8BC88, 0xFFF8BC88, 0xFFF8BC88, 0xFFF8BC88, 0xFFF8BC88, 0xFFF8BC88, 0xFFF8BC88, 0xFFF8BC88, 0xFFF7BB87, 0xFFF7BC89, 0xFFF9C99B, 0xFFFAC99B, 0xFFF7BD89, 0xFFF6BA86, 0xFBF9BE8A, 
0xFFEFAF7B, 0xB8A06F4C, 0x007D7F80, 0x017F7F7F, 0x027E7E7D, 0x00838586, 0x4A685E57, 0xFF5A341B, 0xFC935E3F, 0xFF8E5B3C, 0xFF905C3D, 0xFF905C3D, 0xFF8F5B3C, 0xFF8F5B3C, 0xFF8B5839, 0xFF8A5638, 
0xFF905C3D, 0xFF855234, 0xFF8E5A3B, 0xFE8F5B3D, 0xFD915D3E, 0xFE58351D, 0x38706964, 0x00828384, 0x027F7F7D, 0x00808080, 0x00808080, 0x00808080, 0x00808080, 0x00808080, 0x00808080, 0x00808080, 
0x00808080, 0x00808080, 0x00808080, 0x00808080, 0x00808080, 0x00808080, 0x00808080, 0x00808080, 0x00808080, 0x00808080, 0x00808080, 0x00808080, 0x00808080, 0x00808080, 0x00808080, 0x00808080, 
0x00808080, 0x00808080, 0x00808080, 0x00808080, 0x00808080, 0x00808080, 0x00808080, 0x00808080, 0x00808080, 0x00808080, 0x00808080, 0x00808080, 0x00808080, 0x00808080, 0x00808080, 0x00808080, 
0x00808080, 0x00808080, 0x00808080, 0x00808080, 0x00808080, 0x00808080, 0x00808080, 0x00808080, 0x00808080, 0x00808080, 0x00808080, 0x00808080, 0x00808080, 0x00808080, 0x00808080, 0x00808080, 
0x00808080, 0x00808080, 0x00808080, 0x00808080, 0x00808080, 0x00808080, 0x00808080, 0x03807F7E, 0x007D8184, 0x8B92694D, 0xFFC68352, 0xF9FBC18D, 0xFFF6BA86, 0xFFF8BB87, 0xFFF8BC88, 0xFFF8BC88, 
0xFFF8BC88, 0xFFF8BC88, 0xFFF8BC88, 0xFFF8BC88, 0xFFF8BC88, 0xFFF8BC88, 0xFFF8BC88, 0xFFF8BC88, 0xFFF8BC88, 0xFFF8BC88, 0xFFF8BC88, 0xFFF8BC88, 0xFFF8BC88, 0xFFF8BC88, 0xFFF8BC88, 0xFFF8BC88, 
0xFFF8BC88, 0xFFF8BC88, 0xFFF8BC88, 0xFFF8BC88, 0xFFF8BC88, 0xFFF8BC88, 0xFFF8BC88, 0xFFF8BC88, 0xFFF8BC88, 0xFFF8BC88, 0xFFF8BC88, 0xFFF8BC88, 0xFFF8BC88, 0xFFF8BC88, 0xFFF8BC88, 0xFFF8BC88, 
0xFFF8BC88, 0xFFF8BC88, 0xFFF8BC88, 0xFFF8BC88, 0xFFF8BC88, 0xFFF8BC88, 0xFFF8BC88, 0xFFF8BC88, 0xFFF8BC88, 0xFFF8BC88, 0xFFF8BC88, 0xFFF8BC88, 0xFFF8BC88, 0xFFF8BC88, 0xFFF8BC88, 0xFFF8BC88, 
0xFFF8BC88, 0xFFF8BC88, 0xFFF8BC88, 0xFFF8BC88, 0xFFF8BC88, 0xFFF8BC88, 0xFFF8BC88, 0xFFF8BC88, 0xFFF8BC88, 0xFFF8BC88, 0xFFF7BB87, 0xFFF7B984, 0xFFF7B984, 0xFFF7BB87, 0xFFF7BB87, 0xFDF8BD89, 
0xFFF3B580, 0xD2A9724A, 0x007F7D7C, 0x007E8080, 0x007F7F7F, 0x00818182, 0x10777471, 0xEC50321C, 0xFF875537, 0xFD915C3D, 0xFF8F5B3C, 0xFF905C3D, 0xFF8F5B3C, 0xFF905C3D, 0xFF8D593B, 0xFF875335, 
0xFF905C3D, 0xFF885436, 0xFF8D5A3B, 0xFF905C3D, 0xFD915C3D, 0xFE56331B, 0x396A635E, 0x00838485, 0x017E7E7E, 0x00808080, 0x00808080, 0x00808080, 0x00808080, 0x00808080, 0x00808080, 0x00808080, 
0x00808080, 0x00808080, 0x00808080, 0x00808080, 0x00808080, 0x00808080, 0x00808080, 0x00808080, 0x00808080, 0x00808080, 0x00808080, 0x00808080, 0x00808080, 0x00808080, 0x00808080, 0x00808080, 
0x00808080, 0x00808080, 0x00808080, 0x00808080, 0x00808080, 0x00808080, 0x00808080, 0x00808080, 0x00808080, 0x00808080, 0x00808080, 0x00808080, 0x00808080, 0x00808080, 0x00808080, 0x00808080, 
0x00808080, 0x00808080, 0x00808080, 0x00808080, 0x00808080, 0x00808080, 0x00808080, 0x00808080, 0x00808080, 0x00808080, 0x00808080, 0x00808080, 0x00808080, 0x00808080, 0x00808080, 0x00808080, 
0x00808080, 0x00808080, 0x00808080, 0x00808080, 0x00808080, 0x00808080, 0x00808080, 0x027F7F7F, 0x007E8083, 0x9A946547, 0xFFCA8957, 0xFAFCC18D, 0xFFF5B985, 0xFFF8BC88, 0xFFF8BC88, 0xFFF8BC88, 
0xFFF8BC88, 0xFFF8BC88, 0xFFF8BC88, 0xFFF8BC88, 0xFFF8BC88, 0xFFF8BC88, 0xFFF8BC88, 0xFFF8BC88, 0xFFF8BC88, 0xFFF8BC88, 0xFFF8BC88, 0xFFF8BC88, 0xFFF8BC88, 0xFFF8BC88, 0xFFF8BC88, 0xFFF8BC88, 
0xFFF8BC88, 0xFFF8BC88, 0xFFF8BC88, 0xFFF8BC88, 0xFFF8BC88, 0xFFF8BC88, 0xFFF8BC88, 0xFFF8BC88, 0xFFF8BC88, 0xFFF8BC88, 0xFFF8BC88, 0xFFF8BC88, 0xFFF8BC88, 0xFFF8BC88, 0xFFF8BC88, 0xFFF8BC88, 
0xFFF8BC88, 0xFFF8BC88, 0xFFF8BC88, 0xFFF8BC88, 0xFFF8BC88, 0xFFF7BB87, 0xFFF7BB87, 0xFFF8BC88, 0xFFF7BB87, 0xFFF8BC88, 0xFFF8BC88, 0xFFF8BC88, 0xFFF8BC88, 0xFFF8BC88, 0xFFF8BC88, 0xFFF8BC88, 
0xFFF8BC88, 0xFFF8BC88, 0xFFF8BC88, 0xFFF8BC88, 0xFFF8BC88, 0xFFF8BC88, 0xFFF8BC88, 0xFFF8BC88, 0xFFF8BC88, 0xFFF7BB87, 0xFFF7BC88, 0xFFF8BC88, 0xFFF8BC88, 0xFFF8BC88, 0xFFF7BB87, 0xFDF9BC88, 
0xFFF4B682, 0xDEAB7249, 0x047F7C79, 0x007F8080, 0x00808080, 0x01807F80, 0x007F7F7F, 0xC7503725, 0xFE7C4C2F, 0xFB935E3E, 0xFF8E5A3B, 0xFF905C3D, 0xFF905C3D, 0xFF8F5B3C, 0xFF8F5B3C, 0xFF855234, 
0xFF8F5B3C, 0xFF8A5638, 0xFF8E5A3C, 0xFF8F5B3C, 0xFC925D3E, 0xFF56321A, 0x3D675F5A, 0x00838586, 0x027E7D7E, 0x00808080, 0x00808080, 0x00808080, 0x00808080, 0x00808080, 0x00808080, 0x00808080, 
0x00808080, 0x00808080, 0x00808080, 0x00808080, 0x00808080, 0x00808080, 0x00808080, 0x00808080, 0x00808080, 0x00808080, 0x00808080, 0x00808080, 0x00808080, 0x00808080, 0x00808080, 0x00808080, 
0x00808080, 0x00808080, 0x00808080, 0x00808080, 0x00808080, 0x00808080, 0x00808080, 0x00808080, 0x00808080, 0x00808080, 0x00808080, 0x00808080, 0x00808080, 0x00808080, 0x00808080, 0x00808080, 
0x00808080, 0x00808080, 0x00808080, 0x00808080, 0x00808080, 0x00808080, 0x00808080, 0x00808080, 0x00808080, 0x00808080, 0x00808080, 0x00808080, 0x00808080, 0x00808080, 0x00808080, 0x00808080, 
0x00808080, 0x00808080, 0x00808080, 0x00808080, 0x00808080, 0x00808080, 0x00808080, 0x037F7F7E, 0x007E8183, 0x9F966845, 0xFFCA8957, 0xF9FDC18D, 0xFFF6BA86, 0xFFF8BC88, 0xFFF8BC88, 0xFFF8BC88, 
0xFFF8BC88, 0xFFF8BC88, 0xFFF8BC88, 0xFFF8BC88, 0xFFF8BC88, 0xFFF8BC88, 0xFFF8BC88, 0xFFF8BC88, 0xFFF8BC88, 0xFFF8BC88, 0xFFF8BC88, 0xFFF8BC88, 0xFFF8BC88, 0xFFF8BC88, 0xFFF8BC88, 0xFFF8BC88, 
0xFFF8BC88, 0xFFF8BC88, 0xFFF8BC88, 0xFFF8BC88, 0xFFF8BC88, 0xFFF8BC88, 0xFFF8BC88, 0xFFF8BC88, 0xFFF8BC88, 0xFFF8BC88, 0xFFF8BC88, 0xFFF8BC88, 0xFFF8BC88, 0xFFF8BC88, 0xFFF8BC88, 0xFFF8BC88, 
0xFFF8BC88, 0xFFF8BC88, 0xFFF8BC88, 0xFFF8BC88, 0xFFF7BC87, 0xFFF8BC88, 0xFFF8BC88, 0xFFF7BB87, 0xFFF8BC88, 0xFFF8BC88, 0xFFF8BC88, 0xFFF8BC88, 0xFFF8BC88, 0xFFF8BC88, 0xFFF8BC88, 0xFFF8BC88, 
0xFFF8BC88, 0xFFF8BC88, 0xFFF8BC88, 0xFFF8BC88, 0xFFF8BC88, 0xFFF8BC88, 0xFFF8BC88, 0xFFF8BC88, 0xFFF8BC88, 0xFFF8BC88, 0xFFF8BC88, 0xFFF8BC88, 0xFFF8BC88, 0xFFF8BC88, 0xFFF7BB87, 0xFEF8BC88, 
0xFFF3B682, 0xE4AC6F45, 0x09817A77, 0x007E8081, 0x007F8080, 0x027F7F7F, 0x00808182, 0xB5513A2A, 0xFF76482B, 0xFA935E3F, 0xFF8E5B3C, 0xFF905C3D, 0xFF905C3C, 0xFF8E5A3B, 0xFF905C3C, 0xFF855234, 
0xFF8E5A3B, 0xFF8B5839, 0xFF8E5A3B, 0xFF8E5A3B, 0xFC925E3F, 0xFF5A341B, 0x4C655B53, 0x00838586, 0x037F7E7E, 0x00808080, 0x00808080, 0x00808080, 0x00808080, 0x00808080, 0x00808080, 0x00808080, 
0x00808080, 0x00808080, 0x00808080, 0x00808080, 0x00808080, 0x00808080, 0x00808080, 0x00808080, 0x00808080, 0x00808080, 0x00808080, 0x00808080, 0x00808080, 0x00808080, 0x00808080, 0x00808080, 
0x00808080, 0x00808080, 0x00808080, 0x00808080, 0x00808080, 0x00808080, 0x00808080, 0x00808080, 0x00808080, 0x00808080, 0x00808080, 0x00808080, 0x00808080, 0x00808080, 0x00808080, 0x00808080, 
0x00808080, 0x00808080, 0x00808080, 0x00808080, 0x00808080, 0x00808080, 0x00808080, 0x00808080, 0x00808080, 0x00808080, 0x00808080, 0x00808080, 0x00808080, 0x00808080, 0x00808080, 0x00808080, 
0x00808080, 0x00808080, 0x00808080, 0x00808080, 0x00808080, 0x00808080, 0x00808080, 0x03807F7E, 0x007F8183, 0xA2976848, 0xFFCA8857, 0xFAFDC18D, 0xFFF5B985, 0xFFF8BC88, 0xFFF8BC88, 0xFFF8BC88, 
0xFFF8BC88, 0xFFF8BC88, 0xFFF8BC88, 0xFFF8BC88, 0xFFF8BC88, 0xFFF8BC88, 0xFFF8BC88, 0xFFF8BC88, 0xFFF8BC88, 0xFFF8BC88, 0xFFF8BC88, 0xFFF8BC88, 0xFFF8BC88, 0xFFF8BC88, 0xFFF8BC88, 0xFFF8BC88, 
0xFFF8BC88, 0xFFF8BC88, 0xFFF8BC88, 0xFFF8BC88, 0xFFF8BC88, 0xFFF8BC88, 0xFFF8BC88, 0xFFF8BC88, 0xFFF8BC88, 0xFFF8BC88, 0xFFF8BC88, 0xFFF8BC88, 0xFFF8BC88, 0xFFF8BC88, 0xFFF8BC88, 0xFFF8BC88, 
0xFFF8BC88, 0xFFF8BC88, 0xFFF8BC88, 0xFFF7BB87, 0xFFF8BC88, 0xFFF7BB87, 0xFFF7BB87, 0xFFF8BC88, 0xFFF7BB87, 0xFFF8BC88, 0xFFF8BC88, 0xFFF8BC88, 0xFFF8BC88, 0xFFF8BC88, 0xFFF8BC88, 0xFFF8BC88, 
0xFFF8BC88, 0xFFF8BC88, 0xFFF8BC88, 0xFFF8BC88, 0xFFF8BC88, 0xFFF8BC88, 0xFFF8BC88, 0xFFF8BC88, 0xFFF8BC88, 0xFFF8BC88, 0xFFF8BC88, 0xFFF8BC88, 0xFFF8BC88, 0xFFF8BC88, 0xFFF6BA86, 0xFDF9BD89, 
0xFFF0B480, 0xEBAB6E44, 0x0F827B77, 0x007E8081, 0x007F7F7F, 0x037E7E7E, 0x00828485, 0x9F554132, 0xFF6F4326, 0xF9945F40, 0xFF8D5B3C, 0xFF905C3D, 0xFF905C3D, 0xFF8F5B3C, 0xFF905C3C, 0xFF855334, 
0xFF8D593A, 0xFF8D593A, 0xFF8F5B3C, 0xFF8F5B3C, 0xFB925F40, 0xFF5A351B, 0x50665B51, 0x00848587, 0x027E7E7E, 0x00808080, 0x00808080, 0x00808080, 0x00808080, 0x00808080, 0x00808080, 0x00808080, 
0x00808080, 0x00808080, 0x00808080, 0x00808080, 0x00808080, 0x00808080, 0x00808080, 0x00808080, 0x00808080, 0x00808080, 0x00808080, 0x00808080, 0x00808080, 0x00808080, 0x00808080, 0x00808080, 
0x00808080, 0x00808080, 0x00808080, 0x00808080, 0x00808080, 0x00808080, 0x00808080, 0x00808080, 0x00808080, 0x00808080, 0x00808080, 0x00808080, 0x00808080, 0x00808080, 0x00808080, 0x00808080, 
0x00808080, 0x00808080, 0x00808080, 0x00808080, 0x00808080, 0x00808080, 0x00808080, 0x00808080, 0x00808080, 0x00808080, 0x00808080, 0x00808080, 0x00808080, 0x00808080, 0x00808080, 0x00808080, 
0x00808080, 0x00808080, 0x00808080, 0x00808080, 0x00808080, 0x00808080, 0x00808080, 0x027F7F7F, 0x007E8184, 0x9D96684A, 0xFFC68554, 0xFAFCC18D, 0xFFF6BA86, 0xFFF7BB87, 0xFFF8BC88, 0xFFF8BC88, 
0xFFF8BC88, 0xFFF8BC88, 0xFFF8BC88, 0xFFF8BC88, 0xFFF8BC88, 0xFFF8BC88, 0xFFF8BC88, 0xFFF8BC88, 0xFFF8BC88, 0xFFF8BC88, 0xFFF8BC88, 0xFFF8BC88, 0xFFF8BC88, 0xFFF8BC88, 0xFFF8BC88, 0xFFF8BC88, 
0xFFF8BC88, 0xFFF8BC88, 0xFFF8BC88, 0xFFF8BC88, 0xFFF8BC88, 0xFFF8BC88, 0xFFF8BC88, 0xFFF8BC88, 0xFFF8BC88, 0xFFF8BC88, 0xFFF8BC88, 0xFFF8BC88, 0xFFF8BC88, 0xFFF8BC88, 0xFFF8BC88, 0xFFF8BC88, 
0xFFF8BC88, 0xFFF8BC88, 0xFFF8BC88, 0xFFF7BB87, 0xFFFABF8A, 0xFFE7AB78, 0xFFD89B6A, 0xFFFCC08B, 0xFFF6BA86, 0xFFF8BC88, 0xFFF8BC88, 0xFFF8BC88, 0xFFF8BC88, 0xFFF8BC88, 0xFFF8BC88, 0xFFF8BC88, 
0xFFF8BC88, 0xFFF8BC88, 0xFFF8BC88, 0xFFF8BC88, 0xFFF8BC88, 0xFFF8BC88, 0xFFF8BC88, 0xFFF8BC88, 0xFFF8BC88, 0xFFF8BC88, 0xFFF8BC88, 0xFFF8BC88, 0xFFF8BC88, 0xFFF8BC88, 0xFFF7BB87, 0xFEFABE89, 
0xFFEEB17E, 0xF2AA6B3F, 0x17857B74, 0x007E8082, 0x007F7F7F, 0x037F7F7D, 0x00838486, 0x98564233, 0xFF6C4125, 0xF9956040, 0xFF8E5B3C, 0xFF905C3D, 0xFF905C3D, 0xFF8F5B3C, 0xFF905B3D, 0xFF855234, 
0xFF8C5839, 0xFF8E5A3B, 0xFF905C3D, 0xFF8F5B3C, 0xFC935E3F, 0xFF5A341B, 0x4F625952, 0x00838586, 0x037F7E7E, 0x00808080, 0x00808080, 0x00808080, 0x00808080, 0x00808080, 0x00808080, 0x00808080, 
0x00808080, 0x00808080, 0x00808080, 0x00808080, 0x00808080, 0x00808080, 0x00808080, 0x00808080, 0x00808080, 0x00808080, 0x00808080, 0x00808080, 0x00808080, 0x00808080, 0x00808080, 0x00808080, 
0x00808080, 0x00808080, 0x00808080, 0x00808080, 0x00808080, 0x00808080, 0x00808080, 0x00808080, 0x00808080, 0x00808080, 0x00808080, 0x00808080, 0x00808080, 0x00808080, 0x00808080, 0x00808080, 
0x00808080, 0x00808080, 0x00808080, 0x00808080, 0x00808080, 0x00808080, 0x00808080, 0x00808080, 0x00808080, 0x00808080, 0x00808080, 0x00808080, 0x00808080, 0x00808080, 0x00808080, 0x00808080, 
0x00808080, 0x00808080, 0x00808080, 0x00808080, 0x00808080, 0x00808080, 0x00808080, 0x037F7F7E, 0x007D8284, 0x7D926D54, 0xFEBC7948, 0xF9F9BE8A, 0xFEF7BB87, 0xFFF8BC88, 0xFFF8BC88, 0xFFF8BC88, 
0xFFF8BC88, 0xFFF8BC88, 0xFFF8BC88, 0xFFF8BC88, 0xFFF8BC88, 0xFFF8BC88, 0xFFF8BC88, 0xFFF8BC88, 0xFFF8BC88, 0xFFF8BC88, 0xFFF8BC88, 0xFFF8BC88, 0xFFF8BC88, 0xFFF8BC88, 0xFFF8BC88, 0xFFF8BC88, 
0xFFF8BC88, 0xFFF8BC88, 0xFFF8BC88, 0xFFF8BC88, 0xFFF8BC88, 0xFFF8BC88, 0xFFF8BC88, 0xFFF8BC88, 0xFFF8BC88, 0xFFF8BC88, 0xFFF8BC88, 0xFFF8BC88, 0xFFF8BC88, 0xFFF8BC88, 0xFFF8BC88, 0xFFF8BC88, 
0xFFF8BC88, 0xFFF8BC88, 0xFFF8BC88, 0xFFF6BA86, 0xFFFCC08B, 0xFFE1A472, 0xFFCC8F5F, 0xFFFDC18D, 0xFFF5B985, 0xFFF8BC88, 0xFFF8BC88, 0xFFF8BC88, 0xFFF8BC88, 0xFFF8BC88, 0xFFF8BC88, 0xFFF8BC88, 
0xFFF8BC88, 0xFFF8BC88, 0xFFF8BC88, 0xFFF8BC88, 0xFFF8BC88, 0xFFF8BC88, 0xFFF8BC88, 0xFFF8BC88, 0xFFF8BC88, 0xFFF8BC88, 0xFFF8BC88, 0xFFF8BC88, 0xFFF8BC88, 0xFFF8BC88, 0xFFF6BA86, 0xFFF9BD89, 
0xFFEDB07D, 0xF4A96B3E, 0x19857B74, 0x007D7F82, 0x007F7E7E, 0x027F7E7E, 0x00828485, 0xA3554131, 0xFF6F4327, 0xFA945F40, 0xFF8D5B3C, 0xFF905C3D, 0xFF905C3D, 0xFF8F5B3C, 0xFF915C3D, 0xFF855133, 
0xFF8B583A, 0xFF8F5B3C, 0xFF8F5B3D, 0xFF8F5B3C, 0xFC945E3F, 0xFF59341C, 0x4E605852, 0x00838686, 0x037F7E7E, 0x00808080, 0x00808080, 0x00808080, 0x00808080, 0x00808080, 0x00808080, 0x00808080, 
0x00808080, 0x00808080, 0x00808080, 0x00808080, 0x00808080, 0x00808080, 0x00808080, 0x00808080, 0x00808080, 0x00808080, 0x00808080, 0x00808080, 0x00808080, 0x00808080, 0x00808080, 0x00808080, 
0x00808080, 0x00808080, 0x00808080, 0x00808080, 0x00808080, 0x00808080, 0x00808080, 0x00808080, 0x00808080, 0x00808080, 0x00808080, 0x00808080, 0x00808080, 0x00808080, 0x00808080, 0x00808080, 
0x00808080, 0x00808080, 0x00808080, 0x00808080, 0x00808080, 0x00808080, 0x00808080, 0x00808080, 0x00808080, 0x00808080, 0x00808080, 0x00808080, 0x00808080, 0x00808080, 0x00808080, 0x00808080, 
0x00808080, 0x00808080, 0x00808080, 0x00808080, 0x00808080, 0x00808080, 0x00808080, 0x03807F7D, 0x007C8184, 0x538D7361, 0xFFB16D3E, 0xFBF2B784, 0xFFF8BC88, 0xFFF7BB87, 0xFFF8BC88, 0xFFF8BC88, 
0xFFF8BC88, 0xFFF8BC88, 0xFFF8BC88, 0xFFF8BC88, 0xFFF8BC88, 0xFFF8BC88, 0xFFF8BC88, 0xFFF8BC88, 0xFFF8BC88, 0xFFF8BC88, 0xFFF8BC88, 0xFFF8BC88, 0xFFF8BC88, 0xFFF8BC88, 0xFFF8BC88, 0xFFF8BC88, 
0xFFF8BC88, 0xFFF8BC88, 0xFFF8BC88, 0xFFF8BC88, 0xFFF8BC88, 0xFFF8BC88, 0xFFF8BC88, 0xFFF8BC88, 0xFFF8BC88, 0xFFF8BC88, 0xFFF8BC88, 0xFFF8BC88, 0xFFF8BC88, 0xFFF8BC88, 0xFFF8BC88, 0xFFF8BC88, 
0xFFF8BC88, 0xFFF8BC88, 0xFFF8BC88, 0xFFF7BB87, 0xFFFBC08C, 0xFFE0A371, 0xFFCB8D5E, 0xFFFCC28C, 0xFFF6BA86, 0xFFF8BC88, 0xFFF8BC88, 0xFFF8BC88, 0xFFF8BC88, 0xFFF8BC88, 0xFFF8BC88, 0xFFF8BC88, 
0xFFF8BC88, 0xFFF8BC88, 0xFFF8BC88, 0xFFF8BC88, 0xFFF8BC88, 0xFFF8BC88, 0xFFF8BC88, 0xFFF8BC88, 0xFFF8BC88, 0xFFF8BC88, 0xFFF8BC88, 0xFFF8BC88, 0xFFF8BC88, 0xFFF8BC88, 0xFFF7BB87, 0xFEFABF8A, 
0xFFE9AC79, 0xEBA5683E, 0x10837C77, 0x007E8081, 0x007F7F7F, 0x007F7F80, 0x007E7E7E, 0xC74F3724, 0xFE7A4B2E, 0xFB935E3F, 0xFF8E5B3B, 0xFF905C3D, 0xFF905C3D, 0xFF8F5B3C, 0xFF915D3D, 0xFF845234, 
0xFF8C583A, 0xFF905C3D, 0xFF8F5B3C, 0xFF8F5B3C, 0xFC935F40, 0xFF5A351B, 0x4F635851, 0x00848687, 0x027F7E7E, 0x00808080, 0x00808080, 0x00808080, 0x00808080, 0x00808080, 0x00808080, 0x00808080, 
0x00808080, 0x00808080, 0x00808080, 0x00808080, 0x00808080, 0x00808080, 0x00808080, 0x00808080, 0x00808080, 0x00808080, 0x00808080, 0x00808080, 0x00808080, 0x00808080, 0x00808080, 0x00808080, 
0x00808080, 0x00808080, 0x00808080, 0x00808080, 0x00808080, 0x00808080, 0x00808080, 0x00808080, 0x00808080, 0x00808080, 0x00808080, 0x00808080, 0x00808080, 0x00808080, 0x00808080, 0x00808080, 
0x00808080, 0x00808080, 0x00808080, 0x00808080, 0x00808080, 0x00808080, 0x00808080, 0x00808080, 0x00808080, 0x00808080, 0x00808080, 0x00808080, 0x00808080, 0x00808080, 0x00808080, 0x00808080, 
0x00808080, 0x00808080, 0x00808080, 0x00808080, 0x00808080, 0x00808080, 0x00808080, 0x01807E7E, 0x007D8082, 0x2989796F, 0xFDA76538, 0xFEE4A876, 0xFEFBBF8B, 0xFFF6BA86, 0xFFF7BB87, 0xFFF8BC88, 
0xFFF8BC88, 0xFFF8BC88, 0xFFF8BC88, 0xFFF8BC88, 0xFFF8BC88, 0xFFF8BC88, 0xFFF8BC88, 0xFFF8BC88, 0xFFF8BC88, 0xFFF8BC88, 0xFFF8BC88, 0xFFF8BC88, 0xFFF8BC88, 0xFFF8BC88, 0xFFF8BC88, 0xFFF8BC88, 
0xFFF8BC88, 0xFFF8BC88, 0xFFF8BC88, 0xFFF8BC88, 0xFFF8BC88, 0xFFF8BC88, 0xFFF8BC88, 0xFFF8BC88, 0xFFF8BC88, 0xFFF8BC88, 0xFFF8BC88, 0xFFF8BC88, 0xFFF8BC88, 0xFFF8BC88, 0xFFF8BC88, 0xFFF8BC88, 
0xFFF8BC88, 0xFFF8BC88, 0xFFF8BC88, 0xFFF7BB87, 0xFFFCC18B, 0xFFDFA271, 0xFFCA8C5D, 0xFFFCC28C, 0xFFF6BA86, 0xFFF8BC88, 0xFFF8BC88, 0xFFF8BC88, 0xFFF8BC88, 0xFFF8BC88, 0xFFF8BC88, 0xFFF8BC88, 
0xFFF8BC88, 0xFFF8BC88, 0xFFF8BC88, 0xFFF8BC88, 0xFFF8BC88, 0xFFF8BC88, 0xFFF8BC88, 0xFFF8BC88, 0xFFF8BC88, 0xFFF8BC88, 0xFFF8BC88, 0xFFF8BC88, 0xFFF8BC88, 0xFFF8BC88, 0xFFF6BA86, 0xFDFCC08B, 
0xFFE3A572, 0xDEA1673E, 0x04827E7C, 0x007E8080, 0x007F7F7F, 0x00818282, 0x0E777471, 0xED4E301A, 0xFF855436, 0xFD915C3D, 0xFF8F5B3C, 0xFF905C3D, 0xFF905C3D, 0xFF8F5B3C, 0xFF905D3D, 0xFF855234, 
0xFF8B583A, 0xFF8F5B3C, 0xFF8F5B3C, 0xFE8E5A3B, 0xFB925E3F, 0xFE5A341B, 0x4C655A53, 0x00838586, 0x037F7D7E, 0x00808080, 0x00808080, 0x00808080, 0x00808080, 0x00808080, 0x00808080, 0x00808080, 
0x00808080, 0x00808080, 0x00808080, 0x00808080, 0x00808080, 0x00808080, 0x00808080, 0x00808080, 0x00808080, 0x00808080, 0x00808080, 0x00808080, 0x00808080, 0x00808080, 0x00808080, 0x00808080, 
0x00808080, 0x00808080, 0x00808080, 0x00808080, 0x00808080, 0x00808080, 0x00808080, 0x00808080, 0x00808080, 0x00808080, 0x00808080, 0x00808080, 0x00808080, 0x00808080, 0x00808080, 0x00808080, 
0x00808080, 0x00808080, 0x00808080, 0x00808080, 0x00808080, 0x00808080, 0x00808080, 0x00808080, 0x00808080, 0x00808080, 0x00808080, 0x00808080, 0x00808080, 0x00808080, 0x00808080, 0x00808080, 
0x00808080, 0x00808080, 0x00808080, 0x00808080, 0x00808080, 0x00808080, 0x00808080, 0x00807F7F, 0x007F7F80, 0x04827F7D, 0xDA9E653D, 0xFECE905F, 0xFCFDC18D, 0xFEF5B986, 0xFFF8BC88, 0xFFF8BC88, 
0xFFF8BC88, 0xFFF8BC88, 0xFFF8BC88, 0xFFF8BC88, 0xFFF8BC88, 0xFFF8BC88, 0xFFF8BC88, 0xFFF8BC88, 0xFFF8BC88, 0xFFF8BC88, 0xFFF8BC88, 0xFFF8BC88, 0xFFF8BC88, 0xFFF8BC88, 0xFFF8BC88, 0xFFF8BC88, 
0xFFF8BC88, 0xFFF8BC88, 0xFFF8BC88, 0xFFF8BC88, 0xFFF8BC88, 0xFFF8BC88, 0xFFF8BC88, 0xFFF8BC88, 0xFFF8BC88, 0xFFF8BC88, 0xFFF8BC88, 0xFFF8BC88, 0xFFF8BC88, 0xFFF8BC88, 0xFFF8BC88, 0xFFF8BC88, 
0xFFF8BC88, 0xFFF8BC88, 0xFFF8BC88, 0xFFF7BB87, 0xFFFDC18C, 0xFFDEA170, 0xFFC88A5B, 0xFFFDC18D, 0xFFF6BA86, 0xFFF8BC88, 0xFFF8BC88, 0xFFF8BC88, 0xFFF8BC88, 0xFFF8BC88, 0xFFF8BC88, 0xFFF8BC88, 
0xFFF8BC88, 0xFFF8BC88, 0xFFF8BC88, 0xFFF8BC88, 0xFFF8BC88, 0xFFF8BC88, 0xFFF8BC88, 0xFFF8BC88, 0xFFF8BC88, 0xFFF8BC88, 0xFFF8BC88, 0xFFF8BC88, 0xFFF8BC88, 0xFFF8BC88, 0xFFF5B985, 0xFCFDC18D, 
0xFFDB9C6A, 0xCD9D6641, 0x0081807F, 0x007F7F7F, 0x027E7D7D, 0x00838586, 0x4F665C54, 0xFF563219, 0xFC915D3E, 0xFF8F5B3C, 0xFF8F5B3C, 0xFF905C3D, 0xFF905C3D, 0xFF8F5B3C, 0xFF915C3D, 0xFF845133, 
0xFF8C5939, 0xFF905C3D, 0xFF8F5B3D, 0xFF8F5B3C, 0xFD915D3E, 0xFF56331A, 0x396A635D, 0x00838485, 0x027E7E7D, 0x00808080, 0x00808080, 0x00808080, 0x00808080, 0x00808080, 0x00808080, 0x00808080, 
0x00808080, 0x00808080, 0x00808080, 0x00808080, 0x00808080, 0x00808080, 0x00808080, 0x00808080, 0x00808080, 0x00808080, 0x00808080, 0x00808080, 0x00808080, 0x00808080, 0x00808080, 0x00808080, 
0x00808080, 0x00808080, 0x00808080, 0x00808080, 0x00808080, 0x00808080, 0x00808080, 0x00808080, 0x00808080, 0x00808080, 0x00808080, 0x00808080, 0x00808080, 0x00808080, 0x00808080, 0x00808080, 
0x00808080, 0x00808080, 0x00808080, 0x00808080, 0x00808080, 0x00808080, 0x00808080, 0x00808080, 0x00808080, 0x00808080, 0x00808080, 0x00808080, 0x00808080, 0x00808080, 0x00808080, 0x00808080, 
0x00808080, 0x00808080, 0x00808080, 0x00808080, 0x00808080, 0x00808080, 0x00808080, 0x00808080, 0x03807F7E, 0x007C8084, 0x94966C4E, 0xFEB77444, 0xFAF6BB88, 0xFFF7BB87, 0xFFF7BB87, 0xFFF7BB87, 
0xFFF8BC88, 0xFFF8BC88, 0xFFF8BC88, 0xFFF8BC88, 0xFFF8BC88, 0xFFF8BC88, 0xFFF8BC88, 0xFFF8BC88, 0xFFF8BC88, 0xFFF8BC88, 0xFFF8BC88, 0xFFF8BC88, 0xFFF8BC88, 0xFFF8BC88, 0xFFF8BC88, 0xFFF8BC88, 
0xFFF8BC88, 0xFFF8BC88, 0xFFF8BC88, 0xFFF8BC88, 0xFFF8BC88, 0xFFF8BC88, 0xFFF8BC88, 0xFFF8BC88, 0xFFF8BC88, 0xFFF8BC88, 0xFFF8BC88, 0xFFF8BC88, 0xFFF8BC88, 0xFFF8BC88, 0xFFF8BC88, 0xFFF8BC88, 
0xFFF8BC88, 0xFFF8BC88, 0xFFF8BC88, 0xFFF7BB87, 0xFFFCC08C, 0xFFE0A371, 0xFFC38557, 0xFFFCC08C, 0xFFF5B985, 0xFFF8BC88, 0xFFF8BC88, 0xFFF8BC88, 0xFFF8BC88, 0xFFF8BC88, 0xFFF8BC88, 0xFFF8BC88, 
0xFFF8BC88, 0xFFF8BC88, 0xFFF8BC88, 0xFFF8BC88, 0xFFF8BC88, 0xFFF8BC88, 0xFFF8BC88, 0xFFF8BC88, 0xFFF8BC88, 0xFFF8BC88, 0xFFF8BC88, 0xFFF8BC88, 0xFFF8BC88, 0xFFF8BC88, 0xFFF6BA86, 0xFAFCC18D, 
0xFFCD8D5B, 0xAB986747, 0x007F8183, 0x027F7F7F, 0x027F7F7E, 0x00828384, 0xA4544031, 0xFE6C4125, 0xFA955F40, 0xFE8D5A3B, 0xFF905C3D, 0xFF905C3D, 0xFF905C3D, 0xFF8F5B3C, 0xFF905B3D, 0xFF855234, 
0xFF8C583A, 0xFF905C3D, 0xFF8F5B3C, 0xFE905B3C, 0xFF8D5A3B, 0xF952311A, 0x24706B67, 0x00828384, 0x007E7E7E, 0x00808080, 0x00808080, 0x00808080, 0x00808080, 0x00808080, 0x00808080, 0x00808080, 
0x00808080, 0x00808080, 0x00808080, 0x00808080, 0x00808080, 0x00808080, 0x00808080, 0x00808080, 0x00808080, 0x00808080, 0x00808080, 0x00808080, 0x00808080, 0x00808080, 0x00808080, 0x00808080, 
0x00808080, 0x00808080, 0x00808080, 0x00808080, 0x00808080, 0x00808080, 0x00808080, 0x00808080, 0x00808080, 0x00808080, 0x00808080, 0x00808080, 0x00808080, 0x00808080, 0x00808080, 0x00808080, 
0x00808080, 0x00808080, 0x00808080, 0x00808080, 0x00808080, 0x00808080, 0x00808080, 0x00808080, 0x00808080, 0x00808080, 0x00808080, 0x00808080, 0x00808080, 0x00808080, 0x00808080, 0x00808080, 
0x00808080, 0x00808080, 0x00808080, 0x00808080, 0x00808080, 0x00808080, 0x00808080, 0x00807F7F, 0x017F7E7E, 0x007D8184, 0x358B776A, 0xFEA56233, 0xFCDA9D6D, 0xFEFDC18C, 0xFEF5B985, 0xFFF8BC88, 
0xFFF8BC88, 0xFFF8BC88, 0xFFF8BC88, 0xFFF8BC88, 0xFFF8BC88, 0xFFF8BC88, 0xFFF8BC88, 0xFFF8BC88, 0xFFF8BC88, 0xFFF8BC88, 0xFFF8BC88, 0xFFF8BC88, 0xFFF8BC88, 0xFFF8BC88, 0xFFF8BC88, 0xFFF8BC88, 
0xFFF8BC88, 0xFFF8BC88, 0xFFF8BC88, 0xFFF8BC88, 0xFFF8BC88, 0xFFF8BC88, 0xFFF8BC88, 0xFFF8BC88, 0xFFF8BC88, 0xFFF8BC88, 0xFFF8BC88, 0xFFF8BC88, 0xFFF8BC88, 0xFFF8BC88, 0xFFF8BC88, 0xFFF8BC88, 
0xFFF8BC88, 0xFFF8BC88, 0xFFF8BC88, 0xFFF6BB87, 0xFFFBBF8B, 0xFFE6A977, 0xFFBE8052, 0xFFFABF8A, 0xFFF6BA86, 0xFFF7BB87, 0xFFF8BC88, 0xFFF8BC88, 0xFFF8BC88, 0xFFF8BC88, 0xFFF8BC88, 0xFFF8BC88, 
0xFFF8BC88, 0xFFF8BC88, 0xFFF8BC88, 0xFFF8BC88, 0xFFF8BC88, 0xFFF8BC88, 0xFFF8BC88, 0xFFF8BC88, 0xFFF8BC88, 0xFFF8BC88, 0xFFF8BC88, 0xFFF8BC88, 0xFFF8BC88, 0xFFF7BB87, 0xFFF6BA86, 0xFAFABF8C, 
0xFFBF7D4C, 0x7B916C53, 0x007D8285, 0x037F7E7E, 0x00818182, 0x087A7776, 0xE54C301C, 0xFF825134, 0xFD925D3E, 0xFF8E5A3B, 0xFF8F5B3C, 0xFF905C3D, 0xFF905C3D, 0xFF8F5B3C, 0xFF8F5C3C, 0xFF885436, 
0xFF8D593B, 0xFF905C3D, 0xFF8E5B3C, 0xFE915C3D, 0xFE895638, 0xEB4F321C, 0x10767370, 0x00818282, 0x007F7F7F, 0x00808080, 0x00808080, 0x00808080, 0x00808080, 0x00808080, 0x00808080, 0x00808080, 
0x00808080, 0x00808080, 0x00808080, 0x00808080, 0x00808080, 0x00808080, 0x00808080, 0x00808080, 0x00808080, 0x00808080, 0x00808080, 0x00808080, 0x00808080, 0x00808080, 0x00808080, 0x00808080, 
0x00808080, 0x00808080, 0x00808080, 0x00808080, 0x00808080, 0x00808080, 0x00808080, 0x00808080, 0x00808080, 0x00808080, 0x00808080, 0x00808080, 0x00808080, 0x00808080, 0x00808080, 0x00808080, 
0x00808080, 0x00808080, 0x00808080, 0x00808080, 0x00808080, 0x00808080, 0x00808080, 0x00808080, 0x00808080, 0x00808080, 0x00808080, 0x00808080, 0x00808080, 0x00808080, 0x00808080, 0x00808080, 
0x00808080, 0x00808080, 0x00808080, 0x00808080, 0x00808080, 0x00808080, 0x00808080, 0x00808080, 0x007F7F7F, 0x027F7F7F, 0x007E8081, 0xB29B6948, 0xFFB67444, 0xFBF6BA87, 0xFFF7BB87, 0xFFF7BB87, 
0xFFF7BB87, 0xFFF8BC88, 0xFFF8BC88, 0xFFF8BC88, 0xFFF8BC88, 0xFFF8BC88, 0xFFF8BC88, 0xFFF8BC88, 0xFFF8BC88, 0xFFF8BC88, 0xFFF8BC88, 0xFFF8BC88, 0xFFF8BC88, 0xFFF8BC88, 0xFFF8BC88, 0xFFF8BC88, 
0xFFF8BC88, 0xFFF8BC88, 0xFFF8BC88, 0xFFF8BC88, 0xFFF8BC88, 0xFFF8BC88, 0xFFF8BC88, 0xFFF8BC88, 0xFFF8BC88, 0xFFF8BC88, 0xFFF8BC88, 0xFFF8BC88, 0xFFF8BC88, 0xFFF8BC88, 0xFFF8BC88, 0xFFF8BC88, 
0xFFF8BC88, 0xFFF8BC88, 0xFFF8BC88, 0xFFF7BA86, 0xFFF9BE89, 0xFFEBAF7C, 0xFFBA7C4E, 0xFFF7BB87, 0xFFF7BB87, 0xFFF8BC88, 0xFFF8BC88, 0xFFF8BC88, 0xFFF8BC88, 0xFFF8BC88, 0xFFF8BC88, 0xFFF8BC88, 
0xFFF8BC88, 0xFFF8BC88, 0xFFF8BC88, 0xFFF8BC88, 0xFFF8BC88, 0xFFF8BC88, 0xFFF8BC88, 0xFFF8BC88, 0xFFF8BC88, 0xFFF8BC88, 0xFFF8BC88, 0xFFF8BC88, 0xFFF8BC88, 0xFFF8BC88, 0xFFF7BB87, 0xFBF7BC88, 
0xFEB77444, 0x5F8E705B, 0x007D8184, 0x057F7E7D, 0x00838485, 0x316D6661, 0xFF512F17, 0xFD8E5B3C, 0xFF905B3C, 0xFF8F5B3C, 0xFF905C3D, 0xFF905C3D, 0xFF905C3D, 0xFF8E5A3B, 0xFF905C3D, 0xFF8B5738, 
0xFF8E5A3B, 0xFF905C3D, 0xFF8E5A3B, 0xFD925D3E, 0xFF835234, 0xD94F3420, 0x027A7978, 0x00808080, 0x007F7F7F, 0x00808080, 0x00808080, 0x00808080, 0x00808080, 0x00808080, 0x00808080, 0x00808080, 
0x00808080, 0x00808080, 0x00808080, 0x00808080, 0x00808080, 0x00808080, 0x00808080, 0x00808080, 0x00808080, 0x00808080, 0x00808080, 0x00808080, 0x00808080, 0x00808080, 0x00808080, 0x00808080, 
0x00808080, 0x00808080, 0x00808080, 0x00808080, 0x00808080, 0x00808080, 0x00808080, 0x00808080, 0x00808080, 0x00808080, 0x00808080, 0x00808080, 0x00808080, 0x00808080, 0x00808080, 0x00808080, 
0x00808080, 0x00808080, 0x00808080, 0x00808080, 0x00808080, 0x00808080, 0x00808080, 0x00808080, 0x00808080, 0x00808080, 0x00808080, 0x00808080, 0x00808080, 0x00808080, 0x00808080, 0x00808080, 
0x00808080, 0x00808080, 0x00808080, 0x00808080, 0x00808080, 0x00808080, 0x00808080, 0x00808080, 0x00808080, 0x017F7F7E, 0x007D8183, 0x2C8B786D, 0xFBA46134, 0xFCCF9262, 0xFEFEC28D, 0xFEF5B985, 
0xFFF8BC88, 0xFFF7BB87, 0xFFF8BC88, 0xFFF8BC88, 0xFFF8BC88, 0xFFF8BC88, 0xFFF8BC88, 0xFFF8BC88, 0xFFF8BC88, 0xFFF8BC88, 0xFFF8BC88, 0xFFF8BC88, 0xFFF8BC88, 0xFFF8BC88, 0xFFF8BC88, 0xFFF8BC88, 
0xFFF8BC88, 0xFFF8BC88, 0xFFF8BC88, 0xFFF8BC88, 0xFFF8BC88, 0xFFF8BC88, 0xFFF8BC88, 0xFFF8BC88, 0xFFF8BC88, 0xFFF8BC88, 0xFFF8BC88, 0xFFF8BC88, 0xFFF8BC88, 0xFFF8BC88, 0xFFF8BC88, 0xFFF8BC88, 
0xFFF8BC88, 0xFFF8BC88, 0xFFF8BC88, 0xFFF7BB87, 0xFFF8BC88, 0xFFF2B582, 0xFFB8794C, 0xFFF2B682, 0xFFF8BC88, 0xFFF7BB87, 0xFFF8BC88, 0xFFF8BC88, 0xFFF8BC88, 0xFFF8BC88, 0xFFF8BC88, 0xFFF8BC88, 
0xFFF8BC88, 0xFFF8BC88, 0xFFF8BC88, 0xFFF8BC88, 0xFFF8BC88, 0xFFF8BC88, 0xFFF8BC88, 0xFFF8BC88, 0xFFF8BC88, 0xFFF8BC88, 0xFFF8BC88, 0xFFF8BC88, 0xFFF8BC88, 0xFFF7BB87, 0xFEF8BC88, 0xFCF2B684, 
0xFFB06D3E, 0x478B7464, 0x007D8183, 0x077E7D7C, 0x00848687, 0x6B605247, 0xFE5E371C, 0xFA945F40, 0xFE8E5B3C, 0xFF905C3D, 0xFF905C3D, 0xFF905C3D, 0xFF905C3D, 0xFF8F5B3C, 0xFF8F5B3C, 0xFF8D5A3B, 
0xFF8F5B3C, 0xFF905C3D, 0xFF8F5B3C, 0xFB935E3E, 0xFF7C4D2F, 0xC3513927, 0x007F7F7F, 0x017F7F7F, 0x00808080, 0x00808080, 0x00808080, 0x00808080, 0x00808080, 0x00808080, 0x00808080, 0x00808080, 
0x00808080, 0x00808080, 0x00808080, 0x00808080, 0x00808080, 0x00808080, 0x00808080, 0x00808080, 0x00808080, 0x00808080, 0x00808080, 0x00808080, 0x00808080, 0x00808080, 0x00808080, 0x00808080, 
0x00808080, 0x00808080, 0x00808080, 0x00808080, 0x00808080, 0x00808080, 0x00808080, 0x00808080, 0x00808080, 0x00808080, 0x00808080, 0x00808080, 0x00808080, 0x00808080, 0x00808080, 0x00808080, 
0x00808080, 0x00808080, 0x00808080, 0x00808080, 0x00808080, 0x00808080, 0x00808080, 0x00808080, 0x00808080, 0x00808080, 0x00808080, 0x00808080, 0x00808080, 0x00808080, 0x00808080, 0x00808080, 
0x00808080, 0x00808080, 0x00808080, 0x00808080, 0x00808080, 0x00808080, 0x00808080, 0x00808080, 0x007F7F7F, 0x007F8080, 0x02807F7E, 0x007C8083, 0x8C996F52, 0xFFAB6738, 0xF9E5AA79, 0xFFFBBF8B, 
0xFEF6BA86, 0xFFF8BC88, 0xFFF7BB87, 0xFFF8BC88, 0xFFF8BC88, 0xFFF8BC88, 0xFFF8BC88, 0xFFF8BC88, 0xFFF8BC88, 0xFFF8BC88, 0xFFF8BC88, 0xFFF8BC88, 0xFFF8BC88, 0xFFF8BC88, 0xFFF8BC88, 0xFFF8BC88, 
0xFFF8BC88, 0xFFF8BC88, 0xFFF8BC88, 0xFFF8BC88, 0xFFF8BC88, 0xFFF8BC88, 0xFFF8BC88, 0xFFF8BC88, 0xFFF8BC88, 0xFFF8BC88, 0xFFF8BC88, 0xFFF8BC88, 0xFFF8BC88, 0xFFF8BC88, 0xFFF8BC88, 0xFFF8BC88, 
0xFFF8BC88, 0xFFF8BC88, 0xFFF8BC88, 0xFFF8BC88, 0xFFF7BA87, 0xFFF9BD89, 0xFFB97B4D, 0xFFE7AA78, 0xFFFBBF8A, 0xFFF6BA86, 0xFFF8BC88, 0xFFF8BC88, 0xFFF8BC88, 0xFFF8BC88, 0xFFF8BC88, 0xFFF8BC88, 
0xFFF8BC88, 0xFFF8BC88, 0xFFF8BC88, 0xFFF8BC88, 0xFFF8BC88, 0xFFF8BC88, 0xFFF8BC88, 0xFFF8BC88, 0xFFF8BC88, 0xFFF8BC88, 0xFFF8BC88, 0xFFF8BC88, 0xFFF8BC88, 0xFFF7BB87, 0xFFFABE89, 0xFEEBAF7D, 
0xFEAA683B, 0x2F88776C, 0x007D8183, 0x047F7E7D, 0x00828384, 0xA5544031, 0xFE704327, 0xFB945F40, 0xFF8E5A3B, 0xFF8F5B3C, 0xFF905C3D, 0xFF905C3D, 0xFF905C3D, 0xFF905C3D, 0xFF8F5B3C, 0xFF905C3D, 
0xFF905C3D, 0xFF905C3D, 0xFF8E5B3C, 0xFA945F40, 0xFF75472A, 0xAC543F30, 0x00818284, 0x037F7E7E, 0x00808080, 0x00808080, 0x00808080, 0x00808080, 0x00808080, 0x00808080, 0x00808080, 0x00808080, 
0x00808080, 0x00808080, 0x00808080, 0x00808080, 0x00808080, 0x00808080, 0x00808080, 0x00808080, 0x00808080, 0x00808080, 0x00808080, 0x00808080, 0x00808080, 0x00808080, 0x00808080, 0x00808080, 
0x00808080, 0x00808080, 0x00808080, 0x00808080, 0x00808080, 0x00808080, 0x00808080, 0x00808080, 0x00808080, 0x00808080, 0x00808080, 0x00808080, 0x00808080, 0x00808080, 0x00808080, 0x00808080, 
0x00808080, 0x00808080, 0x00808080, 0x00808080, 0x00808080, 0x00808080, 0x00808080, 0x00808080, 0x00808080, 0x00808080, 0x00808080, 0x00808080, 0x00808080, 0x00808080, 0x00808080, 0x00808080, 
0x00808080, 0x00808080, 0x00808080, 0x00808080, 0x00808080, 0x00808080, 0x00808080, 0x00808080, 0x00808080, 0x0080807F, 0x007F7F7F, 0x027E8081, 0x0A827D79, 0xD5A1673E, 0xFFB17143, 0xFCF0B582, 
0xFFFABE8A, 0xFEF6BA86, 0xFFF8BC88, 0xFFF7BB87, 0xFFF8BC88, 0xFFF8BC88, 0xFFF8BC88, 0xFFF8BC88, 0xFFF8BC88, 0xFFF8BC88, 0xFFF8BC88, 0xFFF8BC88, 0xFFF8BC88, 0xFFF8BC88, 0xFFF8BC88, 0xFFF8BC88, 
0xFFF7BB87, 0xFFF7BB87, 0xFFF8BC88, 0xFFF7BB87, 0xFFF8BC88, 0xFFF8BC88, 0xFFF8BC88, 0xFFF8BC88, 0xFFF8BC88, 0xFFF8BC88, 0xFFF8BC88, 0xFFF8BC88, 0xFFF8BC88, 0xFFF8BC88, 0xFFF8BC88, 0xFFF8BC88, 
0xFFF8BC88, 0xFFF8BC88, 0xFFF8BC88, 0xFFF7BB87, 0xFFF6BA86, 0xFFFEC28D, 0xFFC38556, 0xFFD69868, 0xFFFEC28D, 0xFFF6BA86, 0xFFF7BB87, 0xFFF8BC88, 0xFFF8BC88, 0xFFF8BC88, 0xFFF8BC88, 0xFFF8BC88, 
0xFFF8BC88, 0xFFF8BC88, 0xFFF8BC88, 0xFFF8BC88, 0xFFF8BC88, 0xFFF8BC88, 0xFFF8BC88, 0xFFF8BC88, 0xFFF8BC88, 0xFFF8BC88, 0xFFF8BC88, 0xFFF8BC88, 0xFFF8BC88, 0xFFF6BA86, 0xFEFCC08B, 0xFFE0A371, 
0xEFA36439, 0x13857B75, 0x007E8081, 0x00808080, 0x017C7C7B, 0xD44F3522, 0xFF804F32, 0xFC925D3E, 0xFF8E5B3C, 0xFF905C3D, 0xFF905C3D, 0xFF905C3D, 0xFF905C3D, 0xFF8F5B3C, 0xFF905C3D, 0xFF8F5B3C, 
0xFF8F5B3C, 0xFF905C3D, 0xFF8D5B3C, 0xF9945F41, 0xFF6D4125, 0x9259473A, 0x00838586, 0x047E7D7D, 0x00808080, 0x00808080, 0x00808080, 0x00808080, 0x00808080, 0x00808080, 0x00808080, 0x00808080, 
0x00808080, 0x00808080, 0x00808080, 0x00808080, 0x00808080, 0x00808080, 0x00808080, 0x00808080, 0x00808080, 0x00808080, 0x00808080, 0x00808080, 0x00808080, 0x00808080, 0x00808080, 0x00808080, 
0x00808080, 0x00808080, 0x00808080, 0x00808080, 0x00808080, 0x00808080, 0x00808080, 0x00808080, 0x00808080, 0x00808080, 0x00808080, 0x00808080, 0x00808080, 0x00808080, 0x00808080, 0x00808080, 
0x00808080, 0x00808080, 0x00808080, 0x00808080, 0x00808080, 0x00808080, 0x00808080, 0x00808080, 0x00808080, 0x00808080, 0x00808080, 0x00808080, 0x00808080, 0x00808080, 0x00808080, 0x00808080, 
0x00808080, 0x00808080, 0x00808080, 0x00808080, 0x00808080, 0x00808080, 0x00808080, 0x00808080, 0x00808080, 0x00808080, 0x00808080, 0x01807F7E, 0x007D8083, 0x29897A6F, 0xF3A56437, 0xFDB57649, 
0xFCF3B784, 0xFFFABE8A, 0xFEF5B985, 0xFFF7BB87, 0xFFF8BC88, 0xFFF7BB87, 0xFFF7BB87, 0xFFF8BC88, 0xFFF8BC88, 0xFFF8BC88, 0xFFF8BC88, 0xFFF8BC88, 0xFFF8BC88, 0xFFF8BC88, 0xFFF7BB87, 0xFFF7BB87, 
0xFFF8BC88, 0xFFF9BD89, 0xFFF7BB87, 0xFFF8BC88, 0xFFF8BC88, 0xFFF8BC88, 0xFFF8BC88, 0xFFF8BC88, 0xFFF8BC88, 0xFFF8BC88, 0xFFF8BC88, 0xFFF8BC88, 0xFFF8BC88, 0xFFF8BC88, 0xFFF8BC88, 0xFFF8BC88, 
0xFFF8BC88, 0xFFF8BC88, 0xFFF8BC88, 0xFFF7BB87, 0xFFF6BA86, 0xFFFEC28D, 0xFFD39666, 0xFFC08254, 0xFFFEC28D, 0xFFF6BA86, 0xFFF8BC88, 0xFFF8BC88, 0xFFF8BC88, 0xFFF8BC88, 0xFFF8BC88, 0xFFF8BC88, 
0xFFF8BC88, 0xFFF8BC88, 0xFFF8BC88, 0xFFF8BC88, 0xFFF8BC88, 0xFFF8BC88, 0xFFF8BC88, 0xFFF8BC88, 0xFFF8BC88, 0xFFF8BC88, 0xFFF8BC88, 0xFFF8BC88, 0xFFF8BC88, 0xFFF5B985, 0xFCFDC18D, 0xFED19260, 
0xCA9D653F, 0x00817F7E, 0x017E7F7F, 0x00818282, 0x0D767472, 0xEB4F311C, 0xFF885638, 0xFE915C3D, 0xFF8E5A3B, 0xFF905C3D, 0xFF905C3D, 0xFF905C3D, 0xFF905C3D, 0xFF905C3D, 0xFF905C3D, 0xFF905C3D, 
0xFF905C3D, 0xFF905C3D, 0xFF8E5B3C, 0xF9956040, 0xFF663C20, 0x785F5146, 0x00848687, 0x047F7E7E, 0x00808080, 0x00808080, 0x00808080, 0x00808080, 0x00808080, 0x00808080, 0x00808080, 0x00808080, 
0x00808080, 0x00808080, 0x00808080, 0x00808080, 0x00808080, 0x00808080, 0x00808080, 0x00808080, 0x00808080, 0x00808080, 0x00808080, 0x00808080, 0x00808080, 0x00808080, 0x00808080, 0x00808080, 
0x00808080, 0x00808080, 0x00808080, 0x00808080, 0x00808080, 0x00808080, 0x00808080, 0x00808080, 0x00808080, 0x00808080, 0x00808080, 0x00808080, 0x00808080, 0x00808080, 0x00808080, 0x00808080, 
0x00808080, 0x00808080, 0x00808080, 0x00808080, 0x00808080, 0x00808080, 0x00808080, 0x00808080, 0x00808080, 0x00808080, 0x00808080, 0x00808080, 0x00808080, 0x00808080, 0x00808080, 0x00808080, 
0x00808080, 0x00808080, 0x00808080, 0x00808080, 0x00808080, 0x00808080, 0x00808080, 0x00808080, 0x00808080, 0x00808080, 0x00807F7F, 0x007F8080, 0x02807F7E, 0x007C8083, 0x50907664, 0xFCA66334, 
0xFFB47547, 0xFEEFB27F, 0xFFFEC38E, 0xFFFBBF8A, 0xFFF8BC88, 0xFFF7BB87, 0xFFF8BC88, 0xFFF7BB87, 0xFFF8BC88, 0xFFF8BC88, 0xFFF8BC88, 0xFFF8BC88, 0xFFF8BC88, 0xFFF8BC88, 0xFFF8BC88, 0xFFF8BC88, 
0xFFF5B985, 0xFFF0B481, 0xFFF8BC88, 0xFFF7BB87, 0xFFF8BC88, 0xFFF8BC88, 0xFFF8BC88, 0xFFF8BC88, 0xFFF8BC88, 0xFFF8BC88, 0xFFF8BC88, 0xFFF8BC88, 0xFFF8BC88, 0xFFF8BC88, 0xFFF8BC88, 0xFFF8BC88, 
0xFFF8BC88, 0xFFF7BB87, 0xFFF8BC88, 0xFFF7BB87, 0xFFF5B985, 0xFFFABE8A, 0xFFEDB07D, 0xFFB27346, 0xFFF4B784, 0xFFF8BC88, 0xFFF7BB87, 0xFFF7BB87, 0xFFF8BC88, 0xFFF8BC88, 0xFFF8BC88, 0xFFF8BC88, 
0xFFF8BC88, 0xFFF8BC88, 0xFFF8BC88, 0xFFF8BC88, 0xFFF8BC88, 0xFFF8BC88, 0xFFF8BC88, 0xFFF8BC88, 0xFFF8BC88, 0xFFF8BC88, 0xFFF8BC88, 0xFFF8BC88, 0xFFF8BC88, 0xFFF6BA86, 0xFAFBC08C, 0xFFC48150, 
0x98966A4C, 0x007D8184, 0x047F7E7D, 0x00828383, 0x19726E6C, 0xF44F301A, 0xFF8B583A, 0xFE905B3C, 0xFF8F5B3C, 0xFF905C3D, 0xFF905C3D, 0xFF905C3D, 0xFF905C3D, 0xFF905C3D, 0xFF905C3D, 0xFF905C3D, 
0xFF905C3D, 0xFF905C3D, 0xFF8F5B3C, 0xFA945F40, 0xFF60381D, 0x60655951, 0x00838587, 0x047F7E7D, 0x00808080, 0x00808080, 0x00808080, 0x00808080, 0x00808080, 0x00808080, 0x00808080, 0x00808080, 
0x00808080, 0x00808080, 0x00808080, 0x00808080, 0x00808080, 0x00808080, 0x00808080, 0x00808080, 0x00808080, 0x00808080, 0x00808080, 0x00808080, 0x00808080, 0x00808080, 0x00808080, 0x00808080, 
0x00808080, 0x00808080, 0x00808080, 0x00808080, 0x00808080, 0x00808080, 0x00808080, 0x00808080, 0x00808080, 0x00808080, 0x00808080, 0x00808080, 0x00808080, 0x00808080, 0x00808080, 0x00808080, 
0x00808080, 0x00808080, 0x00808080, 0x00808080, 0x00808080, 0x00808080, 0x00808080, 0x00808080, 0x00808080, 0x00808080, 0x00808080, 0x00808080, 0x00808080, 0x00808080, 0x00808080, 0x00808080, 
0x00808080, 0x00808080, 0x00808080, 0x00808080, 0x00808080, 0x00808080, 0x00808080, 0x00808080, 0x00808080, 0x00808080, 0x00808080, 0x00807F7F, 0x007F7F80, 0x03807F7E, 0x007C8083, 0x468E7666, 
0xE8A4653A, 0xFDAE6F42, 0xFED09363, 0xFFE7AA78, 0xFFF5B985, 0xFFF8BC88, 0xFFF7BB87, 0xFFF8BC88, 0xFFF8BC88, 0xFFF8BC88, 0xFFF8BC88, 0xFFF8BC88, 0xFFF8BC88, 0xFFF8BC88, 0xFFF7BB87, 0xFFFABE89, 
0xFFEAAE7B, 0xFFCF9262, 0xFFFCC08B, 0xFFF5B985, 0xFFF8BC88, 0xFFF8BC88, 0xFFF8BC88, 0xFFF8BC88, 0xFFF8BC88, 0xFFF8BC88, 0xFFF8BC88, 0xFFF7BB87, 0xFFF7BB87, 0xFFF8BC88, 0xFFF7BB87, 0xFFF7BB87, 
0xFFF6BA86, 0xFFF6BA86, 0xFFF7BB87, 0xFFF9BD89, 0xFFFDC18C, 0xFFFBBF8B, 0xFFE1A472, 0xFFA5663B, 0xFFDA9D6C, 0xFFFCC08C, 0xFFF6BA86, 0xFFF8BC88, 0xFFF8BC88, 0xFFF8BC88, 0xFFF8BC88, 0xFFF8BC88, 
0xFFF8BC88, 0xFFF8BC88, 0xFFF8BC88, 0xFFF8BC88, 0xFFF8BC88, 0xFFF8BC88, 0xFFF8BC88, 0xFFF8BC88, 0xFFF8BC88, 0xFFF8BC88, 0xFFF8BC88, 0xFFF8BC88, 0xFFF7BB87, 0xFFF7BB87, 0xF9F8BD8A, 0xFFBB7847, 
0x75926F57, 0x007D8285, 0x057F7D7C, 0x00828384, 0x1F726C69, 0xF852311A, 0xFF8D593B, 0xFE905C3D, 0xFF8F5C3D, 0xFF905C3D, 0xFF905C3D, 0xFF905C3D, 0xFF905C3D, 0xFF905C3D, 0xFF905C3D, 0xFF905C3D, 
0xFF905C3D, 0xFF905C3D, 0xFF8E5B3C, 0xFB935E3F, 0xFF5E371D, 0x52695E58, 0x00848686, 0x037F7E7D, 0x00808080, 0x00808080, 0x00808080, 0x00808080, 0x00808080, 0x00808080, 0x00808080, 0x00808080, 
0x00808080, 0x00808080, 0x00808080, 0x00808080, 0x00808080, 0x00808080, 0x00808080, 0x00808080, 0x00808080, 0x00808080, 0x00808080, 0x00808080, 0x00808080, 0x00808080, 0x00808080, 0x00808080, 
0x00808080, 0x00808080, 0x00808080, 0x00808080, 0x00808080, 0x00808080, 0x00808080, 0x00808080, 0x00808080, 0x00808080, 0x00808080, 0x00808080, 0x00808080, 0x00808080, 0x00808080, 0x00808080, 
0x00808080, 0x00808080, 0x00808080, 0x00808080, 0x00808080, 0x00808080, 0x00808080, 0x00808080, 0x00808080, 0x00808080, 0x00808080, 0x00808080, 0x00808080, 0x00808080, 0x00808080, 0x00808080, 
0x00808080, 0x00808080, 0x00808080, 0x00808080, 0x00808080, 0x00808080, 0x00808080, 0x00808080, 0x00808080, 0x00808080, 0x00808080, 0x00808080, 0x00808080, 0x00808080, 0x05807E7D, 0x007B8287, 
0x5B91725E, 0xFDAB6838, 0xFBA16338, 0xFEA06136, 0xFFBB7C4E, 0xFFF7BB87, 0xFFF7BB87, 0xFFF7BB87, 0xFFF8BC88, 0xFFF8BC88, 0xFFF8BC88, 0xFFF8BC88, 0xFFF8BC88, 0xFFF8BC88, 0xFFF6BA86, 0xFFFABF8A, 
0xFFE8AB79, 0xFFCA8C5D, 0xFFFBBF8B, 0xFFF4B884, 0xFFF6BA86, 0xFFF6BA86, 0xFFF6BA86, 0xFFF6BA86, 0xFFF6BA86, 0xFFF6BA86, 0xFFF6BA86, 0xFFF6BA86, 0xFFF7BB87, 0xFEF8BC88, 0xFEFABE89, 0xFEFBBF8B, 
0xFEFCC08C, 0xFDFDC18D, 0xFBFBC08C, 0xFDF1B682, 0xFFD89B6A, 0xFEB7794B, 0xFFA5663A, 0xFFAA6B3E, 0xFFB97B4E, 0xFFFABE89, 0xFFF6BA86, 0xFFF7BB87, 0xFFF7BB87, 0xFFF8BC88, 0xFFF8BC88, 0xFFF8BC88, 
0xFFF8BC88, 0xFFF8BC88, 0xFFF8BC88, 0xFFF8BC88, 0xFFF8BC88, 0xFFF8BC88, 0xFFF8BC88, 0xFFF8BC88, 0xFFF8BC88, 0xFFF8BC88, 0xFFF8BC88, 0xFFF8BC88, 0xFFF8BC88, 0xFFF8BC88, 0xFAF6BB88, 0xFFB77343, 
0x6490715C, 0x007D8185, 0x06807E7D, 0x00818283, 0x22746F6B, 0xFA54331C, 0xFF8E5A3C, 0xFF905C3D, 0xFF905B3C, 0xFF905C3D, 0xFF905C3D, 0xFF905C3D, 0xFF905C3D, 0xFF905C3D, 0xFF905C3D, 0xFF905C3D, 
0xFF905C3D, 0xFF905C3D, 0xFF8F5B3C, 0xFA945F40, 0xFF5E361D, 0x4E685E57, 0x00848687, 0x047F7E7D, 0x00808080, 0x00808080, 0x00808080, 0x00808080, 0x00808080, 0x00808080, 0x00808080, 0x00808080, 
0x00808080, 0x00808080, 0x00808080, 0x00808080, 0x00808080, 0x00808080, 0x00808080, 0x00808080, 0x00808080, 0x00808080, 0x00808080, 0x00808080, 0x00808080, 0x00808080, 0x00808080, 0x00808080, 
0x00808080, 0x00808080, 0x00808080, 0x00808080, 0x00808080, 0x00808080, 0x00808080, 0x00808080, 0x00808080, 0x00808080, 0x00808080, 0x00808080, 0x00808080, 0x00808080, 0x00808080, 0x00808080, 
0x00808080, 0x00808080, 0x00808080, 0x00808080, 0x00808080, 0x00808080, 0x00808080, 0x00808080, 0x00808080, 0x00808080, 0x00808080, 0x00808080, 0x00808080, 0x00808080, 0x00808080, 0x00808080, 
0x00808080, 0x00808080, 0x00808080, 0x00808080, 0x00808080, 0x00808080, 0x00808080, 0x00808080, 0x00808080, 0x00808080, 0x00808080, 0x00808080, 0x00808080, 0x00807F7F, 0x037F7E7D, 0x027E8184, 
0x4C8A7262, 0xFDBD7845, 0xFBD99661, 0xFFC1804E, 0xFFB47547, 0xFFF4B884, 0xFFF7BB87, 0xFFF7BB87, 0xFFF8BC88, 0xFFF8BC88, 0xFFF8BC88, 0xFFF8BC88, 0xFFF8BC88, 0xFFF8BC88, 0xFFF7BB87, 0xFEFBC08B, 
0xFFE2A573, 0xFDCA8D5E, 0xFBFFC590, 0xFBFABF8C, 0xFBFDC28E, 0xFBFDC28E, 0xFCFDC28E, 0xFCFDC28E, 0xFCFDC28E, 0xFCFDC28E, 0xFBFDC28E, 0xFBFDC28E, 0xFBFAC08C, 0xFCF5BA87, 0xFEEEB380, 0xFFE6AA78, 
0xFFDEA06E, 0xFFD39362, 0xFFC2804F, 0xFFAD6D3F, 0xFEA46539, 0xFFB47344, 0xFFD18F5B, 0xFFDE9A64, 0xFFA8693C, 0xFFDFA270, 0xFFFDC18C, 0xFFF6BA86, 0xFFF8BC88, 0xFFF8BC88, 0xFFF8BC88, 0xFFF8BC88, 
0xFFF8BC88, 0xFFF8BC88, 0xFFF8BC88, 0xFFF8BC88, 0xFFF8BC88, 0xFFF8BC88, 0xFFF8BC88, 0xFFF8BC88, 0xFFF8BC88, 0xFFF8BC88, 0xFFF8BC88, 0xFFF8BC88, 0xFFF7BB87, 0xFFF8BC88, 0xFBF5BA86, 0xFFB47140, 
0x598F725F, 0x007C8184, 0x05807E7D, 0x00828384, 0x22736E6A, 0xFA53321B, 0xFF8D5A3B, 0xFE905C3D, 0xFF8F5B3C, 0xFF905C3D, 0xFF905C3D, 0xFF905C3D, 0xFF905C3D, 0xFF905C3D, 0xFF905C3D, 0xFF905C3D, 
0xFF905C3D, 0xFF905C3D, 0xFF8E5B3C, 0xFA945F40, 0xFF5D371D, 0x50685E57, 0x00838586, 0x047F7E7D, 0x00808080, 0x00808080, 0x00808080, 0x00808080, 0x00808080, 0x00808080, 0x00808080, 0x00808080, 
0x00808080, 0x00808080, 0x00808080, 0x00808080, 0x00808080, 0x00808080, 0x00808080, 0x00808080, 0x00808080, 0x00808080, 0x00808080, 0x00808080, 0x00808080, 0x00808080, 0x00808080, 0x00808080, 
0x00808080, 0x00808080, 0x00808080, 0x00808080, 0x00808080, 0x00808080, 0x00808080, 0x00808080, 0x00808080, 0x00808080, 0x00808080, 0x00808080, 0x00808080, 0x00808080, 0x00808080, 0x00808080, 
0x00808080, 0x00808080, 0x00808080, 0x00808080, 0x00808080, 0x00808080, 0x00808080, 0x00808080, 0x00808080, 0x00808080, 0x00808080, 0x00808080, 0x00808080, 0x00808080, 0x00808080, 0x00808080, 
0x00808080, 0x00808080, 0x00808080, 0x00808080, 0x00808080, 0x00808080, 0x00808080, 0x00808080, 0x00808080, 0x00808080, 0x00808080, 0x00808080, 0x00808080, 0x00808080, 0x01807E7E, 0x007D8183, 
0x2C88776C, 0xFEB26F40, 0xFEE09C65, 0xFEE7A269, 0xFFBD7C4C, 0xFFE4A876, 0xFFFBBF8B, 0xFFF6BA86, 0xFFF8BC88, 0xFFF8BC88, 0xFFF8BC88, 0xFFF8BC88, 0xFFF8BC88, 0xFFF8BC88, 0xFFF6BA86, 0xFFFCC08B, 
0xFFDFA372, 0xFFAE6D3F, 0xFFBE7C4A, 0xFFC78553, 0xFFD2915E, 0xFFD89865, 0xFFD99967, 0xFFD99A67, 0xFFD99966, 0xFFD89865, 0xFFD49461, 0xFFCB8A58, 0xFFBF7C4B, 0xFFB47241, 0xFFAC6A3C, 0xF5A7663A, 
0xE6A1643B, 0xD29D653F, 0xA3976B4B, 0xC09E6943, 0xFED08C57, 0xFCE5A169, 0xFEE09C65, 0xFFE49F68, 0xFFC2804E, 0xFFB27447, 0xFFF9BD89, 0xFFF7BB87, 0xFFF7BB87, 0xFFF7BB87, 0xFFF8BC88, 0xFFF8BC88, 
0xFFF8BC88, 0xFFF8BC88, 0xFFF8BC88, 0xFFF8BC88, 0xFFF8BC88, 0xFFF8BC88, 0xFFF8BC88, 0xFFF8BC88, 0xFFF8BC88, 0xFFF8BC88, 0xFFF8BC88, 0xFFF8BC88, 0xFFF6BA86, 0xFFF9BD88, 0xFBF3B885, 0xFFB26F3F, 
0x4E8D7564, 0x007C8183, 0x04807E7D, 0x00818283, 0x23746F6B, 0xFA54331C, 0xFF8E593C, 0xFF8F5C3D, 0xFF905C3D, 0xFF905C3D, 0xFF905C3D, 0xFF905C3D, 0xFF905C3D, 0xFF905C3D, 0xFF905C3D, 0xFF905C3D, 
0xFF905C3D, 0xFF905C3D, 0xFF8F5B3C, 0xFB935E3F, 0xFE5C361C, 0x4F695F59, 0x00838586, 0x037F7E7D, 0x007F7F7F, 0x00808080, 0x00808080, 0x00808080, 0x00808080, 0x00808080, 0x00808080, 0x00808080, 
0x00808080, 0x00808080, 0x00808080, 0x00808080, 0x00808080, 0x00808080, 0x00808080, 0x00808080, 0x00808080, 0x00808080, 0x00808080, 0x00808080, 0x00808080, 0x00808080, 0x00808080, 0x00808080, 
0x00808080, 0x00808080, 0x00808080, 0x00808080, 0x00808080, 0x00808080, 0x00808080, 0x00808080, 0x00808080, 0x00808080, 0x00808080, 0x00808080, 0x00808080, 0x00808080, 0x00808080, 0x00808080, 
0x00808080, 0x00808080, 0x00808080, 0x00808080, 0x00808080, 0x00808080, 0x00808080, 0x00808080, 0x00808080, 0x00808080, 0x00808080, 0x00808080, 0x00808080, 0x00808080, 0x00808080, 0x00808080, 
0x00808080, 0x00808080, 0x00808080, 0x00808080, 0x00808080, 0x00808080, 0x00808080, 0x00808080, 0x00808080, 0x00808080, 0x00808080, 0x00808080, 0x00808080, 0x00808080, 0x00807F7F, 0x007E8080, 
0x04817D7B, 0xDDA36940, 0xFFD28E59, 0xFCE6A169, 0xFFC58351, 0xFFD09363, 0xFFFDC28D, 0xFFF5B985, 0xFFF7BB87, 0xFFF8BC88, 0xFFF8BC88, 0xFFF8BC88, 0xFFF8BC88, 0xFFF8BC88, 0xFFF5B986, 0xFBFCC08C, 
0xFFDC9B69, 0x9B966849, 0x548A7262, 0x7E906C52, 0x9E95694A, 0xB09A6846, 0xBA9A6846, 0xBC9A6846, 0xBE9A6846, 0xC09A6846, 0xB6986846, 0x9E95684A, 0x7A916C53, 0x548D7360, 0x348A776A, 0x1E887A72, 
0x0C847D79, 0x01817F7D, 0x007C8388, 0x648E6F5A, 0xFFC27C48, 0xFAE29F68, 0xFFDD9963, 0xFFDF9B64, 0xFFDE9A64, 0xFFA8683B, 0xFFD29565, 0xFFFEC28D, 0xFFF5B985, 0xFFF8BC88, 0xFFF7BB87, 0xFFF8BC88, 
0xFFF8BC88, 0xFFF8BC88, 0xFFF8BC88, 0xFFF8BC88, 0xFFF8BC88, 0xFFF8BC88, 0xFFF8BC88, 0xFFF8BC88, 0xFFF8BC88, 0xFFF8BC88, 0xFFF8BC88, 0xFFF8BC88, 0xFFF7BB87, 0xFFF8BC88, 0xFAF3B885, 0xFEB16E3E, 
0x518D7463, 0x017D8084, 0x057F7E7D, 0x00828384, 0x20736E6A, 0xFA52321B, 0xFF8D5A3B, 0xFE905B3C, 0xFF8F5B3C, 0xFF905C3D, 0xFF905C3D, 0xFF905C3D, 0xFF905C3D, 0xFF905C3D, 0xFF905C3D, 0xFF905C3D, 
0xFF905C3D, 0xFF905C3D, 0xFF8E5B3C, 0xFA945F40, 0xFF5F371C, 0x6762554B, 0x00848789, 0x067E7C7C, 0x00808080, 0x007F7F7F, 0x00808080, 0x00808080, 0x00808080, 0x00808080, 0x00808080, 0x00808080, 
0x00808080, 0x00808080, 0x00808080, 0x00808080, 0x00808080, 0x00808080, 0x00808080, 0x00808080, 0x00808080, 0x00808080, 0x00808080, 0x00808080, 0x00808080, 0x00808080, 0x00808080, 0x00808080, 
0x00808080, 0x00808080, 0x00808080, 0x00808080, 0x00808080, 0x00808080, 0x00808080, 0x00808080, 0x00808080, 0x00808080, 0x00808080, 0x00808080, 0x00808080, 0x00808080, 0x00808080, 0x00808080, 
0x00808080, 0x00808080, 0x00808080, 0x00808080, 0x00808080, 0x00808080, 0x00808080, 0x00808080, 0x00808080, 0x00808080, 0x00808080, 0x00808080, 0x00808080, 0x00808080, 0x00808080, 0x00808080, 
0x00808080, 0x00808080, 0x00808080, 0x00808080, 0x00808080, 0x00808080, 0x00808080, 0x00808080, 0x00808080, 0x00808080, 0x00808080, 0x00808080, 0x00808080, 0x00808080, 0x00808080, 0x02807F7E, 
0x007D8183, 0x9C976A4C, 0xFEC37E4A, 0xFAE5A26A, 0xFED28E59, 0xFFC18354, 0xFFFBBF8B, 0xFFF6BA86, 0xFFF8BC88, 0xFFF8BC88, 0xFFF8BC88, 0xFFF8BC88, 0xFFF8BC88, 0xFFF8BC88, 0xFFF6BA86, 0xF9FBC28E, 
0xFFD69360, 0x638A6B5A, 0x007C848A, 0x007E8183, 0x007F8284, 0x00808183, 0x00808282, 0x00808282, 0x00808282, 0x00808282, 0x007F8283, 0x007F8284, 0x007E8285, 0x007D8184, 0x007D8183, 0x007E8182, 
0x007F8081, 0x017F7F7F, 0x047F8081, 0x14847A74, 0xEDA7683D, 0xFDD7935E, 0xFDE19D66, 0xFEDD9A63, 0xFFE39E67, 0xFFCB8856, 0xFFA3653A, 0xFFE9AD7A, 0xFFFBC08B, 0xFFF6BA86, 0xFFF8BC88, 0xFFF7BB87, 
0xFFF8BC88, 0xFFF8BC88, 0xFFF8BC88, 0xFFF8BC88, 0xFFF8BC88, 0xFFF8BC88, 0xFFF8BC88, 0xFFF8BC88, 0xFFF8BC88, 0xFFF8BC88, 0xFFF8BC88, 0xFFF8BC88, 0xFFF7BB87, 0xFFF7BB87, 0xFAF8BD8A, 0xFFBB7847, 
0x8D946C50, 0x007C8184, 0x04807E7E, 0x00808182, 0x09797675, 0xE54E321D, 0xFF845335, 0xFD915C3D, 0xFF8F5B3C, 0xFF8F5B3C, 0xFF8F5B3C, 0xFF905C3D, 0xFF8F5B3C, 0xFF905C3D, 0xFF905C3D, 0xFF8F5B3C, 
0xFF905C3D, 0xFF8F5B3C, 0xFF8D5A3B, 0xFC935E3E, 0xFE794B2E, 0xD44A321E, 0x0A7A7876, 0x00828485, 0x037E7E7D, 0x007F7F7F, 0x00808080, 0x007F7F7F, 0x00808080, 0x00808080, 0x00808080, 0x00808080, 
0x00808080, 0x00808080, 0x00808080, 0x00808080, 0x00808080, 0x00808080, 0x00808080, 0x00808080, 0x00808080, 0x00808080, 0x00808080, 0x00808080, 0x00808080, 0x00808080, 0x00808080, 0x00808080, 
0x00808080, 0x00808080, 0x00808080, 0x00808080, 0x00808080, 0x00808080, 0x00808080, 0x00808080, 0x00808080, 0x00808080, 0x00808080, 0x00808080, 0x00808080, 0x00808080, 0x00808080, 0x00808080, 
0x00808080, 0x00808080, 0x00808080, 0x00808080, 0x00808080, 0x00808080, 0x00808080, 0x00808080, 0x00808080, 0x00808080, 0x00808080, 0x00808080, 0x00808080, 0x00808080, 0x00808080, 0x00808080, 
0x00808080, 0x00808080, 0x00808080, 0x00808080, 0x00808080, 0x00808080, 0x00808080, 0x00808080, 0x00808080, 0x00808080, 0x00808080, 0x00808080, 0x00808080, 0x00808080, 0x00807F7F, 0x037F7E7D, 
0x007C8184, 0x588F7360, 0xFFB46F3E, 0xFBDF9C66, 0xFFDC9861, 0xFFB97A4B, 0xFFF3B784, 0xFFF8BC88, 0xFFF7BB87, 0xFFF8BC88, 0xFFF8BC88, 0xFFF8BC88, 0xFFF8BC88, 0xFFF8BC88, 0xFFF5B985, 0xFAFCC18D, 
0xFFCF8D5A, 0x618B6D59, 0x037E8183, 0x08807E7D, 0x03807F7F, 0x02807F7F, 0x01807F7F, 0x01807F7F, 0x01807F7F, 0x01807F7F, 0x02807F7F, 0x03807F7F, 0x03807F7F, 0x03807F7E, 0x02807F7F, 0x00807F7F, 
0x00807F7F, 0x007F8080, 0x02807E7E, 0x007D8185, 0x72936E57, 0xFFB97341, 0xF9E09D67, 0xFFDF9B64, 0xFEDE9B64, 0xFFE39E67, 0xFFB77747, 0xFFAD6F43, 0xFFF4B884, 0xFFF9BD89, 0xFFF6BA86, 0xFFF8BC88, 
0xFFF7BB87, 0xFFF8BC88, 0xFFF8BC88, 0xFFF8BC88, 0xFFF8BC88, 0xFFF8BC88, 0xFFF8BC88, 0xFFF8BC88, 0xFFF8BC88, 0xFFF8BC88, 0xFFF8BC88, 0xFFF8BC88, 0xFFF8BC88, 0xFFF6BA86, 0xFDFCC18C, 0xFED59766, 
0xECA06137, 0x15857A74, 0x017E8081, 0x037F7E7E, 0x00828383, 0xAC523D2E, 0xFE6F4327, 0xFA945F40, 0xFE8D5A3B, 0xFF915D3D, 0xFF925D3E, 0xFF8F5B3C, 0xFF905C3D, 0xFF905C3D, 0xFF905C3D, 0xFF905C3D, 
0xFF8F5B3C, 0xFE925D3E, 0xFE935E3E, 0xFF8E5B3C, 0xFD915C3D, 0xFF613B21, 0xC64A3220, 0x1E746F6B, 0x00838688, 0x00808081, 0x007F7F7F, 0x00808080, 0x00808080, 0x00808080, 0x00808080, 0x00808080, 
0x00808080, 0x00808080, 0x00808080, 0x00808080, 0x00808080, 0x00808080, 0x00808080, 0x00808080, 0x00808080, 0x00808080, 0x00808080, 0x00808080, 0x00808080, 0x00808080, 0x00808080, 0x00808080, 
0x00808080, 0x00808080, 0x00808080, 0x00808080, 0x00808080, 0x00808080, 0x00808080, 0x00808080, 0x00808080, 0x00808080, 0x00808080, 0x00808080, 0x00808080, 0x00808080, 0x00808080, 0x00808080, 
0x00808080, 0x00808080, 0x00808080, 0x00808080, 0x00808080, 0x00808080, 0x00808080, 0x00808080, 0x00808080, 0x00808080, 0x00808080, 0x00808080, 0x00808080, 0x00808080, 0x00808080, 0x00808080, 
0x00808080, 0x00808080, 0x00808080, 0x00808080, 0x00808080, 0x00808080, 0x00808080, 0x00808080, 0x00808080, 0x00808080, 0x00808080, 0x00808080, 0x00808080, 0x00808080, 0x00808080, 0x017F7E7E, 
0x007D8082, 0x2586796F, 0xFBA8673A, 0xFED5935E, 0xFEE39F67, 0xFFB67648, 0xFFE9AD7B, 0xFFFABE8A, 0xFFF6BA87, 0xFFF8BC88, 0xFFF8BC88, 0xFFF8BC88, 0xFFF8BC88, 0xFFF8BC88, 0xFFF6BA86, 0xFBFBC08D, 
0xFECA8755, 0x518B705E, 0x007E8285, 0x03807F7E, 0x00808080, 0x00808080, 0x00808080, 0x00808080, 0x00808080, 0x00808080, 0x00808080, 0x00808080, 0x00808080, 0x00808080, 0x00808080, 0x00808080, 
0x00808080, 0x00807F7F, 0x007F7F7F, 0x027E7F80, 0x03817E7D, 0xC69E6741, 0xFFC6834F, 0xFCE3A068, 0xFFDD9A63, 0xFEE09B64, 0xFFE09C65, 0xFFAD6D40, 0xFFB5774A, 0xFFF8BB87, 0xFFF9BD89, 0xFFF6BA86, 
0xFFF8BC88, 0xFFF7BB87, 0xFFF7BB87, 0xFFF8BC88, 0xFFF8BC88, 0xFFF8BC88, 0xFFF8BC88, 0xFFF8BC88, 0xFFF8BC88, 0xFFF8BC88, 0xFFF8BC88, 0xFFF8BC88, 0xFFF8BC88, 0xFFF7BB87, 0xFFF8BC88, 0xFAF3B885, 
0xFFB26F3F, 0x88966E50, 0x007C8184, 0x077F7D7C, 0x00838587, 0x4F675C53, 0xFF543017, 0xFB915D3E, 0xFF915C3D, 0xFE845336, 0xFE7B4E31, 0xFF925D3E, 0xFE8E5B3C, 0xFF905C3D, 0xFF905C3D, 0xFF8F5B3C, 
0xFF915C3D, 0xFF835336, 0xFF7E5033, 0xFC925D3E, 0xFE935E3E, 0xFC945F3F, 0xFF6B4126, 0xE44E301B, 0x805F4E41, 0x087B7A78, 0x00808081, 0x007F7F7F, 0x00808080, 0x00808080, 0x00808080, 0x00808080, 
0x00808080, 0x00808080, 0x00808080, 0x00808080, 0x00808080, 0x00808080, 0x00808080, 0x00808080, 0x00808080, 0x00808080, 0x00808080, 0x00808080, 0x00808080, 0x00808080, 0x00808080, 0x00808080, 
0x00808080, 0x00808080, 0x00808080, 0x00808080, 0x00808080, 0x00808080, 0x00808080, 0x00808080, 0x00808080, 0x00808080, 0x00808080, 0x00808080, 0x00808080, 0x00808080, 0x00808080, 0x00808080, 
0x00808080, 0x00808080, 0x00808080, 0x00808080, 0x00808080, 0x00808080, 0x00808080, 0x00808080, 0x00808080, 0x00808080, 0x00808080, 0x00808080, 0x00808080, 0x00808080, 0x00808080, 0x00808080, 
0x00808080, 0x00808080, 0x00808080, 0x00808080, 0x00808080, 0x00808080, 0x00808080, 0x00808080, 0x00808080, 0x00808080, 0x00808080, 0x00808080, 0x00808080, 0x00808080, 0x00808080, 0x007F7F7F, 
0x007E8081, 0x06827D7A, 0xDEA1653D, 0xFFCA8754, 0xFDE8A36A, 0xFFB97848, 0xFFDDA16F, 0xFFFDC18C, 0xFFF6BA86, 0xFFF8BC88, 0xFFF8BC88, 0xFFF8BC88, 0xFFF8BC88, 0xFFF7BB87, 0xFEF6BA86, 0xFBFABF8C, 
0xFFC38150, 0x40877263, 0x007E8284, 0x03807F7D, 0x00808080, 0x00808080, 0x00808080, 0x00808080, 0x00808080, 0x00808080, 0x00808080, 0x00808080, 0x00808080, 0x00808080, 0x00808080, 0x00808080, 
0x00808080, 0x00808080, 0x00808080, 0x01807F7E, 0x007D8083, 0x23877970, 0xF0A7663A, 0xFDCE8C58, 0xFCE39F67, 0xFFDE9A63, 0xFEE19D65, 0xFFDB9761, 0xFFA7683B, 0xFFBA7C4E, 0xFFF5B986, 0xFFFCC08C, 
0xFFF6BA86, 0xFFF7BB87, 0xFFF8BC88, 0xFFF7BB87, 0xFFF8BC88, 0xFFF8BC88, 0xFFF8BC88, 0xFFF8BC88, 0xFFF8BC88, 0xFFF8BC88, 0xFFF8BC88, 0xFFF8BC88, 0xFFF8BC88, 0xFFF8BC88, 0xFEF6B986, 0xFEFDC28D, 
0xFCD29465, 0xF3A16134, 0x308B7A6D, 0x007C8084, 0x03818080, 0x067C7A79, 0xDE4B2F1C, 0xFE774A2E, 0xFA9D6544, 0xFC674127, 0xFE603C23, 0xFF955F40, 0xFF8D5A3B, 0xFF905C3D, 0xFF905C3D, 0xFF8E5A3B, 
0xFE915C3D, 0xFE5A3820, 0xFA452913, 0xFF5E381E, 0xFF815134, 0xFF835235, 0xFF7D4E31, 0xFF522E15, 0xE0492D17, 0x0C797775, 0x01808181, 0x007F7F7F, 0x00808080, 0x00808080, 0x00808080, 0x00808080, 
0x00808080, 0x00808080, 0x00808080, 0x00808080, 0x00808080, 0x00808080, 0x00808080, 0x00808080, 0x00808080, 0x00808080, 0x00808080, 0x00808080, 0x00808080, 0x00808080, 0x00808080, 0x00808080, 
0x00808080, 0x00808080, 0x00808080, 0x00808080, 0x00808080, 0x00808080, 0x00808080, 0x00808080, 0x00808080, 0x00808080, 0x00808080, 0x00808080, 0x00808080, 0x00808080, 0x00808080, 0x00808080, 
0x00808080, 0x00808080, 0x00808080, 0x00808080, 0x00808080, 0x00808080, 0x00808080, 0x00808080, 0x00808080, 0x00808080, 0x00808080, 0x00808080, 0x00808080, 0x00808080, 0x00808080, 0x00808080, 
0x00808080, 0x00808080, 0x00808080, 0x00808080, 0x00808080, 0x00808080, 0x00808080, 0x00808080, 0x00808080, 0x00808080, 0x00808080, 0x00808080, 0x00808080, 0x00808080, 0x00808080, 0x00808080, 
0x017F7F7F, 0x007F8081, 0xB99B6947, 0xFEC07C49, 0xFBE8A46C, 0xFFC07E4C, 0xFFCE9161, 0xFFFEC28E, 0xFFF5B985, 0xFFF8BC88, 0xFFF8BC88, 0xFFF8BC88, 0xFFF8BC88, 0xFFF8BC88, 0xFFF7BB87, 0xFDF8BD89, 
0xFEBA794A, 0x2D85756B, 0x007D8183, 0x02807F7E, 0x00808080, 0x00808080, 0x00808080, 0x00808080, 0x00808080, 0x00808080, 0x00808080, 0x00808080, 0x00808080, 0x00808080, 0x00808080, 0x00808080, 
0x00808080, 0x00808080, 0x00807F7F, 0x007F8080, 0x02807F7E, 0x007C8184, 0x4D8D7362, 0xFFAA6637, 0xFBCB8A57, 0xFEE39F67, 0xFFDE9A63, 0xFEE29D66, 0xFFD8955F, 0xFFA9693C, 0xFFAB6D41, 0xFFDC9F6E, 
0xFFFBBF8B, 0xFFFABE8A, 0xFFF6BA86, 0xFFF7BB87, 0xFFF8BC88, 0xFFF7BB87, 0xFFF8BC88, 0xFFF8BC88, 0xFFF8BC88, 0xFFF8BC88, 0xFFF8BC88, 0xFFF8BC88, 0xFFF8BC88, 0xFFF7BB87, 0xFFF7BB87, 0xFFF7BB87, 
0xFCF7BC88, 0xFFBB7C4D, 0xDEA1643A, 0x19867C74, 0x007C7F81, 0x00838485, 0x4C675C54, 0xFF492810, 0xFF76492C, 0xFF512F17, 0xFF5A371F, 0xFF925D3E, 0xFF8E5B3C, 0xFF905C3D, 0xFF8F5B3C, 0xFF8F5B3C, 
0xFB8F5C3D, 0xFE553119, 0x755D4D40, 0x855B4A3E, 0xE64B2D18, 0xE54D311D, 0xCE4D3421, 0x8B5B4739, 0x10787572, 0x00818283, 0x017F7E7E, 0x00808080, 0x00808080, 0x00808080, 0x00808080, 0x00808080, 
0x00808080, 0x00808080, 0x00808080, 0x00808080, 0x00808080, 0x00808080, 0x00808080, 0x00808080, 0x00808080, 0x00808080, 0x00808080, 0x00808080, 0x00808080, 0x00808080, 0x00808080, 0x00808080, 
0x00808080, 0x00808080, 0x00808080, 0x00808080, 0x00808080, 0x00808080, 0x00808080, 0x00808080, 0x00808080, 0x00808080, 0x00808080, 0x00808080, 0x00808080, 0x00808080, 0x00808080, 0x00808080, 
0x00808080, 0x00808080, 0x00808080, 0x00808080, 0x00808080, 0x00808080, 0x00808080, 0x00808080, 0x00808080, 0x00808080, 0x00808080, 0x00808080, 0x00808080, 0x00808080, 0x00808080, 0x00808080, 
0x00808080, 0x00808080, 0x00808080, 0x00808080, 0x00808080, 0x00808080, 0x00808080, 0x00808080, 0x00808080, 0x00808080, 0x00808080, 0x00808080, 0x00808080, 0x00808080, 0x00808080, 0x00807F7F, 
0x03807F7E, 0x007D8083, 0x96966C50, 0xFFB87342, 0xF9E5A16A, 0xFFCA8754, 0xFFBF8153, 0xFFFDC18C, 0xFFF6BA86, 0xFFF7BB87, 0xFFF8BC88, 0xFFF8BC88, 0xFFF8BC88, 0xFFF7BB87, 0xFEF8BC88, 0xFFF3B784, 
0xF6B07043, 0x1C847871, 0x007D8082, 0x007F7E7E, 0x00808080, 0x00808080, 0x00808080, 0x00808080, 0x00808080, 0x00808080, 0x00808080, 0x00808080, 0x00808080, 0x00808080, 0x00808080, 0x00808080, 
0x00808080, 0x00808080, 0x00808080, 0x00807F7F, 0x007F7F80, 0x03807F7E, 0x007D8083, 0x6593735D, 0xFFA86436, 0xFCC58452, 0xFDE39F67, 0xFFDE9A63, 0xFEE09C65, 0xFFDD9963, 0xFFBB7A4A, 0xFFA16236, 
0xFFBD7F51, 0xFFEFB37F, 0xFFFDC18C, 0xFFF8BC88, 0xFFF6BA86, 0xFFF7BB87, 0xFFF8BC88, 0xFFF7BB87, 0xFFF8BC88, 0xFFF8BC88, 0xFFF8BC88, 0xFFF8BC88, 0xFFF8BC88, 0xFFF8BC88, 0xFFF8BC88, 0xFEF6BA86, 
0xFFFABD89, 0xFCEFB481, 0xFFAF6E40, 0xDFA2643A, 0x16847C76, 0x027D7F80, 0x00838485, 0x4B685D55, 0xC94B321F, 0x855C493B, 0xD1513623, 0xFD845334, 0xFC915D3D, 0xFE8E5B3C, 0xFF905C3D, 0xFF8F5B3C, 
0xFA905D3E, 0xFF543017, 0x6164574D, 0x0086898B, 0x0D7A7674, 0x0B7B7876, 0x007F7E7D, 0x00828486, 0x00818283, 0x007F7F7F, 0x00808080, 0x007F7F7F, 0x00808080, 0x00808080, 0x00808080, 0x00808080, 
0x00808080, 0x00808080, 0x00808080, 0x00808080, 0x00808080, 0x00808080, 0x00808080, 0x00808080, 0x00808080, 0x00808080, 0x00808080, 0x00808080, 0x00808080, 0x00808080, 0x00808080, 0x00808080, 
0x00808080, 0x00808080, 0x00808080, 0x00808080, 0x00808080, 0x00808080, 0x00808080, 0x00808080, 0x00808080, 0x00808080, 0x00808080, 0x00808080, 0x00808080, 0x00808080, 0x00808080, 0x00808080, 
0x00808080, 0x00808080, 0x00808080, 0x00808080, 0x00808080, 0x00808080, 0x00808080, 0x00808080, 0x00808080, 0x00808080, 0x00808080, 0x00808080, 0x00808080, 0x00808080, 0x00808080, 0x00808080, 
0x00808080, 0x00808080, 0x00808080, 0x00808080, 0x00808080, 0x00808080, 0x00808080, 0x00808080, 0x00808080, 0x00808080, 0x00808080, 0x00808080, 0x00808080, 0x00808080, 0x00808080, 0x00808080, 
0x047F7F7D, 0x007C8084, 0x79946F56, 0xFFB26E3D, 0xFAE09D66, 0xFFD28F5A, 0xFFB57749, 0xFFF8BC88, 0xFFF7BB87, 0xFFF8BC88, 0xFFF8BC88, 0xFFF8BC88, 0xFFF8BC88, 0xFFF6BA86, 0xFEFABE8A, 0xFEEAAE7B, 
0xE7A5683E, 0x0B827A76, 0x007F8081, 0x007F7F7F, 0x00808080, 0x00808080, 0x00808080, 0x00808080, 0x00808080, 0x00808080, 0x00808080, 0x00808080, 0x00808080, 0x00808080, 0x00808080, 0x00808080, 
0x00808080, 0x00808080, 0x00808080, 0x00808080, 0x00808080, 0x00807F7F, 0x027F7F7F, 0x007C8083, 0x5E917460, 0xFEA76436, 0xFEC07F4E, 0xFCE19D66, 0xFFE09B64, 0xFEDF9B64, 0xFFE49F68, 0xFFD28F5B, 
0xFFAA6A3D, 0xFFA5673C, 0xFFCC8F5F, 0xFFF4B784, 0xFFFDC18D, 0xFFF8BC88, 0xFFF6BA86, 0xFFF7BB87, 0xFFF8BC88, 0xFFF7BB87, 0xFFF8BC88, 0xFFF8BC88, 0xFFF8BC88, 0xFFF8BC88, 0xFFF7BB87, 0xFFF8BC88, 
0xFEF6BA86, 0xFFFABE89, 0xF9EDB280, 0xFFBC7847, 0x73926E57, 0x007D8184, 0x057F7E7D, 0x00828485, 0x007D7D7C, 0x0085888A, 0x715E4F44, 0xFF5D361B, 0xF9945F40, 0xFF8E5A3B, 0xFE8F5B3C, 0xFF8E5B3C, 
0xFA935E3F, 0xFE5C361C, 0x8C5A483B, 0x02828485, 0x00808080, 0x00818282, 0x00808081, 0x037F7F7E, 0x007F7F7F, 0x00808080, 0x007F7F7F, 0x00808080, 0x00808080, 0x00808080, 0x00808080, 0x00808080, 
0x00808080, 0x00808080, 0x00808080, 0x00808080, 0x00808080, 0x00808080, 0x00808080, 0x00808080, 0x00808080, 0x00808080, 0x00808080, 0x00808080, 0x00808080, 0x00808080, 0x00808080, 0x00808080, 
0x00808080, 0x00808080, 0x00808080, 0x00808080, 0x00808080, 0x00808080, 0x00808080, 0x00808080, 0x00808080, 0x00808080, 0x00808080, 0x00808080, 0x00808080, 0x00808080, 0x00808080, 0x00808080, 
0x00808080, 0x00808080, 0x00808080, 0x00808080, 0x00808080, 0x00808080, 0x00808080, 0x00808080, 0x00808080, 0x00808080, 0x00808080, 0x00808080, 0x00808080, 0x00808080, 0x00808080, 0x00808080, 
0x00808080, 0x00808080, 0x00808080, 0x00808080, 0x00808080, 0x00808080, 0x00808080, 0x00808080, 0x00808080, 0x00808080, 0x00808080, 0x00808080, 0x00808080, 0x00808080, 0x00808080, 0x00808080, 
0x03807F7E, 0x007D8083, 0x6290725D, 0xFFAE6A3A, 0xFBDC9963, 0xFFD9955F, 0xFFAF7043, 0xFFF1B581, 0xFFF8BC88, 0xFFF7BB87, 0xFFF8BC88, 0xFFF8BC88, 0xFFF8BC88, 0xFFF6BA86, 0xFDFCC18C, 0xFFDFA06D, 
0xD29E6640, 0x00817F7E, 0x007F7F80, 0x007F7F7F, 0x00808080, 0x00808080, 0x00808080, 0x00808080, 0x00808080, 0x00808080, 0x00808080, 0x00808080, 0x00808080, 0x00808080, 0x00808080, 0x00808080, 
0x00808080, 0x00808080, 0x00808080, 0x00808080, 0x00808080, 0x007F8080, 0x00807F7F, 0x04807F7E, 0x007C8184, 0x4E8F7563, 0xF5A56235, 0xFFB87646, 0xFCDC9963, 0xFFE09C65, 0xFEDD9A63, 0xFFE29E66, 
0xFFDF9B64, 0xFFC38250, 0xFFA56539, 0xFFAB6C41, 0xFFD59767, 0xFFF4B884, 0xFFFDC18D, 0xFFF9BD89, 0xFFF6BA86, 0xFFF7BB87, 0xFFF8BC88, 0xFFF7BB87, 0xFFF8BC88, 0xFFF8BC88, 0xFFF8BC88, 0xFFF7BB87, 
0xFFF8BC88, 0xFEF5B985, 0xFAFFC490, 0xFDD59562, 0xA0956848, 0x007E8183, 0x037F7F7F, 0x027F7E7E, 0x027F7F7F, 0x047F8080, 0x057D7C7B, 0xC84D3422, 0xFF6E4327, 0xF9976142, 0xFF915C3D, 0xFE8D5A3B, 
0xFC935E3E, 0xFF70462A, 0xDA492F1C, 0x017D7C7B, 0x00808181, 0x007F7F7F, 0x007F7F80, 0x007F7F7F, 0x00808080, 0x00808080, 0x00808080, 0x00808080, 0x00808080, 0x00808080, 0x00808080, 0x00808080, 
0x00808080, 0x00808080, 0x00808080, 0x00808080, 0x00808080, 0x00808080, 0x00808080, 0x00808080, 0x00808080, 0x00808080, 0x00808080, 0x00808080, 0x00808080, 0x00808080, 0x00808080, 0x00808080, 
0x00808080, 0x00808080, 0x00808080, 0x00808080, 0x00808080, 0x00808080, 0x00808080, 0x00808080, 0x00808080, 0x00808080, 0x00808080, 0x00808080, 0x00808080, 0x00808080, 0x00808080, 0x00808080, 
0x00808080, 0x00808080, 0x00808080, 0x00808080, 0x00808080, 0x00808080, 0x00808080, 0x00808080, 0x00808080, 0x00808080, 0x00808080, 0x00808080, 0x00808080, 0x00808080, 0x00808080, 0x00808080, 
0x00808080, 0x00808080, 0x00808080, 0x00808080, 0x00808080, 0x00808080, 0x00808080, 0x00808080, 0x00808080, 0x00808080, 0x00808080, 0x00808080, 0x00808080, 0x00808080, 0x00808080, 0x00808080, 
0x02807F7E, 0x007D8184, 0x518F7563, 0xFFAC6839, 0xFBD89661, 0xFFDC9862, 0xFFAB6B3F, 0xFFEAAD7B, 0xFFFABE8A, 0xFFF6BA86, 0xFFF8BC88, 0xFFF8BC88, 0xFFF8BC88, 0xFFF5B985, 0xFBFDC28D, 0xFFD49462, 
0xB99B6543, 0x00808081, 0x017F7F7F, 0x00808080, 0x00808080, 0x00808080, 0x00808080, 0x00808080, 0x00808080, 0x00808080, 0x00808080, 0x00808080, 0x00808080, 0x00808080, 0x00808080, 0x00808080, 
0x00808080, 0x00808080, 0x00808080, 0x00808080, 0x00808080, 0x00808080, 0x007F8080, 0x00807F7F, 0x03807F7E, 0x007C8083, 0x348A776C, 0xD9A2663D, 0xFFB37141, 0xFCDC9963, 0xFFE09C65, 0xFFDE9A63, 
0xFFE09C65, 0xFFE49F67, 0xFFDB9761, 0xFFBB7A4A, 0xFEA26337, 0xFFAC6D41, 0xFED09363, 0xFBF0B582, 0xFEFDC18D, 0xFEF8BC88, 0xFEF7BB87, 0xFFF8BC88, 0xFFF8BC88, 0xFFF8BC88, 0xFFF8BC88, 0xFFF8BC88, 
0xFFF7BB87, 0xFFF6BA86, 0xFBFCC18D, 0xFFD2915F, 0xA7976847, 0x007F8182, 0x02807E7F, 0x00808080, 0x00808080, 0x017F7E7E, 0x00828384, 0x23746E6A, 0xE9492C16, 0xFF673D22, 0xFE875639, 0xFB925E3F, 
0xFB956040, 0xF7905D3F, 0xFD522F17, 0x6563554B, 0x00838586, 0x027E7E7E, 0x00808080, 0x00808080, 0x00808080, 0x00808080, 0x00808080, 0x00808080, 0x00808080, 0x00808080, 0x00808080, 0x00808080, 
0x00808080, 0x00808080, 0x00808080, 0x00808080, 0x00808080, 0x00808080, 0x00808080, 0x00808080, 0x00808080, 0x00808080, 0x00808080, 0x00808080, 0x00808080, 0x00808080, 0x00808080, 0x00808080, 
0x00808080, 0x00808080, 0x00808080, 0x00808080, 0x00808080, 0x00808080, 0x00808080, 0x00808080, 0x00808080, 0x00808080, 0x00808080, 0x00808080, 0x00808080, 0x00808080, 0x00808080, 0x00808080, 
0x00808080, 0x00808080, 0x00808080, 0x00808080, 0x00808080, 0x00808080, 0x00808080, 0x00808080, 0x00808080, 0x00808080, 0x00808080, 0x00808080, 0x00808080, 0x00808080, 0x00808080, 0x00808080, 
0x00808080, 0x00808080, 0x00808080, 0x00808080, 0x00808080, 0x00808080, 0x00808080, 0x00808080, 0x00808080, 0x00808080, 0x00808080, 0x00808080, 0x00808080, 0x00808080, 0x00808080, 0x00808080, 
0x03807F7E, 0x007C8184, 0x488D7768, 0xFFAA6739, 0xFCD6935E, 0xFFDD9963, 0xFFA96A3D, 0xFFE6A977, 0xFFFBBF8A, 0xFFF7BB87, 0xFFF8BC88, 0xFFF8BC88, 0xFFF8BC88, 0xFFF6BA86, 0xFAFDC28E, 0xFFCE8E5C, 
0xA9986344, 0x007F8082, 0x027F7F7E, 0x00808080, 0x00808080, 0x00808080, 0x00808080, 0x00808080, 0x00808080, 0x00808080, 0x00808080, 0x00808080, 0x00808080, 0x00808080, 0x00808080, 0x00808080, 
0x00808080, 0x00808080, 0x00808080, 0x00808080, 0x00808080, 0x00808080, 0x00808080, 0x0080807F, 0x007F8080, 0x03807F7E, 0x007B8185, 0x1B887B72, 0xE1A2643B, 0xFDBD7C4B, 0xFDE29E66, 0xFEDE9A63, 
0xFFDF9B65, 0xFFDE9B64, 0xFFE19D65, 0xFFE39F67, 0xFFD6935E, 0xFFB87849, 0xFFA36336, 0xFFAE6C3D, 0xFFCB8E5E, 0xFFF4B884, 0xFFF8BD88, 0xFFF7BB87, 0xFFF8BC88, 0xFFF8BC88, 0xFFF8BC88, 0xFFF8BC88, 
0xFFF8BC88, 0xFFF5B985, 0xFAFCC18D, 0xFFCD8C5A, 0x9E95694C, 0x007E8183, 0x03807F7E, 0x00808080, 0x007F7F7F, 0x00808080, 0x017F7E7E, 0x00828485, 0x27726D68, 0xB0513B2A, 0xFA4B2C15, 0xFF583319, 
0xFF61391F, 0xFF693F23, 0xFF553118, 0xFA482913, 0x0C797674, 0x00818182, 0x007F7F7F, 0x00808080, 0x00808080, 0x00808080, 0x00808080, 0x00808080, 0x00808080, 0x00808080, 0x00808080, 0x00808080, 
0x00808080, 0x00808080, 0x00808080, 0x00808080, 0x00808080, 0x00808080, 0x00808080, 0x00808080, 0x00808080, 0x00808080, 0x00808080, 0x00808080, 0x00808080, 0x00808080, 0x00808080, 0x00808080, 
0x00808080, 0x00808080, 0x00808080, 0x00808080, 0x00808080, 0x00808080, 0x00808080, 0x00808080, 0x00808080, 0x00808080, 0x00808080, 0x00808080, 0x00808080, 0x00808080, 0x00808080, 0x00808080, 
0x00808080, 0x00808080, 0x00808080, 0x00808080, 0x00808080, 0x00808080, 0x00808080, 0x00808080, 0x00808080, 0x00808080, 0x00808080, 0x00808080, 0x00808080, 0x00808080, 0x00808080, 0x00808080, 
0x00808080, 0x00808080, 0x00808080, 0x00808080, 0x00808080, 0x00808080, 0x00808080, 0x00808080, 0x00808080, 0x00808080, 0x00808080, 0x00808080, 0x00808080, 0x00808080, 0x00808080, 0x00808080, 
0x02807F7D, 0x007D8084, 0x438D7767, 0xFFA96638, 0xFDD4925D, 0xFFDF9B64, 0xFFA96A3D, 0xFFE1A473, 0xFFFBBF8B, 0xFFF6BA87, 0xFFF8BC88, 0xFFF8BC88, 0xFFF8BC88, 0xFFF5B985, 0xFBFCC18D, 0xFFCA8957, 
0xA496694A, 0x007E8284, 0x02807E7E, 0x00808080, 0x00808080, 0x00808080, 0x00808080, 0x00808080, 0x00808080, 0x00808080, 0x00808080, 0x00808080, 0x00808080, 0x00808080, 0x00808080, 0x00808080, 
0x00808080, 0x00808080, 0x00808080, 0x00808080, 0x00808080, 0x00808080, 0x00808080, 0x00808080, 0x00807F7F, 0x007F8080, 0x05807E7D, 0x007B8185, 0x6592745E, 0xFFAC6939, 0xFBD89560, 0xFFE09C65, 
0xFFDF9B64, 0xFFE09C65, 0xFFDF9B64, 0xFFDE9A63, 0xFDE39F67, 0xFFDC9760, 0xDFA76D44, 0x9D9B6D4D, 0xF89F5E33, 0xFDC08254, 0xFEFABF8A, 0xFEF6BA86, 0xFFF7BB87, 0xFFF8BC88, 0xFFF8BC88, 0xFFF8BC88, 
0xFFF7BB87, 0xFFF6BA86, 0xFAFABF8C, 0xFFC17E4D, 0x7E926C53, 0x007D8184, 0x03807F7E, 0x00808080, 0x00808080, 0x007F7F7F, 0x00808080, 0x017F7F7E, 0x00828384, 0x00818283, 0x2A716A65, 0x6B625349, 
0x90594639, 0x9E564233, 0xA1594435, 0x84604C3F, 0x057C7B7A, 0x00808081, 0x007F7F7F, 0x00808080, 0x00808080, 0x00808080, 0x00808080, 0x00808080, 0x00808080, 0x00808080, 0x00808080, 0x00808080, 
0x00808080, 0x00808080, 0x00808080, 0x00808080, 0x00808080, 0x00808080, 0x00808080, 0x00808080, 0x00808080, 0x00808080, 0x00808080, 0x00808080, 0x00808080, 0x00808080, 0x00808080, 0x00808080, 
0x00808080, 0x00808080, 0x00808080, 0x00808080, 0x00808080, 0x00808080, 0x00808080, 0x00808080, 0x00808080, 0x00808080, 0x00808080, 0x00808080, 0x00808080, 0x00808080, 0x00808080, 0x00808080, 
0x00808080, 0x00808080, 0x00808080, 0x00808080, 0x00808080, 0x00808080, 0x00808080, 0x00808080, 0x00808080, 0x00808080, 0x00808080, 0x00808080, 0x00808080, 0x00808080, 0x00808080, 0x00808080, 
0x00808080, 0x00808080, 0x00808080, 0x00808080, 0x00808080, 0x00808080, 0x00808080, 0x00808080, 0x00808080, 0x00808080, 0x00808080, 0x00808080, 0x00808080, 0x00808080, 0x00808080, 0x00808080, 
0x01807F7E, 0x007C8183, 0x3E8D7767, 0xFFA96638, 0xFDD3915D, 0xFFE19D66, 0xFFAA6A3E, 0xFFDDA06F, 0xFFFCC08C, 0xFFF6BA86, 0xFFF8BC88, 0xFFF8BC88, 0xFFF8BC88, 0xFFF6BA86, 0xFAFCC18D, 0xFFC58452, 
0x9B95694A, 0x007E8184, 0x037F7F7F, 0x00808080, 0x00808080, 0x00808080, 0x00808080, 0x00808080, 0x00808080, 0x00808080, 0x00808080, 0x00808080, 0x00808080, 0x00808080, 0x00808080, 0x00808080, 
0x00808080, 0x00808080, 0x00808080, 0x00808080, 0x00808080, 0x00808080, 0x00808080, 0x00808080, 0x00808080, 0x00807F7F, 0x007F7E7E, 0x017E8082, 0x1F877B71, 0xF9A56539, 0xFECD8B57, 0xFEE39E67, 
0xFFDE9A63, 0xFFE09C65, 0xFFDF9B64, 0xFEDE9B64, 0xFAE29E67, 0xFECC8651, 0x9F976B4C, 0x007A8288, 0x6793725D, 0xFFAA6739, 0xFBEBAF7D, 0xFFFABE89, 0xFFF7BB87, 0xFFF8BC88, 0xFFF8BC88, 0xFFF8BC88, 
0xFFF8BC88, 0xFFF7BB87, 0xFBF7BC89, 0xFEB97645, 0x658F7059, 0x007D8185, 0x037F7E7D, 0x00808080, 0x00808080, 0x00808080, 0x007F7F7F, 0x00808080, 0x017F7F7F, 0x017F7F7F, 0x00828485, 0x00848788, 
0x00848587, 0x00838586, 0x00838486, 0x00838586, 0x00808181, 0x007F7F7F, 0x00808080, 0x00808080, 0x00808080, 0x00808080, 0x00808080, 0x00808080, 0x00808080, 0x00808080, 0x00808080, 0x00808080, 
0x00808080, 0x00808080, 0x00808080, 0x00808080, 0x00808080, 0x00808080, 0x00808080, 0x00808080, 0x00808080, 0x00808080, 0x00808080, 0x00808080, 0x00808080, 0x00808080, 0x00808080, 0x00808080, 
0x00808080, 0x00808080, 0x00808080, 0x00808080, 0x00808080, 0x00808080, 0x00808080, 0x00808080, 0x00808080, 0x00808080, 0x00808080, 0x00808080, 0x00808080, 0x00808080, 0x00808080, 0x00808080, 
0x00808080, 0x00808080, 0x00808080, 0x00808080, 0x00808080, 0x00808080, 0x00808080, 0x00808080, 0x00808080, 0x00808080, 0x00808080, 0x00808080, 0x00808080, 0x00808080, 0x00808080, 0x00808080, 
0x00808080, 0x00808080, 0x00808080, 0x00808080, 0x00808080, 0x00808080, 0x00808080, 0x00808080, 0x00808080, 0x00808080, 0x00808080, 0x00808080, 0x00808080, 0x00808080, 0x00808080, 0x00808080, 
0x027F7F7E, 0x007D8183, 0x3C8A796C, 0xFFA86639, 0xFDD3915C, 0xFFE29E67, 0xFFAA6B3E, 0xFFDB9E6D, 0xFFFDC18C, 0xFFF5B985, 0xFFF8BC88, 0xFFF8BC88, 0xFFF8BC88, 0xFFF7BB87, 0xF9FABF8C, 0xFFBF7D4C, 
0x89936D51, 0x007D8184, 0x03807F7E, 0x00808080, 0x00808080, 0x00808080, 0x00808080, 0x00808080, 0x00808080, 0x00808080, 0x00808080, 0x00808080, 0x00808080, 0x00808080, 0x00808080, 0x00808080, 
0x00808080, 0x00808080, 0x00808080, 0x00808080, 0x00808080, 0x00808080, 0x00808080, 0x00808080, 0x00808080, 0x00808080, 0x007F7F7F, 0x007E7F81, 0x16857D76, 0xF1A4673C, 0xFFCC8956, 0xFDE29F66, 
0xFFDF9B64, 0xFFE09C65, 0xFFE09C65, 0xFFDE9A63, 0xFBE29E67, 0xFFBD7845, 0x5C8E715D, 0x037C8387, 0x1A877B73, 0xF5A46337, 0xFEDA9D6C, 0xFEFCC08C, 0xFFF6BA86, 0xFFF8BC88, 0xFFF8BC88, 0xFFF8BC88, 
0xFFF7BB87, 0xFEF8BC88, 0xFCF3B885, 0xFFB26F40, 0x498B7463, 0x007C8184, 0x02807F7E, 0x00808080, 0x00808080, 0x00808080, 0x00808080, 0x00808080, 0x007F7F7F, 0x00808080, 0x017F7F7E, 0x037F7E7E, 
0x037F7E7E, 0x037F7F7E, 0x037F7F7E, 0x037F7E7E, 0x007F7F7F, 0x00808080, 0x007F7F7F, 0x00808080, 0x00808080, 0x00808080, 0x00808080, 0x00808080, 0x00808080, 0x00808080, 0x00808080, 0x00808080, 
0x00808080, 0x00808080, 0x00808080, 0x00808080, 0x00808080, 0x00808080, 0x00808080, 0x00808080, 0x00808080, 0x00808080, 0x00808080, 0x00808080, 0x00808080, 0x00808080, 0x00808080, 0x00808080, 
0x00808080, 0x00808080, 0x00808080, 0x00808080, 0x00808080, 0x00808080, 0x00808080, 0x00808080, 0x00808080, 0x00808080, 0x00808080, 0x00808080, 0x00808080, 0x00808080, 0x00808080, 0x00808080, 
0x00808080, 0x00808080, 0x00808080, 0x00808080, 0x00808080, 0x00808080, 0x00808080, 0x00808080, 0x00808080, 0x00808080, 0x00808080, 0x00808080, 0x00808080, 0x00808080, 0x00808080, 0x00808080, 
0x00808080, 0x00808080, 0x00808080, 0x00808080, 0x00808080, 0x00808080, 0x00808080, 0x00808080, 0x00808080, 0x00808080, 0x00808080, 0x00808080, 0x00808080, 0x00808080, 0x00808080, 0x00808080, 
0x017F7F7E, 0x007D8183, 0x408C7768, 0xFFA96638, 0xFDD3905C, 0xFFE29D66, 0xFFAB6B3E, 0xFFDB9F6E, 0xFFFDC08B, 0xFFF6BA86, 0xFFF8BC88, 0xFFF8BC88, 0xFFF8BC88, 0xFFF6BA86, 0xFAF9BE8A, 0xFFBB7848, 
0x7A926E56, 0x007D8184, 0x04807E7D, 0x00808080, 0x00808080, 0x00808080, 0x00808080, 0x00808080, 0x00808080, 0x00808080, 0x00808080, 0x00808080, 0x00808080, 0x00808080, 0x00808080, 0x00808080, 
0x00808080, 0x00808080, 0x00808080, 0x00808080, 0x00808080, 0x00808080, 0x00808080, 0x00808080, 0x00808080, 0x00808080, 0x007F7F7F, 0x007D8082, 0x1E877B73, 0xF7A5663A, 0xFECD8A57, 0xFEE39E67, 
0xFFDE9B63, 0xFFE09C65, 0xFFDF9B64, 0xFEE09B64, 0xFEDC9963, 0xFAAF6D3F, 0x2286786F, 0x007D8183, 0x03837E7B, 0xDC9F643B, 0xFFD09261, 0xFCFDC18D, 0xFFF5B985, 0xFFF8BC88, 0xFFF8BC88, 0xFFF8BC88, 
0xFFF6BA86, 0xFFF9BD89, 0xFEEEB280, 0xFEAC6A3C, 0x2F88766A, 0x007D8183, 0x017F7F7E, 0x00808080, 0x00808080, 0x00808080, 0x00808080, 0x00808080, 0x00808080, 0x00808080, 0x00808080, 0x00808080, 
0x00808080, 0x00808080, 0x00808080, 0x00808080, 0x00808080, 0x00808080, 0x00808080, 0x00808080, 0x00808080, 0x00808080, 0x00808080, 0x00808080, 0x00808080, 0x00808080, 0x00808080, 0x00808080, 
0x00808080, 0x00808080, 0x00808080, 0x00808080, 0x00808080, 0x00808080, 0x00808080, 0x00808080, 0x00808080, 0x00808080, 0x00808080, 0x00808080, 0x00808080, 0x00808080, 0x00808080, 0x00808080, 
0x00808080, 0x00808080, 0x00808080, 0x00808080, 0x00808080, 0x00808080, 0x00808080, 0x00808080, 0x00808080, 0x00808080, 0x00808080, 0x00808080, 0x00808080, 0x00808080, 0x00808080, 0x00808080, 
0x00808080, 0x00808080, 0x00808080, 0x00808080, 0x00808080, 0x00808080, 0x00808080, 0x00808080, 0x00808080, 0x00808080, 0x00808080, 0x00808080, 0x00808080, 0x00808080, 0x00808080, 0x00808080, 
0x00808080, 0x00808080, 0x00808080, 0x00808080, 0x00808080, 0x00808080, 0x00808080, 0x00808080, 0x00808080, 0x00808080, 0x00808080, 0x00808080, 0x00808080, 0x00808080, 0x00808080, 0x00808080, 
0x02807F7D, 0x007C8084, 0x488E7868, 0xFFAA6738, 0xFCD3915D, 0xFFE39E67, 0xFFAC6C3F, 0xFFD99D6C, 0xFFFCC18C, 0xFFF6BA86, 0xFFF8BC88, 0xFFF8BC88, 0xFFF8BC88, 0xFFF7BB87, 0xF9F8BD89, 0xFFB97646, 
0x7090705A, 0x007C8185, 0x03807F7E, 0x00808080, 0x00808080, 0x00808080, 0x00808080, 0x00808080, 0x00808080, 0x00808080, 0x00808080, 0x00808080, 0x00808080, 0x00808080, 0x00808080, 0x00808080, 
0x00808080, 0x00808080, 0x00808080, 0x00808080, 0x00808080, 0x00808080, 0x00808080, 0x00808080, 0x00808080, 0x00808080, 0x027F7F7E, 0x007D8183, 0x3E8A7668, 0xFFAA6839, 0xFCD6935E, 0xFFE19D65, 
0xFFDF9A64, 0xFFE09C65, 0xFFDE9A63, 0xFCE29D66, 0xFFD38F59, 0xD2A06942, 0x02807E7C, 0x017F8080, 0x0080807F, 0xCC9D663F, 0xFECA8A59, 0xFCFCC18D, 0xFFF6BA86, 0xFFF8BC88, 0xFFF8BC88, 0xFFF8BC88, 
0xFFF7BB87, 0xFEFABE8A, 0xFFEBAE7C, 0xFBA9693C, 0x22877970, 0x007E8082, 0x007F7F7E, 0x00808080, 0x00808080, 0x00808080, 0x00808080, 0x00808080, 0x00808080, 0x00808080, 0x00808080, 0x00808080, 
0x00808080, 0x00808080, 0x00808080, 0x00808080, 0x00808080, 0x00808080, 0x00808080, 0x00808080, 0x00808080, 0x00808080, 0x00808080, 0x00808080, 0x00808080, 0x00808080, 0x00808080, 0x00808080, 
0x00808080, 0x00808080, 0x00808080, 0x00808080, 0x00808080, 0x00808080, 0x00808080, 0x00808080, 0x00808080, 0x00808080, 0x00808080, 0x00808080, 0x00808080, 0x00808080, 0x00808080, 0x00808080, 
0x00808080, 0x00808080, 0x00808080, 0x00808080, 0x00808080, 0x00808080, 0x00808080, 0x00808080, 0x00808080, 0x00808080, 0x00808080, 0x00808080, 0x00808080, 0x00808080, 0x00808080, 0x00808080, 
0x00808080, 0x00808080, 0x00808080, 0x00808080, 0x00808080, 0x00808080, 0x00808080, 0x00808080, 0x00808080, 0x00808080, 0x00808080, 0x00808080, 0x00808080, 0x00808080, 0x00808080, 0x00808080, 
0x00808080, 0x00808080, 0x00808080, 0x00808080, 0x00808080, 0x00808080, 0x00808080, 0x00808080, 0x00808080, 0x00808080, 0x00808080, 0x00808080, 0x00808080, 0x00808080, 0x00808080, 0x00808080, 
0x037F7F7E, 0x007D8184, 0x4D8E7766, 0xFFAA6738, 0xFBD4925E, 0xFFE4A068, 0xFFAD6D40, 0xFFD49767, 0xFFFDC18D, 0xFFF6BA86, 0xFFF8BC88, 0xFFF8BC88, 0xFFF8BC88, 0xFFF7BB87, 0xFAF7BC88, 0xFFB77444, 
0x6D90715C, 0x007D8285, 0x03807F7E, 0x00808080, 0x00808080, 0x00808080, 0x00808080, 0x00808080, 0x00808080, 0x00808080, 0x00808080, 0x00808080, 0x00808080, 0x00808080, 0x00808080, 0x00808080, 
0x00808080, 0x00808080, 0x00808080, 0x00808080, 0x00808080, 0x00808080, 0x00808080, 0x00808080, 0x00808080, 0x00808080, 0x03807E7E, 0x007D8184, 0x76937059, 0xFEB4703F, 0xFBDE9B65, 0xFEDF9B64, 
0xFFDF9B64, 0xFFDF9B64, 0xFEDF9B64, 0xF9E39F68, 0xFEC7814D, 0x98946A4E, 0x007D8184, 0x05807F7E, 0x007F8181, 0xBE9B6743, 0xFFC58554, 0xFBFBC08C, 0xFFF7BA87, 0xFFF8BC88, 0xFFF8BC88, 0xFFF8BC88, 
0xFFF7BB87, 0xFDFABF89, 0xFEE9AC7A, 0xF8A9673A, 0x1E88796F, 0x007D8082, 0x00807F7F, 0x00808080, 0x00808080, 0x00808080, 0x00808080, 0x00808080, 0x00808080, 0x00808080, 0x00808080, 0x00808080, 
0x00808080, 0x00808080, 0x00808080, 0x00808080, 0x00808080, 0x00808080, 0x00808080, 0x00808080, 0x00808080, 0x00808080, 0x00808080, 0x00808080, 0x00808080, 0x00808080, 0x00808080, 0x00808080, 
0x00808080, 0x00808080, 0x00808080, 0x00808080, 0x00808080, 0x00808080, 0x00808080, 0x00808080, 0x00808080, 0x00808080, 0x00808080, 0x00808080, 0x00808080, 0x00808080, 0x00808080, 0x00808080, 
0x00808080, 0x00808080, 0x00808080, 0x00808080, 0x00808080, 0x00808080, 0x00808080, 0x00808080, 0x00808080, 0x00808080, 0x00808080, 0x00808080, 0x00808080, 0x00808080, 0x00808080, 0x00808080, 
0x00808080, 0x00808080, 0x00808080, 0x00808080, 0x00808080, 0x00808080, 0x00808080, 0x00808080, 0x00808080, 0x00808080, 0x00808080, 0x00808080, 0x00808080, 0x00808080, 0x00808080, 0x00808080, 
0x00808080, 0x00808080, 0x00808080, 0x00808080, 0x00808080, 0x00808080, 0x00808080, 0x00808080, 0x00808080, 0x00808080, 0x00808080, 0x00808080, 0x00808080, 0x00808080, 0x00808080, 0x00808080, 
0x03807F7E, 0x007D8184, 0x59907562, 0xFFAC6839, 0xFBD6945F, 0xFFE49F68, 0xFFAF6F41, 0xFFD39666, 0xFFFEC28C, 0xFFF6BA86, 0xFFF8BC88, 0xFFF8BC88, 0xFFF8BC88, 0xFFF8BC88, 0xFBF6BB88, 0xFFB67343, 
0x6690715B, 0x007D8185, 0x04807F7E, 0x00808080, 0x00808080, 0x00808080, 0x00808080, 0x00808080, 0x00808080, 0x00808080, 0x00808080, 0x00808080, 0x00808080, 0x00808080, 0x00808080, 0x00808080, 
0x00808080, 0x00808080, 0x00808080, 0x00808080, 0x00808080, 0x00808080, 0x00808080, 0x00808080, 0x00808080, 0x00808080, 0x027F7F7F, 0x007E8082, 0xA9996B4C, 0xFEBD7947, 0xFAE29E67, 0xFFDE9A63, 
0xFFE09C65, 0xFFE09C65, 0xFFDF9B64, 0xFAE09D67, 0xFFB87442, 0x588C705E, 0x007D8184, 0x06807F7D, 0x007E8082, 0xAE9A6846, 0xFFC18050, 0xFAFBBF8B, 0xFFF7BB86, 0xFFF8BC88, 0xFFF8BC88, 0xFFF8BC88, 
0xFFF7BB87, 0xFEF9BF8A, 0xFFE9AE7B, 0xF7AA6439, 0x1C8A736D, 0x007D8283, 0x007F7F7F, 0x00808080, 0x00808080, 0x00808080, 0x00808080, 0x00808080, 0x00808080, 0x00808080, 0x00808080, 0x00808080, 
0x00808080, 0x00808080, 0x00808080, 0x00808080, 0x00808080, 0x00808080, 0x00808080, 0x00808080, 0x00808080, 0x00808080, 0x00808080, 0x00808080, 0x00808080, 0x00808080, 0x00808080, 0x00808080, 
0x00808080, 0x00808080, 0x00808080, 0x00808080, 0x00808080, 0x00808080, 0x00808080, 0x00808080, 0x00808080, 0x00808080, 0x00808080, 0x00808080, 0x00808080, 0x00808080, 0x00808080, 0x00808080, 
0x00808080, 0x00808080, 0x00808080, 0x00808080, 0x00808080, 0x00808080, 0x00808080, 0x00808080, 0x00808080, 0x00808080, 0x00808080, 0x00808080, 0x00808080, 0x00808080, 0x00808080, 0x00808080, 
0x00808080, 0x00808080, 0x00808080, 0x00808080, 0x00808080, 0x00808080, 0x00808080, 0x00808080, 0x00808080, 0x00808080, 0x00808080, 0x00808080, 0x00808080, 0x00808080, 0x00808080, 0x00808080, 
0x00808080, 0x00808080, 0x00808080, 0x00808080, 0x00808080, 0x00808080, 0x00808080, 0x00808080, 0x00808080, 0x00808080, 0x00808080, 0x00808080, 0x00808080, 0x00808080, 0x00808080, 0x00808080, 
0x04807F7E, 0x007C8083, 0x6892735D, 0xFFAE6A3A, 0xFAD99761, 0xFFE39F67, 0xFFAE6E40, 0xFFD49767, 0xFFFDC18D, 0xFFF6BA86, 0xFFF8BC88, 0xFFF8BC88, 0xFFF8BC88, 0xFFF8BB87, 0xFAF6BB87, 0xFFB57243, 
0x5D8E715E, 0x007D8285, 0x03807F7E, 0x00808080, 0x00808080, 0x00808080, 0x00808080, 0x00808080, 0x00808080, 0x00808080, 0x00808080, 0x00808080, 0x00808080, 0x00808080, 0x00808080, 0x00808080, 
0x00808080, 0x00808080, 0x00808080, 0x00808080, 0x00808080, 0x00808080, 0x00808080, 0x00808080, 0x00808080, 0x00807F7F, 0x007F8080, 0x00807F7D, 0xCC9E6742, 0xFFC5824F, 0xFCE39F67, 0xFFDD9B64, 
0xFFDF9B64, 0xFFDF9B64, 0xFEE09C65, 0xFEDA9761, 0xFBAC6B3D, 0x26877970, 0x007D8082, 0x04807E7E, 0x007E8182, 0xA3986848, 0xFFC07F4E, 0xFAFABF8B, 0xFFF7BB87, 0xFFF8BC88, 0xFFF8BC88, 0xFFF8BC88, 
0xFFF7BB87, 0xFEFABE8A, 0xFFEAAE7A, 0xF6A6683C, 0x1C827872, 0x007E8082, 0x007F7F7F, 0x00808080, 0x00808080, 0x00808080, 0x00808080, 0x00808080, 0x00808080, 0x00808080, 0x00808080, 0x00808080, 
0x00808080, 0x00808080, 0x00808080, 0x00808080, 0x00808080, 0x00808080, 0x00808080, 0x00808080, 0x00808080, 0x00808080, 0x00808080, 0x00808080, 0x00808080, 0x00808080, 0x00808080, 0x00808080, 
0x00808080, 0x00808080, 0x00808080, 0x00808080, 0x00808080, 0x00808080, 0x00808080, 0x00808080, 0x00808080, 0x00808080, 0x00808080, 0x00808080, 0x00808080, 0x00808080, 0x00808080, 0x00808080, 
0x00808080, 0x00808080, 0x00808080, 0x00808080, 0x00808080, 0x00808080, 0x00808080, 0x00808080, 0x00808080, 0x00808080, 0x00808080, 0x00808080, 0x00808080, 0x00808080, 0x00808080, 0x00808080, 
0x00808080, 0x00808080, 0x00808080, 0x00808080, 0x00808080, 0x00808080, 0x00808080, 0x00808080, 0x00808080, 0x00808080, 0x00808080, 0x00808080, 0x00808080, 0x00808080, 0x00808080, 0x00808080, 
0x00808080, 0x00808080, 0x00808080, 0x00808080, 0x00808080, 0x00808080, 0x00808080, 0x00808080, 0x00808080, 0x00808080, 0x00808080, 0x00808080, 0x00808080, 0x00808080, 0x00808080, 0x00808080, 
0x047F7E7D, 0x007C8184, 0x78937058, 0xFFB16D3C, 0xFADC9963, 0xFFE29F66, 0xFFB06F41, 0xFFD39666, 0xFFFEC28D, 0xFFF6BA86, 0xFFF8BC88, 0xFFF8BC88, 0xFFF8BC88, 0xFFF8BC88, 0xFBF5BA88, 0xFFB67343, 
0x5B8D7462, 0x007D8285, 0x02807F7E, 0x00808080, 0x00808080, 0x00808080, 0x00808080, 0x00808080, 0x00808080, 0x00808080, 0x00808080, 0x00808080, 0x00808080, 0x00808080, 0x00808080, 0x00808080, 
0x00808080, 0x00808080, 0x00808080, 0x00808080, 0x00808080, 0x00808080, 0x00808080, 0x00808080, 0x00808080, 0x00807F7E, 0x007D8082, 0x1E877A71, 0xF7A66639, 0xFED18F5B, 0xFEE29E66, 0xFFDE9A63, 
0xFFE09C65, 0xFFDE9A63, 0xFEE29D66, 0xFFD28F5B, 0xEDA5673D, 0x12847C77, 0x007E8081, 0x037F7E7E, 0x007D8284, 0x9E976B4D, 0xFFC17F4D, 0xF9FBC08C, 0xFFF7BB87, 0xFFF8BC88, 0xFFF8BC88, 0xFFF8BC88, 
0xFFF7BB87, 0xFDF9BE89, 0xFFEAAD7A, 0xF6A86A3E, 0x1B857C76, 0x007D7F81, 0x00807F7F, 0x00808080, 0x00808080, 0x00808080, 0x00808080, 0x00808080, 0x00808080, 0x00808080, 0x00808080, 0x00808080, 
0x00808080, 0x00808080, 0x00808080, 0x00808080, 0x00808080, 0x00808080, 0x00808080, 0x00808080, 0x00808080, 0x00808080, 0x00808080, 0x00808080, 0x00808080, 0x00808080, 0x00808080, 0x00808080, 
0x00808080, 0x00808080, 0x00808080, 0x00808080, 0x00808080, 0x00808080, 0x00808080, 0x00808080, 0x00808080, 0x00808080, 0x00808080, 0x00808080, 0x00808080, 0x00808080, 0x00808080, 0x00808080, 
0x00808080, 0x00808080, 0x00808080, 0x00808080, 0x00808080, 0x00808080, 0x00808080, 0x00808080, 0x00808080, 0x00808080, 0x00808080, 0x00808080, 0x00808080, 0x00808080, 0x00808080, 0x00808080, 
0x00808080, 0x00808080, 0x00808080, 0x00808080, 0x00808080, 0x00808080, 0x00808080, 0x00808080, 0x00808080, 0x00808080, 0x00808080, 0x00808080, 0x00808080, 0x00808080, 0x00808080, 0x00808080, 
0x00808080, 0x00808080, 0x00808080, 0x00808080, 0x00808080, 0x00808080, 0x00808080, 0x00808080, 0x00808080, 0x00808080, 0x00808080, 0x00808080, 0x00808080, 0x00808080, 0x00808080, 0x00808080, 
0x03807F7E, 0x007D8083, 0x8A966C50, 0xFFB57140, 0xF9DE9B65, 0xFFE29E67, 0xFFB17042, 0xFFD29565, 0xFFFEC28D, 0xFFF6BA86, 0xFFF8BC88, 0xFFF8BC88, 0xFFF8BC88, 0xFFF8BC88, 0xFBF5BA87, 0xFFB57242, 
0x5C8D7361, 0x007D8184, 0x03807F7E, 0x00808080, 0x00808080, 0x00808080, 0x00808080, 0x00808080, 0x00808080, 0x00808080, 0x00808080, 0x00808080, 0x00808080, 0x00808080, 0x00808080, 0x00808080, 
0x00808080, 0x00808080, 0x00808080, 0x00808080, 0x00808080, 0x00808080, 0x00808080, 0x00808080, 0x00807F7F, 0x037F7E7D, 0x007C8185, 0x668F6F5B, 0xFFB46F3E, 0xFADE9B65, 0xFFDF9B64, 0xFFDF9B64, 
0xFFE09C65, 0xFFDF9B64, 0xFDE39E67, 0xFECA8754, 0xDDA0663E, 0x06817D7A, 0x007F8080, 0x037F7F7E, 0x007E8183, 0x9D976948, 0xFFC27F4E, 0xF8FBC08B, 0xFFF7BB87, 0xFFF8BC88, 0xFFF8BC88, 0xFFF8BC88, 
0xFFF7BB87, 0xFEFABD8A, 0xFFEBAE7B, 0xF6A8693D, 0x1C847B75, 0x007E8082, 0x007F7F7E, 0x00808080, 0x00808080, 0x00808080, 0x00808080, 0x00808080, 0x00808080, 0x00808080, 0x00808080, 0x00808080, 
0x00808080, 0x00808080, 0x00808080, 0x00808080, 0x00808080, 0x00808080, 0x00808080, 0x00808080, 0x00808080, 0x00808080, 0x00808080, 0x00808080, 0x00808080, 0x00808080, 0x00808080, 0x00808080, 
0x00808080, 0x00808080, 0x00808080, 0x00808080, 0x00808080, 0x00808080, 0x00808080, 0x00808080, 0x00808080, 0x00808080, 0x00808080, 0x00808080, 0x00808080, 0x00808080, 0x00808080, 0x00808080, 
0x00808080, 0x00808080, 0x00808080, 0x00808080, 0x00808080, 0x00808080, 0x00808080, 0x00808080, 0x00808080, 0x00808080, 0x00808080, 0x00808080, 0x00808080, 0x00808080, 0x00808080, 0x00808080, 
0x00808080, 0x00808080, 0x00808080, 0x00808080, 0x00808080, 0x00808080, 0x00808080, 0x00808080, 0x00808080, 0x00808080, 0x00808080, 0x00808080, 0x00808080, 0x00808080, 0x00808080, 0x00808080, 
0x00808080, 0x00808080, 0x00808080, 0x00808080, 0x00808080, 0x00808080, 0x00808080, 0x00808080, 0x00808080, 0x00808080, 0x00808080, 0x00808080, 0x00808080, 0x00808080, 0x00808080, 0x007F7F7F, 
0x03807F7F, 0x007D8083, 0x97966C4F, 0xFFBC7745, 0xFAE19E67, 0xFFE29D67, 0xFFB17042, 0xFFD09363, 0xFFFEC28D, 0xFFF6BA86, 0xFFF8BC88, 0xFFF8BC88, 0xFFF7BB87, 0xFFF8BC88, 0xFBF6BB88, 0xFFB67343, 
0x5B8D7361, 0x007C8285, 0x03807F7E, 0x00808080, 0x00808080, 0x00808080, 0x00808080, 0x00808080, 0x00808080, 0x00808080, 0x00808080, 0x00808080, 0x00808080, 0x00808080, 0x00808080, 0x00808080, 
0x00808080, 0x00808080, 0x00808080, 0x00808080, 0x00808080, 0x00808080, 0x00808080, 0x00808080, 0x00808080, 0x027F7F7F, 0x007E8082, 0xB39B6948, 0xFEC5814D, 0xFAE39F68, 0xFEDE9A63, 0xFFE09C65, 
0xFFDF9B64, 0xFFDE9A63, 0xFBE29E67, 0xFFC17D4B, 0xBC9C6946, 0x007F7F80, 0x027F7F7F, 0x04807F7E, 0x007E8184, 0x9B96674B, 0xFFC2804F, 0xF9FABF8C, 0xFFF7BA87, 0xFFF8BC88, 0xFFF8BC88, 0xFFF8BC88, 
0xFFF7BB87, 0xFEF9BD89, 0xFEEEB17E, 0xFCAB6B3E, 0x23857971, 0x007E8082, 0x007F7F7F, 0x00808080, 0x00808080, 0x00808080, 0x00808080, 0x00808080, 0x00808080, 0x00808080, 0x00808080, 0x00808080, 
0x00808080, 0x00808080, 0x00808080, 0x00808080, 0x00808080, 0x00808080, 0x00808080, 0x00808080, 0x00808080, 0x00808080, 0x00808080, 0x00808080, 0x00808080, 0x00808080, 0x00808080, 0x00808080, 
0x00808080, 0x00808080, 0x00808080, 0x00808080, 0x00808080, 0x00808080, 0x00808080, 0x00808080, 0x00808080, 0x00808080, 0x00808080, 0x00808080, 0x00808080, 0x00808080, 0x00808080, 0x00808080, 
0x00808080, 0x00808080, 0x00808080, 0x00808080, 0x00808080, 0x00808080, 0x00808080, 0x00808080, 0x00808080, 0x00808080, 0x00808080, 0x00808080, 0x00808080, 0x00808080, 0x00808080, 0x00808080, 
0x00808080, 0x00808080, 0x00808080, 0x00808080, 0x00808080, 0x00808080, 0x00808080, 0x00808080, 0x00808080, 0x00808080, 0x00808080, 0x00808080, 0x00808080, 0x00808080, 0x00808080, 0x00808080, 
0x00808080, 0x00808080, 0x00808080, 0x00808080, 0x00808080, 0x00808080, 0x00808080, 0x00808080, 0x00808080, 0x00808080, 0x00808080, 0x00808080, 0x00808080, 0x00808080, 0x00808080, 0x00808080, 
0x03807E7E, 0x007D8184, 0x97956C50, 0xFEC6804C, 0xF9E29F68, 0xFFE19D67, 0xFFB27143, 0xFFCE9161, 0xFFFEC28D, 0xFFF6BA86, 0xFFF8BC88, 0xFFF8BC88, 0xFFF8BC88, 0xFFF7BB87, 0xFAF5BA87, 0xFFB47141, 
0x5C8D7461, 0x007D8184, 0x03807F7E, 0x00808080, 0x00808080, 0x00808080, 0x00808080, 0x00808080, 0x00808080, 0x00808080, 0x00808080, 0x00808080, 0x00808080, 0x00808080, 0x00808080, 0x00808080, 
0x00808080, 0x00808080, 0x00808080, 0x00808080, 0x00808080, 0x00808080, 0x00808080, 0x007F7F7F, 0x007F7F7E, 0x007E8082, 0x19847A72, 0xF2A7683C, 0xFED6925D, 0xFEE19D65, 0xFFDF9B64, 0xFFDF9B64, 
0xFFE09C65, 0xFFDF9B64, 0xFAE09D66, 0xFFB87342, 0x8E966D52, 0x007D8083, 0x04807F7E, 0x03807E7D, 0x007D8285, 0x91946D52, 0xFFC58351, 0xF9FBC08D, 0xFFF6BB86, 0xFFF8BC88, 0xFFF8BC88, 0xFFF8BC88, 
0xFFF6BA86, 0xFFF8BD88, 0xFFF0B480, 0xFFAD6D3F, 0x2C87796F, 0x007D8082, 0x01807F7E, 0x00808080, 0x00808080, 0x00808080, 0x00808080, 0x00808080, 0x00808080, 0x00808080, 0x00808080, 0x00808080, 
0x00808080, 0x00808080, 0x00808080, 0x00808080, 0x00808080, 0x00808080, 0x00808080, 0x00808080, 0x00808080, 0x00808080, 0x00808080, 0x00808080, 0x00808080, 0x00808080, 0x00808080, 0x00808080, 
0x00808080, 0x00808080, 0x00808080, 0x00808080, 0x00808080, 0x00808080, 0x00808080, 0x00808080, 0x00808080, 0x00808080, 0x00808080, 0x00808080, 0x00808080, 0x00808080, 0x00808080, 0x00808080, 
0x00808080, 0x00808080, 0x00808080, 0x00808080, 0x00808080, 0x00808080, 0x00808080, 0x00808080, 0x00808080, 0x00808080, 0x00808080, 0x00808080, 0x00808080, 0x00808080, 0x00808080, 0x00808080, 
0x00808080, 0x00808080, 0x00808080, 0x00808080, 0x00808080, 0x00808080, 0x00808080, 0x00808080, 0x00808080, 0x00808080, 0x00808080, 0x00808080, 0x00808080, 0x00808080, 0x00808080, 0x00808080, 
0x00808080, 0x00808080, 0x00808080, 0x00808080, 0x00808080, 0x00808080, 0x00808080, 0x00808080, 0x00808080, 0x00808080, 0x00808080, 0x00808080, 0x00808080, 0x00808080, 0x007F7F7F, 0x007F7F80, 
0x017F7F7F, 0x007F7F7F, 0xBE9D6946, 0xFFD28D58, 0xFBE19D66, 0xFFE29E66, 0xFFB17142, 0xFFCF9162, 0xFFFEC28D, 0xFFF6BA86, 0xFFF8BC88, 0xFFF8BC88, 0xFFF7BB87, 0xFFF8BC88, 0xFBF3B885, 0xFFB16E3F, 
0x508E7362, 0x007C8084, 0x03807F7E, 0x00808080, 0x00808080, 0x00808080, 0x00808080, 0x00808080, 0x00808080, 0x00808080, 0x00808080, 0x00808080, 0x00808080, 0x00808080, 0x00808080, 0x00808080, 
0x00808080, 0x00808080, 0x00808080, 0x00808080, 0x00808080, 0x00808080, 0x00808080, 0x00808080, 0x03807F7E, 0x007C8184, 0x6F8E6D57, 0xFFBA7542, 0xFAE19E67, 0xFFDE9B64, 0xFFDF9B64, 0xFFE09C65, 
0xFFDF9B64, 0xFFE09C65, 0xFADC9963, 0xFEB16C3C, 0x6391735F, 0x007C8184, 0x047F7F7D, 0x047F7F7E, 0x007D8284, 0x8992694C, 0xFFC88553, 0xF9FCC08D, 0xFFF7BA87, 0xFFF8BC88, 0xFFF8BC88, 0xFFF8BC88, 
0xFFF7BB87, 0xFEF8BC88, 0xFDF3B784, 0xFEB16F41, 0x3B88766A, 0x007D8183, 0x017F7F7E, 0x00808080, 0x00808080, 0x00808080, 0x00808080, 0x00808080, 0x00808080, 0x00808080, 0x00808080, 0x00808080, 
0x00808080, 0x00808080, 0x00808080, 0x00808080, 0x00808080, 0x00808080, 0x00808080, 0x00808080, 0x00808080, 0x00808080, 0x00808080, 0x00808080, 0x00808080, 0x00808080, 0x00808080, 0x00808080, 
0x00808080, 0x00808080, 0x00808080, 0x00808080, 0x00808080, 0x00808080, 0x00808080, 0x00808080, 0x00808080, 0x00808080, 0x00808080, 0x00808080, 0x00808080, 0x00808080, 0x00808080, 0x00808080, 
0x00808080, 0x00808080, 0x00808080, 0x00808080, 0x00808080, 0x00808080, 0x00808080, 0x00808080, 0x00808080, 0x00808080, 0x00808080, 0x00808080, 0x00808080, 0x00808080, 0x00808080, 0x00808080, 
0x00808080, 0x00808080, 0x00808080, 0x00808080, 0x00808080, 0x00808080, 0x00808080, 0x00808080, 0x00808080, 0x00808080, 0x00808080, 0x00808080, 0x00808080, 0x00808080, 0x00808080, 0x00808080, 
0x00808080, 0x00808080, 0x00808080, 0x00808080, 0x00808080, 0x00808080, 0x00808080, 0x00808080, 0x00808080, 0x00808080, 0x00808080, 0x00808080, 0x00808080, 0x00808080, 0x00808080, 0x017F7E7E, 
0x007C8184, 0x368B7568, 0xFEB16D3D, 0xFCDD9A64, 0xFFDF9B64, 0xFFE39F67, 0xFFB27243, 0xFFCE9161, 0xFFFDC18C, 0xFFF6BA86, 0xFFF8BC88, 0xFFF8BC88, 0xFFF7BB87, 0xFFF9BD88, 0xFCF2B783, 0xFFB06D3E, 
0x468B7667, 0x007C8184, 0x03807F7E, 0x00808080, 0x00808080, 0x00808080, 0x00808080, 0x00808080, 0x00808080, 0x00808080, 0x00808080, 0x00808080, 0x00808080, 0x00808080, 0x00808080, 0x00808080, 
0x00808080, 0x00808080, 0x00808080, 0x00808080, 0x00808080, 0x00808080, 0x00807F7F, 0x007F7F7F, 0x017F8080, 0x00807F7E, 0xCE9D6640, 0xFECD8954, 0xFCE39E67, 0xFEDE9A63, 0xFFE09C65, 0xFFE09C65, 
0xFFDE9A63, 0xFEE19D65, 0xFBD79560, 0xFFAB693A, 0x428C7768, 0x007C8183, 0x03807F7D, 0x03807F7E, 0x007D8285, 0x84916C52, 0xFFCA8755, 0xF9FBC18E, 0xFFF6B986, 0xFFF8BC88, 0xFFF8BC88, 0xFFF8BC88, 
0xFFF8BC88, 0xFFF7BB87, 0xFCF5BA86, 0xFFB57243, 0x458A7465, 0x007D8183, 0x02807F7E, 0x00808080, 0x00808080, 0x00808080, 0x00808080, 0x00808080, 0x00808080, 0x00808080, 0x00808080, 0x00808080, 
0x00808080, 0x00808080, 0x00808080, 0x00808080, 0x00808080, 0x00808080, 0x00808080, 0x00808080, 0x00808080, 0x00808080, 0x00808080, 0x00808080, 0x00808080, 0x00808080, 0x00808080, 0x00808080, 
0x00808080, 0x00808080, 0x00808080, 0x00808080, 0x00808080, 0x00808080, 0x00808080, 0x00808080, 0x00808080, 0x00808080, 0x00808080, 0x00808080, 0x00808080, 0x00808080, 0x00808080, 0x00808080, 
0x00808080, 0x00808080, 0x00808080, 0x00808080, 0x00808080, 0x00808080, 0x00808080, 0x00808080, 0x00808080, 0x00808080, 0x00808080, 0x00808080, 0x00808080, 0x00808080, 0x00808080, 0x00808080, 
0x00808080, 0x00808080, 0x00808080, 0x00808080, 0x00808080, 0x00808080, 0x00808080, 0x00808080, 0x00808080, 0x00808080, 0x00808080, 0x00808080, 0x00808080, 0x00808080, 0x00808080, 0x00808080, 
0x00808080, 0x00808080, 0x00808080, 0x00808080, 0x00808080, 0x00808080, 0x00808080, 0x00808080, 0x00808080, 0x00808080, 0x00808080, 0x00808080, 0x00808080, 0x00807F7F, 0x007F7F80, 0x02807F7E, 
0x007E8082, 0xB0996846, 0xFAC5814D, 0xFCE39F68, 0xFDDD9963, 0xFFE39F67, 0xFFB27142, 0xFFCF9262, 0xFFFEC28D, 0xFFF5B985, 0xFFF8BC88, 0xFFF8BC88, 0xFFF6BB87, 0xFFF8BC89, 0xFBF1B583, 0xFFAF6C3E, 
0x458B7668, 0x007D8083, 0x02807F7E, 0x00808080, 0x00808080, 0x00808080, 0x00808080, 0x00808080, 0x00808080, 0x00808080, 0x00808080, 0x00808080, 0x00808080, 0x00808080, 0x00808080, 0x00808080, 
0x00808080, 0x00808080, 0x00808080, 0x00808080, 0x00808080, 0x00808080, 0x00808080, 0x03807E7D, 0x007C8184, 0x488C7362, 0xFFB46F3E, 0xFCDE9B65, 0xFFDF9B64, 0xFFDF9B64, 0xFFE09C65, 0xFFE09C65, 
0xFFDF9B64, 0xFFE29D66, 0xFED4915D, 0xFEA8673A, 0x2B887A6F, 0x007D8083, 0x01807F7E, 0x04807E7D, 0x007D8285, 0x798F6D55, 0xFFCC8A57, 0xF8FBC28D, 0xFFF5BA85, 0xFFF8BC88, 0xFFF8BC88, 0xFFF8BC88, 
0xFFF7BB87, 0xFFF7BC87, 0xFCF6BA87, 0xFFB67343, 0x4C8B7565, 0x007C8083, 0x03807F7D, 0x00808080, 0x00808080, 0x00808080, 0x00808080, 0x00808080, 0x00808080, 0x00808080, 0x00808080, 0x00808080, 
0x00808080, 0x00808080, 0x00808080, 0x00808080, 0x00808080, 0x00808080, 0x00808080, 0x00808080, 0x00808080, 0x00808080, 0x00808080, 0x00808080, 0x00808080, 0x00808080, 0x00808080, 0x00808080, 
0x00808080, 0x00808080, 0x00808080, 0x00808080, 0x00808080, 0x00808080, 0x00808080, 0x00808080, 0x00808080, 0x00808080, 0x00808080, 0x00808080, 0x00808080, 0x00808080, 0x00808080, 0x00808080, 
0x00808080, 0x00808080, 0x00808080, 0x00808080, 0x00808080, 0x00808080, 0x00808080, 0x00808080, 0x00808080, 0x00808080, 0x00808080, 0x00808080, 0x00808080, 0x00808080, 0x00808080, 0x00808080, 
0x00808080, 0x00808080, 0x00808080, 0x00808080, 0x00808080, 0x00808080, 0x00808080, 0x00808080, 0x00808080, 0x00808080, 0x00808080, 0x00808080, 0x00808080, 0x00808080, 0x00808080, 0x00808080, 
0x00808080, 0x00808080, 0x00808080, 0x00808080, 0x00808080, 0x00808080, 0x00808080, 0x00808080, 0x00808080, 0x00808080, 0x00808080, 0x00808080, 0x00807F7F, 0x007F8080, 0x02807E7E, 0x007C8185, 
0x3D8A7568, 0xF1AF6C3C, 0xF1DB9862, 0xFFE09C65, 0xFEDF9B64, 0xFFE19D65, 0xFFAD6D40, 0xFFD99C6B, 0xFFFDC18C, 0xFFF6BA86, 0xFFF8BC88, 0xFFF8BC88, 0xFFF7BB87, 0xFFF9BD89, 0xFCF0B482, 0xFFAE6B3D, 
0x428B7768, 0x007D8184, 0x03807F7E, 0x00808080, 0x00808080, 0x00808080, 0x00808080, 0x00808080, 0x00808080, 0x00808080, 0x00808080, 0x00808080, 0x00808080, 0x00808080, 0x00808080, 0x00808080, 
0x00808080, 0x00808080, 0x00808080, 0x00808080, 0x00808080, 0x00807F7F, 0x00807F7F, 0x037F7F7F, 0x007F7F7E, 0xCB9E6742, 0xFED08B56, 0xFCE29E67, 0xFEDE9A63, 0xFFE09C65, 0xFFE09C65, 0xFFE09C65, 
0xFFDF9B64, 0xFEE29E67, 0xFFCF8D59, 0xF4A5663B, 0x19857C75, 0x007E8082, 0x00807E7E, 0x037F7F7E, 0x007D8284, 0x8C93694D, 0xFFCF8D5B, 0xF9FCC18E, 0xFFF6BA86, 0xFFF8BC88, 0xFFF8BC88, 0xFFF8BC88, 
0xFFF8BC88, 0xFFF7BB87, 0xFBF7BC88, 0xFFB87545, 0x568B705E, 0x007D8184, 0x03807F7E, 0x00808080, 0x00808080, 0x00808080, 0x00808080, 0x00808080, 0x00808080, 0x00808080, 0x00808080, 0x00808080, 
0x00808080, 0x00808080, 0x00808080, 0x00808080, 0x00808080, 0x00808080, 0x00808080, 0x00808080, 0x00808080, 0x00808080, 0x00808080, 0x00808080, 0x00808080, 0x00808080, 0x00808080, 0x00808080, 
0x00808080, 0x00808080, 0x00808080, 0x00808080, 0x00808080, 0x00808080, 0x00808080, 0x00808080, 0x00808080, 0x00808080, 0x00808080, 0x00808080, 0x00808080, 0x00808080, 0x00808080, 0x00808080, 
0x00808080, 0x00808080, 0x00808080, 0x00808080, 0x00808080, 0x00808080, 0x00808080, 0x00808080, 0x00808080, 0x00808080, 0x00808080, 0x00808080, 0x00808080, 0x00808080, 0x00808080, 0x00808080, 
0x00808080, 0x00808080, 0x00808080, 0x00808080, 0x00808080, 0x00808080, 0x00808080, 0x00808080, 0x00808080, 0x00808080, 0x00808080, 0x00808080, 0x00808080, 0x00808080, 0x00808080, 0x00808080, 
0x00808080, 0x00808080, 0x00808080, 0x00808080, 0x00808080, 0x00808080, 0x00808080, 0x00808080, 0x00808080, 0x00808080, 0x00808080, 0x00808080, 0x007F8080, 0x01807F7E, 0x017D8081, 0x12847C77, 
0xDAA3673E, 0xFED28E59, 0xFDE29E67, 0xFEDE9A63, 0xFFE09C65, 0xFFDB9862, 0xFFAA6B3E, 0xFFE6AA78, 0xFFFABF8A, 0xFFF6BA86, 0xFFF8BC88, 0xFFF8BC88, 0xFFF7BB87, 0xFFF9BD89, 0xFDEFB481, 0xFFAD6B3D, 
0x408B7668, 0x007D8184, 0x02807F7E, 0x00808080, 0x00808080, 0x00808080, 0x00808080, 0x00808080, 0x00808080, 0x00808080, 0x00808080, 0x00808080, 0x00808080, 0x00808080, 0x00808080, 0x00808080, 
0x00808080, 0x00808080, 0x00808080, 0x00808080, 0x00808080, 0x00808080, 0x02807F7E, 0x007D8184, 0x6C906F58, 0xFFBC7744, 0xFBE29E67, 0xFFDF9A63, 0xFFDF9B64, 0xFFDF9B64, 0xFFE09C65, 0xFFE09C65, 
0xFFDF9B64, 0xFDE39F66, 0xFECB8855, 0xE6A2673E, 0x0B837E7A, 0x007F8080, 0x00807F7F, 0x027F7F7F, 0x007F8182, 0xAF9A6746, 0xFEDA9A66, 0xFAFCC08D, 0xFFF5B985, 0xFFF8BC88, 0xFFF8BC88, 0xFFF8BC88, 
0xFFF8BC88, 0xFFF6BA86, 0xFBF8BD89, 0xFFBA7746, 0x668E6E59, 0x007C8285, 0x03807F7E, 0x00808080, 0x00808080, 0x00808080, 0x00808080, 0x00808080, 0x00808080, 0x00808080, 0x00808080, 0x00808080, 
0x00808080, 0x00808080, 0x00808080, 0x00808080, 0x00808080, 0x00808080, 0x00808080, 0x00808080, 0x00808080, 0x00808080, 0x00808080, 0x00808080, 0x00808080, 0x00808080, 0x00808080, 0x00808080, 
0x00808080, 0x00808080, 0x00808080, 0x00808080, 0x00808080, 0x00808080, 0x00808080, 0x00808080, 0x00808080, 0x00808080, 0x00808080, 0x00808080, 0x00808080, 0x00808080, 0x00808080, 0x00808080, 
0x00808080, 0x00808080, 0x00808080, 0x00808080, 0x00808080, 0x00808080, 0x00808080, 0x00808080, 0x00808080, 0x00808080, 0x00808080, 0x00808080, 0x00808080, 0x00808080, 0x00808080, 0x00808080, 
0x00808080, 0x00808080, 0x00808080, 0x00808080, 0x00808080, 0x00808080, 0x00808080, 0x00808080, 0x00808080, 0x00808080, 0x00808080, 0x00808080, 0x00808080, 0x00808080, 0x00808080, 0x00808080, 
0x00808080, 0x00808080, 0x00808080, 0x00808080, 0x00808080, 0x00808080, 0x00808080, 0x00808080, 0x00808080, 0x00808080, 0x00808080, 0x00807F7F, 0x007F7F7F, 0x047F7F7F, 0x00808080, 0xB09B6846, 
0xFFBE7946, 0xFBE29E67, 0xFFDE9A63, 0xFFDF9B64, 0xFEE19D65, 0xFFD4915C, 0xFFAC6D41, 0xFFF0B481, 0xFFF9BD88, 0xFFF7BB87, 0xFFF8BC88, 0xFFF8BC88, 0xFFF7BB87, 0xFFF9BC89, 0xFCF0B381, 0xFFAE6A3C, 
0x418B7768, 0x007D8184, 0x02807F7E, 0x00808080, 0x00808080, 0x00808080, 0x00808080, 0x00808080, 0x00808080, 0x00808080, 0x00808080, 0x00808080, 0x00808080, 0x00808080, 0x00808080, 0x00808080, 
0x00808080, 0x00808080, 0x00808080, 0x007F7F7F, 0x00808080, 0x017F7F7E, 0x037D7F81, 0x23877970, 0xF3AB6B3E, 0xFCD8955F, 0xFEE09C65, 0xFEDE9B64, 0xFFE09C65, 0xFFDF9B64, 0xFFDF9C64, 0xFFDF9B64, 
0xFFDF9B64, 0xFDE39E67, 0xFFC88552, 0xDFA16740, 0x05827E7C, 0x007E807F, 0x00807F7F, 0x007F8080, 0x03817E7C, 0xD7A16740, 0xFFE5A773, 0xFCFBBF8B, 0xFFF6BA86, 0xFFF8BC88, 0xFFF8BC88, 0xFFF8BC88, 
0xFFF8BC88, 0xFFF7BB87, 0xFAF9BE8A, 0xFFBD7A49, 0x76916E55, 0x007D8184, 0x047F7F7D, 0x00808080, 0x00808080, 0x00808080, 0x00808080, 0x00808080, 0x00808080, 0x00808080, 0x00808080, 0x00808080, 
0x00808080, 0x00808080, 0x00808080, 0x00808080, 0x00808080, 0x00808080, 0x00808080, 0x00808080, 0x00808080, 0x00808080, 0x00808080, 0x00808080, 0x00808080, 0x00808080, 0x00808080, 0x00808080, 
0x00808080, 0x00808080, 0x00808080, 0x00808080, 0x00808080, 0x00808080, 0x00808080, 0x00808080, 0x00808080, 0x00808080, 0x00808080, 0x00808080, 0x00808080, 0x00808080, 0x00808080, 0x00808080, 
0x00808080, 0x00808080, 0x00808080, 0x00808080, 0x00808080, 0x00808080, 0x00808080, 0x00808080, 0x00808080, 0x00808080, 0x00808080, 0x00808080, 0x00808080, 0x00808080, 0x00808080, 0x00808080, 
0x00808080, 0x00808080, 0x00808080, 0x00808080, 0x00808080, 0x00808080, 0x00808080, 0x00808080, 0x00808080, 0x00808080, 0x00808080, 0x00808080, 0x00808080, 0x00808080, 0x00808080, 0x00808080, 
0x00808080, 0x00808080, 0x00808080, 0x00808080, 0x00808080, 0x00808080, 0x00808080, 0x00808080, 0x00808080, 0x00808080, 0x007F7F7F, 0x00808080, 0x027F7E7E, 0x007B8083, 0x6E936F58, 0xFFAF6B3B, 
0xFADA9862, 0xFFE09C65, 0xFEDF9B64, 0xFFDF9B64, 0xFFE39F67, 0xFFC68451, 0xFFB5774A, 0xFFFABE8A, 0xFFF7BB87, 0xFFF8BC88, 0xFFF8BC88, 0xFFF8BC88, 0xFFF7BB87, 0xFFF9BD89, 0xFDEFB480, 0xFFAD6B3B, 
0x428B7768, 0x007D8184, 0x03807F7E, 0x00808080, 0x00808080, 0x00808080, 0x00808080, 0x00808080, 0x00808080, 0x00808080, 0x00808080, 0x00808080, 0x00808080, 0x00808080, 0x00808080, 0x00808080, 
0x00808080, 0x00808080, 0x00808080, 0x00808080, 0x007F7F7F, 0x05807F7E, 0x00808588, 0x87936D52, 0xFFC27C48, 0xF9E4A16A, 0xFFE29E66, 0xFFE19D66, 0xFFDF9B64, 0xFFDF9B64, 0xFFDF9B64, 0xFFDF9B64, 
0xFEDE9A63, 0xFDE5A068, 0xFFC68350, 0xD19E6842, 0x00817F7F, 0x007E8080, 0x007F7F7E, 0x007E8183, 0x2585766C, 0xFDB06F41, 0xFEF3B784, 0xFEF8BC88, 0xFFF7BB87, 0xFFF8BC88, 0xFFF8BC88, 0xFFF8BC88, 
0xFFF8BC88, 0xFFF6BA86, 0xF9FABF8C, 0xFFC17E4D, 0x8C956B4F, 0x007E8184, 0x03807F7E, 0x00807F7F, 0x00808080, 0x00808080, 0x00808080, 0x00808080, 0x00808080, 0x00808080, 0x00808080, 0x00808080, 
0x00808080, 0x00808080, 0x00808080, 0x00808080, 0x00808080, 0x00808080, 0x00808080, 0x00808080, 0x00808080, 0x00808080, 0x00808080, 0x00808080, 0x00808080, 0x00808080, 0x00808080, 0x00808080, 
0x00808080, 0x00808080, 0x00808080, 0x00808080, 0x00808080, 0x00808080, 0x00808080, 0x00808080, 0x00808080, 0x00808080, 0x00808080, 0x00808080, 0x00808080, 0x00808080, 0x00808080, 0x00808080, 
0x00808080, 0x00808080, 0x00808080, 0x00808080, 0x00808080, 0x00808080, 0x00808080, 0x00808080, 0x00808080, 0x00808080, 0x00808080, 0x00808080, 0x00808080, 0x00808080, 0x00808080, 0x00808080, 
0x00808080, 0x00808080, 0x00808080, 0x00808080, 0x00808080, 0x00808080, 0x00808080, 0x00808080, 0x00808080, 0x00808080, 0x00808080, 0x00808080, 0x00808080, 0x00808080, 0x00808080, 0x00808080, 
0x00808080, 0x00808080, 0x00808080, 0x00808080, 0x00808080, 0x00808080, 0x00808080, 0x00808080, 0x00808080, 0x007F7F7F, 0x00808080, 0x017F7E7E, 0x017E8183, 0x268F7C70, 0xF6A66538, 0xFCCD8C59, 
0xFEE7A269, 0xFEDF9B64, 0xFFDF9B64, 0xFFDE9A63, 0xFFE4A068, 0xFFB87747, 0xFFC6885A, 0xFFFEC28E, 0xFFF5B986, 0xFFF7BB87, 0xFFF8BC88, 0xFFF8BC88, 0xFFF7BB87, 0xFFF9BD89, 0xFCEFB381, 0xFFAD6A3C, 
0x428C7668, 0x007D8184, 0x02807F7E, 0x00808080, 0x00808080, 0x00808080, 0x00808080, 0x00808080, 0x00808080, 0x00808080, 0x00808080, 0x00808080, 0x00808080, 0x00808080, 0x00808080, 0x00808080, 
0x00808080, 0x00808080, 0x00808080, 0x007F7F7F, 0x027F7F7F, 0x00838383, 0x6A595550, 0xEF624731, 0xFBAC6D42, 0xFEB97746, 0xFECC8854, 0xFFD8955F, 0xFFE19D66, 0xFFE39F67, 0xFEE29D66, 0xFFE19D66, 
0xFFE29E66, 0xFCDC9A64, 0xFEBC7B4A, 0xD8A0643E, 0x00817B7B, 0x007E8080, 0x03807E7D, 0x007D8285, 0x598A6F5C, 0xFFBF7D4B, 0xFBFABF8C, 0xFFF6BA86, 0xFFF8BC88, 0xFFF8BC88, 0xFFF8BC88, 0xFFF8BC88, 
0xFFF8BC88, 0xFFF5B985, 0xFAFCC18D, 0xFFC88756, 0xAF976746, 0x007E8182, 0x02807F7F, 0x00808080, 0x00808080, 0x00808080, 0x00808080, 0x00808080, 0x00808080, 0x00808080, 0x00808080, 0x00808080, 
0x00808080, 0x00808080, 0x00808080, 0x00808080, 0x00808080, 0x00808080, 0x00808080, 0x00808080, 0x00808080, 0x00808080, 0x00808080, 0x00808080, 0x00808080, 0x00808080, 0x00808080, 0x00808080, 
0x00808080, 0x00808080, 0x00808080, 0x00808080, 0x00808080, 0x00808080, 0x00808080, 0x00808080, 0x00808080, 0x00808080, 0x00808080, 0x00808080, 0x00808080, 0x00808080, 0x00808080, 0x00808080, 
0x00808080, 0x00808080, 0x00808080, 0x00808080, 0x00808080, 0x00808080, 0x00808080, 0x00808080, 0x00808080, 0x00808080, 0x00808080, 0x00808080, 0x00808080, 0x00808080, 0x00808080, 0x00808080, 
0x00808080, 0x00808080, 0x00808080, 0x00808080, 0x00808080, 0x00808080, 0x00808080, 0x00808080, 0x00808080, 0x00808080, 0x00808080, 0x00808080, 0x00808080, 0x00808080, 0x00808080, 0x00808080, 
0x00808080, 0x00808080, 0x00808080, 0x00808080, 0x00808080, 0x00808080, 0x00808080, 0x00808080, 0x00808080, 0x00808080, 0x007F7F7F, 0x03818080, 0x007B7F81, 0x9C785C46, 0xFFAA6737, 0xFBBE7C4C, 
0xFFD18F5A, 0xFFDB9862, 0xFFE09D66, 0xFFE39F67, 0xFFE29E66, 0xFFAA6A3D, 0xFFDC9F6E, 0xFFFCC18C, 0xFFF6BA86, 0xFFF8BC88, 0xFFF8BC88, 0xFFF8BC88, 0xFFF7BB87, 0xFFF9BC89, 0xFBF1B582, 0xFFAE6C3D, 
0x488B7668, 0x007C8183, 0x02807F7E, 0x00808080, 0x00808080, 0x00808080, 0x00808080, 0x00808080, 0x00808080, 0x00808080, 0x00808080, 0x00808080, 0x00808080, 0x00808080, 0x00808080, 0x00808080, 
0x00808080, 0x00808080, 0x007F807F, 0x017F7F7F, 0x00818283, 0x82585149, 0xFF433424, 0xFF785F4C, 0xFE8C6B54, 0xFF926648, 0xFF9E663F, 0xFFA96A3D, 0xFFB87645, 0xFFCB8955, 0xFFD5925D, 0xFED7945F, 
0xFFCA8956, 0xFCAE6F42, 0xFFAC6838, 0xA49E6B48, 0x007F7E7F, 0x007F7F7F, 0x027F7F7F, 0x007E8184, 0xA8976847, 0xFFD59461, 0xFAFDC28D, 0xFEF5B985, 0xFFF7BB87, 0xFFF8BC88, 0xFFF8BC88, 0xFFF8BC88, 
0xFFF8BC88, 0xFFF6BA86, 0xFDFDC18D, 0xFFD39463, 0xD89E643C, 0x04827E7C, 0x007E8080, 0x00807F7F, 0x00808080, 0x00808080, 0x00808080, 0x00808080, 0x00808080, 0x00808080, 0x00808080, 0x00808080, 
0x00808080, 0x00808080, 0x00808080, 0x00808080, 0x00808080, 0x00808080, 0x00808080, 0x00808080, 0x00808080, 0x00808080, 0x00808080, 0x00808080, 0x00808080, 0x00808080, 0x00808080, 0x00808080, 
0x00808080, 0x00808080, 0x00808080, 0x00808080, 0x00808080, 0x00808080, 0x00808080, 0x00808080, 0x00808080, 0x00808080, 0x00808080, 0x00808080, 0x00808080, 0x00808080, 0x00808080, 0x00808080, 
0x00808080, 0x00808080, 0x00808080, 0x00808080, 0x00808080, 0x00808080, 0x00808080, 0x00808080, 0x00808080, 0x00808080, 0x00808080, 0x00808080, 0x00808080, 0x00808080, 0x00808080, 0x00808080, 
0x00808080, 0x00808080, 0x00808080, 0x00808080, 0x00808080, 0x00808080, 0x00808080, 0x00808080, 0x00808080, 0x00808080, 0x00808080, 0x00808080, 0x00808080, 0x00808080, 0x00808080, 0x00808080, 
0x00808080, 0x00808080, 0x00808080, 0x00808080, 0x00808080, 0x00808080, 0x00808080, 0x00808080, 0x007F7F7F, 0x007F7F7F, 0x027F7F7F, 0x00818182, 0x8D514A41, 0xFF4F3E2E, 0xFB956A4D, 0xFE9F663E, 
0xFEA6673B, 0xFFAE6D3E, 0xFFB67444, 0xFFBD7A49, 0xFFB97848, 0xFFAF7144, 0xFFF3B784, 0xFFF8BC88, 0xFFF7BB87, 0xFFF8BC88, 0xFFF8BC88, 0xFFF8BC88, 0xFFF6BA86, 0xFEF8BC88, 0xFBF2B683, 0xFEAF6D3E, 
0x4B8B7667, 0x007D8084, 0x03807F7D, 0x00808080, 0x00808080, 0x00808080, 0x00808080, 0x00808080, 0x00808080, 0x00808080, 0x00808080, 0x00808080, 0x00808080, 0x00808080, 0x00808080, 0x00808080, 
0x00808080, 0x007F7F7F, 0x027E7E7E, 0x00838485, 0x4469645F, 0xFF403122, 0xF97C614E, 0xFE8E6E58, 0xFF886A55, 0xFE886B57, 0xFF896B56, 0xFF8E6A51, 0xFF996744, 0xFFA3663B, 0xFEA9693C, 0xFFAA693C, 
0xF9A7673B, 0xFE8A5733, 0x687D6756, 0x0183817F, 0x027E7F7F, 0x01807E7E, 0x007D8082, 0x16867A73, 0xF0A7673B, 0xFEEBAF7C, 0xFEFABE8A, 0xFFF6BA86, 0xFFF8BC88, 0xFFF8BC88, 0xFFF8BC88, 0xFFF8BC88, 
0xFFF8BC88, 0xFFF6BA86, 0xFEFCC08C, 0xFFDEA06F, 0xF2A2643A, 0x15857D78, 0x007D7F82, 0x00807E7E, 0x00808080, 0x00808080, 0x00808080, 0x00808080, 0x00808080, 0x00808080, 0x00808080, 0x00808080, 
0x00808080, 0x00808080, 0x00808080, 0x00808080, 0x00808080, 0x00808080, 0x00808080, 0x00808080, 0x00808080, 0x00808080, 0x00808080, 0x00808080, 0x00808080, 0x00808080, 0x00808080, 0x00808080, 
0x00808080, 0x00808080, 0x00808080, 0x00808080, 0x00808080, 0x00808080, 0x00808080, 0x00808080, 0x00808080, 0x00808080, 0x00808080, 0x00808080, 0x00808080, 0x00808080, 0x00808080, 0x00808080, 
0x00808080, 0x00808080, 0x00808080, 0x00808080, 0x00808080, 0x00808080, 0x00808080, 0x00808080, 0x00808080, 0x00808080, 0x00808080, 0x00808080, 0x00808080, 0x00808080, 0x00808080, 0x00808080, 
0x00808080, 0x00808080, 0x00808080, 0x00808080, 0x00808080, 0x00808080, 0x00808080, 0x00808080, 0x00808080, 0x00808080, 0x00808080, 0x00808080, 0x00808080, 0x00808080, 0x00808080, 0x00808080, 
0x00808080, 0x00808080, 0x00808080, 0x00808080, 0x00808080, 0x00808080, 0x00808080, 0x00808080, 0x00808080, 0x027E7E7E, 0x00848485, 0x635D5851, 0xFF473727, 0xFB876954, 0xFE896B58, 0xFF896B56, 
0xFF8F6A51, 0xFF95684A, 0xFF996745, 0xFF9C6743, 0xFF9D5F36, 0xFFC98B5C, 0xFFFDC18C, 0xFFF5B986, 0xFFF8BC88, 0xFFF8BC88, 0xFFF8BC88, 0xFFF8BC88, 0xFFF7BB87, 0xFFF9BD89, 0xFCEFB481, 0xFFAE6B3C, 
0x418C7667, 0x007C8183, 0x02807E7E, 0x00808080, 0x00808080, 0x00808080, 0x00808080, 0x00808080, 0x00808080, 0x00808080, 0x00808080, 0x00808080, 0x00808080, 0x00808080, 0x00808080, 0x00808080, 
0x00808080, 0x00808080, 0x027F7F7F, 0x00818182, 0xBA4A4135, 0xFE614C3A, 0xFA906F5A, 0xFF876954, 0xFE8A6B55, 0xFF8A6B55, 0xFF8A6A55, 0xFF886A56, 0xFF886B57, 0xFF8D6B54, 0xFE8F694F, 0xFF956C51, 
0xF97B5B44, 0xFD3A3023, 0x1D6D6E6D, 0x00828485, 0x017E7E7D, 0x027F7F7E, 0x007E8184, 0x9497674B, 0xFFC98654, 0xFBFBC08C, 0xFFF6BA86, 0xFFF7BB87, 0xFFF8BC88, 0xFFF8BC88, 0xFFF8BC88, 0xFFF8BC88, 
0xFFF7BB87, 0xFFF6BA86, 0xFEFCC08B, 0xFFE0A371, 0xF6A3653A, 0x19857E78, 0x007D7F82, 0x00807E7E, 0x00808080, 0x00808080, 0x00808080, 0x00808080, 0x00808080, 0x00808080, 0x00808080, 0x00808080, 
0x00808080, 0x00808080, 0x00808080, 0x00808080, 0x00808080, 0x00808080, 0x00808080, 0x00808080, 0x00808080, 0x00808080, 0x00808080, 0x00808080, 0x00808080, 0x00808080, 0x00808080, 0x00808080, 
0x00808080, 0x00808080, 0x00808080, 0x00808080, 0x00808080, 0x00808080, 0x00808080, 0x00808080, 0x00808080, 0x00808080, 0x00808080, 0x00808080, 0x00808080, 0x00808080, 0x00808080, 0x00808080, 
0x00808080, 0x00808080, 0x00808080, 0x00808080, 0x00808080, 0x00808080, 0x00808080, 0x00808080, 0x00808080, 0x00808080, 0x00808080, 0x00808080, 0x00808080, 0x00808080, 0x00808080, 0x00808080, 
0x00808080, 0x00808080, 0x00808080, 0x00808080, 0x00808080, 0x00808080, 0x00808080, 0x00808080, 0x00808080, 0x00808080, 0x00808080, 0x00808080, 0x00808080, 0x00808080, 0x00808080, 0x00808080, 
0x00808080, 0x00808080, 0x00808080, 0x00808080, 0x00808080, 0x00808080, 0x00808080, 0x00808080, 0x007F7F7F, 0x00818282, 0x14777573, 0xED423528, 0xFC785E4A, 0xFD8E6E58, 0xFF886954, 0xFE8A6B56, 
0xFF886B57, 0xFF886A56, 0xFF866B58, 0xFF8D6951, 0xFFAC6D41, 0xFFF0B480, 0xFFF9BD89, 0xFFF5B985, 0xFFF7BB87, 0xFFF7BB87, 0xFFF8BC88, 0xFFF7BB87, 0xFFF6BA86, 0xFEFBBF8B, 0xFFE2A573, 0xF4A46438, 
0x19867A72, 0x007E8082, 0x007F7F7F, 0x00808080, 0x00808080, 0x00808080, 0x00808080, 0x00808080, 0x00808080, 0x00808080, 0x00808080, 0x00808080, 0x00808080, 0x00808080, 0x00808080, 0x00808080, 
0x00808080, 0x007F7F7F, 0x00818282, 0x12777573, 0xF144372A, 0xFE7B5F4C, 0xFE8B6B56, 0xFE886954, 0xFF896A55, 0xFF896A55, 0xFF896A55, 0xFF8A6A55, 0xFF8A6A55, 0xFF896B56, 0xFF856955, 0xFD8D6E5A, 
0xFE5F4B3B, 0xD8443A2E, 0x047E7C7B, 0x00808080, 0x007F7F7E, 0x007E8082, 0x18847872, 0xF2A96A3E, 0xFEEEB27F, 0xFEF8BC88, 0xFEF6BA86, 0xFFF8BC88, 0xFFF7BB87, 0xFFF8BC88, 0xFFF8BC88, 0xFFF7BB87, 
0xFFF8BC88, 0xFEF5B985, 0xFCFEC28E, 0xFDCD8E5E, 0xE19F633A, 0x08827E7B, 0x007E8081, 0x00807F7F, 0x00808080, 0x00808080, 0x00808080, 0x00808080, 0x00808080, 0x00808080, 0x00808080, 0x00808080, 
0x00808080, 0x00808080, 0x00808080, 0x00808080, 0x00808080, 0x00808080, 0x00808080, 0x00808080, 0x00808080, 0x00808080, 0x00808080, 0x00808080, 0x00808080, 0x00808080, 0x00808080, 0x00808080, 
0x00808080, 0x00808080, 0x00808080, 0x00808080, 0x00808080, 0x00808080, 0x00808080, 0x00808080, 0x00808080, 0x00808080, 0x00808080, 0x00808080, 0x00808080, 0x00808080, 0x00808080, 0x00808080, 
0x00808080, 0x00808080, 0x00808080, 0x00808080, 0x00808080, 0x00808080, 0x00808080, 0x00808080, 0x00808080, 0x00808080, 0x00808080, 0x00808080, 0x00808080, 0x00808080, 0x00808080, 0x00808080, 
0x00808080, 0x00808080, 0x00808080, 0x00808080, 0x00808080, 0x00808080, 0x00808080, 0x00808080, 0x00808080, 0x00808080, 0x00808080, 0x00808080, 0x00808080, 0x00808080, 0x00808080, 0x00808080, 
0x00808080, 0x00808080, 0x00808080, 0x00808080, 0x00808080, 0x00808080, 0x00808080, 0x00808080, 0x037E7D7D, 0x00848586, 0x625E5952, 0xFE534030, 0xFB8E6E59, 0xFF876854, 0xFE896A55, 0xFF8A6B56, 
0xFF8A6B55, 0xFF8A6954, 0xFF886B56, 0xFF926A4E, 0xFFAF6D3F, 0xFFE0A372, 0xFFF7BC88, 0xFFFDC18D, 0xFFFBBF8B, 0xFFF9BD89, 0xFFF8BC88, 0xFFF8BC88, 0xFEF5B985, 0xFBFDC18D, 0xFDCC8B5A, 0xBF9B6642, 
0x007F8080, 0x017F7F7F, 0x007F7F7F, 0x00808080, 0x00808080, 0x00808080, 0x00808080, 0x00808080, 0x00808080, 0x00808080, 0x00808080, 0x00808080, 0x00808080, 0x00808080, 0x00808080, 0x00808080, 
0x00808080, 0x007E7E7E, 0x00828383, 0x2A716F6C, 0xFF453728, 0xFA856854, 0xFE8F6F58, 0xFE8A6B56, 0xFE8B6C57, 0xFE8B6C57, 0xFF8B6C56, 0xFF8B6C56, 0xFE8B6C56, 0xFE8A6B56, 0xFE8E6D58, 0xF7866854, 
0xFF463627, 0x87574F47, 0x00838485, 0x037E7E7E, 0x03807F7E, 0x007C8184, 0x6393715B, 0xFFBC7745, 0xFBF5BB88, 0xFFFDC18C, 0xFFF8BC88, 0xFFF6BA86, 0xFFF6BA86, 0xFFF6BA86, 0xFFF7BB87, 0xFFF7BB87, 
0xFEF5B985, 0xFEFEC28D, 0xF8DEA372, 0xFFAA6535, 0x6E957159, 0x007D8083, 0x02807F7E, 0x00808080, 0x00808080, 0x00808080, 0x00808080, 0x00808080, 0x00808080, 0x00808080, 0x00808080, 0x00808080, 
0x00808080, 0x00808080, 0x00808080, 0x00808080, 0x00808080, 0x00808080, 0x00808080, 0x00808080, 0x00808080, 0x00808080, 0x00808080, 0x00808080, 0x00808080, 0x00808080, 0x00808080, 0x00808080, 
0x00808080, 0x00808080, 0x00808080, 0x00808080, 0x00808080, 0x00808080, 0x00808080, 0x00808080, 0x00808080, 0x00808080, 0x00808080, 0x00808080, 0x00808080, 0x00808080, 0x00808080, 0x00808080, 
0x00808080, 0x00808080, 0x00808080, 0x00808080, 0x00808080, 0x00808080, 0x00808080, 0x00808080, 0x00808080, 0x00808080, 0x00808080, 0x00808080, 0x00808080, 0x00808080, 0x00808080, 0x00808080, 
0x00808080, 0x00808080, 0x00808080, 0x00808080, 0x00808080, 0x00808080, 0x00808080, 0x00808080, 0x00808080, 0x00808080, 0x00808080, 0x00808080, 0x00808080, 0x00808080, 0x00808080, 0x00808080, 
0x00808080, 0x00808080, 0x00808080, 0x00808080, 0x00808080, 0x00808080, 0x00808080, 0x00808080, 0x027E7D7D, 0x00848586, 0x695E5851, 0xFF4F3C2A, 0xFA8B6C57, 0xFB8F6F59, 0xFE8B6B56, 0xFE896A55, 
0xFE886955, 0xFF896A55, 0xFF8E6E58, 0xFF5C4939, 0xFF875B3C, 0xFFA9683C, 0xFFB77647, 0xFFD19261, 0xFFE4A775, 0xFFEFB380, 0xFFF3B784, 0xFFF5B986, 0xFFFABE8A, 0xFBECB280, 0xFFAF6B3B, 0x5B8F735E, 
0x007C8184, 0x037F7E7D, 0x00808080, 0x00808080, 0x00808080, 0x00808080, 0x00808080, 0x00808080, 0x00808080, 0x00808080, 0x00808080, 0x00808080, 0x00808080, 0x00808080, 0x00808080, 0x00808080, 
0x00808080, 0x007F7F7F, 0x01808080, 0x0A7B7A79, 0xD1473C2F, 0xFF53402F, 0xFF775C49, 0xFF7F634F, 0xFF826551, 0xFF836551, 0xFF846652, 0xFF846652, 0xFF836651, 0xFF836651, 0xFF7A5F4C, 0xFF4E3D2D, 
0xDF43382A, 0x13777674, 0x01818182, 0x007F7F7F, 0x027F7E7D, 0x00828486, 0x5372655A, 0xFE8D5832, 0xFBB87646, 0xFED49666, 0xFFF3B784, 0xFFFCC18C, 0xFFFDC18D, 0xFFFCC08C, 0xFFFBBF8B, 0xFEF9BD89, 
0xFFFDC18C, 0xFAE1A574, 0xFFAC6838, 0x9E9B6C4C, 0x007E8081, 0x027F7F7F, 0x007F7F7F, 0x00807F7F, 0x00808080, 0x00808080, 0x00808080, 0x00808080, 0x00808080, 0x00808080, 0x00808080, 0x00808080, 
0x00808080, 0x00808080, 0x00808080, 0x00808080, 0x00808080, 0x00808080, 0x00808080, 0x00808080, 0x00808080, 0x00808080, 0x00808080, 0x00808080, 0x00808080, 0x00808080, 0x00808080, 0x00808080, 
0x00808080, 0x00808080, 0x00808080, 0x00808080, 0x00808080, 0x00808080, 0x00808080, 0x00808080, 0x00808080, 0x00808080, 0x00808080, 0x00808080, 0x00808080, 0x00808080, 0x00808080, 0x00808080, 
0x00808080, 0x00808080, 0x00808080, 0x00808080, 0x00808080, 0x00808080, 0x00808080, 0x00808080, 0x00808080, 0x00808080, 0x00808080, 0x00808080, 0x00808080, 0x00808080, 0x00808080, 0x00808080, 
0x00808080, 0x00808080, 0x00808080, 0x00808080, 0x00808080, 0x00808080, 0x00808080, 0x00808080, 0x00808080, 0x00808080, 0x00808080, 0x00808080, 0x00808080, 0x00808080, 0x00808080, 0x00808080, 
0x00808080, 0x00808080, 0x00808080, 0x00808080, 0x00808080, 0x00808080, 0x00808080, 0x00808080, 0x007F7F7F, 0x01808080, 0x0B7C7B7B, 0xA250483D, 0xFF493828, 0xFF68503E, 0xFF846752, 0xFC8D6D58, 
0xFE8D6D58, 0xFF8F6E59, 0xFE5D4A39, 0xFF594737, 0xFF896B57, 0xFF8E6A52, 0xFF956646, 0xFF9D633C, 0xFFA5663B, 0xFFAD6D3F, 0xFFB17142, 0xFFB57445, 0xFCB9794A, 0xFFB77545, 0xD6A46940, 0x07807D7A, 
0x007E8081, 0x007F7F7F, 0x00808080, 0x00808080, 0x00808080, 0x00808080, 0x00808080, 0x00808080, 0x00808080, 0x00808080, 0x00808080, 0x00808080, 0x00808080, 0x00808080, 0x00808080, 0x00808080, 
0x00808080, 0x00808080, 0x017F7F7E, 0x00828283, 0x19767472, 0x9951483F, 0xE045392C, 0xF746382A, 0xFE47382A, 0xFF47392A, 0xFF483A2B, 0xFF48392B, 0xFF48392B, 0xFF463829, 0xEF423628, 0xB54B4136, 
0x2173716E, 0x00828383, 0x017F7E7E, 0x007F7F7F, 0x01808081, 0x087C7B7A, 0xCF433B30, 0xFE715845, 0xFD9B6A4A, 0xFFA16338, 0xFFB27042, 0xFFC68757, 0xFFD39565, 0xFFE0A472, 0xFFE9AD7B, 0xFFEFB481, 
0xFCDEA271, 0xFFAB683A, 0xA69E6C49, 0x03817F7D, 0x017E7F81, 0x00807F7F, 0x00808080, 0x00808080, 0x00808080, 0x00808080, 0x00808080, 0x00808080, 0x00808080, 0x00808080, 0x00808080, 0x00808080, 
0x00808080, 0x00808080, 0x00808080, 0x00808080, 0x00808080, 0x00808080, 0x00808080, 0x00808080, 0x00808080, 0x00808080, 0x00808080, 0x00808080, 0x00808080, 0x00808080, 0x00808080, 0x00808080, 
0x00808080, 0x00808080, 0x00808080, 0x00808080, 0x00808080, 0x00808080, 0x00808080, 0x00808080, 0x00808080, 0x00808080, 0x00808080, 0x00808080, 0x00808080, 0x00808080, 0x00808080, 0x00808080, 
0x00808080, 0x00808080, 0x00808080, 0x00808080, 0x00808080, 0x00808080, 0x00808080, 0x00808080, 0x00808080, 0x00808080, 0x00808080, 0x00808080, 0x00808080, 0x00808080, 0x00808080, 0x00808080, 
0x00808080, 0x00808080, 0x00808080, 0x00808080, 0x00808080, 0x00808080, 0x00808080, 0x00808080, 0x00808080, 0x00808080, 0x00808080, 0x00808080, 0x00808080, 0x00808080, 0x00808080, 0x00808080, 
0x00808080, 0x00808080, 0x00808080, 0x00808080, 0x00808080, 0x00808080, 0x00808080, 0x00808080, 0x00808080, 0x007F7F7F, 0x00818181, 0x00808081, 0x40686460, 0xA84D453A, 0xF747382A, 0xFF52402F, 
0xFF6A5342, 0xFE5E4A3A, 0xFF514131, 0xFF8C6C57, 0xFF8A6B55, 0xFF886A56, 0xFF876B58, 0xFF8A6C57, 0xFF8E6B52, 0xFF91694E, 0xFF93684B, 0xFF946748, 0xFA946546, 0xFF8A5732, 0x677F6A5A, 0x007F8285, 
0x037F7E7D, 0x00808080, 0x00808080, 0x00808080, 0x00808080, 0x00808080, 0x00808080, 0x00808080, 0x00808080, 0x00808080, 0x00808080, 0x00808080, 0x00808080, 0x00808080, 0x00808080, 0x00808080, 
0x00808080, 0x007F7F7F, 0x00808080, 0x007F7F7F, 0x00828283, 0x00838484, 0x097B7A78, 0x1E757370, 0x2872706D, 0x2B73706D, 0x2D72706D, 0x2E72706D, 0x2E73706E, 0x2E706D6B, 0x17757371, 0x00808081, 
0x00828283, 0x007F7F7F, 0x00808080, 0x037E7E7D, 0x00848485, 0x7C58514A, 0xFF4D3B2A, 0xFA8B6D58, 0xFF876A57, 0xFF8D6B54, 0xFF976747, 0xFF9C633C, 0xFFA06338, 0xFFA56538, 0xFFAA693B, 0xFCAC6B3D, 
0xFEAD693A, 0xC4986644, 0x007F7F7F, 0x007E8081, 0x00807F7F, 0x007F8080, 0x00807F7F, 0x00808080, 0x00808080, 0x00808080, 0x00808080, 0x00808080, 0x00808080, 0x00808080, 0x00808080, 0x00808080, 
0x00808080, 0x00808080, 0x00808080, 0x00808080, 0x00808080, 0x00808080, 0x00808080, 0x00808080, 0x00808080, 0x00808080, 0x00808080, 0x00808080, 0x00808080, 0x00808080, 0x00808080, 0x00808080, 
0x00808080, 0x00808080, 0x00808080, 0x00808080, 0x00808080, 0x00808080, 0x00808080, 0x00808080, 0x00808080, 0x00808080, 0x00808080, 0x00808080, 0x00808080, 0x00808080, 0x00808080, 0x00808080, 
0x00808080, 0x00808080, 0x00808080, 0x00808080, 0x00808080, 0x00808080, 0x00808080, 0x00808080, 0x00808080, 0x00808080, 0x00808080, 0x00808080, 0x00808080, 0x00808080, 0x00808080, 0x00808080, 
0x00808080, 0x00808080, 0x00808080, 0x00808080, 0x00808080, 0x00808080, 0x00808080, 0x00808080, 0x00808080, 0x00808080, 0x00808080, 0x00808080, 0x00808080, 0x00808080, 0x00808080, 0x00808080, 
0x00808080, 0x00808080, 0x00808080, 0x00808080, 0x00808080, 0x00808080, 0x00808080, 0x00808080, 0x007F7F7F, 0x00808080, 0x007F7F7F, 0x017F7F7F, 0x00848586, 0x00828282, 0x1F74726F, 0x54615C56, 
0xEB3D3226, 0xFE4C3D2E, 0xFD876854, 0xFF8A6B56, 0xFF896A55, 0xFF8A6B55, 0xFF8A6B55, 0xFF8A6B55, 0xFF896B56, 0xFF886B57, 0xFF886B57, 0xFF886B58, 0xFB866A57, 0xFF443628, 0x5B615E5A, 0x00848585, 
0x027E7D7E, 0x00807F7F, 0x00808080, 0x00808080, 0x00808080, 0x00808080, 0x00808080, 0x00808080, 0x00808080, 0x00808080, 0x00808080, 0x00808080, 0x00808080, 0x00808080, 0x00808080, 0x00808080, 
0x00808080, 0x00808080, 0x007F7F7F, 0x00808080, 0x017F7F7F, 0x037F7F7F, 0x00818181, 0x00828283, 0x00828383, 0x00828383, 0x00828383, 0x00828383, 0x00828383, 0x00838384, 0x00828283, 0x027F7F7F, 
0x017F7F7F, 0x00808080, 0x017F7E7E, 0x00828283, 0x2074716E, 0xF43F3325, 0xFC715947, 0xFE8D6D58, 0xFE886954, 0xFF896A56, 0xFF876B57, 0xFF8A6C57, 0xFF8D6C54, 0xFF926B50, 0xFF94694C, 0xFC996C4D, 
0xFF7B5538, 0xC04F4337, 0x007D7E7F, 0x01807F7F, 0x007F8080, 0x00807F7F, 0x00808080, 0x00808080, 0x00808080, 0x00808080, 0x00808080, 0x00808080, 0x00808080, 0x00808080, 0x00808080, 0x00808080, 
0x00808080, 0x00808080, 0x00808080, 0x00808080, 0x00808080, 0x00808080, 0x00808080, 0x00808080, 0x00808080, 0x00808080, 0x00808080, 0x00808080, 0x00808080, 0x00808080, 0x00808080, 0x00808080, 
0x00808080, 0x00808080, 0x00808080, 0x00808080, 0x00808080, 0x00808080, 0x00808080, 0x00808080, 0x00808080, 0x00808080, 0x00808080, 0x00808080, 0x00808080, 0x00808080, 0x00808080, 0x00808080, 
0x00808080, 0x00808080, 0x00808080, 0x00808080, 0x00808080, 0x00808080, 0x00808080, 0x00808080, 0x00808080, 0x00808080, 0x00808080, 0x00808080, 0x00808080, 0x00808080, 0x00808080, 0x00808080, 
0x00808080, 0x00808080, 0x00808080, 0x00808080, 0x00808080, 0x00808080, 0x00808080, 0x00808080, 0x00808080, 0x00808080, 0x00808080, 0x00808080, 0x00808080, 0x00808080, 0x00808080, 0x00808080, 
0x00808080, 0x00808080, 0x00808080, 0x00808080, 0x00808080, 0x00808080, 0x00808080, 0x00808080, 0x00808080, 0x00808080, 0x00807F7F, 0x00808080, 0x027F7E7E, 0x057D7D7D, 0x0086888A, 0x4666615D, 
0xFC473728, 0xFB846652, 0xFE8B6B56, 0xFF886954, 0xFF8A6B56, 0xFF896A55, 0xFF896A55, 0xFF896A56, 0xFF8A6A55, 0xFF8A6A55, 0xFF8A6B55, 0xFF8A6A55, 0xFB876954, 0xFF493929, 0x5E65605A, 0x00838485, 
0x027F7E7E, 0x00808080, 0x00808080, 0x00808080, 0x00808080, 0x00808080, 0x00808080, 0x00808080, 0x00808080, 0x00808080, 0x00808080, 0x00808080, 0x00808080, 0x00808080, 0x00808080, 0x00808080, 
0x00808080, 0x00808080, 0x00808080, 0x00808080, 0x007F7F7F, 0x00808080, 0x007F7F7F, 0x007F7F7F, 0x017F7F7F, 0x017F7F7F, 0x017F7F7F, 0x017F7F7F, 0x017F7F7F, 0x017F7F7F, 0x007F7F7F, 0x00808080, 
0x007F7F7F, 0x00808080, 0x027E7E7E, 0x00838485, 0x93544C43, 0xFF4E3D2D, 0xF98C6C57, 0xFF896A55, 0xFF896A55, 0xFF8A6B55, 0xFF8A6B55, 0xFF8A6B56, 0xFF896B56, 0xFF886B57, 0xFF856A56, 0xFD8C6E5B, 
0xFF5D4B3C, 0xDB43392D, 0x027E7C7B, 0x007F8080, 0x00807F7F, 0x00808080, 0x00808080, 0x00808080, 0x00808080, 0x00808080, 0x00808080, 0x00808080, 0x00808080, 0x00808080, 0x00808080, 0x00808080, 
0x00808080, 0x00808080, 0x00808080, 0x00808080, 0x00808080, 0x00808080, 0x00808080, 0x00808080, 0x00808080, 0x00808080, 0x00808080, 0x00808080, 0x00808080, 0x00808080, 0x00808080, 0x00808080, 
0x00808080, 0x00808080, 0x00808080, 0x00808080, 0x00808080, 0x00808080, 0x00808080, 0x00808080, 0x00808080, 0x00808080, 0x00808080, 0x00808080, 0x00808080, 0x00808080, 0x00808080, 0x00808080, 
0x00808080, 0x00808080, 0x00808080, 0x00808080, 0x00808080, 0x00808080, 0x00808080, 0x00808080, 0x00808080, 0x00808080, 0x00808080, 0x00808080, 0x00808080, 0x00808080, 0x00808080, 0x00808080, 
0x00808080, 0x00808080, 0x00808080, 0x00808080, 0x00808080, 0x00808080, 0x00808080, 0x00808080, 0x00808080, 0x00808080, 0x00808080, 0x00808080, 0x00808080, 0x00808080, 0x00808080, 0x00808080, 
0x00808080, 0x00808080, 0x00808080, 0x00808080, 0x00808080, 0x00808080, 0x00808080, 0x00808080, 0x00808080, 0x00808080, 0x00808080, 0x00808080, 0x007F7F7F, 0x057D7D7D, 0x01838485, 0x89544D44, 
0xFF513E2D, 0xF58F705B, 0xFD8D6D58, 0xFE8C6C57, 0xFE8A6B56, 0xFE896A55, 0xFF896A55, 0xFF896A55, 0xFF896A55, 0xFE896A55, 0xFE8A6B56, 0xFE8C6C57, 0xFA8B6C57, 0xFB483929, 0x5E645F59, 0x00838586, 
0x037F7D7E, 0x00808080, 0x00808080, 0x00808080, 0x00808080, 0x00808080, 0x00808080, 0x00808080, 0x00808080, 0x00808080, 0x00808080, 0x00808080, 0x00808080, 0x00808080, 0x00808080, 0x00808080, 
0x00808080, 0x00808080, 0x00808080, 0x00808080, 0x00808080, 0x00808080, 0x00808080, 0x00808080, 0x00808080, 0x00808080, 0x00808080, 0x00808080, 0x00808080, 0x00808080, 0x00808080, 0x00808080, 
0x00808080, 0x007F7F7F, 0x00808181, 0x0B797876, 0xE642372A, 0xFE6D5543, 0xFD8D6D58, 0xFE876954, 0xFF896B56, 0xFF896A55, 0xFF896A55, 0xFF896A56, 0xFF8A6A55, 0xFF8A6A55, 0xFF886A54, 0xFE8E6D58, 
0xFF654F3C, 0xDB463B2F, 0x037E7D7C, 0x007F7F80, 0x00808080, 0x00808080, 0x00808080, 0x00808080, 0x00808080, 0x00808080, 0x00808080, 0x00808080, 0x00808080, 0x00808080, 0x00808080, 0x00808080, 
0x00808080, 0x00808080, 0x00808080, 0x00808080, 0x00808080, 0x00808080, 0x00808080, 0x00808080, 0x00808080, 0x00808080, 0x00808080, 0x00808080, 0x00808080, 0x00808080, 0x00808080, 0x00808080, 
0x00808080, 0x00808080, 0x00808080, 0x00808080, 0x00808080, 0x00808080, 0x00808080, 0x00808080, 0x00808080, 0x00808080, 0x00808080, 0x00808080, 0x00808080, 0x00808080, 0x00808080, 0x00808080, 
0x00808080, 0x00808080, 0x00808080, 0x00808080, 0x00808080, 0x00808080, 0x00808080, 0x00808080, 0x00808080, 0x00808080, 0x00808080, 0x00808080, 0x00808080, 0x00808080, 0x00808080, 0x00808080, 
0x00808080, 0x00808080, 0x00808080, 0x00808080, 0x00808080, 0x00808080, 0x00808080, 0x00808080, 0x00808080, 0x00808080, 0x00808080, 0x00808080, 0x00808080, 0x00808080, 0x00808080, 0x00808080, 
0x00808080, 0x00808080, 0x00808080, 0x00808080, 0x00808080, 0x00808080, 0x00808080, 0x00808080, 0x00808080, 0x00808080, 0x00808080, 0x00808080, 0x00808080, 0x027E7E7E, 0x00828383, 0x396E6A66, 
0xEB433527, 0xFF4F3D2D, 0xFF6D5542, 0xFF7F634F, 0xFC886A55, 0xFA8C6D58, 0xFA8D6D58, 0xF98D6D58, 0xF98C6D58, 0xFA8B6C57, 0xFB876954, 0xFE7F634F, 0xFF705846, 0xFF413222, 0x4568635F, 0x00838485, 
0x027E7E7D, 0x00808080, 0x00808080, 0x00808080, 0x00808080, 0x00808080, 0x00808080, 0x00808080, 0x00808080, 0x00808080, 0x00808080, 0x00808080, 0x00808080, 0x00808080, 0x00808080, 0x00808080, 
0x00808080, 0x00808080, 0x00808080, 0x00808080, 0x00808080, 0x00808080, 0x00808080, 0x00808080, 0x00808080, 0x00808080, 0x00808080, 0x00808080, 0x00808080, 0x00808080, 0x00808080, 0x00808080, 
0x00808080, 0x017E7E7E, 0x00838384, 0x356E6B67, 0xFC433527, 0xFB836652, 0xFF8F6E59, 0xFE8A6B56, 0xFE8B6B56, 0xFF8A6B56, 0xFF8A6B56, 0xFF8A6B56, 0xFF8A6B56, 0xFF8A6B56, 0xFE886A55, 0xFE91705A, 
0xFD67513E, 0xDA453B2F, 0x037D7C7B, 0x00808081, 0x00808080, 0x00808080, 0x00808080, 0x00808080, 0x00808080, 0x00808080, 0x00808080, 0x00808080, 0x00808080, 0x00808080, 0x00808080, 0x00808080, 
0x00808080, 0x00808080, 0x00808080, 0x00808080, 0x00808080, 0x00808080, 0x00808080, 0x00808080, 0x00808080, 0x00808080, 0x00808080, 0x00808080, 0x00808080, 0x00808080, 0x00808080, 0x00808080, 
0x00808080, 0x00808080, 0x00808080, 0x00808080, 0x00808080, 0x00808080, 0x00808080, 0x00808080, 0x00808080, 0x00808080, 0x00808080, 0x00808080, 0x00808080, 0x00808080, 0x00808080, 0x00808080, 
0x00808080, 0x00808080, 0x00808080, 0x00808080, 0x00808080, 0x00808080, 0x00808080, 0x00808080, 0x00808080, 0x00808080, 0x00808080, 0x00808080, 0x00808080, 0x00808080, 0x00808080, 0x00808080, 
0x00808080, 0x00808080, 0x00808080, 0x00808080, 0x00808080, 0x00808080, 0x00808080, 0x00808080, 0x00808080, 0x00808080, 0x00808080, 0x00808080, 0x00808080, 0x00808080, 0x00808080, 0x00808080, 
0x00808080, 0x00808080, 0x00808080, 0x00808080, 0x00808080, 0x00808080, 0x00808080, 0x00808080, 0x00808080, 0x00808080, 0x00808080, 0x00808080, 0x00808080, 0x00808080, 0x007F7F7F, 0x00828283, 
0x19767472, 0x7959534B, 0xCB463C30, 0xF6443729, 0xFF483929, 0xFF4E3C2C, 0xFF503E2D, 0xFF503E2D, 0xFF503E2D, 0xFF4D3C2B, 0xFF473728, 0xFC433527, 0xE4423629, 0xA850473C, 0x0A7A7978, 0x00808081, 
0x007F7F7F, 0x00808080, 0x00808080, 0x00808080, 0x00808080, 0x00808080, 0x00808080, 0x00808080, 0x00808080, 0x00808080, 0x00808080, 0x00808080, 0x00808080, 0x00808080, 0x00808080, 0x00808080, 
0x00808080, 0x00808080, 0x00808080, 0x00808080, 0x00808080, 0x00808080, 0x00808080, 0x00808080, 0x00808080, 0x00808080, 0x00808080, 0x00808080, 0x00808080, 0x00808080, 0x00808080, 0x00808080, 
0x00808080, 0x017F7E7E, 0x00828283, 0x2F706C69, 0xFF3F3121, 0xFF624C3B, 0xFF795E4B, 0xFD816450, 0xFC866854, 0xFB876955, 0xFB896A56, 0xFB8A6B56, 0xFB896B56, 0xFB896B56, 0xFB886A55, 0xFB806450, 
0xFF544232, 0xD7453A2D, 0x007E7D7D, 0x007F7F80, 0x00808080, 0x00808080, 0x00808080, 0x00808080, 0x00808080, 0x00808080, 0x00808080, 0x00808080, 0x00808080, 0x00808080, 0x00808080, 0x00808080, 
0x00808080, 0x00808080, 0x00808080, 0x00808080, 0x00808080, 0x00808080, 0x00808080, 0x00808080, 0x00808080, 0x00808080, 0x00808080, 0x00808080, 0x00808080, 0x00808080, 0x00808080, 0x00808080, 
0x00808080, 0x00808080, 0x00808080, 0x00808080, 0x00808080, 0x00808080, 0x00808080, 0x00808080, 0x00808080, 0x00808080, 0x00808080, 0x00808080, 0x00808080, 0x00808080, 0x00808080, 0x00808080, 
0x00808080, 0x00808080, 0x00808080, 0x00808080, 0x00808080, 0x00808080, 0x00808080, 0x00808080, 0x00808080, 0x00808080, 0x00808080, 0x00808080, 0x00808080, 0x00808080, 0x00808080, 0x00808080, 
0x00808080, 0x00808080, 0x00808080, 0x00808080, 0x00808080, 0x00808080, 0x00808080, 0x00808080, 0x00808080, 0x00808080, 0x00808080, 0x00808080, 0x00808080, 0x00808080, 0x00808080, 0x00808080, 
0x00808080, 0x00808080, 0x00808080, 0x00808080, 0x00808080, 0x00808080, 0x00808080, 0x00808080, 0x00808080, 0x00808080, 0x00808080, 0x00808080, 0x00808080, 0x007F7F7F, 0x00808080, 0x017F7F7F, 
0x00828283, 0x00848585, 0x007E7E7D, 0x1F74726F, 0x436A6661, 0x5D635E59, 0x695F5A54, 0x7059534C, 0x725A534C, 0x655E5952, 0x4B66615C, 0x28716D6A, 0x0B797876, 0x00808081, 0x00818181, 0x007F7F7F, 
0x00808080, 0x00808080, 0x00808080, 0x00808080, 0x00808080, 0x00808080, 0x00808080, 0x00808080, 0x00808080, 0x00808080, 0x00808080, 0x00808080, 0x00808080, 0x00808080, 0x00808080, 0x00808080, 
0x00808080, 0x00808080, 0x00808080, 0x00808080, 0x00808080, 0x00808080, 0x00808080, 0x00808080, 0x00808080, 0x00808080, 0x00808080, 0x00808080, 0x00808080, 0x00808080, 0x00808080, 0x00808080, 
0x00808080, 0x007F7F7F, 0x017F7F7F, 0x017E7E7F, 0x6B5F5952, 0xD544392D, 0xF8413426, 0xFF443627, 0xFF473728, 0xFF483828, 0xFF4A3A2A, 0xFF4B3A2A, 0xFF4A3A2A, 0xFF4A3A2A, 0xFF493929, 0xFF413324, 
0xDF43372A, 0x4E67625D, 0x00818282, 0x017F7E7E, 0x00808080, 0x00808080, 0x00808080, 0x00808080, 0x00808080, 0x00808080, 0x00808080, 0x00808080, 0x00808080, 0x00808080, 0x00808080, 0x00808080, 
0x00808080, 0x00808080, 0x00808080, 0x00808080, 0x00808080, 0x00808080, 0x00808080, 0x00808080, 0x00808080, 0x00808080, 0x00808080, 0x00808080, 0x00808080, 0x00808080, 0x00808080, 0x00808080, 
0x00808080, 0x00808080, 0x00808080, 0x00808080, 0x00808080, 0x00808080, 0x00808080, 0x00808080, 0x00808080, 0x00808080, 0x00808080, 0x00808080, 0x00808080, 0x00808080, 0x00808080, 0x00808080, 
0x00808080, 0x00808080, 0x00808080, 0x00808080, 0x00808080, 0x00808080, 0x00808080, 0x00808080, 0x00808080, 0x00808080, 0x00808080, 0x00808080, 0x00808080, 0x00808080, 0x00808080, 0x00808080, 
0x00808080, 0x00808080, 0x00808080, 0x00808080, 0x00808080, 0x00808080, 0x00808080, 0x00808080, 0x00808080, 0x00808080, 0x00808080, 0x00808080, 0x00808080, 0x00808080, 0x00808080, 0x00808080, 
0x00808080, 0x00808080, 0x00808080, 0x00808080, 0x00808080, 0x00808080, 0x00808080, 0x00808080, 0x00808080, 0x00808080, 0x00808080, 0x00808080, 0x00808080, 0x00808080, 0x007F7F7F, 0x00808080, 
0x007F7F7F, 0x037F7E7E, 0x00808080, 0x00828383, 0x00848586, 0x00848586, 0x00858687, 0x00858687, 0x00858687, 0x00858587, 0x00848586, 0x00838384, 0x00818282, 0x027F7F7F, 0x007F7F7F, 0x00808080, 
0x007F7F7F, 0x00808080, 0x00808080, 0x00808080, 0x00808080, 0x00808080, 0x00808080, 0x00808080, 0x00808080, 0x00808080, 0x00808080, 0x00808080, 0x00808080, 0x00808080, 0x00808080, 0x00808080, 
0x00808080, 0x00808080, 0x00808080, 0x00808080, 0x00808080, 0x00808080, 0x00808080, 0x00808080, 0x00808080, 0x00808080, 0x00808080, 0x00808080, 0x00808080, 0x00808080, 0x00808080, 0x00808080, 
0x00808080, 0x00808080, 0x007F7F7F, 0x00808080, 0x00838485, 0x017D7C7B, 0x2373706E, 0x406C6864, 0x5366615C, 0x5E645F59, 0x67615B55, 0x6B5F5851, 0x6B5F5952, 0x6D5F5952, 0x685F5953, 0x416A6661, 
0x0A7A7978, 0x00828384, 0x007F7F7F, 0x00808080, 0x00808080, 0x00808080, 0x00808080, 0x00808080, 0x00808080, 0x00808080, 0x00808080, 0x00808080, 0x00808080, 0x00808080, 0x00808080, 0x00808080, 
0x00808080, 0x00808080, 0x00808080, 0x00808080, 0x00808080, 0x00808080, 0x00808080, 0x00808080, 0x00808080, 0x00808080, 0x00808080, 0x00808080, 0x00808080, 0x00808080, 0x00808080, 0x00808080, 
0x00808080, 0x00808080, 0x00808080, 0x00808080, 0x00808080, 0x00808080, 0x00808080, 0x00808080, 0x00808080, 0x00808080, 0x00808080, 0x00808080, 0x00808080, 0x00808080, 0x00808080, 0x00808080, 
0x00808080, 0x00808080, 0x00808080, 0x00808080, 0x00808080, 0x00808080, 0x00808080, 0x00808080, 0x00808080, 0x00808080, 0x00808080, 0x00808080, 0x00808080, 0x00808080, 0x00808080, 0x00808080, 
0x00808080, 0x00808080, 0x00808080, 0x00808080, 0x00808080, 0x00808080, 0x00808080, 0x00808080, 0x00808080, 0x00808080, 0x00808080, 0x00808080, 0x00808080, 0x00808080, 0x00808080, 0x00808080, 
0x00808080, 0x00808080, 0x00808080, 0x00808080, 0x00808080, 0x00808080, 0x00808080, 0x00808080, 0x00808080, 0x00808080, 0x00808080, 0x00808080, 0x00808080, 0x00808080, 0x00808080, 0x00808080, 
0x00808080, 0x007F7F7F, 0x007F7F80, 0x017F7F7F, 0x037F7E7E, 0x047F7E7E, 0x047F7E7E, 0x047F7E7E, 0x047F7E7E, 0x047F7E7E, 0x037F7E7E, 0x017F7F7E, 0x007F7F7F, 0x00808080, 0x007F7F7F, 0x00808080, 
0x00808080, 0x00808080, 0x00808080, 0x00808080, 0x00808080, 0x00808080, 0x00808080, 0x00808080, 0x00808080, 0x00808080, 0x00808080, 0x00808080, 0x00808080, 0x00808080, 0x00808080, 0x00808080, 
0x00808080, 0x00808080, 0x00808080, 0x00808080, 0x00808080, 0x00808080, 0x00808080, 0x00808080, 0x00808080, 0x00808080, 0x00808080, 0x00808080, 0x00808080, 0x00808080, 0x00808080, 0x00808080, 
0x00808080, 0x007F7F7F, 0x00808080, 0x007F7F7F, 0x037F7F7E, 0x00808081, 0x00828383, 0x00838485, 0x00848485, 0x00848586, 0x00848586, 0x00848586, 0x00848586, 0x00848586, 0x00848586, 0x00838485, 
0x00818181, 0x027F7F7F, 0x00808080, 0x007F7F7F, 0x00808080, 0x00808080, 0x00808080, 0x00808080, 0x00808080, 0x00808080, 0x00808080, 0x00808080, 0x00808080, 0x00808080, 0x00808080, 0x00808080, 
0x00808080, 0x00808080, 0x00808080, 0x00808080, 0x00808080, 0x00808080, 0x00808080, 0x00808080, 0x00808080, 0x00808080, 0x00808080, 0x00808080, 0x00808080, 0x00808080, 0x00808080, 0x00808080, 
0x00808080, 0x00808080, 0x00808080, 0x00808080, 0x00808080, 0x00808080, 0x00808080, 0x00808080, 0x00808080, 0x00808080, 0x00808080, 0x00808080, 0x00808080, 0x00808080, 0x00808080, 0x00808080, 
0x00808080, 0x00808080, 0x00808080, 0x00808080, 0x00808080, 0x00808080, 0x00808080, 0x00808080, 0x00808080, 0x00808080, 0x00808080, 0x00808080, 0x00808080, 0x00808080, 0x00808080, 0x00808080, 
0x00808080, 0x00808080, 0x00808080, 0x00808080, 0x00808080, 0x00808080, 0x00808080, 0x00808080, 0x00808080, 0x00808080, 0x00808080, 0x00808080, 0x00808080, 0x00808080, 0x00808080, 0x00808080, 
0x00808080, 0x00808080, 0x00808080, 0x00808080, 0x00808080, 0x00808080, 0x00808080, 0x00808080, 0x00808080, 0x00808080, 0x00808080, 0x00808080, 0x00808080, 0x00808080, 0x00808080, 0x00808080, 
0x00808080, 0x00808080, 0x00808080, 0x00808080, 0x00808080, 0x00808080, 0x00808080, 0x00808080, 0x00808080, 0x00808080, 0x00808080, 0x00808080, 0x00808080, 0x00808080, 0x00808080, 0x00808080, 
0x00808080, 0x00808080, 0x00808080, 0x00808080, 0x00808080, 0x00808080, 0x00808080, 0x00808080, 0x00808080, 0x00808080, 0x00808080, 0x00808080, 0x00808080, 0x00808080, 0x00808080, 0x00808080, 
0x00808080, 0x00808080, 0x00808080, 0x00808080, 0x00808080, 0x00808080, 0x00808080, 0x00808080, 0x00808080, 0x00808080, 0x00808080, 0x00808080, 0x00808080, 0x00808080, 0x00808080, 0x00808080, 
0x00808080, 0x00808080, 0x00808080, 0x007F7F7F, 0x00808080, 0x007F7F7F, 0x007F7F7F, 0x027F7E7E, 0x037F7E7E, 0x037F7E7E, 0x047F7E7E, 0x047F7E7E, 0x047F7E7E, 0x047F7E7E, 0x047F7E7E, 0x027F7E7E, 
0x007F7F7F, 0x00808080, 0x007F7F7F, 0x00808080, 0x00808080, 0x00808080, 0x00808080, 0x00808080, 0x00808080, 0x00808080, 0x00808080, 0x00808080, 0x00808080, 0x00808080, 0x00808080, 0x00808080, 
0x00808080, 0x00808080, 0x00808080, 0x00808080, 0x00808080, 0x00808080, 0x00808080, 0x00808080, 0x00808080, 0x00808080, 0x00808080, 0x00808080, 0x00808080, 0x00808080, 0x00808080, 0x00808080, 
0x00808080, 0x00808080, 0x00808080, 0x00808080, 0x00808080, 0x00808080, 0x00808080, 0x00808080, 0x00808080, 0x00808080, 0x00808080, 0x00808080, 0x00808080, 0x00808080, 0x00808080, 0x00808080, 
0x00808080, 0x00808080, 0x00808080, 0x00808080, 0x00808080, 0x00808080, 0x00808080, 0x00808080, 0x00808080, 0x00808080, 0x00808080, 0x00808080, 0x00808080, 0x00808080, 0x00808080, 0x00808080, 
0x00808080, 0x00808080, 0x00808080, 0x00808080, 0x00808080, 0x00808080, 0x00808080, 0x00808080, 0x00808080, 0x00808080, 0x00808080, 0x00808080, 0x00808080, 0x00808080, 0x00808080, 0x00808080, 
0x00808080, 0x00808080, 0x00808080, 0x00808080, 0x00808080, 0x00808080, 0x00808080, 0x00808080, 0x00808080, 0x00808080, 0x00808080, 0x00808080, 0x00808080, 0x00808080, 0x00808080, 0x00808080, 
0x00808080, 0x00808080, 0x00808080, 0x00808080, 0x00808080, 0x00808080, 0x00808080, 0x00808080, 0x00808080, 0x00808080, 0x00808080, 0x00808080, 0x00808080, 0x00808080, 0x00808080, 0x00808080, 
0x00808080, 0x00808080, 0x00808080, 0x00808080, 0x00808080, 0x00808080, 0x00808080, 0x00808080, 0x00808080, 0x00808080, 0x00808080, 0x00808080, 0x00808080, 0x00808080, 0x00808080, 0x00808080, 
0x00808080, 0x00808080, 0x00808080, 0x00808080, 0x00808080, 0x00808080, 0x00808080, 0x00808080, 0x00808080, 0x00808080, 0x00808080, 0x00808080, 0x00808080, 0x00808080, 0x00808080, 0x00808080, 
0x00808080, 0x00808080, 0x00808080, 0x00808080, 0x00808080, 0x00808080, 0x00808080, 0x00808080, 0x00808080, 0x00808080, 0x00808080, 0x00808080, 0x00808080, 0x00808080, 0x00808080, 0x00808080, 
0x00808080, 0x00808080, 0x00808080, 0x00808080, 0x00808080, 0x00808080, 0x00808080, 0x00808080, 0x00808080, 0x00808080, 0x00808080, 0x00808080, 0x00808080, 0x00808080, 0x00808080, 0x00808080, 
0x00808080, 0x00808080, 0x00808080, 0x00808080, 0x00808080, 0x00808080, 0x00808080, 0x00808080, 0x00808080, 0x00808080, 0x00808080, 0x00808080, 0x00808080, 0x00808080, 0x00808080, 0x00808080, 
0x00808080, 0x00808080, 0x00808080, 0x00808080, 0x00808080, 0x00808080, 0x00808080, 0x00808080, 0x00808080, 0x00808080, 0x00808080, 0x00808080, 0x00808080, 0x00808080, 0x00808080, 0x00808080, 
0x00808080, 0x00808080, 0x00808080, 0x00808080, 0x00808080, 0x00808080, 0x00808080, 0x00808080, 0x00808080, 0x00808080, 0x00808080, 0x00808080, 0x00808080, 0x00808080, 0x00808080, 0x00808080, 
0x00808080, 0x00808080, 0x00808080, 0x00808080, 0x00808080, 0x00808080, 0x00808080, 0x00808080, 0x00808080, 0x00808080, 0x00808080, 0x00808080, 0x00808080, 0x00808080, 0x00808080, 0x00808080, 
0x00808080, 0x00808080, 0x00808080, 0x00808080, 0x00808080, 0x00808080, 0x00808080, 0x00808080, 0x00808080, 0x00808080, 0x00808080, 0x00808080, 0x00808080, 0x00808080, 0x00808080, 0x00808080, 
0x00808080, 0x00808080, 0x00808080, 0x00808080, 0x00808080, 0x00808080, 0x00808080, 0x00808080, 0x00808080, 0x00808080, 0x00808080, 0x00808080, 0x00808080, 0x00808080, 0x00808080, 0x00808080, 
0x00808080, 0x00808080, 0x00808080, 0x00808080, 0x00808080, 0x00808080, 0x00808080, 0x00808080, 0x00808080, 0x00808080, 0x00808080, 0x00808080, 0x00808080, 0x00808080, 0x00808080, 0x00808080, 
0x00808080, 0x00808080, 0x00808080, 0x00808080, 0x00808080, 0x00808080, 0x00808080, 0x00808080, 0x00808080, 0x00808080, 0x00808080, 0x00808080, 0x00808080, 0x00808080, 0x00808080, 0x00808080, 
0x00808080, 0x00808080, 0x00808080, 0x00808080, 0x00808080, 0x00808080, 0x00808080, 0x00808080, 0x00808080, 0x00808080, 0x00808080, 0x00808080, 0x00808080, 0x00808080, 0x00808080, 0x00808080, 
0x00808080, 0x00808080, 0x00808080, 0x00808080, 0x00808080, 0x00808080, 0x00808080, 0x00808080, 0x00808080, 0x00808080, 0x00808080, 0x00808080, 0x00808080, 0x00808080, 0x00808080, 0x00808080, 
0x00808080, 0x00808080, 0x00808080, 0x00808080, 0x00808080, 0x00808080, 0x00808080, 0x00808080, 0x00808080, 0x00808080, 0x00808080, 0x00808080, 0x00808080, 0x00808080, 0x00808080, 0x00808080, 
0x00808080, 0x00808080, 0x00808080, 0x00808080, 0x00808080, 0x00808080, 0x00808080, 0x00808080, 0x00808080, 0x00808080, 0x00808080, 0x00808080, 0x00808080, 0x00808080, 0x00808080, 0x00808080, 
0x00808080, 0x00808080, 0x00808080, 0x00808080, 0x00808080, 0x00808080, 0x00808080, 0x00808080, 0x00808080, 0x00808080, 0x00808080, 0x00808080, 0x00808080, 0x00808080, 0x00808080, 0x00808080, 
0x00808080, 0x00808080, 0x00808080, 0x00808080, 0x00808080, 0x00808080, 0x00808080, 0x00808080, 0x00808080, 0x00808080, 0x00808080, 0x00808080, 0x00808080, 0x00808080, 0x00808080, 0x00808080, 
0x00808080, 0x00808080, 0x00808080, 0x00808080, 0x00808080, 0x00808080, 0x00808080, 0x00808080, 0x00808080, 0x00808080, 0x00808080, 0x00808080, 0x00808080, 0x00808080, 0x00808080, 0x00808080, 
0x00808080, 0x00808080, 0x00808080, 0x00808080, 0x00808080, 0x00808080, 0x00808080, 0x00808080, 0x00808080, 0x00808080, 0x00808080, 0x00808080, 0x00808080, 0x00808080, 0x00808080, 0x00808080, 
0x00808080, 0x00808080, 0x00808080, 0x00808080, 0x00808080, 0x00808080, 0x00808080, 0x00808080, 0x00808080, 0x00808080, 0x00808080, 0x00808080, 0x00808080, 0x00808080, 0x00808080, 0x00808080, 
0x00808080, 0x00808080, 0x00808080, 0x00808080, 0x00808080, 0x00808080, 0x00808080, 0x00808080, 0x00808080, 0x00808080, 0x00808080, 0x00808080, 0x00808080, 0x00808080, 0x00808080, 0x00808080, 
0x00808080, 0x00808080, 0x00808080, 0x00808080, 0x00808080, 0x00808080, 0x00808080, 0x00808080, 0x00808080, 0x00808080, 0x00808080, 0x00808080, 0x00808080, 0x00808080, 0x00808080, 0x00808080, 
0x00808080, 0x00808080, 0x00808080, 0x00808080, 0x00808080, 0x00808080, 0x00808080, 0x00808080, 0x00808080, 0x00808080, 0x00808080, 0x00808080, 0x00808080, 0x00808080, 0x00808080, 0x00808080, 
0x00808080, 0x00808080, 0x00808080, 0x00808080, 0x00808080, 0x00808080, 0x00808080, 0x00808080, 0x00808080, 0x00808080, 0x00808080, 0x00808080, 0x00808080, 0x00808080, 0x00808080, 0x00808080, 
0x00808080, 0x00808080, 0x00808080, 0x00808080, 0x00808080, 0x00808080, 0x00808080, 0x00808080, 0x00808080, 0x00808080, 0x00808080, 0x00808080, 0x00808080, 0x00808080, 0x00808080, 0x00808080, 
0x00808080, 0x00808080, 0x00808080, 0x00808080, 0x00808080, 0x00808080, 0x00808080, 0x00808080, 0x00808080, 0x00808080, 0x00808080, 0x00808080, 0x00808080, 0x00808080, 0x00808080, 0x00808080, 
0x00808080, 0x00808080, 0x00808080, 0x00808080, 0x00808080, 0x00808080, 0x00808080, 0x00808080, 0x00808080, 0x00808080, 0x00808080, 0x00808080, 0x00808080, 0x00808080, 0x00808080, 0x00808080, 
0x00808080, 0x00808080, 0x00808080, 0x00808080, 0x00808080, 0x00808080, 0x00808080, 0x00808080, 0x00808080, 0x00808080, 0x00808080, 0x00808080, 0x00808080, 0x00808080, 0x00808080, 0x00808080, 
0x00808080, 0x00808080, 0x00808080, 0x00808080, 0x00808080, 0x00808080, 0x00808080, 0x00808080, 0x00808080, 0x00808080, 0x00808080, 0x00808080, 0x00808080, 0x00808080, 0x00808080, 0x00808080, 
0x00808080, 0x00808080, 0x00808080, 0x00808080, 0x00808080, 0x00808080, 0x00808080, 0x00808080, 0x00808080, 0x00808080, 0x00808080, 0x00808080, 0x00808080, 0x00808080, 0x00808080, 0x00808080, 
0x00808080, 0x00808080, 0x00808080, 0x00808080, 0x00808080, 0x00808080, 0x00808080, 0x00808080, 0x00808080, 0x00808080, 0x00808080, 0x00808080, 0x00808080, 0x00808080, 0x00808080, 0x00808080, 
0x00808080, 0x00808080, 0x00808080, 0x00808080, 0x00808080, 0x00808080, 0x00808080, 0x00808080, 0x00808080, 0x00808080, 0x00808080, 0x00808080, 0x00808080, 0x00808080, 0x00808080, 0x00808080, 
0x00808080, 0x00808080, 0x00808080, 0x00808080, 0x00808080, 0x00808080, 0x00808080, 0x00808080, 0x00808080, 0x00808080, 0x00808080, 0x00808080, 0x00808080, 0x00808080, 0x00808080, 0x00808080, 
0x00808080, 0x00808080, 0x00808080, 0x00808080, 0x00808080, 0x00808080, 0x00808080, 0x00808080, 0x00808080, 0x00808080, 0x00808080, 0x00808080, 0x00808080, 0x00808080, 0x00808080, 0x00808080, 
0x00808080, 0x00808080, 0x00808080, 0x00808080, 0x00808080, 0x00808080, 0x00808080, 0x00808080, 0x00808080, 0x00808080, 0x00808080, 0x00808080, 0x00808080, 0x00808080, 0x00808080, 0x00808080, 
0x00808080, 0x00808080, 0x00808080, 0x00808080, 0x00808080, 0x00808080, 0x00808080, 0x00808080, 0x00808080, 0x00808080, 0x00808080, 0x00808080, 0x00808080, 0x00808080, 0x00808080, 0x00808080, 
0x00808080, 0x00808080, 0x00808080, 0x00808080, 0x00808080, 0x00808080, 0x00808080, 0x00808080, 0x00808080, 0x00808080, 0x00808080, 0x00808080, 0x00808080, 0x00808080, 0x00808080, 0x00808080, 
0x00808080, 0x00808080, 0x00808080, 0x00808080, 0x00808080, 0x00808080, 0x00808080, 0x00808080, 0x00808080, 0x00808080, 0x00808080, 0x00808080, 0x00808080, 0x00808080, 0x00808080, 0x00808080, 
0x00808080, 0x00808080, 0x00808080, 0x00808080, 0x00808080, 0x00808080, 0x00808080, 0x00808080, 0x00808080, 0x00808080, 0x00808080, 0x00808080, 0x00808080, 0x00808080, 0x00808080, 0x00808080, 
0x00808080, 0x00808080, 0x00808080, 0x00808080, 0x00808080, 0x00808080, 0x00808080, 0x00808080, 0x00808080, 0x00808080, 0x00808080, 0x00808080, 0x00808080, 0x00808080, 0x00808080, 0x00808080, 
0x00808080, 0x00808080, 0x00808080, 0x00808080, 0x00808080, 0x00808080, 0x00808080, 0x00808080, 0x00808080, 0x00808080, 0x00808080, 0x00808080, 0x00808080, 0x00808080, 0x00808080, 0x00808080, 
0x00808080, 0x00808080, 0x00808080, 0x00808080, 0x00808080, 0x00808080, 0x00808080, 0x00808080, 0x00808080, 0x00808080, 0x00808080, 0x00808080, 0x00808080, 0x00808080, 0x00808080, 0x00808080, 
0x00808080, 0x00808080, 0x00808080, 0x00808080, 0x00808080, 0x00808080, 0x00808080, 0x00808080, 0x00808080, 0x00808080, 0x00808080, 0x00808080, 0x00808080, 0x00808080, 0x00808080, 0x00808080, 
0x00808080, 0x00808080, 0x00808080, 0x00808080, 0x00808080, 0x00808080, 0x00808080, 0x00808080, 0x00808080, 0x00808080, 0x00808080, 0x00808080, 0x00808080, 0x00808080, 0x00808080, 0x00808080, 
0x00808080, 0x00808080, 0x00808080, 0x00808080, 0x00808080, 0x00808080, 0x00808080, 0x00808080, 0x00808080, 0x00808080, 0x00808080, 0x00808080, 0x00808080, 0x00808080, 0x00808080, 0x00808080, 
0x00808080, 0x00808080, 0x00808080, 0x00808080, 0x00808080, 0x00808080, 0x00808080, 0x00808080, 0x00808080, 0x00808080, 0x00808080, 0x00808080, 0x00808080, 0x00808080, 0x00808080, 0x00808080, 
0x00808080, 0x00808080, 0x00808080, 0x00808080, 0x00808080, 0x00808080, 0x00808080, 0x00808080, 0x00808080, 0x00808080, 0x00808080, 0x00808080, 0x00808080, 0x00808080, 0x00808080, 0x00808080, 
0x00808080, 0x00808080, 0x00808080, 0x00808080, 0x00808080, 0x00808080, 0x00808080, 0x00808080, 0x00808080, 0x00808080, 0x00808080, 0x00808080, 0x00808080, 0x00808080, 0x00808080, 0x00808080, 
0x00808080, 0x00808080, 0x00808080, 0x00808080, 0x00808080, 0x00808080, 0x00808080, 0x00808080, 0x00808080, 0x00808080, 0x00808080, 0x00808080, 0x00808080, 0x00808080, 0x00808080, 0x00808080, 
0x00808080, 0x00808080, 0x00808080, 0x00808080, 0x00808080, 0x00808080, 0x00808080, 0x00808080, 0x00808080, 0x00808080, 0x00808080, 0x00808080, 0x00808080, 0x00808080, 0x00808080, 0x00808080, 
0x00808080, 0x00808080, 0x00808080, 0x00808080, 0x00808080, 0x00808080, 0x00808080, 0x00808080, 0x00808080, 0x00808080, 0x00808080, 0x00808080, 0x00808080, 0x00808080, 0x00808080, 0x00808080, 
0x00808080, 0x00808080, 0x00808080, 0x00808080, 0x00808080, 0x00808080, 0x00808080, 0x00808080, 0x00808080, 0x00808080, 0x00808080, 0x00808080, 0x00808080, 0x00808080, 0x00808080, 0x00808080, 
0x00808080, 0x00808080, 0x00808080, 0x00808080, 0x00808080, 0x00808080, 0x00808080, 0x00808080, 0x00808080, 0x00808080, 0x00808080, 0x00808080, 0x00808080, 0x00808080, 0x00808080, 0x00808080, 
0x00808080, 0x00808080, 0x00808080, 0x00808080, 0x00808080, 0x00808080, 0x00808080, 0x00808080, 0x00808080, 0x00808080, 0x00808080, 0x00808080, 0x00808080, 0x00808080, 0x00808080, 0x00808080, 
0x00808080, 0x00808080, 0x00808080, 0x00808080, 0x00808080, 0x00808080, 0x00808080, 0x00808080, 0x00808080, 0x00808080, 0x00808080, 0x00808080, 0x00808080, 0x00808080, 0x00808080, 0x00808080, 
0x00808080, 0x00808080, 0x00808080, 0x00808080, 0x00808080, 0x00808080, 0x00808080, 0x00808080, 0x00808080, 0x00808080, 0x00808080, 0x00808080, 0x00808080, 0x00808080, 0x00808080, 0x00808080, 
0x00808080, 0x00808080, 0x00808080, 0x00808080, 0x00808080, 0x00808080, 0x00808080, 0x00808080, 0x00808080, 0x00808080, 0x00808080, 0x00808080, 0x00808080, 0x00808080, 0x00808080, 0x00808080, 
0x00808080, 0x00808080, 0x00808080, 0x00808080, 0x00808080, 0x00808080, 0x00808080, 0x00808080, 0x00808080, 0x00808080, 0x00808080, 0x00808080, 0x00808080, 0x00808080, 0x00808080, 0x00808080, 
0x00808080, 0x00808080, 0x00808080, 0x00808080, 0x00808080, 0x00808080, 0x00808080, 0x00808080, 0x00808080, 0x00808080, 0x00808080, 0x00808080, 0x00808080, 0x00808080, 0x00808080, 0x00808080, 
0x00808080, 0x00808080, 0x00808080, 0x00808080, 0x00808080, 0x00808080, 0x00808080, 0x00808080, 0x00808080, 0x00808080, 0x00808080, 0x00808080, 0x00808080, 0x00808080, 0x00808080, 0x00808080, 
0x00808080, 0x00808080, 0x00808080, 0x00808080, 0x00808080, 0x00808080, 0x00808080, 0x00808080, 0x00808080, 0x00808080, 0x00808080, 0x00808080, 0x00808080, 0x00808080, 0x00808080, 0x00808080, 
0x00808080, 0x00808080, 0x00808080, 0x00808080, 0x00808080, 0x00808080, 0x00808080, 0x00808080, 0x00808080, 0x00808080, 0x00808080, 0x00808080, 0x00808080, 0x00808080, 0x00808080, 0x00808080, 
0x00808080, 0x00808080, 0x00808080, 0x00808080, 0x00808080, 0x00808080, 0x00808080, 0x00808080, 0x00808080, 0x00808080, 0x00808080, 0x00808080, 0x00808080, 0x00808080, 0x00808080, 0x00808080, 
0x00808080, 0x00808080, 0x00808080, 0x00808080, 0x00808080, 0x00808080, 0x00808080, 0x00808080, 0x00808080, 0x00808080, 0x00808080, 0x00808080, 0x00808080, 0x00808080, 0x00808080, 0x00808080, 
0x00808080, 0x00808080, 0x00808080, 0x00808080, 0x00808080, 0x00808080, 0x00808080, 0x00808080, 0x00808080, 0x00808080, 0x00808080, 0x00808080, 0x00808080, 0x00808080, 0x00808080, 0x00808080, 
0x00808080, 0x00808080, 0x00808080, 0x00808080, 0x00808080, 0x00808080, 0x00808080, 0x00808080, 0x00808080, 0x00808080, 0x00808080, 0x00808080, 0x00808080, 0x00808080, 0x00808080, 0x00808080, 
0x00808080, 0x00808080, 0x00808080, 0x00808080, 0x00808080, 0x00808080, 0x00808080, 0x00808080, 0x00808080, 0x00808080, 0x00808080, 0x00808080, 0x00808080, 0x00808080, 0x00808080, 0x00808080, 
0x00808080, 0x00808080, 0x00808080, 0x00808080, 0x00808080, 0x00808080, 0x00808080, 0x00808080, 0x00808080, 0x00808080, 0x00808080, 0x00808080, 0x00808080, 0x00808080, 0x00808080, 0x00808080, 
0x00808080, 0x00808080, 0x00808080, 0x00808080, 0x00808080, 0x00808080, 0x00808080, 0x00808080, 0x00808080, 0x00808080, 0x00808080, 0x00808080, 0x00808080, 0x00808080, 0x00808080, 0x00808080, 
0x00808080, 0x00808080, 0x00808080, 0x00808080, 0x00808080, 0x00808080, 0x00808080, 0x00808080, 0x00808080, 0x00808080, 0x00808080, 0x00808080, 0x00808080, 0x00808080, 0x00808080, 0x00808080, 
0x00808080, 0x00808080, 0x00808080, 0x00808080, 0x00808080, 0x00808080, 0x00808080, 0x00808080, 0x00808080, 0x00808080, 0x00808080, 0x00808080, 0x00808080, 0x00808080, 0x00808080, 0x00808080, 
0x00808080, 0x00808080, 0x00808080, 0x00808080, 0x00808080, 0x00808080, 0x00808080, 0x00808080, 0x00808080, 0x00808080, 0x00808080, 0x00808080, 0x00808080, 0x00808080, 0x00808080, 0x00808080, 
0x00808080, 0x00808080, 0x00808080, 0x00808080, 0x00808080, 0x00808080, 0x00808080, 0x00808080, 0x00808080, 0x00808080, 0x00808080, 0x00808080, 0x00808080, 0x00808080, 0x00808080, 0x00808080, 
0x00808080, 0x00808080, 0x00808080, 0x00808080, 0x00808080, 0x00808080, 0x00808080, 0x00808080, 0x00808080, 0x00808080, 0x00808080, 0x00808080, 0x00808080, 0x00808080, 0x00808080, 0x00808080, 
0x00808080, 0x00808080, 0x00808080, 0x00808080, 0x00808080, 0x00808080, 0x00808080, 0x00808080, 0x00808080, 0x00808080, 0x00808080, 0x00808080, 0x00808080, 0x00808080, 0x00808080, 0x00808080, 
0x00808080, 0x00808080, 0x00808080, 0x00808080, 0x00808080, 0x00808080, 0x00808080, 0x00808080, 0x00808080, 0x00808080, 0x00808080, 0x00808080, 0x00808080, 0x00808080, 0x00808080, 0x00808080, 
0x00808080, 0x00808080, 0x00808080, 0x00808080, 0x00808080, 0x00808080, 0x00808080, 0x00808080, 0x00808080, 0x00808080, 0x00808080, 0x00808080, 0x00808080, 0x00808080, 0x00808080, 0x00808080, 
0x00808080, 0x00808080, 0x00808080, 0x00808080, 0x00808080, 0x00808080, 0x00808080, 0x00808080, 0x00808080, 0x00808080, 0x00808080, 0x00808080, 0x00808080, 0x00808080, 0x00808080, 0x00808080, 
0x00808080, 0x00808080, 0x00808080, 0x00808080, 0x00808080, 0x00808080, 0x00808080, 0x00808080, 0x00808080, 0x00808080, 0x00808080, 0x00808080, 0x00808080, 0x00808080, 0x00808080, 0x00808080, 
0x00808080, 0x00808080, 0x00808080, 0x00808080, 0x00808080, 0x00808080, 0x00808080, 0x00808080, 0x00808080, 0x00808080, 0x00808080, 0x00808080, 0x00808080, 0x00808080, 0x00808080, 0x00808080, 
0x00808080, 0x00808080, 0x00808080, 0x00808080, 0x00808080, 0x00808080, 0x00808080, 0x00808080, 0x00808080, 0x00808080, 0x00808080, 0x00808080, 0x00808080, 0x00808080, 0x00808080, 0x00808080, 
0x00808080, 0x00808080, 0x00808080, 0x00808080, 0x00808080, 0x00808080, 0x00808080, 0x00808080, 0x00808080, 0x00808080, 0x00808080, 0x00808080, 0x00808080, 0x00808080, 0x00808080, 0x00808080, 
0x00808080, 0x00808080, 0x00808080, 0x00808080, 0x00808080, 0x00808080, 0x00808080, 0x00808080, 0x00808080, 0x00808080, 0x00808080, 0x00808080, 0x00808080, 0x00808080, 0x00808080, 0x00808080, 
0x00808080, 0x00808080, 0x00808080, 0x00808080, 0x00808080, 0x00808080, 0x00808080, 0x00808080, 0x00808080, 0x00808080, 0x00808080, 0x00808080, 0x00808080, 0x00808080, 0x00808080, 0x00808080, 
0x00808080, 0x00808080, 0x00808080, 0x00808080, 0x00808080, 0x00808080, 0x00808080, 0x00808080, 0x00808080, 0x00808080, 0x00808080, 0x00808080, 0x00808080, 0x00808080, 0x00808080, 0x00808080, 
0x00808080, 0x00808080, 0x00808080, 0x00808080, 0x00808080, 0x00808080, 0x00808080, 0x00808080, 0x00808080, 0x00808080, 0x00808080, 0x00808080, 0x00808080, 0x00808080, 0x00808080, 0x00808080, 
0x00808080, 0x00808080, 0x00808080, 0x00808080, 0x00808080, 0x00808080, 0x00808080, 0x00808080, 0x00808080, 0x00808080, 0x00808080, 0x00808080, 0x00808080, 0x00808080, 0x00808080, 0x00808080, 
0x00808080, 0x00808080, 0x00808080, 0x00808080, 0x00808080, 0x00808080, 0x00808080, 0x00808080, 0x00808080, 0x00808080, 0x00808080, 0x00808080, 0x00808080, 0x00808080, 0x00808080, 0x00808080, 
0x00808080, 0x00808080, 0x00808080, 0x00808080, 0x00808080, 0x00808080, 0x00808080, 0x00808080, 0x00808080, 0x00808080, 0x00808080, 0x00808080, 0x00808080, 0x00808080, 0x00808080, 0x00808080, 
0x00808080, 0x00808080, 0x00808080, 0x00808080, 0x00808080, 0x00808080, 0x00808080, 0x00808080, 0x00808080, 0x00808080, 0x00808080, 0x00808080, 0x00808080, 0x00808080, 0x00808080, 0x00808080, 
0x00808080, 0x00808080, 0x00808080, 0x00808080, 0x00808080, 0x00808080, 0x00808080, 0x00808080, 0x00808080, 0x00808080, 0x00808080, 0x00808080, 0x00808080, 0x00808080, 0x00808080, 0x00808080, 
0x00808080, 0x00808080, 0x00808080, 0x00808080, 0x00808080, 0x00808080, 0x00808080, 0x00808080, 0x00808080, 0x00808080, 0x00808080, 0x00808080, 0x00808080, 0x00808080, 0x00808080, 0x00808080, 
0x00808080, 0x00808080, 0x00808080, 0x00808080, 0x00808080, 0x00808080, 0x00808080, 0x00808080, 0x00808080, 0x00808080, 0x00808080, 0x00808080, 0x00808080, 0x00808080, 0x00808080, 0x00808080, 
0x00808080, 0x00808080, 0x00808080, 0x00808080, 0x00808080, 0x00808080, 0x00808080, 0x00808080, 0x00808080, 0x00808080, 0x00808080, 0x00808080, 0x00808080, 0x00808080, 0x00808080, 0x00808080, 
0x00808080, 0x00808080, 0x00808080, 0x00808080, 0x00808080, 0x00808080, 0x00808080, 0x00808080, 0x00808080, 0x00808080, 0x00808080, 0x00808080, 0x00808080, 0x00808080, 0x00808080, 0x00808080, 
0x00808080, 0x00808080, 0x00808080, 0x00808080, 0x00808080, 0x00808080, 0x00808080, 0x00808080, 0x00808080, 0x00808080, 0x00808080, 0x00808080, 0x00808080, 0x00808080, 0x00808080, 0x00808080, 
0x00808080, 0x00808080, 0x00808080, 0x00808080, 0x00808080, 0x00808080, 0x00808080, 0x00808080, 0x00808080, 0x00808080, 0x00808080, 0x00808080, 0x00808080, 0x00808080, 0x00808080, 0x00808080, 
0x00808080, 0x00808080, 0x00808080, 0x00808080, 0x00808080, 0x00808080, 0x00808080, 0x00808080, 0x00808080, 0x00808080, 0x00808080, 0x00808080, 0x00808080, 0x00808080, 0x00808080, 0x00808080, 
0x00808080, 0x00808080, 0x00808080, 0x00808080, 0x00808080, 0x00808080, 0x00808080, 0x00808080, 0x00808080, 0x00808080, 0x00808080, 0x00808080, 0x00808080, 0x00808080, 0x00808080, 0x00808080, 
0x00808080, 0x00808080, 0x00808080, 0x00808080, 0x00808080, 0x00808080, 0x00808080, 0x00808080, 0x00808080, 0x00808080, 0x00808080, 0x00808080, 0x00808080, 0x00808080, 0x00808080, 0x00808080, 
0x00808080, 0x00808080, 0x00808080, 0x00808080, 0x00808080, 0x00808080, 0x00808080, 0x00808080, 0x00808080, 0x00808080, 0x00808080, 0x00808080, 0x00808080, 0x00808080, 0x00808080, 0x00808080, 
0x00808080, 0x00808080, 0x00808080, 0x00808080, 0x00808080, 0x00808080, 0x00808080, 0x00808080, 0x00808080, 0x00808080, 0x00808080, 0x00808080, 0x00808080, 0x00808080, 0x00808080, 0x00808080, 
0x00808080, 0x00808080, 0x00808080, 0x00808080, 0x00808080, 0x00808080, 0x00808080, 0x00808080, 0x00808080, 0x00808080, 0x00808080, 0x00808080, 0x00808080, 0x00808080, 0x00808080, 0x00808080, 
0x00808080, 0x00808080, 0x00808080, 0x00808080, 0x00808080, 0x00808080, 0x00808080, 0x00808080, 0x00808080, 0x00808080, 0x00808080, 0x00808080, 0x00808080, 0x00808080, 0x00808080, 0x00808080, 
0x00808080, 0x00808080, 0x00808080, 0x00808080, 0x00808080, 0x00808080, 0x00808080, 0x00808080, 0x00808080, 0x00808080, 0x00808080, 0x00808080, 0x00808080, 0x00808080, 0x00808080, 0x00808080, 
0x00808080, 0x00808080, 0x00808080, 0x00808080, 0x00808080, 0x00808080, 0x00808080, 0x00808080, 0x00808080, 0x00808080, 0x00808080, 0x00808080, 0x00808080, 0x00808080, 0x00808080, 0x00808080, 
0x00808080, 0x00808080, 0x00808080, 0x00808080, 0x00808080, 0x00808080, 0x00808080, 0x00808080, 0x00808080, 0x00808080, 0x00808080, 0x00808080, 0x00808080, 0x00808080, 0x00808080, 0x00808080, 
0x00808080, 0x00808080, 0x00808080, 0x00808080, 0x00808080, 0x00808080, 0x00808080, 0x00808080, 0x00808080, 0x00808080, 0x00808080, 0x00808080, 0x00808080, 0x00808080, 0x00808080, 0x00808080, 
0x00808080, 0x00808080, 0x00808080, 0x00808080, 0x00808080, 0x00808080, 0x00808080, 0x00808080, 0x00808080, 0x00808080, 0x00808080, 0x00808080, 0x00808080, 0x00808080, 0x00808080, 0x00808080, 
0x00808080, 0x00808080, 0x00808080, 0x00808080, 0x00808080, 0x00808080, 0x00808080, 0x00808080, 0x00808080, 0x00808080, 0x00808080, 0x00808080, 0x00808080, 0x00808080, 0x00808080, 0x00808080, 
0x00808080, 0x00808080, 0x00808080, 0x00808080, 0x00808080, 0x00808080, 0x00808080, 0x00808080, 0x00808080, 0x00808080, 0x00808080, 0x00808080, 0x00808080, 0x00808080, 0x00808080, 0x00808080, 
0x00808080, 0x00808080, 0x00808080, 0x00808080, 0x00808080, 0x00808080, 0x00808080, 0x00808080, 0x00808080, 0x00808080, 0x00808080, 0x00808080, 0x00808080, 0x00808080, 0x00808080, 0x00808080, 
0x00808080, 0x00808080, 0x00808080, 0x00808080, 0x00808080, 0x00808080, 0x00808080, 0x00808080, 0x00808080, 0x00808080, 0x00808080, 0x00808080, 0x00808080, 0x00808080, 0x00808080, 0x00808080, 
0x00808080, 0x00808080, 0x00808080, 0x00808080, 0x00808080, 0x00808080, 0x00808080, 0x00808080, 0x00808080, 0x00808080, 0x00808080, 0x00808080, 0x00808080, 0x00808080, 0x00808080, 0x00808080, 
0x00808080, 0x00808080, 0x00808080, 0x00808080, 0x00808080, 0x00808080, 0x00808080, 0x00808080, 0x00808080, 0x00808080, 0x00808080, 0x00808080, 0x00808080, 0x00808080, 0x00808080, 0x00808080, 
0x00808080, 0x00808080, 0x00808080, 0x00808080, 0x00808080, 0x00808080, 0x00808080, 0x00808080, 0x00808080, 0x00808080, 0x00808080, 0x00808080, 0x00808080, 0x00808080, 0x00808080, 0x00808080, 
0x00808080, 0x00808080, 0x00808080, 0x00808080, 0x00808080, 0x00808080, 0x00808080, 0x00808080, 0x00808080, 0x00808080, 0x00808080, 0x00808080, 0x00808080, 0x00808080, 0x00808080, 0x00808080, 
0x00808080, 0x00808080, 0x00808080, 0x00808080, 0x00808080, 0x00808080, 0x00808080, 0x00808080, 0x00808080, 0x00808080, 0x00808080, 0x00808080, 0x00808080, 0x00808080, 0x00808080, 0x00808080, 
0x00808080, 0x00808080, 0x00808080, 0x00808080, 0x00808080, 0x00808080, 0x00808080, 0x00808080, 0x00808080, 0x00808080, 0x00808080, 0x00808080, 0x00808080, 0x00808080, 0x00808080, 0x00808080, 
0x00808080, 0x00808080, 0x00808080, 0x00808080, 0x00808080, 0x00808080, 0x00808080, 0x00808080, 0x00808080, 0x00808080, 0x00808080, 0x00808080, 0x00808080, 0x00808080, 0x00808080, 0x00808080, 
0x00808080, 0x00808080, 0x00808080, 0x00808080, 0x00808080, 0x00808080, 0x00808080, 0x00808080, 0x00808080, 0x00808080, 0x00808080, 0x00808080, 0x00808080, 0x00808080, 0x00808080, 0x00808080, 
0x00808080, 0x00808080, 0x00808080, 0x00808080, 0x00808080, 0x00808080, 0x00808080, 0x00808080, 0x00808080, 0x00808080, 0x00808080, 0x00808080, 0x00808080, 0x00808080, 0x00808080, 0x00808080, 
0x00808080, 0x00808080, 0x00808080, 0x00808080, 0x00808080, 0x00808080, 0x00808080, 0x00808080, 0x00808080, 0x00808080, 0x00808080, 0x00808080, 0x00808080, 0x00808080, 0x00808080, 0x00808080, 
0x00808080, 0x00808080, 0x00808080, 0x00808080, 0x00808080, 0x00808080, 0x00808080, 0x00808080, 0x00808080, 0x00808080, 0x00808080, 0x00808080, 0x00808080, 0x00808080, 0x00808080, 0x00808080, 
0x00808080, 0x00808080, 0x00808080, 0x00808080, 0x00808080, 0x00808080, 0x00808080, 0x00808080, 0x00808080, 0x00808080, 0x00808080, 0x00808080, 0x00808080, 0x00808080, 0x00808080, 0x00808080, 
};