; CSV, generated by libsigrok4DSL 0.2.0 on Mon May 25 17:28:05 2026
; Channels (3/16)
; Sample rate: 50 MHz
; Sample count: 100.768 M Samples
Time(s), 0, 1, 2
0,0,0,0
0.0001142,1,0,0
0.0002342,1,1,0
0.00031222,0,1,0
0.00043222,0,0,0
0.00091422,1,0,0
0.00103422,1,1,0
0.00111222,0,1,0
0.00123222,0,0,0
0.00171422,1,0,0
0.00183422,1,1,0
0.00191222,0,1,0
0.00203222,0,0,0
0.00251422,1,0,0
0.00263422,1,1,0
0.00271222,0,1,0
0.00283222,0,0,0
0.00331422,1,0,0
0.00343422,1,1,0
0.00351224,0,1,0
0.00363224,0,0,0
0.00411424,1,0,0
0.00423424,1,1,0
0.00431224,0,1,0
0.00443224,0,0,0
0.00491424,1,0,0
0.00503424,1,1,0
0.00511224,0,1,0
0.00523224,0,0,0
0.00571424,1,0,0
0.00583424,1,1,0
0.00591224,0,1,0
0.00603224,0,0,0
0.00651424,1,0,0
0.00663424,1,1,0
0.00671226,0,1,0
0.00683226,0,0,0
0.00731426,1,0,0
0.00743426,1,1,0
0.00751226,0,1,0
0.00763226,0,0,0
0.00811426,1,0,0
0.00823426,1,1,0
0.00831226,0,1,0
0.00843226,0,0,0
0.00891426,1,0,0
0.00903426,1,1,0
0.00911226,0,1,0
0.00923226,0,0,0
0.00971426,1,0,0
0.00983426,1,1,0
0.00991226,0,1,0
0.01003228,0,0,0
0.01051426,1,0,0
0.01063428,1,1,0
0.01071228,0,1,0
0.01083228,0,0,0
0.01131428,1,0,0
0.01143428,1,1,0
0.01151228,0,1,0
0.01163228,0,0,0
0.01211428,1,0,0
0.01223428,1,1,0
0.01231228,0,1,0
0.01243228,0,0,0
0.01291428,1,0,0
0.01303428,1,1,0
0.01311228,0,1,0
0.01323228,0,0,0
0.01371428,1,0,0
0.01383428,1,1,0
0.0139123,0,1,0
0.0140323,0,0,0
0.0145143,1,0,0
0.0146343,1,1,0
0.0147123,0,1,0
0.0148323,0,0,0
0.0153143,1,0,0
0.0154343,1,1,0
0.0155123,0,1,0
0.0156323,0,0,0
0.0161143,1,0,0
0.0162343,1,1,0
0.0163123,0,1,0
0.0164323,0,0,0
0.0169143,1,0,0
0.0170343,1,1,0
0.01711232,0,1,0
0.01723232,0,0,0
0.01771432,1,0,0
0.01783432,1,1,0
0.01791232,0,1,0
0.01803232,0,0,0
0.01851432,1,0,0
0.01863432,1,1,0
0.01871232,0,1,0
0.01883232,0,0,0
0.01931432,1,0,0
0.01943432,1,1,0
0.01951232,0,1,0
0.01963232,0,0,0
0.02011432,1,0,0
0.02023432,1,1,0
0.02031234,0,1,0
0.02043234,0,0,0
0.02091434,1,0,0
0.02103434,1,1,0
0.02111234,0,1,0
0.02123234,0,0,0
0.02171434,1,0,0
0.02183434,1,1,0
0.02191234,0,1,0
0.02203234,0,0,0
0.02251434,1,0,0
0.02263434,1,1,0
0.02271234,0,1,0
0.02283234,0,0,0
0.02331434,1,0,0
0.02343434,1,1,0
0.02351236,0,1,0
0.02363236,0,0,0
0.02411436,1,0,0
0.02423436,1,1,0
0.02431236,0,1,0
0.02443236,0,0,0
0.02491436,1,0,0
0.02503436,1,1,0
0.02511236,0,1,0
0.02523236,0,0,0
0.02571436,1,0,0
0.02583436,1,1,0
0.02591236,0,1,0
0.02603236,0,0,0
0.02651436,1,0,0
0.02663436,1,1,0
0.02671238,0,1,0
0.02683238,0,0,0
0.02731438,1,0,0
0.02743438,1,1,0
0.02751238,0,1,0
0.02763238,0,0,0
0.02811438,1,0,0
0.02823438,1,1,0
0.02831238,0,1,0
0.02843238,0,0,0
0.02891438,1,0,0
0.02903438,1,1,0
0.02911238,0,1,0
0.02923238,0,0,0
0.02971438,1,0,0
0.02983438,1,1,0
0.0299124,0,1,0
0.0300324,0,0,0
0.0305144,1,0,0
0.0306344,1,1,0
0.0307124,0,1,0
0.0308324,0,0,0
0.0313144,1,0,0
0.0314344,1,1,0
0.0315124,0,1,0
0.0316324,0,0,0
0.0321144,1,0,0
0.0322344,1,1,0
0.0323124,0,1,0
0.0324324,0,0,0
0.0329144,1,0,0
0.0330344,1,1,0
0.03311242,0,1,0
0.03323242,0,0,0
0.03371442,1,0,0
0.03383442,1,1,0
0.03391242,0,1,0
0.03403242,0,0,0
0.03451442,1,0,0
0.03463442,1,1,0
0.03471242,0,1,0
0.03483242,0,0,0
0.03531442,1,0,0
0.03543442,1,1,0
0.03551242,0,1,0
0.03563242,0,0,0
0.03611442,1,0,0
0.03623442,1,1,0
0.03631244,0,1,0
0.03643244,0,0,0
0.03691444,1,0,0
0.03703444,1,1,0
0.03711244,0,1,0
0.03723244,0,0,0
0.03771444,1,0,0
0.03783444,1,1,0
0.03791244,0,1,0
0.03803244,0,0,0
0.03851444,1,0,0
0.03863444,1,1,0
0.03871244,0,1,0
0.03883244,0,0,0
0.03931444,1,0,0
0.03943444,1,1,0
0.03951246,0,1,0
0.03963246,0,0,0
0.04011444,1,0,0
0.04023446,1,1,0
0.04031246,0,1,0
0.04043246,0,0,0
0.04091446,1,0,0
0.04103446,1,1,0
0.04111246,0,1,0
0.04123246,0,0,0
0.04171446,1,0,0
0.04183446,1,1,0
0.04191246,0,1,0
0.04203246,0,0,0
0.04251446,1,0,0
0.04263446,1,1,0
0.04271246,0,1,0
0.04283246,0,0,0
0.04331446,1,0,0
0.04343448,1,1,0
0.04351248,0,1,0
0.04363248,0,0,0
0.04411448,1,0,0
0.04423448,1,1,0
0.04431248,0,1,0
0.04443248,0,0,0
0.04491448,1,0,0
0.04503448,1,1,0
0.04511248,0,1,0
0.04523248,0,0,0
0.04571448,1,0,0
0.04583448,1,1,0
0.04591248,0,1,0
0.04603248,0,0,0
0.04651448,1,0,0
0.04663448,1,1,0
0.0467125,0,1,0
0.0468325,0,0,0
0.0473145,1,0,0
0.0474345,1,1,0
0.0475125,0,1,0
0.0476325,0,0,0
0.0481145,1,0,0
0.0482345,1,1,0
0.0483125,0,1,0
0.0484325,0,0,0
0.0489145,1,0,0
0.0490345,1,1,0
0.0491125,0,1,0
0.0492325,0,0,0
0.0497145,1,0,0
0.0498345,1,1,0
0.04991252,0,1,0
0.05003252,0,0,0
0.05051452,1,0,0
0.05063452,1,1,0
0.05071252,0,1,0
0.05083252,0,0,0
0.05131452,1,0,0
0.05143452,1,1,0
0.05151252,0,1,0
0.05163252,0,0,0
0.05211452,1,0,0
0.05223452,1,1,0
0.05231252,0,1,0
0.05243252,0,0,0
0.05291452,1,0,0
0.05303452,1,1,0
0.05311254,0,1,0
0.05323254,0,0,0
0.05371454,1,0,0
0.05383454,1,1,0
0.05391254,0,1,0
0.05403254,0,0,0
0.05451454,1,0,0
0.05463454,1,1,0
0.05471254,0,1,0
0.05483254,0,0,0
0.05531454,1,0,0
0.05543454,1,1,0
0.05551254,0,1,0
0.05563254,0,0,0
0.05610454,1,0,0
0.05624454,1,1,0
0.05630256,0,1,0
0.05644256,0,0,0
0.05690456,1,0,0
0.05704456,1,1,0
0.05710256,0,1,0
0.05724256,0,0,0
0.05770456,1,0,0
0.05784456,1,1,0
0.05790256,0,1,0
0.05804256,0,0,0
0.05850456,1,0,0
0.05864456,1,1,0
0.05870256,0,1,0
0.05884256,0,0,0
0.05930456,1,0,0
0.05944456,1,1,0
0.05950258,0,1,0
0.05964258,0,0,0
0.06010458,1,0,0
0.06024458,1,1,0
0.06030258,0,1,0
0.06044258,0,0,0
0.06090458,1,0,0
0.06104458,1,1,0
0.06110258,0,1,0
0.06124258,0,0,0
0.06170458,1,0,0
0.06184458,1,1,0
0.06190258,0,1,0
0.06204258,0,0,0
0.06250458,1,0,0
0.06264458,1,1,0
0.0627026,0,1,0
0.0628426,0,0,0
0.0633046,1,0,0
0.0634446,1,1,0
0.0635026,0,1,0
0.0636426,0,0,0
0.0641046,1,0,0
0.0642446,1,1,0
0.0643026,0,1,0
0.0644426,0,0,0
0.0649046,1,0,0
0.0650446,1,1,0
0.0651026,0,1,0
0.0652426,0,0,0
0.0657046,1,0,0
0.0658446,1,1,0
0.06590262,0,1,0
0.06604262,0,0,0
0.06650462,1,0,0
0.06664462,1,1,0
0.06670262,0,1,0
0.06684262,0,0,0
0.06730462,1,0,0
0.06744462,1,1,0
0.06750262,0,1,0
0.06764262,0,0,0
0.06810462,1,0,0
0.06824462,1,1,0
0.06830262,0,1,0
0.06844262,0,0,0
0.06890462,1,0,0
0.06904462,1,1,0
0.06910264,0,1,0
0.06924264,0,0,0
0.06970464,1,0,0
0.06984464,1,1,0
0.06990264,0,1,0
0.07004264,0,0,0
0.07050464,1,0,0
0.07064464,1,1,0
0.07070264,0,1,0
0.07084264,0,0,0
0.07130464,1,0,0
0.07144464,1,1,0
0.07150264,0,1,0
0.07164264,0,0,0
0.07210464,1,0,0
0.07224464,1,1,0
0.07230264,0,1,0
0.07244266,0,0,0
0.07290464,1,0,0
0.07304466,1,1,0
0.07310266,0,1,0
0.07324266,0,0,0
0.07370466,1,0,0
0.07384466,1,1,0
0.07390266,0,1,0
0.07404266,0,0,0
0.07450466,1,0,0
0.07464466,1,1,0
0.07470266,0,1,0
0.07484266,0,0,0
0.07530466,1,0,0
0.07544466,1,1,0
0.07550266,0,1,0
0.07564266,0,0,0
0.07610466,1,0,0
0.07624466,1,1,0
0.07630268,0,1,0
0.07644268,0,0,0
0.07690468,1,0,0
0.07704468,1,1,0
0.07710268,0,1,0
0.07724268,0,0,0
0.07770468,1,0,0
0.07784468,1,1,0
0.07790268,0,1,0
0.07804268,0,0,0
0.07850468,1,0,0
0.07864468,1,1,0
0.07870268,0,1,0
0.07884268,0,0,0
0.07930468,1,0,0
0.07944468,1,1,0
0.0795027,0,1,0
0.0796427,0,0,0
0.0801047,1,0,0
0.0802447,1,1,0
0.0803027,0,1,0
0.0804427,0,0,0
0.0809047,1,0,0
0.0810447,1,1,0
0.0811027,0,1,0
0.0812427,0,0,0
0.0817047,1,0,0
0.0818447,1,1,0
0.0819027,0,1,0
0.0820427,0,0,0
0.0825047,1,0,0
0.0826447,1,1,0
0.08270272,0,1,0
0.08284272,0,0,0
0.08330472,1,0,0
0.08344472,1,1,0
0.08350272,0,1,0
0.08364272,0,0,0
0.08410472,1,0,0
0.08424472,1,1,0
0.08430272,0,1,0
0.08444272,0,0,0
0.08490472,1,0,0
0.08504472,1,1,0
0.08510272,0,1,0
0.08524272,0,0,0
0.08570472,1,0,0
0.08584472,1,1,0
0.08590274,0,1,0
0.08604274,0,0,0
0.08650474,1,0,0
0.08664474,1,1,0
0.08670274,0,1,0
0.08684274,0,0,0
0.08730474,1,0,0
0.08744474,1,1,0
0.08750274,0,1,0
0.08764274,0,0,0
0.08810474,1,0,0
0.08824474,1,1,0
0.08830274,0,1,0
0.08844274,0,0,0
0.08890474,1,0,0
0.08904474,1,1,0
0.08910276,0,1,0
0.08924276,0,0,0
0.08970476,1,0,0
0.08984476,1,1,0
0.08990276,0,1,0
0.09004276,0,0,0
0.09050476,1,0,0
0.09064476,1,1,0
0.09070276,0,1,0
0.09084276,0,0,0
0.09130476,1,0,0
0.09144476,1,1,0
0.09150276,0,1,0
0.09164276,0,0,0
0.09210476,1,0,0
0.09224476,1,1,0
0.09230278,0,1,0
0.09244278,0,0,0
0.09290478,1,0,0
0.09304478,1,1,0
0.09310278,0,1,0
0.09324278,0,0,0
0.09370478,1,0,0
0.09384478,1,1,0
0.09390278,0,1,0
0.09404278,0,0,0
0.09450478,1,0,0
0.09464478,1,1,0
0.09470278,0,1,0
0.09484278,0,0,0
0.09530478,1,0,0
0.09544478,1,1,0
0.0955028,0,1,0
0.0956428,0,0,0
0.0961048,1,0,0
0.0962448,1,1,0
0.0963028,0,1,0
0.0964428,0,0,0
0.0969048,1,0,0
0.0970448,1,1,0
0.0971028,0,1,0
0.0972428,0,0,0
0.0977048,1,0,0
0.0978448,1,1,0
0.0979028,0,1,0
0.0980428,0,0,0
0.0985048,1,0,0
0.0986448,1,1,0
0.09870282,0,1,0
0.09884282,0,0,0
0.09930482,1,0,0
0.09944482,1,1,0
0.09950282,0,1,0
0.09964282,0,0,0
0.10010482,1,0,0
0.10024482,1,1,0
0.10030282,0,1,0
0.10044282,0,0,0
0.10090482,1,0,0
0.10104482,1,1,0
0.10110282,0,1,0
0.10124282,0,0,0
0.10170482,1,0,0
0.10184482,1,1,0
0.10190282,0,1,0
0.10204284,0,0,0
0.10250482,1,0,0
0.10264484,1,1,0
0.10270284,0,1,0
0.10284284,0,0,0
0.10330484,1,0,0
0.10344484,1,1,0
0.10350284,0,1,0
0.10364284,0,0,0
0.10410484,1,0,0
0.10424484,1,1,0
0.10430284,0,1,0
0.10444284,0,0,0
0.10490484,1,0,0
0.10504484,1,1,0
0.10510284,0,1,0
0.10524284,0,0,0
0.10570484,1,0,0
0.10584484,1,1,0
0.10590286,0,1,0
0.10604286,0,0,0
0.10650486,1,0,0
0.10664486,1,1,0
0.10670286,0,1,0
0.10684286,0,0,0
0.10730486,1,0,0
0.10744486,1,1,0
0.10750286,0,1,0
0.10764286,0,0,0
0.10810486,1,0,0
0.10824486,1,1,0
0.10830286,0,1,0
0.10844286,0,0,0
0.10890486,1,0,0
0.10904486,1,1,0
0.10910288,0,1,0
0.10924288,0,0,0
0.10970488,1,0,0
0.10984488,1,1,0
0.10990288,0,1,0
0.11004288,0,0,0
0.11050488,1,0,0
0.11064488,1,1,0
0.11070288,0,1,0
0.11084288,0,0,0
0.11130488,1,0,0
0.11144488,1,1,0
0.11150288,0,1,0
0.11164288,0,0,0
0.11210488,1,0,0
0.11224488,1,1,0
0.1123029,0,1,0
0.1124429,0,0,0
0.1129049,1,0,0
0.1130449,1,1,0
0.1131029,0,1,0
0.1132429,0,0,0
0.1137049,1,0,0
0.1138449,1,1,0
0.1139029,0,1,0
0.1140429,0,0,0
0.1145049,1,0,0
0.1146449,1,1,0
0.1147029,0,1,0
0.1148429,0,0,0
0.1153049,1,0,0
0.1154449,1,1,0
0.11550292,0,1,0
0.11564292,0,0,0
0.11610492,1,0,0
0.11624492,1,1,0
0.11630292,0,1,0
0.11644292,0,0,0
0.11690492,1,0,0
0.11704492,1,1,0
0.11710292,0,1,0
0.11724292,0,0,0
0.11770492,1,0,0
0.11784492,1,1,0
0.11790292,0,1,0
0.11804292,0,0,0
0.11850492,1,0,0
0.11864492,1,1,0
0.11870294,0,1,0
0.11884294,0,0,0
0.11930494,1,0,0
0.11944494,1,1,0
0.11950294,0,1,0
0.11964294,0,0,0
0.12010494,1,0,0
0.12024494,1,1,0
0.12030294,0,1,0
0.12044294,0,0,0
0.12090494,1,0,0
0.12104494,1,1,0
0.12110294,0,1,0
0.12124294,0,0,0
0.12170494,1,0,0
0.12184494,1,1,0
0.12190296,0,1,0
0.12204296,0,0,0
0.12250496,1,0,0
0.12264496,1,1,0
0.12270296,0,1,0
0.12284296,0,0,0
0.12330496,1,0,0
0.12344496,1,1,0
0.12350296,0,1,0
0.12364296,0,0,0
0.12410496,1,0,0
0.12424496,1,1,0
0.12430296,0,1,0
0.12444296,0,0,0
0.12490496,1,0,0
0.12504496,1,1,0
0.12510298,0,1,0
0.12524298,0,0,0
0.12570498,1,0,0
0.12584498,1,1,0
0.12590298,0,1,0
0.12604298,0,0,0
0.12650498,1,0,0
0.12664498,1,1,0
0.12670298,0,1,0
0.12684298,0,0,0
0.12730498,1,0,0
0.12744498,1,1,0
0.12750298,0,1,0
0.12764298,0,0,0
0.12810498,1,0,0
0.12824498,1,1,0
0.128303,0,1,0
0.128443,0,0,0
0.128905,1,0,0
0.129045,1,1,0
0.129103,0,1,0
0.129243,0,0,0
0.129705,1,0,0
0.129845,1,1,0
0.129903,0,1,0
0.130043,0,0,0
0.130505,1,0,0
0.130645,1,1,0
0.130703,0,1,0
0.130843,0,0,0
0.131295,1,0,0
0.131455,1,1,0
0.131493,0,1,0
0.13165302,0,0,0
0.132095,1,0,0
0.13225502,1,1,0
0.13229302,0,1,0
0.13245302,0,0,0
0.13289502,1,0,0
0.13305502,1,1,0
0.13309302,0,1,0
0.13325302,0,0,0
0.13369502,1,0,0
0.13385502,1,1,0
0.13389302,0,1,0
0.13405302,0,0,0
0.13449502,1,0,0
0.13465502,1,1,0
0.13469302,0,1,0
0.13485302,0,0,0
0.13529502,1,0,0
0.13545504,1,1,0
0.13549304,0,1,0
0.13565304,0,0,0
0.13609504,1,0,0
0.13625504,1,1,0
0.13629304,0,1,0
0.13645304,0,0,0
0.13689504,1,0,0
0.13705504,1,1,0
0.13709304,0,1,0
0.13725304,0,0,0
0.13769504,1,0,0
0.13785504,1,1,0
0.13789304,0,1,0
0.13805304,0,0,0
0.13849504,1,0,0
0.13865504,1,1,0
0.13869306,0,1,0
0.13885306,0,0,0
0.13929506,1,0,0
0.13945506,1,1,0
0.13949306,0,1,0
0.13965306,0,0,0
0.14009506,1,0,0
0.14025506,1,1,0
0.14029306,0,1,0
0.14045306,0,0,0
0.14089506,1,0,0
0.14105506,1,1,0
0.14109306,0,1,0
0.14125306,0,0,0
0.14169506,1,0,0
0.14185506,1,1,0
0.14189308,0,1,0
0.14205308,0,0,0
0.14249508,1,0,0
0.14265508,1,1,0
0.14269308,0,1,0
0.14285308,0,0,0
0.14329508,1,0,0
0.14345508,1,1,0
0.14349308,0,1,0
0.14365308,0,0,0
0.14409508,1,0,0
0.14425508,1,1,0
0.14429308,0,1,0
0.14445308,0,0,0
0.14489508,1,0,0
0.14505508,1,1,0
0.1450931,0,1,0
0.1452531,0,0,0
0.1456951,1,0,0
0.1458551,1,1,0
0.1458931,0,1,0
0.1460531,0,0,0
0.1464951,1,0,0
0.1466551,1,1,0
0.1466931,0,1,0
0.1468531,0,0,0
0.1472951,1,0,0
0.1474551,1,1,0
0.1474931,0,1,0
0.1476531,0,0,0
0.1480951,1,0,0
0.1482551,1,1,0
0.14829312,0,1,0
0.14845312,0,0,0
0.14889512,1,0,0
0.14905512,1,1,0
0.14909312,0,1,0
0.14925312,0,0,0
0.14969512,1,0,0
0.14985512,1,1,0
0.14989312,0,1,0
0.15005312,0,0,0
0.15049512,1,0,0
0.15065512,1,1,0
0.15069312,0,1,0
0.15085312,0,0,0
0.15129512,1,0,0
0.15145512,1,1,0
0.15149314,0,1,0
0.15165314,0,0,0
0.15209514,1,0,0
0.15225514,1,1,0
0.15229314,0,1,0
0.15245314,0,0,0
0.15289514,1,0,0
0.15305514,1,1,0
0.15309314,0,1,0
0.15325314,0,0,0
0.15369514,1,0,0
0.15385514,1,1,0
0.15389314,0,1,0
0.15405314,0,0,0
0.15449514,1,0,0
0.15465514,1,1,0
0.15469316,0,1,0
0.15485316,0,0,0
0.15529516,1,0,0
0.15545516,1,1,0
0.15549316,0,1,0
0.15565316,0,0,0
0.15609516,1,0,0
0.15625516,1,1,0
0.15629316,0,1,0
0.15645316,0,0,0
0.15689516,1,0,0
0.15705516,1,1,0
0.15709316,0,1,0
0.15725316,0,0,0
0.15769516,1,0,0
0.15785516,1,1,0
0.15789318,0,1,0
0.15805318,0,0,0
0.15849518,1,0,0
0.15865518,1,1,0
0.15869318,0,1,0
0.15885318,0,0,0
0.15929518,1,0,0
0.15945518,1,1,0
0.15949318,0,1,0
0.15965318,0,0,0
0.16009518,1,0,0
0.16025518,1,1,0
0.16029318,0,1,0
0.16045318,0,0,0
0.16089518,1,0,0
0.16105518,1,1,0
0.16109318,0,1,0
0.1612532,0,0,0
0.16169518,1,0,0
0.1618552,1,1,0
0.1618932,0,1,0
0.1620532,0,0,0
0.1624952,1,0,0
0.1626552,1,1,0
0.1626932,0,1,0
0.1628532,0,0,0
0.1632952,1,0,0
0.1634552,1,1,0
0.1634932,0,1,0
0.1636532,0,0,0
0.1640952,1,0,0
0.1642552,1,1,0
0.1642932,0,1,0
0.16445322,0,0,0
0.1648952,1,0,0
0.16505522,1,1,0
0.16509322,0,1,0
0.16525322,0,0,0
0.16569522,1,0,0
0.16585522,1,1,0
0.16589322,0,1,0
0.16605322,0,0,0
0.16649522,1,0,0
0.16665522,1,1,0
0.16669322,0,1,0
0.16685322,0,0,0
0.16729522,1,0,0
0.16745522,1,1,0
0.16749322,0,1,0
0.16765322,0,0,0
0.16809522,1,0,0
0.16825522,1,1,0
0.16829324,0,1,0
0.16845324,0,0,0
0.16889524,1,0,0
0.16905524,1,1,0
0.16909324,0,1,0
0.16925324,0,0,0
0.16969524,1,0,0
0.16985524,1,1,0
0.16989324,0,1,0
0.17005324,0,0,0
0.17049524,1,0,0
0.17065524,1,1,0
0.17069324,0,1,0
0.17085324,0,0,0
0.17129524,1,0,0
0.17145524,1,1,0
0.17149326,0,1,0
0.17165326,0,0,0
0.17209526,1,0,0
0.17225526,1,1,0
0.17229326,0,1,0
0.17245326,0,0,0
0.17289526,1,0,0
0.17305526,1,1,0
0.17309326,0,1,0
0.17325326,0,0,0
0.17369526,1,0,0
0.17385526,1,1,0
0.17389326,0,1,0
0.17405326,0,0,0
0.17449526,1,0,0
0.17465526,1,1,0
0.17469328,0,1,0
0.17485328,0,0,0
0.17529528,1,0,0
0.17545528,1,1,0
0.17549328,0,1,0
0.17565328,0,0,0
0.17609528,1,0,0
0.17625528,1,1,0
0.17629328,0,1,0
0.17645328,0,0,0
0.17689528,1,0,0
0.17705528,1,1,0
0.17709328,0,1,0
0.17725328,0,0,0
0.17769528,1,0,0
0.17785528,1,1,0
0.1778933,0,1,0
0.1780533,0,0,0
0.1784953,1,0,0
0.1786553,1,1,0
0.1786933,0,1,0
0.1788533,0,0,0
0.1792953,1,0,0
0.1794553,1,1,0
0.1794933,0,1,0
0.1796533,0,0,0
0.1800953,1,0,0
0.1802553,1,1,0
0.1802933,0,1,0
0.1804533,0,0,0
0.1808953,1,0,0
0.1810553,1,1,0
0.18109332,0,1,0
0.18125332,0,0,0
0.18169532,1,0,0
0.18185532,1,1,0
0.18189332,0,1,0
0.18205332,0,0,0
0.18249532,1,0,0
0.18265532,1,1,0
0.18269332,0,1,0
0.18285332,0,0,0
0.18329532,1,0,0
0.18345532,1,1,0
0.18349332,0,1,0
0.18365332,0,0,0
0.18409532,1,0,0
0.18425532,1,1,0
0.18429334,0,1,0
0.18445334,0,0,0
0.18489534,1,0,0
0.18505534,1,1,0
0.18509334,0,1,0
0.18525334,0,0,0
0.18569534,1,0,0
0.18585534,1,1,0
0.18589334,0,1,0
0.18605334,0,0,0
0.18649534,1,0,0
0.18665534,1,1,0
0.18669334,0,1,0
0.18685334,0,0,0
0.18729534,1,0,0
0.18745534,1,1,0
0.18749336,0,1,0
0.18765336,0,0,0
0.18809536,1,0,0
0.18825536,1,1,0
0.18829336,0,1,0
0.18845336,0,0,0
0.18889536,1,0,0
0.18905536,1,1,0
0.18909336,0,1,0
0.18925336,0,0,0
0.18969536,1,0,0
0.18985536,1,1,0
0.18989336,0,1,0
0.19005336,0,0,0
0.19049536,1,0,0
0.19065536,1,1,0
0.19069338,0,1,0
0.19085338,0,0,0
0.19129538,1,0,0
0.19145538,1,1,0
0.19149338,0,1,0
0.19165338,0,0,0
0.19209538,1,0,0
0.19225538,1,1,0
0.19229338,0,1,0
0.19245338,0,0,0
0.19289538,1,0,0
0.19305538,1,1,0
0.19309338,0,1,0
0.19325338,0,0,0
0.19369538,1,0,0
0.19385538,1,1,0
0.19389338,0,1,0
0.1940534,0,0,0
0.19449538,1,0,0
0.1946554,1,1,0
0.1946934,0,1,0
0.1948534,0,0,0
0.1952954,1,0,0
0.1954554,1,1,0
0.1954934,0,1,0
0.1956534,0,0,0
0.1960954,1,0,0
0.1962554,1,1,0
0.1962934,0,1,0
0.1964534,0,0,0
0.1968954,1,0,0
0.1970554,1,1,0
0.1970934,0,1,0
0.1972534,0,0,0
0.1976954,1,0,0
0.1978554,1,1,0
0.19789342,0,1,0
0.19805342,0,0,0
0.19849542,1,0,0
0.19865542,1,1,0
0.19869342,0,1,0
0.19885342,0,0,0
0.19929542,1,0,0
0.19945542,1,1,0
0.19949342,0,1,0
0.19965342,0,0,0
0.20009542,1,0,0
0.20025542,1,1,0
0.20029342,0,1,0
0.20045342,0,0,0
0.20089542,1,0,0
0.20105542,1,1,0
0.20109344,0,1,0
0.20125344,0,0,0
0.20169544,1,0,0
0.20185544,1,1,0
0.20189344,0,1,0
0.20205344,0,0,0
0.20249544,1,0,0
0.20265544,1,1,0
0.20269344,0,1,0
0.20285344,0,0,0
0.20329544,1,0,0
0.20345544,1,1,0
0.20349344,0,1,0
0.20365344,0,0,0
0.20409544,1,0,0
0.20425544,1,1,0
0.20429346,0,1,0
0.20445346,0,0,0
0.20489546,1,0,0
0.20505546,1,1,0
0.20509346,0,1,0
0.20525346,0,0,0
0.20569546,1,0,0
0.20585546,1,1,0
0.20588346,0,1,0
0.20606346,0,0,0
0.20648546,1,0,0
0.20666546,1,1,0
0.20668346,0,1,0
0.20686346,0,0,0
0.20728546,1,0,0
0.20746546,1,1,0
0.20748348,0,1,0
0.20766348,0,0,0
0.20808548,1,0,0
0.20826548,1,1,0
0.20828348,0,1,0
0.20846348,0,0,0
0.20888548,1,0,0
0.20906548,1,1,0
0.20908348,0,1,0
0.20926348,0,0,0
0.20968548,1,0,0
0.20986548,1,1,0
0.20988348,0,1,0
0.21006348,0,0,0
0.21048548,1,0,0
0.21066548,1,1,0
0.2106835,0,1,0
0.2108635,0,0,0
0.2112855,1,0,0
0.2114655,1,1,0
0.2114835,0,1,0
0.2116635,0,0,0
0.2120855,1,0,0
0.2122655,1,1,0
0.2122835,0,1,0
0.2124635,0,0,0
0.2128855,1,0,0
0.2130655,1,1,0
0.2130835,0,1,0
0.2132635,0,0,0
0.2136855,1,0,0
0.2138655,1,1,0
0.21388352,0,1,0
0.21406352,0,0,0
0.21448552,1,0,0
0.21466552,1,1,0
0.21468352,0,1,0
0.21486352,0,0,0
0.21528552,1,0,0
0.21546552,1,1,0
0.21548352,0,1,0
0.21566352,0,0,0
0.21608552,1,0,0
0.21626552,1,1,0
0.21628352,0,1,0
0.21646352,0,0,0
0.21688552,1,0,0
0.21706552,1,1,0
0.21708354,0,1,0
0.21726354,0,0,0
0.21768554,1,0,0
0.21786554,1,1,0
0.21788354,0,1,0
0.21806354,0,0,0
0.21848554,1,0,0
0.21866554,1,1,0
0.21868354,0,1,0
0.21886354,0,0,0
0.21928554,1,0,0
0.21946554,1,1,0
0.21948354,0,1,0
0.21966354,0,0,0
0.22008554,1,0,0
0.22026554,1,1,0
0.22028356,0,1,0
0.22046356,0,0,0
0.22088556,1,0,0
0.22106556,1,1,0
0.22108356,0,1,0
0.22126356,0,0,0
0.22168556,1,0,0
0.22186556,1,1,0
0.22188356,0,1,0
0.22206356,0,0,0
0.22248556,1,0,0
0.22266556,1,1,0
0.22268356,0,1,0
0.22286356,0,0,0
0.22328556,1,0,0
0.22346556,1,1,0
0.22348356,0,1,0
0.22366358,0,0,0
0.22408556,1,0,0
0.22426558,1,1,0
0.22428358,0,1,0
0.22446358,0,0,0
0.22488558,1,0,0
0.22506558,1,1,0
0.22508358,0,1,0
0.22526358,0,0,0
0.22568558,1,0,0
0.22586558,1,1,0
0.22588358,0,1,0
0.22606358,0,0,0
0.22648558,1,0,0
0.22666558,1,1,0
0.22668358,0,1,0
0.22686358,0,0,0
0.22728558,1,0,0
0.22746558,1,1,0
0.2274836,0,1,0
0.2276636,0,0,0
0.2280856,1,0,0
0.2282656,1,1,0
0.2282836,0,1,0
0.2284636,0,0,0
0.2288856,1,0,0
0.2290656,1,1,0
0.2290836,0,1,0
0.2292636,0,0,0
0.2296856,1,0,0
0.2298656,1,1,0
0.2298836,0,1,0
0.2300636,0,0,0
0.2304856,1,0,0
0.2306656,1,1,0
0.23068362,0,1,0
0.23086362,0,0,0
0.23128562,1,0,0
0.23146562,1,1,0
0.23148362,0,1,0
0.23166362,0,0,0
0.23208562,1,0,0
0.23226562,1,1,0
0.23228362,0,1,0
0.23246362,0,0,0
0.23288562,1,0,0
0.23306562,1,1,0
0.23308362,0,1,0
0.23326362,0,0,0
0.23368562,1,0,0
0.23386562,1,1,0
0.23388364,0,1,0
0.23406364,0,0,0
0.23448564,1,0,0
0.23466564,1,1,0
0.23468364,0,1,0
0.23486364,0,0,0
0.23528564,1,0,0
0.23546564,1,1,0
0.23548364,0,1,0
0.23566364,0,0,0
0.23608564,1,0,0
0.23626564,1,1,0
0.23628364,0,1,0
0.23646364,0,0,0
0.23688564,1,0,0
0.23706564,1,1,0
0.23708366,0,1,0
0.23726366,0,0,0
0.23768566,1,0,0
0.23786566,1,1,0
0.23788366,0,1,0
0.23806366,0,0,0
0.23848566,1,0,0
0.23866566,1,1,0
0.23868366,0,1,0
0.23886366,0,0,0
0.23928566,1,0,0
0.23946566,1,1,0
0.23948366,0,1,0
0.23966366,0,0,0
0.24008566,1,0,0
0.24026566,1,1,0
0.24028368,0,1,0
0.24046368,0,0,0
0.24088568,1,0,0
0.24106568,1,1,0
0.24108368,0,1,0
0.24126368,0,0,0
0.24168568,1,0,0
0.24186568,1,1,0
0.24188368,0,1,0
0.24206368,0,0,0
0.24248568,1,0,0
0.24266568,1,1,0
0.24268368,0,1,0
0.24286368,0,0,0
0.24328568,1,0,0
0.24346568,1,1,0
0.2434837,0,1,0
0.2436637,0,0,0
0.2440857,1,0,0
0.2442657,1,1,0
0.2442837,0,1,0
0.2444637,0,0,0
0.2448857,1,0,0
0.2450657,1,1,0
0.2450837,0,1,0
0.2452637,0,0,0
0.2456857,1,0,0
0.2458657,1,1,0
0.2458837,0,1,0
0.2460637,0,0,0
0.2464857,1,0,0
0.2466657,1,1,0
0.24668372,0,1,0
0.24686372,0,0,0
0.24728572,1,0,0
0.24746572,1,1,0
0.24748372,0,1,0
0.24766372,0,0,0
0.24808572,1,0,0
0.24826572,1,1,0
0.24828372,0,1,0
0.24846372,0,0,0
0.24888572,1,0,0
0.24906572,1,1,0
0.24908372,0,1,0
0.24926372,0,0,0
0.24968572,1,0,0
0.24986572,1,1,0
0.24988374,0,1,0
0.25006374,0,0,0
0.25048574,1,0,0
0.25066574,1,1,0
0.25068374,0,1,0
0.25086374,0,0,0
0.25128574,1,0,0
0.25146574,1,1,0
0.25148374,0,1,0
0.25166374,0,0,0
0.25208574,1,0,0
0.25226574,1,1,0
0.25228374,0,1,0
0.25246374,0,0,0
0.25288574,1,0,0
0.25306574,1,1,0
0.25308374,0,1,0
0.25326376,0,0,0
0.25368574,1,0,0
0.25386576,1,1,0
0.25388376,0,1,0
0.25406376,0,0,0
0.25448576,1,0,0
0.25466576,1,1,0
0.25468376,0,1,0
0.25486376,0,0,0
0.25528576,1,0,0
0.25546576,1,1,0
0.25548376,0,1,0
0.25566376,0,0,0
0.25608576,1,0,0
0.25626576,1,1,0
0.25628376,0,1,0
0.25646376,0,0,0
0.25688576,1,0,0
0.25706578,1,1,0
0.25708378,0,1,0
0.25726378,0,0,0
0.25768578,1,0,0
0.25786578,1,1,0
0.25788378,0,1,0
0.25806378,0,0,0
0.25848578,1,0,0
0.25866578,1,1,0
0.25868378,0,1,0
0.25886378,0,0,0
0.25928578,1,0,0
0.25946578,1,1,0
0.25948378,0,1,0
0.25966378,0,0,0
0.26008578,1,0,0
0.26026578,1,1,0
0.2602838,0,1,0
0.2604638,0,0,0
0.2608858,1,0,0
0.2610658,1,1,0
0.2610838,0,1,0
0.2612638,0,0,0
0.2616858,1,0,0
0.2618658,1,1,0
0.2618838,0,1,0
0.2620638,0,0,0
0.2624858,1,0,0
0.2626658,1,1,0
0.2626838,0,1,0
0.2628638,0,0,0
0.2632858,1,0,0
0.2634658,1,1,0
0.26348382,0,1,0
0.26366382,0,0,0
0.26408582,1,0,0
0.26426582,1,1,0
0.26428382,0,1,0
0.26446382,0,0,0
0.26488582,1,0,0
0.26506582,1,1,0
0.26508382,0,1,0
0.26526382,0,0,0
0.26568582,1,0,0
0.26586582,1,1,0
0.26588382,0,1,0
0.26606382,0,0,0
0.26648582,1,0,0
0.26666582,1,1,0
0.26668384,0,1,0
0.26686384,0,0,0
0.26728584,1,0,0
0.26746584,1,1,0
0.26748384,0,1,0
0.26766384,0,0,0
0.26808584,1,0,0
0.26826584,1,1,0
0.26828384,0,1,0
0.26846384,0,0,0
0.26888584,1,0,0
0.26906584,1,1,0
0.26908384,0,1,0
0.26926384,0,0,0
0.26968584,1,0,0
0.26986584,1,1,0
0.26988386,0,1,0
0.27006386,0,0,0
0.27048586,1,0,0
0.27066586,1,1,0
0.27068386,0,1,0
0.27086386,0,0,0
0.27128586,1,0,0
0.27146586,1,1,0
0.27148386,0,1,0
0.27166386,0,0,0
0.27208586,1,0,0
0.27226586,1,1,0
0.27228386,0,1,0
0.27246386,0,0,0
0.27288586,1,0,0
0.27306586,1,1,0
0.27308388,0,1,0
0.27326388,0,0,0
0.27368588,1,0,0
0.27386588,1,1,0
0.27388388,0,1,0
0.27406388,0,0,0
0.27448588,1,0,0
0.27466588,1,1,0
0.27468388,0,1,0
0.27486388,0,0,0
0.27528588,1,0,0
0.27546588,1,1,0
0.27548388,0,1,0
0.27566388,0,0,0
0.27608588,1,0,0
0.27626588,1,1,0
0.2762839,0,1,0
0.2764639,0,0,0
0.2768859,1,0,0
0.2770659,1,1,0
0.2770839,0,1,0
0.2772639,0,0,0
0.2776859,1,0,0
0.2778659,1,1,0
0.2778839,0,1,0
0.2780639,0,0,0
0.2784859,1,0,0
0.2786659,1,1,0
0.2786839,0,1,0
0.2788639,0,0,0
0.2792859,1,0,0
0.2794659,1,1,0
0.27948392,0,1,0
0.27966392,0,0,0
0.28008592,1,0,0
0.28026592,1,1,0
0.28028392,0,1,0
0.28046392,0,0,0
0.28088592,1,0,0
0.28106592,1,1,0
0.28107392,0,1,0
0.28127392,0,0,0
0.28167592,1,0,0
0.28187392,0,0,0
0.2818759,0,1,0
0.28207392,0,0,0
0.28247592,1,0,0
0.28267392,0,0,0
0.2826759,0,1,0
0.28287394,0,0,0
0.28327592,1,0,0
0.28347394,0,0,0
0.2834759,0,1,0
0.28367394,0,0,0
0.28407594,1,0,0
0.28427394,0,0,0
0.2842759,0,1,0
0.28447394,0,0,0
0.28487594,1,0,0
0.28507394,0,0,0
0.28507592,0,1,0
0.28527394,0,0,0
0.28567594,1,0,0
0.28587394,0,0,0
0.28587592,0,1,0
0.28607396,0,0,0
0.28647594,1,0,0
0.28667396,0,0,0
0.28667592,0,1,0
0.28687396,0,0,0
0.28727596,1,0,0
0.28747396,0,0,0
0.28747592,0,1,0
0.28767396,0,0,0
0.28807596,1,0,0
0.28827396,0,0,0
0.28827592,0,1,0
0.28847396,0,0,0
0.28887596,1,0,0
0.28907396,0,0,0
0.28907594,0,1,0
0.28927396,0,0,0
0.28967596,1,0,0
0.28987398,0,0,0
0.28987594,0,1,0
0.29007398,0,0,0
0.29047598,1,0,0
0.29067398,0,0,0
0.29067594,0,1,0
0.29087398,0,0,0
0.29127598,1,0,0
0.29147398,0,0,0
0.29147594,0,1,0
0.29167398,0,0,0
0.29207598,1,0,0
0.29227398,0,0,0
0.29227596,0,1,0
0.29247398,0,0,0
0.29287598,1,0,0
0.293074,0,0,0
0.29307596,0,1,0
0.293274,0,0,0
0.293676,1,0,0
0.293874,0,0,0
0.29387596,0,1,0
0.294074,0,0,0
0.294476,1,0,0
0.294674,0,0,0
0.29467596,0,1,0
0.294874,0,0,0
0.295276,1,0,0
0.295474,0,0,0
0.29547598,0,1,0
0.295674,0,0,0
0.296076,1,0,0
0.29627402,0,0,0
0.29627598,0,1,0
0.29647402,0,0,0
0.29687602,1,0,0
0.29707402,0,0,0
0.29707598,0,1,0
0.29727402,0,0,0
0.29767602,1,0,0
0.29787402,0,0,0
0.29787598,0,1,0
0.29807402,0,0,0
0.29847602,1,0,0
0.29867402,0,0,0
0.298676,0,1,0
0.29887402,0,0,0
0.29927602,1,0,0
0.29947404,0,0,0
0.299476,0,1,0
0.29967404,0,0,0
0.30007604,1,0,0
0.30027404,0,0,0
0.300276,0,1,0
0.30047404,0,0,0
0.30087604,1,0,0
0.30107404,0,0,0
0.301076,0,1,0
0.30127404,0,0,0
0.30167604,1,0,0
0.30187404,0,0,0
0.30187602,0,1,0
0.30207404,0,0,0
0.30247604,1,0,0
0.30267406,0,0,0
0.30267602,0,1,0
0.30287406,0,0,0
0.30327606,1,0,0
0.30347406,0,0,0
0.30347602,0,1,0
0.30367406,0,0,0
0.30407606,1,0,0
0.30427406,0,0,0
0.30427602,0,1,0
0.30447406,0,0,0
0.30487606,1,0,0
0.30507406,0,0,0
0.30507604,0,1,0
0.30527406,0,0,0
0.30567606,1,0,0
0.30587408,0,0,0
0.30587604,0,1,0
0.30607408,0,0,0
0.30647608,1,0,0
0.30667408,0,0,0
0.30667604,0,1,0
0.30687408,0,0,0
0.30727608,1,0,0
0.30747408,0,0,0
0.30747604,0,1,0
0.30767408,0,0,0
0.30807608,1,0,0
0.30827408,0,0,0
0.30827606,0,1,0
0.30847408,0,0,0
0.30887608,1,0,0
0.3090741,0,0,0
0.30907606,0,1,0
0.3092741,0,0,0
0.3096761,1,0,0
0.3098741,0,0,0
0.30987606,0,1,0
0.3100741,0,0,0
0.3104761,1,0,0
0.3106741,0,0,0
0.31067606,0,1,0
0.3108741,0,0,0
0.3112761,1,0,0
0.3114741,0,0,0
0.31147608,0,1,0
0.3116741,0,0,0
0.3120761,1,0,0
0.3122741,0,0,0
0.31227608,0,1,0
0.31247412,0,0,0
0.3128761,1,0,0
0.31307412,0,0,0
0.31307608,0,1,0
0.31327412,0,0,0
0.31367612,1,0,0
0.31387412,0,0,0
0.31387608,0,1,0
0.31407412,0,0,0
0.31447612,1,0,0
0.31467412,0,0,0
0.3146761,0,1,0
0.31487412,0,0,0
0.31527612,1,0,0
0.31547412,0,0,0
0.3154761,0,1,0
0.31567414,0,0,0
0.31607612,1,0,0
0.31627414,0,0,0
0.3162761,0,1,0
0.31647414,0,0,0
0.31687614,1,0,0
0.31707414,0,0,0
0.3170761,0,1,0
0.31727414,0,0,0
0.31767614,1,0,0
0.31787414,0,0,0
0.3178761,0,1,0
0.31807414,0,0,0
0.31847614,1,0,0
0.31867414,0,0,0
0.31867612,0,1,0
0.31887414,0,0,0
0.31927614,1,0,0
0.31947416,0,0,0
0.31947612,0,1,0
0.31967416,0,0,0
0.32007616,1,0,0
0.32027416,0,0,0
0.32027612,0,1,0
0.32047416,0,0,0
0.32087616,1,0,0
0.32107416,0,0,0
0.32107612,0,1,0
0.32127416,0,0,0
0.32167616,1,0,0
0.32187416,0,0,0
0.32187614,0,1,0
0.32207416,0,0,0
0.32247616,1,0,0
0.32267418,0,0,0
0.32267614,0,1,0
0.32287418,0,0,0
0.32327618,1,0,0
0.32347418,0,0,0
0.32347614,0,1,0
0.32367418,0,0,0
0.32407618,1,0,0
0.32427418,0,0,0
0.32427614,0,1,0
0.32447418,0,0,0
0.32487618,1,0,0
0.32507418,0,0,0
0.32507616,0,1,0
0.32527418,0,0,0
0.32567618,1,0,0
0.3258742,0,0,0
0.32587616,0,1,0
0.3260742,0,0,0
0.3264762,1,0,0
0.3266742,0,0,0
0.32667616,0,1,0
0.3268742,0,0,0
0.3272762,1,0,0
0.3274742,0,0,0
0.32747616,0,1,0
0.3276742,0,0,0
0.3280762,1,0,0
0.3282742,0,0,0
0.32827618,0,1,0
0.3284742,0,0,0
0.3288762,1,0,0
0.32907422,0,0,0
0.32907618,0,1,0
0.32927422,0,0,0
0.32967622,1,0,0
0.32987422,0,0,0
0.32987618,0,1,0
0.33007422,0,0,0
0.33047622,1,0,0
0.33067422,0,0,0
0.33067618,0,1,0
0.33087422,0,0,0
0.33127622,1,0,0
0.33147422,0,0,0
0.3314762,0,1,0
0.33167422,0,0,0
0.33207622,1,0,0
0.33227424,0,0,0
0.3322762,0,1,0
0.33247424,0,0,0
0.33287624,1,0,0
0.33307424,0,0,0
0.3330762,0,1,0
0.33327424,0,0,0
0.33367624,1,0,0
0.33387424,0,0,0
0.3338762,0,1,0
0.33407424,0,0,0
0.33447624,1,0,0
0.33467424,0,0,0
0.33467622,0,1,0
0.33487424,0,0,0
0.33527624,1,0,0
0.33547426,0,0,0
0.33547622,0,1,0
0.33567426,0,0,0
0.33607626,1,0,0
0.33627426,0,0,0
0.33627622,0,1,0
0.33647426,0,0,0
0.33687626,1,0,0
0.33707426,0,0,0
0.33707622,0,1,0
0.33727426,0,0,0
0.33767626,1,0,0
0.33787426,0,0,0
0.33787624,0,1,0
0.33807426,0,0,0
0.33847626,1,0,0
0.33867428,0,0,0
0.33867624,0,1,0
0.33887428,0,0,0
0.33927628,1,0,0
0.33947428,0,0,0
0.33947624,0,1,0
0.33967428,0,0,0
0.34007628,1,0,0
0.34027428,0,0,0
0.34027624,0,1,0
0.34047428,0,0,0
0.34087628,1,0,0
0.34107428,0,0,0
0.34107626,0,1,0
0.34127428,0,0,0
0.34167628,1,0,0
0.34187428,0,0,0
0.34187626,0,1,0
0.3420743,0,0,0
0.34247628,1,0,0
0.3426743,0,0,0
0.34267626,0,1,0
0.3428743,0,0,0
0.3432763,1,0,0
0.3434743,0,0,0
0.34347626,0,1,0
0.3436743,0,0,0
0.3440763,1,0,0
0.3442743,0,0,0
0.34427628,0,1,0
0.3444743,0,0,0
0.3448763,1,0,0
0.3450743,0,0,0
0.34507628,0,1,0
0.34527432,0,0,0
0.3456763,1,0,0
0.34587432,0,0,0
0.34587628,0,1,0
0.34607432,0,0,0
0.34647632,1,0,0
0.34667432,0,0,0
0.34667628,0,1,0
0.34687432,0,0,0
0.34727632,1,0,0
0.34747432,0,0,0
0.34747628,0,1,0
0.34767432,0,0,0
0.34807632,1,0,0
0.34827432,0,0,0
0.3482763,0,1,0
0.34847432,0,0,0
0.34887632,1,0,0
0.34907434,0,0,0
0.3490763,0,1,0
0.34927434,0,0,0
0.34967634,1,0,0
0.34987434,0,0,0
0.3498763,0,1,0
0.35007434,0,0,0
0.35047634,1,0,0
0.35067434,0,0,0
0.3506763,0,1,0
0.35087434,0,0,0
0.35127634,1,0,0
0.35147434,0,0,0
0.35147632,0,1,0
0.35167434,0,0,0
0.35207634,1,0,0
0.35227436,0,0,0
0.35227632,0,1,0
0.35247436,0,0,0
0.35287636,1,0,0
0.35307436,0,0,0
0.35307632,0,1,0
0.35327436,0,0,0
0.35367636,1,0,0
0.35387436,0,0,0
0.35387632,0,1,0
0.35407436,0,0,0
0.35447636,1,0,0
0.35467436,0,0,0
0.35467634,0,1,0
0.35487436,0,0,0
0.35527636,1,0,0
0.35547438,0,0,0
0.35547634,0,1,0
0.35567438,0,0,0
0.35617638,1,1,0
0.35637438,0,0,0
0.35697638,1,1,0
0.3571744,0,0,0
0.35777638,1,1,0
0.3579744,0,0,0
0.3585764,1,1,0
0.3587744,0,0,0
0.3593764,1,1,0
0.3595744,0,0,0
0.3601764,1,1,0
0.36037442,0,0,0
0.3609764,1,1,0
0.36117442,0,0,0
0.36177642,1,1,0
0.36197442,0,0,0
0.36257642,1,1,0
0.36277442,0,0,0
0.36337642,1,1,0
0.36357442,0,0,0
0.36417642,1,1,0
0.36437444,0,0,0
0.36497642,0,1,0
0.36497644,1,1,0
0.36517444,0,0,0
0.36577644,1,1,0
0.36597444,0,0,0
0.36657644,1,1,0
0.36677444,0,0,0
0.36737644,1,1,0
0.36757446,0,0,0
0.36817644,0,1,0
0.36817646,1,1,0
0.36837446,0,0,0
0.36897646,1,1,0
0.36917446,0,0,0
0.36977646,1,1,0
0.36997446,0,0,0
0.37057646,1,1,0
0.37077448,0,0,0
0.37137646,1,1,0
0.37157448,0,0,0
0.37217648,1,1,0
0.37237448,0,0,0
0.37297648,1,1,0
0.37317448,0,0,0
0.37377648,1,1,0
0.3739745,0,0,0
0.37457648,1,1,0
0.3747745,0,0,0
0.3753765,1,1,0
0.3755745,0,0,0
0.3761765,1,1,0
0.3763745,0,0,0
0.3769765,1,1,0
0.37717452,0,0,0
0.3777765,1,1,0
0.37797452,0,0,0
0.37857652,1,1,0
0.37877452,0,0,0
0.37937652,1,1,0
0.37957452,0,0,0
0.38017652,1,1,0
0.38037454,0,0,0
0.38097652,1,1,0
0.38117454,0,0,0
0.38177654,1,1,0
0.38197454,0,0,0
0.38257654,1,1,0
0.38277454,0,0,0
0.38337654,1,1,0
0.38357456,0,0,0
0.38417654,1,1,0
0.38437456,0,0,0
0.38497656,1,1,0
0.38517456,0,0,0
0.38577656,1,1,0
0.38597456,0,0,0
0.38657656,1,1,0
0.38677458,0,0,0
0.38737656,1,1,0
0.38757458,0,0,0
0.38817658,1,1,0
0.38837458,0,0,0
0.38897658,1,1,0
0.38917458,0,0,0
0.38977658,1,1,0
0.3899746,0,0,0
0.39057658,1,1,0
0.3907746,0,0,0
0.3913766,1,1,0
0.3915746,0,0,0
0.3921766,1,1,0
0.3923746,0,0,0
0.3929766,1,1,0
0.3931746,0,0,0
0.3937766,1,1,0
0.39397462,0,0,0
0.3945766,0,1,0
0.39457662,1,1,0
0.39477462,0,0,0
0.39537662,1,1,0
0.39557462,0,0,0
0.39617662,1,1,0
0.39637462,0,0,0
0.39697662,1,1,0
0.39717464,0,0,0
0.39777662,0,1,0
0.39777664,1,1,0
0.39797464,0,0,0
0.39857664,1,1,0
0.39877464,0,0,0
0.39937664,1,1,0
0.39957464,0,0,0
0.40017664,1,1,0
0.40037466,0,0,0
0.40097664,1,1,0
0.40117466,0,0,0
0.40177666,1,1,0
0.40197466,0,0,0
0.40257666,1,1,0
0.40277466,0,0,0
0.40337666,1,1,0
0.40357468,0,0,0
0.40417666,1,1,0
0.40437468,0,0,0
0.40497668,1,1,0
0.40517468,0,0,0
0.40577668,1,1,0
0.40597468,0,0,0
0.40657668,1,1,0
0.4067747,0,0,0
0.40737668,1,1,0
0.4075747,0,0,0
0.4081767,1,1,0
0.4083747,0,0,0
0.4089767,1,1,0
0.4091747,0,0,0
0.4097767,1,1,0
0.40997472,0,0,0
0.4105767,1,1,0
0.41077472,0,0,0
0.41137672,1,1,0
0.41157472,0,0,0
0.41217672,1,1,0
0.41237472,0,0,0
0.41297672,1,1,0
0.41317474,0,0,0
0.41377672,1,1,0
0.41397474,0,0,0
0.41457674,1,1,0
0.41477474,0,0,0
0.41537674,1,1,0
0.41557474,0,0,0
0.41617674,1,1,0
0.41637476,0,0,0
0.41697674,1,1,0
0.41717476,0,0,0
0.41777676,1,1,0
0.41797476,0,0,0
0.41857676,1,1,0
0.41877476,0,0,0
0.41937676,1,1,0
0.41957478,0,0,0
0.42017676,1,1,0
0.42037478,0,0,0
0.42097678,1,1,0
0.42117478,0,0,0
0.42177678,1,1,0
0.42197478,0,0,0
0.42257678,1,1,0
0.42277478,0,0,0
0.42337678,1,1,0
0.4235748,0,0,0
0.42417678,0,1,0
0.4241768,1,1,0
0.4243748,0,0,0
0.4249768,1,1,0
0.4251748,0,0,0
0.4257768,1,1,0
0.4259748,0,0,0
0.4265768,1,1,0
0.42677482,0,0,0
0.4273768,0,1,0
0.42737682,1,1,0
0.42757482,0,0,0
0.42817682,1,1,0
0.42837482,0,0,0
0.42897682,1,1,0
0.42917482,0,0,0
0.42977682,1,1,0
0.42997484,0,0,0
0.43057682,1,1,0
0.43077484,0,0,0
0.43136684,1,0,0
0.43138684,1,1,0
0.43156484,0,1,0
0.43158484,0,0,0
0.43216684,1,0,0
0.43218684,1,1,0
0.43236484,0,1,0
0.43238484,0,0,0
0.43296684,1,0,0
0.43298684,1,1,0
0.43316484,0,1,0
0.43318484,0,0,0
0.43376684,1,0,0
0.43378684,1,1,0
0.43396486,0,1,0
0.43398486,0,0,0
0.43456686,1,0,0
0.43458686,1,1,0
0.43476486,0,1,0
0.43478486,0,0,0
0.43536686,1,0,0
0.43538686,1,1,0
0.43556486,0,1,0
0.43558486,0,0,0
0.43616686,1,0,0
0.43618686,1,1,0
0.43636486,0,1,0
0.43638486,0,0,0
0.43696686,1,0,0
0.43698686,1,1,0
0.43716486,0,1,0
0.43718486,0,0,0
0.43776686,1,0,0
0.43778686,1,1,0
0.43796488,0,1,0
0.43798488,0,0,0
0.43856688,1,0,0
0.43858688,1,1,0
0.43876488,0,1,0
0.43878488,0,0,0
0.43936688,1,0,0
0.43938688,1,1,0
0.43956488,0,1,0
0.43958488,0,0,0
0.44016688,1,0,0
0.44018688,1,1,0
0.44036488,0,1,0
0.44038488,0,0,0
0.44096688,1,0,0
0.44098688,1,1,0
0.4411649,0,1,0
0.4411849,0,0,0
0.4417669,1,0,0
0.4417869,1,1,0
0.4419649,0,1,0
0.4419849,0,0,0
0.4425669,1,0,0
0.4425869,1,1,0
0.4427649,0,1,0
0.4427849,0,0,0
0.4433669,1,0,0
0.4433869,1,1,0
0.4435649,0,1,0
0.4435849,0,0,0
0.4441669,1,0,0
0.4441869,1,1,0
0.44436492,0,1,0
0.44438492,0,0,0
0.44496692,1,0,0
0.44498692,1,1,0
0.44516492,0,1,0
0.44518492,0,0,0
0.44576692,1,0,0
0.44578692,1,1,0
0.44596492,0,1,0
0.44598492,0,0,0
0.44656692,1,0,0
0.44658692,1,1,0
0.44676492,0,1,0
0.44678492,0,0,0
0.44736692,1,0,0
0.44738692,1,1,0
0.44756494,0,1,0
0.44758494,0,0,0
0.44816694,1,0,0
0.44818694,1,1,0
0.44836494,0,1,0
0.44838494,0,0,0
0.44896694,1,0,0
0.44898694,1,1,0
0.44916494,0,1,0
0.44918494,0,0,0
0.44976694,1,0,0
0.44978694,1,1,0
0.44996494,0,1,0
0.44998494,0,0,0
0.45056694,1,0,0
0.45058694,1,1,0
0.45076496,0,1,0
0.45078496,0,0,0
0.45136696,1,0,0
0.45138696,1,1,0
0.45156496,0,1,0
0.45158496,0,0,0
0.45216696,1,0,0
0.45218696,1,1,0
0.45236496,0,1,0
0.45238496,0,0,0
0.45296696,1,0,0
0.45298696,1,1,0
0.45316496,0,1,0
0.45318496,0,0,0
0.45376696,1,0,0
0.45378696,1,1,0
0.45396498,0,1,0
0.45398498,0,0,0
0.45456698,1,0,0
0.45458698,1,1,0
0.45476498,0,1,0
0.45478498,0,0,0
0.45536698,1,0,0
0.45538698,1,1,0
0.45556498,0,1,0
0.45558498,0,0,0
0.45616698,1,0,0
0.45618698,1,1,0
0.45636498,0,1,0
0.45638498,0,0,0
0.45696698,1,0,0
0.45698698,1,1,0
0.457165,0,1,0
0.457185,0,0,0
0.457767,1,0,0
0.457787,1,1,0
0.457965,0,1,0
0.457985,0,0,0
0.458567,1,0,0
0.458587,1,1,0
0.458765,0,1,0
0.458785,0,0,0
0.459367,1,0,0
0.459387,1,1,0
0.459565,0,1,0
0.459585,0,0,0
0.460167,1,0,0
0.460187,1,1,0
0.46036502,0,1,0
0.46038502,0,0,0
0.46096702,1,0,0
0.46098702,1,1,0
0.46116502,0,1,0
0.46118502,0,0,0
0.46176702,1,0,0
0.46178702,1,1,0
0.46196502,0,1,0
0.46198502,0,0,0
0.46256702,1,0,0
0.46258702,1,1,0
0.46276502,0,1,0
0.46278502,0,0,0
0.46336702,1,0,0
0.46338702,1,1,0
0.46356504,0,1,0
0.46358504,0,0,0
0.46416704,1,0,0
0.46418704,1,1,0
0.46436504,0,1,0
0.46438504,0,0,0
0.46496704,1,0,0
0.46498704,1,1,0
0.46516504,0,1,0
0.46518504,0,0,0
0.46576704,1,0,0
0.46578704,1,1,0
0.46596504,0,1,0
0.46598504,0,0,0
0.46656704,1,0,0
0.46658704,1,1,0
0.46676504,0,1,0
0.46678504,0,0,0
0.46736704,1,0,0
0.46738704,1,1,0
0.46756506,0,1,0
0.46758506,0,0,0
0.46816706,1,0,0
0.46818706,1,1,0
0.46836506,0,1,0
0.46838506,0,0,0
0.46896706,1,0,0
0.46898706,1,1,0
0.46916506,0,1,0
0.46918506,0,0,0
0.46976706,1,0,0
0.46978706,1,1,0
0.46996506,0,1,0
0.46998506,0,0,0
0.47056706,1,0,0
0.47058706,1,1,0
0.47076508,0,1,0
0.47078508,0,0,0
0.47136708,1,0,0
0.47138708,1,1,0
0.47156508,0,1,0
0.47158508,0,0,0
0.47216708,1,0,0
0.47218708,1,1,0
0.47236508,0,1,0
0.47238508,0,0,0
0.47296708,1,0,0
0.47298708,1,1,0
0.47316508,0,1,0
0.47318508,0,0,0
0.47376708,1,0,0
0.47378708,1,1,0
0.4739651,0,1,0
0.4739851,0,0,0
0.4745671,1,0,0
0.4745871,1,1,0
0.4747651,0,1,0
0.4747851,0,0,0
0.4753671,1,0,0
0.4753871,1,1,0
0.4755651,0,1,0
0.4755851,0,0,0
0.4761671,1,0,0
0.4761871,1,1,0
0.4763651,0,1,0
0.4763851,0,0,0
0.4769671,1,0,0
0.4769871,1,1,0
0.47716512,0,1,0
0.47718512,0,0,0
0.47776712,1,0,0
0.47778712,1,1,0
0.47796512,0,1,0
0.47798512,0,0,0
0.47856712,1,0,0
0.47858712,1,1,0
0.47876512,0,1,0
0.47878512,0,0,0
0.47936712,1,0,0
0.47938712,1,1,0
0.47956512,0,1,0
0.47958512,0,0,0
0.48016712,1,0,0
0.48018712,1,1,0
0.48036514,0,1,0
0.48038514,0,0,0
0.48096714,1,0,0
0.48098714,1,1,0
0.48116514,0,1,0
0.48118514,0,0,0
0.48176714,1,0,0
0.48178714,1,1,0
0.48196514,0,1,0
0.48198514,0,0,0
0.48256714,1,0,0
0.48258714,1,1,0
0.48276514,0,1,0
0.48278514,0,0,0
0.48336714,1,0,0
0.48338714,1,1,0
0.48356516,0,1,0
0.48358516,0,0,0
0.48416716,1,0,0
0.48418716,1,1,0
0.48436516,0,1,0
0.48438516,0,0,0
0.48496716,1,0,0
0.48498716,1,1,0
0.48516516,0,1,0
0.48518516,0,0,0
0.48576716,1,0,0
0.48578716,1,1,0
0.48596516,0,1,0
0.48598516,0,0,0
0.48656716,1,0,0
0.48658716,1,1,0
0.48676518,0,1,0
0.48678518,0,0,0
0.48736718,1,0,0
0.48738718,1,1,0
0.48756518,0,1,0
0.48758518,0,0,0
0.48816718,1,0,0
0.48818718,1,1,0
0.48836518,0,1,0
0.48838518,0,0,0
0.48896718,1,0,0
0.48898718,1,1,0
0.48916518,0,1,0
0.48918518,0,0,0
0.48976718,1,0,0
0.48978718,1,1,0
0.4899652,0,1,0
0.4899852,0,0,0
0.4905672,1,0,0
0.4905872,1,1,0
0.4907652,0,1,0
0.4907852,0,0,0
0.4913672,1,0,0
0.4913872,1,1,0
0.4915652,0,1,0
0.4915852,0,0,0
0.4921672,1,0,0
0.4921872,1,1,0
0.4923652,0,1,0
0.4923852,0,0,0
0.4929672,1,0,0
0.4929872,1,1,0
0.49316522,0,1,0
0.49318522,0,0,0
0.49376722,1,0,0
0.49378722,1,1,0
0.49396522,0,1,0
0.49398522,0,0,0
0.49456722,1,0,0
0.49458722,1,1,0
0.49476522,0,1,0
0.49478522,0,0,0
0.49536722,1,0,0
0.49538722,1,1,0
0.49556522,0,1,0
0.49558522,0,0,0
0.49616722,1,0,0
0.49618722,1,1,0
0.49636524,0,1,0
0.49638522,0,0,0
0.49696722,1,0,0
0.49698722,1,1,0
0.49716524,0,1,0
0.49718524,0,0,0
0.49776724,1,0,0
0.49778724,1,1,0
0.49796524,0,1,0
0.49798524,0,0,0
0.49856724,1,0,0
0.49858724,1,1,0
0.49876524,0,1,0
0.49878524,0,0,0
0.49936724,1,0,0
0.49938724,1,1,0
0.49956524,0,1,0
0.49958524,0,0,0
0.50016724,1,0,0
0.50018724,1,1,0
0.50036526,0,1,0
0.50038526,0,0,0
0.50096726,1,0,0
0.50098726,1,1,0
0.50116526,0,1,0
0.50118526,0,0,0
0.50176726,1,0,0
0.50178726,1,1,0
0.50196526,0,1,0
0.50198526,0,0,0
0.50256726,1,0,0
0.50258726,1,1,0
0.50276526,0,1,0
0.50278526,0,0,0
0.50336726,1,0,0
0.50338726,1,1,0
0.50356528,0,1,0
0.50358528,0,0,0
0.50416728,1,0,0
0.50418728,1,1,0
0.50436528,0,1,0
0.50438528,0,0,0
0.50496728,1,0,0
0.50498728,1,1,0
0.50516528,0,1,0
0.50518528,0,0,0
0.50576728,1,0,0
0.50578728,1,1,0
0.50595528,0,1,0
0.50599528,0,0,0
0.50655728,1,0,0
0.50659728,1,1,0
0.5067553,0,1,0
0.5067953,0,0,0
0.5073573,1,0,0
0.5073973,1,1,0
0.5075553,0,1,0
0.5075953,0,0,0
0.5081573,1,0,0
0.5081973,1,1,0
0.5083553,0,1,0
0.5083953,0,0,0
0.5089573,1,0,0
0.5089973,1,1,0
0.5091553,0,1,0
0.5091953,0,0,0
0.5097573,1,0,0
0.5097973,1,1,0
0.50995532,0,1,0
0.50999532,0,0,0
0.51055732,1,0,0
0.51059732,1,1,0
0.51075532,0,1,0
0.51079532,0,0,0
0.51135732,1,0,0
0.51139732,1,1,0
0.51155532,0,1,0
0.51159532,0,0,0
0.51215732,1,0,0
0.51219732,1,1,0
0.51235532,0,1,0
0.51239532,0,0,0
0.51295732,1,0,0
0.51299732,1,1,0
0.51315534,0,1,0
0.51319534,0,0,0
0.51375734,1,0,0
0.51379734,1,1,0
0.51395534,0,1,0
0.51399534,0,0,0
0.51455734,1,0,0
0.51459734,1,1,0
0.51475534,0,1,0
0.51479534,0,0,0
0.51535734,1,0,0
0.51539734,1,1,0
0.51555534,0,1,0
0.51559534,0,0,0
0.51615734,1,0,0
0.51619734,1,1,0
0.51635536,0,1,0
0.51639536,0,0,0
0.51695736,1,0,0
0.51699736,1,1,0
0.51715536,0,1,0
0.51719536,0,0,0
0.51775736,1,0,0
0.51779736,1,1,0
0.51795536,0,1,0
0.51799536,0,0,0
0.51855736,1,0,0
0.51859736,1,1,0
0.51875536,0,1,0
0.51879536,0,0,0
0.51935736,1,0,0
0.51939736,1,1,0
0.51955538,0,1,0
0.51959538,0,0,0
0.52015738,1,0,0
0.52019738,1,1,0
0.52035538,0,1,0
0.52039538,0,0,0
0.52095738,1,0,0
0.52099738,1,1,0
0.52115538,0,1,0
0.52119538,0,0,0
0.52175738,1,0,0
0.52179738,1,1,0
0.52195538,0,1,0
0.52199538,0,0,0
0.52255738,1,0,0
0.52259738,1,1,0
0.5227554,0,1,0
0.5227954,0,0,0
0.5233574,1,0,0
0.5233974,1,1,0
0.5235554,0,1,0
0.5235954,0,0,0
0.5241574,1,0,0
0.5241974,1,1,0
0.5243554,0,1,0
0.5243954,0,0,0
0.5249574,1,0,0
0.5249974,1,1,0
0.5251554,0,1,0
0.5251954,0,0,0
0.5257574,1,0,0
0.5257974,1,1,0
0.5259554,0,1,0
0.5259954,0,0,0
0.5265574,1,0,0
0.5265974,1,1,0
0.52675542,0,1,0
0.52679542,0,0,0
0.52735742,1,0,0
0.52739742,1,1,0
0.52755542,0,1,0
0.52759542,0,0,0
0.52815742,1,0,0
0.52819742,1,1,0
0.52835542,0,1,0
0.52839542,0,0,0
0.52895742,1,0,0
0.52899742,1,1,0
0.52915542,0,1,0
0.52919542,0,0,0
0.52975742,1,0,0
0.52979742,1,1,0
0.52995544,0,1,0
0.52999544,0,0,0
0.53055744,1,0,0
0.53059744,1,1,0
0.53075544,0,1,0
0.53079544,0,0,0
0.53135744,1,0,0
0.53139744,1,1,0
0.53155544,0,1,0
0.53159544,0,0,0
0.53215744,1,0,0
0.53219744,1,1,0
0.53235544,0,1,0
0.53239544,0,0,0
0.53295744,1,0,0
0.53299744,1,1,0
0.53315546,0,1,0
0.53319546,0,0,0
0.53375746,1,0,0
0.53379746,1,1,0
0.53395546,0,1,0
0.53399546,0,0,0
0.53455746,1,0,0
0.53459746,1,1,0
0.53475546,0,1,0
0.53479546,0,0,0
0.53535746,1,0,0
0.53539746,1,1,0
0.53555546,0,1,0
0.53559546,0,0,0
0.53615746,1,0,0
0.53619746,1,1,0
0.53635548,0,1,0
0.53639548,0,0,0
0.53695748,1,0,0
0.53699748,1,1,0
0.53715548,0,1,0
0.53719548,0,0,0
0.53775748,1,0,0
0.53779748,1,1,0
0.53795548,0,1,0
0.53799548,0,0,0
0.53855748,1,0,0
0.53859748,1,1,0
0.53875548,0,1,0
0.53879548,0,0,0
0.53935748,1,0,0
0.53939748,1,1,0
0.5395555,0,1,0
0.5395955,0,0,0
0.5401575,1,0,0
0.5401975,1,1,0
0.5403555,0,1,0
0.5403955,0,0,0
0.5409575,1,0,0
0.5409975,1,1,0
0.5411555,0,1,0
0.5411955,0,0,0
0.5417575,1,0,0
0.5417975,1,1,0
0.5419555,0,1,0
0.5419955,0,0,0
0.5425575,1,0,0
0.5425975,1,1,0
0.54275552,0,1,0
0.54279552,0,0,0
0.54335752,1,0,0
0.54339752,1,1,0
0.54355552,0,1,0
0.54359552,0,0,0
0.54415752,1,0,0
0.54419752,1,1,0
0.54435552,0,1,0
0.54439552,0,0,0
0.54495752,1,0,0
0.54499752,1,1,0
0.54515552,0,1,0
0.54519552,0,0,0
0.54575752,1,0,0
0.54579752,1,1,0
0.54595554,0,1,0
0.54599554,0,0,0
0.54655754,1,0,0
0.54659754,1,1,0
0.54675554,0,1,0
0.54679554,0,0,0
0.54735754,1,0,0
0.54739754,1,1,0
0.54755554,0,1,0
0.54759554,0,0,0
0.54815754,1,0,0
0.54819754,1,1,0
0.54835554,0,1,0
0.54839554,0,0,0
0.54895754,1,0,0
0.54899754,1,1,0
0.54915556,0,1,0
0.54919556,0,0,0
0.54975756,1,0,0
0.54979756,1,1,0
0.54995556,0,1,0
0.54999556,0,0,0
0.55055756,1,0,0
0.55059756,1,1,0
0.55075556,0,1,0
0.55079556,0,0,0
0.55135756,1,0,0
0.55139756,1,1,0
0.55155556,0,1,0
0.55159556,0,0,0
0.55215756,1,0,0
0.55219756,1,1,0
0.55235558,0,1,0
0.55239558,0,0,0
0.55295758,1,0,0
0.55299758,1,1,0
0.55315558,0,1,0
0.55319558,0,0,0
0.55375758,1,0,0
0.55379758,1,1,0
0.55395558,0,1,0
0.55399558,0,0,0
0.55455758,1,0,0
0.55459758,1,1,0
0.55475558,0,1,0
0.55479558,0,0,0
0.55535758,1,0,0
0.55539758,1,1,0
0.5555556,0,1,0
0.5555956,0,0,0
0.5561576,1,0,0
0.5561976,1,1,0
0.5563556,0,1,0
0.5563956,0,0,0
0.5569576,1,0,0
0.5569976,1,1,0
0.5571556,0,1,0
0.5571956,0,0,0
0.5577576,1,0,0
0.5577976,1,1,0
0.5579556,0,1,0
0.5579956,0,0,0
0.5585576,1,0,0
0.5585976,1,1,0
0.5587556,0,1,0
0.5587956,0,0,0
0.5593576,1,0,0
0.5593976,1,1,0
0.55955562,0,1,0
0.55959562,0,0,0
0.56015762,1,0,0
0.56019762,1,1,0
0.56035562,0,1,0
0.56039562,0,0,0
0.56095762,1,0,0
0.56099762,1,1,0
0.56115562,0,1,0
0.56119562,0,0,0
0.56175762,1,0,0
0.56179762,1,1,0
0.56195562,0,1,0
0.56199562,0,0,0
0.56255762,1,0,0
0.56259762,1,1,0
0.56275564,0,1,0
0.56279564,0,0,0
0.56335764,1,0,0
0.56339764,1,1,0
0.56355564,0,1,0
0.56359564,0,0,0
0.56415764,1,0,0
0.56419764,1,1,0
0.56435564,0,1,0
0.56439564,0,0,0
0.56495764,1,0,0
0.56499764,1,1,0
0.56515564,0,1,0
0.56519564,0,0,0
0.56575764,1,0,0
0.56579764,1,1,0
0.56595566,0,1,0
0.56599566,0,0,0
0.56655766,1,0,0
0.56659766,1,1,0
0.56675566,0,1,0
0.56679566,0,0,0
0.56735766,1,0,0
0.56739766,1,1,0
0.56755566,0,1,0
0.56759566,0,0,0
0.56815766,1,0,0
0.56819766,1,1,0
0.56835566,0,1,0
0.56839566,0,0,0
0.56895766,1,0,0
0.56899766,1,1,0
0.56915568,0,1,0
0.56919568,0,0,0
0.56975768,1,0,0
0.56979768,1,1,0
0.56995568,0,1,0
0.56999568,0,0,0
0.57055768,1,0,0
0.57059768,1,1,0
0.57075568,0,1,0
0.57079568,0,0,0
0.57135768,1,0,0
0.57139768,1,1,0
0.57155568,0,1,0
0.57159568,0,0,0
0.57215768,1,0,0
0.57219768,1,1,0
0.5723557,0,1,0
0.5723957,0,0,0
0.5729577,1,0,0
0.5729977,1,1,0
0.5731557,0,1,0
0.5731957,0,0,0
0.5737577,1,0,0
0.5737977,1,1,0
0.5739557,0,1,0
0.5739957,0,0,0
0.5745577,1,0,0
0.5745977,1,1,0
0.5747557,0,1,0
0.5747957,0,0,0
0.5753577,1,0,0
0.5753977,1,1,0
0.57555572,0,1,0
0.57559572,0,0,0
0.57615772,1,0,0
0.57619772,1,1,0
0.57635572,0,1,0
0.57639572,0,0,0
0.57695772,1,0,0
0.57699772,1,1,0
0.57715572,0,1,0
0.57719572,0,0,0
0.57775772,1,0,0
0.57779772,1,1,0
0.57795572,0,1,0
0.57799572,0,0,0
0.57855772,1,0,0
0.57859772,1,1,0
0.57875574,0,1,0
0.57879574,0,0,0
0.57935774,1,0,0
0.57939774,1,1,0
0.57955574,0,1,0
0.57959574,0,0,0
0.58015774,1,0,0
0.58019774,1,1,0
0.58035574,0,1,0
0.58039574,0,0,0
0.58095774,1,0,0
0.58099774,1,1,0
0.58114574,0,1,0
0.58120574,0,0,0
0.58174774,1,0,0
0.58180774,1,1,0
0.58194576,0,1,0
0.58200576,0,0,0
0.58254776,1,0,0
0.58260776,1,1,0
0.58274576,0,1,0
0.58280576,0,0,0
0.58334776,1,0,0
0.58340776,1,1,0
0.58354576,0,1,0
0.58360576,0,0,0
0.58414776,1,0,0
0.58420776,1,1,0
0.58434576,0,1,0
0.58440576,0,0,0
0.58494776,1,0,0
0.58500776,1,1,0
0.58514578,0,1,0
0.58520578,0,0,0
0.58574778,1,0,0
0.58580778,1,1,0
0.58594578,0,1,0
0.58600578,0,0,0
0.58654778,1,0,0
0.58660778,1,1,0
0.58674578,0,1,0
0.58680578,0,0,0
0.58734778,1,0,0
0.58740778,1,1,0
0.58754578,0,1,0
0.58760578,0,0,0
0.58814778,1,0,0
0.58820778,1,1,0
0.58834578,0,1,0
0.58840578,0,0,0
0.58894778,1,0,0
0.58900778,1,1,0
0.5891458,0,1,0
0.5892058,0,0,0
0.5897478,1,0,0
0.5898078,1,1,0
0.5899458,0,1,0
0.5900058,0,0,0
0.5905478,1,0,0
0.5906078,1,1,0
0.5907458,0,1,0
0.5908058,0,0,0
0.5913478,1,0,0
0.5914078,1,1,0
0.5915458,0,1,0
0.5916058,0,0,0
0.5921478,1,0,0
0.5922078,1,1,0
0.59234582,0,1,0
0.59240582,0,0,0
0.59294782,1,0,0
0.59300782,1,1,0
0.59314582,0,1,0
0.59320582,0,0,0
0.59374782,1,0,0
0.59380782,1,1,0
0.59394582,0,1,0
0.59400582,0,0,0
0.59454782,1,0,0
0.59460782,1,1,0
0.59474582,0,1,0
0.59480582,0,0,0
0.59534782,1,0,0
0.59540782,1,1,0
0.59554584,0,1,0
0.59560584,0,0,0
0.59614784,1,0,0
0.59620784,1,1,0
0.59634584,0,1,0
0.59640584,0,0,0
0.59694784,1,0,0
0.59700784,1,1,0
0.59714584,0,1,0
0.59720584,0,0,0
0.59774784,1,0,0
0.59780784,1,1,0
0.59794584,0,1,0
0.59800584,0,0,0
0.59854784,1,0,0
0.59860784,1,1,0
0.59874586,0,1,0
0.59880586,0,0,0
0.59934786,1,0,0
0.59940786,1,1,0
0.59954586,0,1,0
0.59960586,0,0,0
0.60014786,1,0,0
0.60020786,1,1,0
0.60034586,0,1,0
0.60040586,0,0,0
0.60094786,1,0,0
0.60100786,1,1,0
0.60114586,0,1,0
0.60120586,0,0,0
0.60174786,1,0,0
0.60180786,1,1,0
0.60194588,0,1,0
0.60200588,0,0,0
0.60254788,1,0,0
0.60260788,1,1,0
0.60274588,0,1,0
0.60280588,0,0,0
0.60334788,1,0,0
0.60340788,1,1,0
0.60354588,0,1,0
0.60360588,0,0,0
0.60414788,1,0,0
0.60420788,1,1,0
0.60434588,0,1,0
0.60440588,0,0,0
0.60494788,1,0,0
0.60500788,1,1,0
0.6051459,0,1,0
0.6052059,0,0,0
0.6057479,1,0,0
0.6058079,1,1,0
0.6059459,0,1,0
0.6060059,0,0,0
0.6065479,1,0,0
0.6066079,1,1,0
0.6067459,0,1,0
0.6068059,0,0,0
0.6073479,1,0,0
0.6074079,1,1,0
0.6075459,0,1,0
0.6076059,0,0,0
0.6081479,1,0,0
0.6082079,1,1,0
0.60834592,0,1,0
0.60840592,0,0,0
0.60894792,1,0,0
0.60900792,1,1,0
0.60914592,0,1,0
0.60920592,0,0,0
0.60974792,1,0,0
0.60980792,1,1,0
0.60994592,0,1,0
0.61000592,0,0,0
0.61054792,1,0,0
0.61060792,1,1,0
0.61074592,0,1,0
0.61080592,0,0,0
0.61134792,1,0,0
0.61140792,1,1,0
0.61154594,0,1,0
0.61160594,0,0,0
0.61214794,1,0,0
0.61220794,1,1,0
0.61234594,0,1,0
0.61240594,0,0,0
0.61294794,1,0,0
0.61300794,1,1,0
0.61314594,0,1,0
0.61320594,0,0,0
0.61374794,1,0,0
0.61380794,1,1,0
0.61394594,0,1,0
0.61400594,0,0,0
0.61454794,1,0,0
0.61460794,1,1,0
0.61474596,0,1,0
0.61480596,0,0,0
0.61534796,1,0,0
0.61540796,1,1,0
0.61554596,0,1,0
0.61560596,0,0,0
0.61614796,1,0,0
0.61620796,1,1,0
0.61634596,0,1,0
0.61640596,0,0,0
0.61694796,1,0,0
0.61700796,1,1,0
0.61714596,0,1,0
0.61720596,0,0,0
0.61774796,1,0,0
0.61780796,1,1,0
0.61794596,0,1,0
0.61800596,0,0,0
0.61854796,1,0,0
0.61860796,1,1,0
0.61874598,0,1,0
0.61880598,0,0,0
0.61934798,1,0,0
0.61940798,1,1,0
0.61954598,0,1,0
0.61960598,0,0,0
0.62014798,1,0,0
0.62020798,1,1,0
0.62034598,0,1,0
0.62040598,0,0,0
0.62094798,1,0,0
0.62100798,1,1,0
0.62114598,0,1,0
0.62120598,0,0,0
0.62174798,1,0,0
0.62180798,1,1,0
0.621946,0,1,0
0.622006,0,0,0
0.622548,1,0,0
0.622608,1,1,0
0.622746,0,1,0
0.622806,0,0,0
0.623348,1,0,0
0.623408,1,1,0
0.623546,0,1,0
0.623606,0,0,0
0.624148,1,0,0
0.624208,1,1,0
0.624346,0,1,0
0.624406,0,0,0
0.624948,1,0,0
0.625008,1,1,0
0.62514602,0,1,0
0.62520602,0,0,0
0.62574802,1,0,0
0.62580802,1,1,0
0.62594602,0,1,0
0.62600602,0,0,0
0.62654802,1,0,0
0.62660802,1,1,0
0.62674602,0,1,0
0.62680602,0,0,0
0.62734802,1,0,0
0.62740802,1,1,0
0.62754602,0,1,0
0.62760602,0,0,0
0.62814802,1,0,0
0.62820802,1,1,0
0.62834604,0,1,0
0.62840604,0,0,0
0.62894804,1,0,0
0.62900804,1,1,0
0.62914604,0,1,0
0.62920604,0,0,0
0.62974804,1,0,0
0.62980804,1,1,0
0.62994604,0,1,0
0.63000604,0,0,0
0.63054804,1,0,0
0.63060804,1,1,0
0.63074604,0,1,0
0.63080604,0,0,0
0.63134804,1,0,0
0.63140804,1,1,0
0.63154606,0,1,0
0.63160606,0,0,0
0.63214806,1,0,0
0.63220806,1,1,0
0.63234606,0,1,0
0.63240606,0,0,0
0.63294806,1,0,0
0.63300806,1,1,0
0.63314606,0,1,0
0.63320606,0,0,0
0.63374806,1,0,0
0.63380806,1,1,0
0.63394606,0,1,0
0.63400606,0,0,0
0.63454806,1,0,0
0.63460806,1,1,0
0.63474608,0,1,0
0.63480608,0,0,0
0.63534808,1,0,0
0.63540808,1,1,0
0.63554608,0,1,0
0.63560608,0,0,0
0.63614808,1,0,0
0.63620808,1,1,0
0.63634608,0,1,0
0.63640608,0,0,0
0.63694808,1,0,0
0.63700808,1,1,0
0.63714608,0,1,0
0.63720608,0,0,0
0.63774808,1,0,0
0.63780808,1,1,0
0.6379461,0,1,0
0.6380061,0,0,0
0.6385481,1,0,0
0.6386081,1,1,0
0.6387461,0,1,0
0.6388061,0,0,0
0.6393481,1,0,0
0.6394081,1,1,0
0.6395461,0,1,0
0.6396061,0,0,0
0.6401481,1,0,0
0.6402081,1,1,0
0.6403461,0,1,0
0.6404061,0,0,0
0.6409481,1,0,0
0.6410081,1,1,0
0.64114612,0,1,0
0.64120612,0,0,0
0.64174812,1,0,0
0.64180812,1,1,0
0.64194612,0,1,0
0.64200612,0,0,0
0.64254812,1,0,0
0.64260812,1,1,0
0.64274612,0,1,0
0.64280612,0,0,0
0.64334812,1,0,0
0.64340812,1,1,0
0.64354612,0,1,0
0.64360612,0,0,0
0.64414812,1,0,0
0.64420812,1,1,0
0.64434614,0,1,0
0.64440614,0,0,0
0.64494814,1,0,0
0.64500814,1,1,0
0.64514614,0,1,0
0.64520614,0,0,0
0.64574814,1,0,0
0.64580814,1,1,0
0.64594614,0,1,0
0.64600614,0,0,0
0.64654814,1,0,0
0.64660814,1,1,0
0.64674614,0,1,0
0.64680614,0,0,0
0.64734814,1,0,0
0.64740814,1,1,0
0.64754614,0,1,0
0.64760614,0,0,0
0.64814814,1,0,0
0.64820814,1,1,0
0.64834616,0,1,0
0.64840616,0,0,0
0.64894816,1,0,0
0.64900816,1,1,0
0.64914616,0,1,0
0.64920616,0,0,0
0.64974816,1,0,0
0.64980816,1,1,0
0.64994616,0,1,0
0.65000616,0,0,0
0.65054816,1,0,0
0.65060816,1,1,0
0.65074616,0,1,0
0.65080616,0,0,0
0.65134816,1,0,0
0.65140816,1,1,0
0.65154618,0,1,0
0.65160618,0,0,0
0.65214818,1,0,0
0.65220818,1,1,0
0.65234618,0,1,0
0.65240618,0,0,0
0.65294818,1,0,0
0.65300818,1,1,0
0.65314618,0,1,0
0.65320618,0,0,0
0.65374818,1,0,0
0.65380818,1,1,0
0.65394618,0,1,0
0.65400618,0,0,0
0.65454818,1,0,0
0.65460818,1,1,0
0.6547462,0,1,0
0.6548062,0,0,0
0.6553482,1,0,0
0.6554082,1,1,0
0.6555462,0,1,0
0.6556062,0,0,0
0.6561382,1,0,0
0.6562182,1,1,0
0.6563362,0,1,0
0.6564162,0,0,0
0.6569382,1,0,0
0.6570182,1,1,0
0.6571362,0,1,0
0.6572162,0,0,0
0.6577382,1,0,0
0.6578182,1,1,0
0.65793622,0,1,0
0.65801622,0,0,0
0.65853822,1,0,0
0.65861822,1,1,0
0.65873622,0,1,0
0.65881622,0,0,0
0.65933822,1,0,0
0.65941822,1,1,0
0.65953622,0,1,0
0.65961622,0,0,0
0.66013822,1,0,0
0.66021822,1,1,0
0.66033622,0,1,0
0.66041622,0,0,0
0.66093822,1,0,0
0.66101822,1,1,0
0.66113624,0,1,0
0.66121624,0,0,0
0.66173824,1,0,0
0.66181824,1,1,0
0.66193624,0,1,0
0.66201624,0,0,0
0.66253824,1,0,0
0.66261824,1,1,0
0.66273624,0,1,0
0.66281624,0,0,0
0.66333824,1,0,0
0.66341824,1,1,0
0.66353624,0,1,0
0.66361624,0,0,0
0.66413824,1,0,0
0.66421824,1,1,0
0.66433626,0,1,0
0.66441626,0,0,0
0.66493826,1,0,0
0.66501826,1,1,0
0.66513626,0,1,0
0.66521626,0,0,0
0.66573826,1,0,0
0.66581826,1,1,0
0.66593626,0,1,0
0.66601626,0,0,0
0.66653826,1,0,0
0.66661826,1,1,0
0.66673626,0,1,0
0.66681626,0,0,0
0.66733826,1,0,0
0.66741826,1,1,0
0.66753628,0,1,0
0.66761628,0,0,0
0.66813828,1,0,0
0.66821828,1,1,0
0.66833628,0,1,0
0.66841628,0,0,0
0.66893828,1,0,0
0.66901828,1,1,0
0.66913628,0,1,0
0.66921628,0,0,0
0.66973828,1,0,0
0.66981828,1,1,0
0.66993628,0,1,0
0.67001628,0,0,0
0.67053828,1,0,0
0.67061828,1,1,0
0.6707363,0,1,0
0.6708163,0,0,0
0.6713383,1,0,0
0.6714183,1,1,0
0.6715363,0,1,0
0.6716163,0,0,0
0.6721383,1,0,0
0.6722183,1,1,0
0.6723363,0,1,0
0.6724163,0,0,0
0.6729383,1,0,0
0.6730183,1,1,0
0.6731363,0,1,0
0.6732163,0,0,0
0.6737383,1,0,0
0.6738183,1,1,0
0.67393632,0,1,0
0.67401632,0,0,0
0.67453832,1,0,0
0.67461832,1,1,0
0.67473632,0,1,0
0.67481632,0,0,0
0.67533832,1,0,0
0.67541832,1,1,0
0.67553632,0,1,0
0.67561632,0,0,0
0.67613832,1,0,0
0.67621832,1,1,0
0.67633632,0,1,0
0.67641632,0,0,0
0.67693832,1,0,0
0.67701832,1,1,0
0.67713632,0,1,0
0.67721632,0,0,0
0.67773832,1,0,0
0.67781832,1,1,0
0.67793634,0,1,0
0.67801634,0,0,0
0.67853834,1,0,0
0.67861834,1,1,0
0.67873634,0,1,0
0.67881634,0,0,0
0.67933834,1,0,0
0.67941834,1,1,0
0.67953634,0,1,0
0.67961634,0,0,0
0.68013834,1,0,0
0.68021834,1,1,0
0.68033634,0,1,0
0.68041634,0,0,0
0.68093834,1,0,0
0.68101834,1,1,0
0.68113636,0,1,0
0.68121636,0,0,0
0.68173836,1,0,0
0.68181836,1,1,0
0.68193636,0,1,0
0.68201636,0,0,0
0.68253836,1,0,0
0.68261836,1,1,0
0.68273636,0,1,0
0.68281636,0,0,0
0.68333836,1,0,0
0.68341836,1,1,0
0.68353636,0,1,0
0.68361636,0,0,0
0.68413836,1,0,0
0.68421836,1,1,0
0.68433638,0,1,0
0.68441638,0,0,0
0.68493838,1,0,0
0.68501838,1,1,0
0.68513638,0,1,0
0.68521638,0,0,0
0.68573838,1,0,0
0.68581838,1,1,0
0.68593638,0,1,0
0.68601638,0,0,0
0.68653838,1,0,0
0.68661838,1,1,0
0.68673638,0,1,0
0.68681638,0,0,0
0.68733838,1,0,0
0.68741838,1,1,0
0.6875364,0,1,0
0.6876164,0,0,0
0.6881384,1,0,0
0.6882184,1,1,0
0.6883364,0,1,0
0.6884164,0,0,0
0.6889384,1,0,0
0.6890184,1,1,0
0.6891364,0,1,0
0.6892164,0,0,0
0.6897384,1,0,0
0.6898184,1,1,0
0.6899364,0,1,0
0.6900164,0,0,0
0.6905384,1,0,0
0.6906184,1,1,0
0.69073642,0,1,0
0.69081642,0,0,0
0.69133842,1,0,0
0.69141842,1,1,0
0.69153642,0,1,0
0.69161642,0,0,0
0.69213842,1,0,0
0.69221842,1,1,0
0.69233642,0,1,0
0.69241642,0,0,0
0.69293842,1,0,0
0.69301842,1,1,0
0.69313642,0,1,0
0.69321642,0,0,0
0.69373842,1,0,0
0.69381842,1,1,0
0.69393644,0,1,0
0.69401644,0,0,0
0.69453844,1,0,0
0.69461844,1,1,0
0.69473644,0,1,0
0.69481644,0,0,0
0.69533844,1,0,0
0.69541844,1,1,0
0.69553644,0,1,0
0.69561644,0,0,0
0.69613844,1,0,0
0.69621844,1,1,0
0.69633644,0,1,0
0.69641644,0,0,0
0.69693844,1,0,0
0.69701844,1,1,0
0.69713646,0,1,0
0.69721646,0,0,0
0.69773846,1,0,0
0.69781846,1,1,0
0.69793646,0,1,0
0.69801646,0,0,0
0.69853846,1,0,0
0.69861846,1,1,0
0.69873646,0,1,0
0.69881646,0,0,0
0.69933846,1,0,0
0.69941846,1,1,0
0.69953646,0,1,0
0.69961646,0,0,0
0.70013846,1,0,0
0.70021846,1,1,0
0.70033648,0,1,0
0.70041648,0,0,0
0.70093848,1,0,0
0.70101848,1,1,0
0.70113648,0,1,0
0.70121648,0,0,0
0.70173848,1,0,0
0.70181848,1,1,0
0.70193648,0,1,0
0.70201648,0,0,0
0.70253848,1,0,0
0.70261848,1,1,0
0.70273648,0,1,0
0.70281648,0,0,0
0.70333848,1,0,0
0.70341848,1,1,0
0.7035365,0,1,0
0.7036165,0,0,0
0.7041385,1,0,0
0.7042185,1,1,0
0.7043365,0,1,0
0.7044165,0,0,0
0.7049385,1,0,0
0.7050185,1,1,0
0.7051365,0,1,0
0.7052165,0,0,0
0.7057385,1,0,0
0.7058185,1,1,0
0.7059365,0,1,0
0.7060165,0,0,0
0.7065385,1,0,0
0.7066185,1,1,0
0.7067365,0,1,0
0.7068165,0,0,0
0.7073385,1,0,0
0.70741852,1,1,0
0.70753652,0,1,0
0.70761652,0,0,0
0.70813852,1,0,0
0.70821852,1,1,0
0.70833652,0,1,0
0.70841652,0,0,0
0.70893852,1,0,0
0.70901852,1,1,0
0.70913652,0,1,0
0.70921652,0,0,0
0.70973852,1,0,0
0.70981852,1,1,0
0.70993652,0,1,0
0.71001652,0,0,0
0.71053852,1,0,0
0.71061852,1,1,0
0.71073654,0,1,0
0.71081654,0,0,0
0.71133854,1,0,0
0.71141854,1,1,0
0.71153654,0,1,0
0.71161654,0,0,0
0.71213854,1,0,0
0.71221854,1,1,0
0.71233654,0,1,0
0.71241654,0,0,0
0.71293854,1,0,0
0.71301854,1,1,0
0.71313654,0,1,0
0.71321654,0,0,0
0.71373854,1,0,0
0.71381854,1,1,0
0.71393656,0,1,0
0.71401656,0,0,0
0.71453856,1,0,0
0.71461856,1,1,0
0.71473656,0,1,0
0.71481656,0,0,0
0.71533856,1,0,0
0.71541856,1,1,0
0.71553656,0,1,0
0.71561656,0,0,0
0.71613856,1,0,0
0.71621856,1,1,0
0.71633656,0,1,0
0.71641656,0,0,0
0.71693856,1,0,0
0.71701856,1,1,0
0.71713658,0,1,0
0.71721658,0,0,0
0.71773858,1,0,0
0.71781858,1,1,0
0.71793658,0,1,0
0.71801658,0,0,0
0.71853858,1,0,0
0.71861858,1,1,0
0.71873658,0,1,0
0.71881658,0,0,0
0.71933858,1,0,0
0.71941858,1,1,0
0.71953658,0,1,0
0.71961658,0,0,0
0.72013858,1,0,0
0.72021858,1,1,0
0.7203366,0,1,0
0.7204166,0,0,0
0.7209386,1,0,0
0.7210186,1,1,0
0.7211366,0,1,0
0.7212166,0,0,0
0.7217386,1,0,0
0.7218186,1,1,0
0.7219366,0,1,0
0.7220166,0,0,0
0.7225386,1,0,0
0.7226186,1,1,0
0.7227366,0,1,0
0.7228166,0,0,0
0.7233386,1,0,0
0.7234186,1,1,0
0.72353662,0,1,0
0.72361662,0,0,0
0.72413862,1,0,0
0.72421862,1,1,0
0.72433662,0,1,0
0.72441662,0,0,0
0.72493862,1,0,0
0.72501862,1,1,0
0.72513662,0,1,0
0.72521662,0,0,0
0.72573862,1,0,0
0.72581862,1,1,0
0.72593662,0,1,0
0.72601662,0,0,0
0.72653862,1,0,0
0.72661862,1,1,0
0.72673664,0,1,0
0.72681664,0,0,0
0.72733864,1,0,0
0.72741864,1,1,0
0.72753664,0,1,0
0.72761664,0,0,0
0.72813864,1,0,0
0.72821864,1,1,0
0.72833664,0,1,0
0.72841664,0,0,0
0.72893864,1,0,0
0.72901864,1,1,0
0.72913664,0,1,0
0.72921664,0,0,0
0.72973864,1,0,0
0.72981864,1,1,0
0.72993666,0,1,0
0.73001666,0,0,0
0.73053866,1,0,0
0.73061866,1,1,0
0.73073666,0,1,0
0.73081666,0,0,0
0.73132866,1,0,0
0.73142866,1,1,0
0.73152666,0,1,0
0.73162666,0,0,0
0.73212866,1,0,0
0.73222866,1,1,0
0.73232666,0,1,0
0.73242666,0,0,0
0.73292866,1,0,0
0.73302866,1,1,0
0.73312668,0,1,0
0.73322668,0,0,0
0.73372868,1,0,0
0.73382868,1,1,0
0.73392668,0,1,0
0.73402668,0,0,0
0.73452868,1,0,0
0.73462868,1,1,0
0.73472668,0,1,0
0.73482668,0,0,0
0.73532868,1,0,0
0.73542868,1,1,0
0.73552668,0,1,0
0.73562668,0,0,0
0.73612868,1,0,0
0.73622868,1,1,0
0.73632668,0,1,0
0.7364267,0,0,0
0.73692868,1,0,0
0.7370287,1,1,0
0.7371267,0,1,0
0.7372267,0,0,0
0.7377287,1,0,0
0.7378287,1,1,0
0.7379267,0,1,0
0.7380267,0,0,0
0.7385287,1,0,0
0.7386287,1,1,0
0.7387267,0,1,0
0.7388267,0,0,0
0.7393287,1,0,0
0.7394287,1,1,0
0.7395267,0,1,0
0.7396267,0,0,0
0.7401287,1,0,0
0.7402287,1,1,0
0.74032672,0,1,0
0.74042672,0,0,0
0.74092872,1,0,0
0.74102872,1,1,0
0.74112672,0,1,0
0.74122672,0,0,0
0.74172872,1,0,0
0.74182872,1,1,0
0.74192672,0,1,0
0.74202672,0,0,0
0.74252872,1,0,0
0.74262872,1,1,0
0.74272672,0,1,0
0.74282672,0,0,0
0.74332872,1,0,0
0.74342872,1,1,0
0.74352674,0,1,0
0.74362674,0,0,0
0.74412874,1,0,0
0.74422874,1,1,0
0.74432674,0,1,0
0.74442674,0,0,0
0.74492874,1,0,0
0.74502874,1,1,0
0.74512674,0,1,0
0.74522674,0,0,0
0.74572874,1,0,0
0.74582874,1,1,0
0.74592674,0,1,0
0.74602674,0,0,0
0.74652874,1,0,0
0.74662874,1,1,0
0.74672676,0,1,0
0.74682676,0,0,0
0.74732876,1,0,0
0.74742876,1,1,0
0.74752676,0,1,0
0.74762676,0,0,0
0.74812876,1,0,0
0.74822876,1,1,0
0.74832676,0,1,0
0.74842676,0,0,0
0.74892876,1,0,0
0.74902876,1,1,0
0.74912676,0,1,0
0.74922676,0,0,0
0.74972876,1,0,0
0.74982876,1,1,0
0.74992678,0,1,0
0.75002678,0,0,0
0.75052878,1,0,0
0.75062878,1,1,0
0.75072678,0,1,0
0.75082678,0,0,0
0.75132878,1,0,0
0.75142878,1,1,0
0.75152678,0,1,0
0.75162678,0,0,0
0.75212878,1,0,0
0.75222878,1,1,0
0.75232678,0,1,0
0.75242678,0,0,0
0.75292878,1,0,0
0.75302878,1,1,0
0.7531268,0,1,0
0.7532268,0,0,0
0.7537288,1,0,0
0.7538288,1,1,0
0.7539268,0,1,0
0.7540268,0,0,0
0.7545288,1,0,0
0.7546288,1,1,0
0.7547268,0,1,0
0.7548268,0,0,0
0.7553288,1,0,0
0.7554288,1,1,0
0.7555268,0,1,0
0.7556268,0,0,0
0.7561288,1,0,0
0.7562288,1,1,0
0.75632682,0,1,0
0.75642682,0,0,0
0.75692882,1,0,0
0.75702882,1,1,0
0.75712682,0,1,0
0.75722682,0,0,0
0.75772882,1,0,0
0.75782882,1,1,0
0.75792682,0,1,0
0.75802682,0,0,0
0.75852882,1,0,0
0.75862882,1,1,0
0.75872682,0,1,0
0.75882682,0,0,0
0.75932882,1,0,0
0.75942882,1,1,0
0.75952684,0,1,0
0.75962684,0,0,0
0.76012884,1,0,0
0.76022884,1,1,0
0.76032684,0,1,0
0.76042684,0,0,0
0.76092884,1,0,0
0.76102884,1,1,0
0.76112684,0,1,0
0.76122684,0,0,0
0.76172884,1,0,0
0.76182884,1,1,0
0.76192684,0,1,0
0.76202684,0,0,0
0.76252884,1,0,0
0.76262884,1,1,0
0.76272686,0,1,0
0.76282686,0,0,0
0.76332886,1,0,0
0.76342886,1,1,0
0.76352686,0,1,0
0.76362686,0,0,0
0.76412886,1,0,0
0.76422886,1,1,0
0.76432686,0,1,0
0.76442686,0,0,0
0.76492886,1,0,0
0.76502886,1,1,0
0.76512686,0,1,0
0.76522686,0,0,0
0.76572886,1,0,0
0.76582886,1,1,0
0.76592688,0,1,0
0.76602688,0,0,0
0.76652886,1,0,0
0.76662888,1,1,0
0.76672688,0,1,0
0.76682688,0,0,0
0.76732888,1,0,0
0.76742888,1,1,0
0.76752688,0,1,0
0.76762688,0,0,0
0.76812888,1,0,0
0.76822888,1,1,0
0.76832688,0,1,0
0.76842688,0,0,0
0.76892888,1,0,0
0.76902888,1,1,0
0.76912688,0,1,0
0.76922688,0,0,0
0.76972888,1,0,0
0.76982888,1,1,0
0.7699269,0,1,0
0.7700269,0,0,0
0.7705289,1,0,0
0.7706289,1,1,0
0.7707269,0,1,0
0.7708269,0,0,0
0.7713289,1,0,0
0.7714289,1,1,0
0.7715269,0,1,0
0.7716269,0,0,0
0.7721289,1,0,0
0.7722289,1,1,0
0.7723269,0,1,0
0.7724269,0,0,0
0.7729289,1,0,0
0.7730289,1,1,0
0.77312692,0,1,0
0.77322692,0,0,0
0.77372892,1,0,0
0.77382892,1,1,0
0.77392692,0,1,0
0.77402692,0,0,0
0.77452892,1,0,0
0.77462892,1,1,0
0.77472692,0,1,0
0.77482692,0,0,0
0.77532892,1,0,0
0.77542892,1,1,0
0.77552692,0,1,0
0.77562692,0,0,0
0.77612892,1,0,0
0.77622892,1,1,0
0.77632694,0,1,0
0.77642694,0,0,0
0.77692894,1,0,0
0.77702894,1,1,0
0.77712694,0,1,0
0.77722694,0,0,0
0.77772894,1,0,0
0.77782894,1,1,0
0.77792694,0,1,0
0.77802694,0,0,0
0.77852894,1,0,0
0.77862894,1,1,0
0.77872694,0,1,0
0.77882694,0,0,0
0.77932894,1,0,0
0.77942894,1,1,0
0.77952696,0,1,0
0.77962696,0,0,0
0.78012896,1,0,0
0.78022896,1,1,0
0.78032696,0,1,0
0.78042696,0,0,0
0.78092896,1,0,0
0.78102896,1,1,0
0.78112696,0,1,0
0.78122696,0,0,0
0.78172896,1,0,0
0.78182896,1,1,0
0.78192696,0,1,0
0.78202696,0,0,0
0.78252896,1,0,0
0.78262896,1,1,0
0.78272698,0,1,0
0.78282698,0,0,0
0.78332898,1,0,0
0.78342898,1,1,0
0.78352698,0,1,0
0.78362698,0,0,0
0.78412898,1,0,0
0.78422898,1,1,0
0.78432698,0,1,0
0.78442698,0,0,0
0.78492898,1,0,0
0.78502898,1,1,0
0.78512698,0,1,0
0.78522698,0,0,0
0.78572898,1,0,0
0.78582898,1,1,0
0.785927,0,1,0
0.786027,0,0,0
0.786529,1,0,0
0.786629,1,1,0
0.786727,0,1,0
0.786827,0,0,0
0.787329,1,0,0
0.787429,1,1,0
0.787527,0,1,0
0.787627,0,0,0
0.788129,1,0,0
0.788229,1,1,0
0.788327,0,1,0
0.788427,0,0,0
0.788929,1,0,0
0.789029,1,1,0
0.78912702,0,1,0
0.78922702,0,0,0
0.78972902,1,0,0
0.78982902,1,1,0
0.78992702,0,1,0
0.79002702,0,0,0
0.79052902,1,0,0
0.79062902,1,1,0
0.79072702,0,1,0
0.79082702,0,0,0
0.79132902,1,0,0
0.79142902,1,1,0
0.79152702,0,1,0
0.79162702,0,0,0
0.79212902,1,0,0
0.79222902,1,1,0
0.79232704,0,1,0
0.79242704,0,0,0
0.79292904,1,0,0
0.79302904,1,1,0
0.79312704,0,1,0
0.79322704,0,0,0
0.79372904,1,0,0
0.79382904,1,1,0
0.79392704,0,1,0
0.79402704,0,0,0
0.79452904,1,0,0
0.79462904,1,1,0
0.79472704,0,1,0
0.79482704,0,0,0
0.79532904,1,0,0
0.79542904,1,1,0
0.79552706,0,1,0
0.79562706,0,0,0
0.79612906,1,0,0
0.79622906,1,1,0
0.79632706,0,1,0
0.79642706,0,0,0
0.79692906,1,0,0
0.79702906,1,1,0
0.79712706,0,1,0
0.79722706,0,0,0
0.79772906,1,0,0
0.79782906,1,1,0
0.79792706,0,1,0
0.79802706,0,0,0
0.79852906,1,0,0
0.79862906,1,1,0
0.79872706,0,1,0
0.79882706,0,0,0
0.79932906,1,0,0
0.79942906,1,1,0
0.79952708,0,1,0
0.79962708,0,0,0
0.80012908,1,0,0
0.80022908,1,1,0
0.80032708,0,1,0
0.80042708,0,0,0
0.80092908,1,0,0
0.80102908,1,1,0
0.80112708,0,1,0
0.80122708,0,0,0
0.80172908,1,0,0
0.80182908,1,1,0
0.80192708,0,1,0
0.80202708,0,0,0
0.80252908,1,0,0
0.80262908,1,1,0
0.8027271,0,1,0
0.8028271,0,0,0
0.8033291,1,0,0
0.8034291,1,1,0
0.8035271,0,1,0
0.8036271,0,0,0
0.8041291,1,0,0
0.8042291,1,1,0
0.8043271,0,1,0
0.8044271,0,0,0
0.8049291,1,0,0
0.8050291,1,1,0
0.8051271,0,1,0
0.8052271,0,0,0
0.8057291,1,0,0
0.8058291,1,1,0
0.80591712,0,1,0
0.80603712,0,0,0
0.80651912,1,0,0
0.80663912,1,1,0
0.80671712,0,1,0
0.80683712,0,0,0
0.80731912,1,0,0
0.80743912,1,1,0
0.80751712,0,1,0
0.80763712,0,0,0
0.80811912,1,0,0
0.80823912,1,1,0
0.80831712,0,1,0
0.80843712,0,0,0
0.80891912,1,0,0
0.80903912,1,1,0
0.80911714,0,1,0
0.80923714,0,0,0
0.80971914,1,0,0
0.80983914,1,1,0
0.80991714,0,1,0
0.81003714,0,0,0
0.81051914,1,0,0
0.81063914,1,1,0
0.81071714,0,1,0
0.81083714,0,0,0
0.81131914,1,0,0
0.81143914,1,1,0
0.81151714,0,1,0
0.81163714,0,0,0
0.81211914,1,0,0
0.81223914,1,1,0
0.81231716,0,1,0
0.81243716,0,0,0
0.81291916,1,0,0
0.81303916,1,1,0
0.81311716,0,1,0
0.81323716,0,0,0
0.81371916,1,0,0
0.81383916,1,1,0
0.81391716,0,1,0
0.81403716,0,0,0
0.81451916,1,0,0
0.81463916,1,1,0
0.81471716,0,1,0
0.81483716,0,0,0
0.81531916,1,0,0
0.81543916,1,1,0
0.81551718,0,1,0
0.81563718,0,0,0
0.81611918,1,0,0
0.81623918,1,1,0
0.81631718,0,1,0
0.81643718,0,0,0
0.81691918,1,0,0
0.81703918,1,1,0
0.81711718,0,1,0
0.81723718,0,0,0
0.81771918,1,0,0
0.81783918,1,1,0
0.81791718,0,1,0
0.81803718,0,0,0
0.81851918,1,0,0
0.81863918,1,1,0
0.8187172,0,1,0
0.8188372,0,0,0
0.8193192,1,0,0
0.8194392,1,1,0
0.8195172,0,1,0
0.8196372,0,0,0
0.8201192,1,0,0
0.8202392,1,1,0
0.8203172,0,1,0
0.8204372,0,0,0
0.8209192,1,0,0
0.8210392,1,1,0
0.8211172,0,1,0
0.8212372,0,0,0
0.8217192,1,0,0
0.8218392,1,1,0
0.82191722,0,1,0
0.82203722,0,0,0
0.82251922,1,0,0
0.82263922,1,1,0
0.82271722,0,1,0
0.82283722,0,0,0
0.82331922,1,0,0
0.82343922,1,1,0
0.82351722,0,1,0
0.82363722,0,0,0
0.82411922,1,0,0
0.82423922,1,1,0
0.82431722,0,1,0
0.82443722,0,0,0
0.82491922,1,0,0
0.82503922,1,1,0
0.82511724,0,1,0
0.82523724,0,0,0
0.82571922,1,0,0
0.82583924,1,1,0
0.82591724,0,1,0
0.82603724,0,0,0
0.82651924,1,0,0
0.82663924,1,1,0
0.82671724,0,1,0
0.82683724,0,0,0
0.82731924,1,0,0
0.82743924,1,1,0
0.82751724,0,1,0
0.82763724,0,0,0
0.82811924,1,0,0
0.82823924,1,1,0
0.82831724,0,1,0
0.82843724,0,0,0
0.82891924,1,0,0
0.82903924,1,1,0
0.82911726,0,1,0
0.82923726,0,0,0
0.82971926,1,0,0
0.82983926,1,1,0
0.82991726,0,1,0
0.83003726,0,0,0
0.83051926,1,0,0
0.83063926,1,1,0
0.83071726,0,1,0
0.83083726,0,0,0
0.83131926,1,0,0
0.83143926,1,1,0
0.83151726,0,1,0
0.83163726,0,0,0
0.83211926,1,0,0
0.83223926,1,1,0
0.83231728,0,1,0
0.83243728,0,0,0
0.83291928,1,0,0
0.83303928,1,1,0
0.83311728,0,1,0
0.83323728,0,0,0
0.83371928,1,0,0
0.83383928,1,1,0
0.83391728,0,1,0
0.83403728,0,0,0
0.83451928,1,0,0
0.83463928,1,1,0
0.83471728,0,1,0
0.83483728,0,0,0
0.83531928,1,0,0
0.83543928,1,1,0
0.8355173,0,1,0
0.8356373,0,0,0
0.8361193,1,0,0
0.8362393,1,1,0
0.8363173,0,1,0
0.8364373,0,0,0
0.8369193,1,0,0
0.8370393,1,1,0
0.8371173,0,1,0
0.8372373,0,0,0
0.8377193,1,0,0
0.8378393,1,1,0
0.8379173,0,1,0
0.8380373,0,0,0
0.8385193,1,0,0
0.8386393,1,1,0
0.83871732,0,1,0
0.83883732,0,0,0
0.83931932,1,0,0
0.83943932,1,1,0
0.83951732,0,1,0
0.83963732,0,0,0
0.84011932,1,0,0
0.84023932,1,1,0
0.84031732,0,1,0
0.84043732,0,0,0
0.84091932,1,0,0
0.84103932,1,1,0
0.84111732,0,1,0
0.84123732,0,0,0
0.84171932,1,0,0
0.84183932,1,1,0
0.84191734,0,1,0
0.84203734,0,0,0
0.84251934,1,0,0
0.84263934,1,1,0
0.84271734,0,1,0
0.84283734,0,0,0
0.84331934,1,0,0
0.84343934,1,1,0
0.84351734,0,1,0
0.84363734,0,0,0
0.84411934,1,0,0
0.84423934,1,1,0
0.84431734,0,1,0
0.84443734,0,0,0
0.84491934,1,0,0
0.84503934,1,1,0
0.84511736,0,1,0
0.84523736,0,0,0
0.84571936,1,0,0
0.84583936,1,1,0
0.84591736,0,1,0
0.84603736,0,0,0
0.84651936,1,0,0
0.84663936,1,1,0
0.84671736,0,1,0
0.84683736,0,0,0
0.84731936,1,0,0
0.84743936,1,1,0
0.84751736,0,1,0
0.84763736,0,0,0
0.84811936,1,0,0
0.84823936,1,1,0
0.84831738,0,1,0
0.84843738,0,0,0
0.84891938,1,0,0
0.84903938,1,1,0
0.84911738,0,1,0
0.84923738,0,0,0
0.84971938,1,0,0
0.84983938,1,1,0
0.84991738,0,1,0
0.85003738,0,0,0
0.85051938,1,0,0
0.85063938,1,1,0
0.85071738,0,1,0
0.85083738,0,0,0
0.85131938,1,0,0
0.85143938,1,1,0
0.8515174,0,1,0
0.8516374,0,0,0
0.8521194,1,0,0
0.8522394,1,1,0
0.8523174,0,1,0
0.8524374,0,0,0
0.8529194,1,0,0
0.8530394,1,1,0
0.8531174,0,1,0
0.8532374,0,0,0
0.8537194,1,0,0
0.8538394,1,1,0
0.8539174,0,1,0
0.8540374,0,0,0
0.8545194,1,0,0
0.8546394,1,1,0
0.85471742,0,1,0
0.85483742,0,0,0
0.8553194,1,0,0
0.85543942,1,1,0
0.85551742,0,1,0
0.85563742,0,0,0
0.85611942,1,0,0
0.85623942,1,1,0
0.85631742,0,1,0
0.85643742,0,0,0
0.85691942,1,0,0
0.85703942,1,1,0
0.85711742,0,1,0
0.85723742,0,0,0
0.85771942,1,0,0
0.85783942,1,1,0
0.85791742,0,1,0
0.85803742,0,0,0
0.85851942,1,0,0
0.85863944,1,1,0
0.85871744,0,1,0
0.85883744,0,0,0
0.85931944,1,0,0
0.85943944,1,1,0
0.85951744,0,1,0
0.85963744,0,0,0
0.86011944,1,0,0
0.86023944,1,1,0
0.86031744,0,1,0
0.86043744,0,0,0
0.86091944,1,0,0
0.86103944,1,1,0
0.86111744,0,1,0
0.86123744,0,0,0
0.86171944,1,0,0
0.86183944,1,1,0
0.86191746,0,1,0
0.86203746,0,0,0
0.86251946,1,0,0
0.86263946,1,1,0
0.86271746,0,1,0
0.86283746,0,0,0
0.86331946,1,0,0
0.86343946,1,1,0
0.86351746,0,1,0
0.86363746,0,0,0
0.86411946,1,0,0
0.86423946,1,1,0
0.86431746,0,1,0
0.86443746,0,0,0
0.86491946,1,0,0
0.86503946,1,1,0
0.86511748,0,1,0
0.86523748,0,0,0
0.86571948,1,0,0
0.86583948,1,1,0
0.86591748,0,1,0
0.86603748,0,0,0
0.86651948,1,0,0
0.86663948,1,1,0
0.86671748,0,1,0
0.86683748,0,0,0
0.86731948,1,0,0
0.86743948,1,1,0
0.86751748,0,1,0
0.86763748,0,0,0
0.86811948,1,0,0
0.86823948,1,1,0
0.8683175,0,1,0
0.8684375,0,0,0
0.8689195,1,0,0
0.8690395,1,1,0
0.8691175,0,1,0
0.8692375,0,0,0
0.8697195,1,0,0
0.8698395,1,1,0
0.8699175,0,1,0
0.8700375,0,0,0
0.8705195,1,0,0
0.8706395,1,1,0
0.8707175,0,1,0
0.8708375,0,0,0
0.8713195,1,0,0
0.8714395,1,1,0
0.87151752,0,1,0
0.87163752,0,0,0
0.87211952,1,0,0
0.87223952,1,1,0
0.87231752,0,1,0
0.87243752,0,0,0
0.87291952,1,0,0
0.87303952,1,1,0
0.87311752,0,1,0
0.87323752,0,0,0
0.87371952,1,0,0
0.87383952,1,1,0
0.87391752,0,1,0
0.87403752,0,0,0
0.87451952,1,0,0
0.87463952,1,1,0
0.87471754,0,1,0
0.87483754,0,0,0
0.87531954,1,0,0
0.87543954,1,1,0
0.87551754,0,1,0
0.87563754,0,0,0
0.87611954,1,0,0
0.87623954,1,1,0
0.87631754,0,1,0
0.87643754,0,0,0
0.87691954,1,0,0
0.87703954,1,1,0
0.87711754,0,1,0
0.87723754,0,0,0
0.87771954,1,0,0
0.87783954,1,1,0
0.87791756,0,1,0
0.87803756,0,0,0
0.87851956,1,0,0
0.87863956,1,1,0
0.87871756,0,1,0
0.87883756,0,0,0
0.87931956,1,0,0
0.87943956,1,1,0
0.87951756,0,1,0
0.87963756,0,0,0
0.88011956,1,0,0
0.88023956,1,1,0
0.88031756,0,1,0
0.88043756,0,0,0
0.88091956,1,0,0
0.88103956,1,1,0
0.88110758,0,1,0
0.88124758,0,0,0
0.88170958,1,0,0
0.88184958,1,1,0
0.88190758,0,1,0
0.88204758,0,0,0
0.88250958,1,0,0
0.88264958,1,1,0
0.88270758,0,1,0
0.88284758,0,0,0
0.88330958,1,0,0
0.88344958,1,1,0
0.88350758,0,1,0
0.88364758,0,0,0
0.88410958,1,0,0
0.88424958,1,1,0
0.8843076,0,1,0
0.8844476,0,0,0
0.88490958,1,0,0
0.8850496,1,1,0
0.8851076,0,1,0
0.8852476,0,0,0
0.8857096,1,0,0
0.8858496,1,1,0
0.8859076,0,1,0
0.8860476,0,0,0
0.8865096,1,0,0
0.8866496,1,1,0
0.8867076,0,1,0
0.8868476,0,0,0
0.8873096,1,0,0
0.8874496,1,1,0
0.8875076,0,1,0
0.88764762,0,0,0
0.8881096,1,0,0
0.88824962,1,1,0
0.88830762,0,1,0
0.88844762,0,0,0
0.88890962,1,0,0
0.88904962,1,1,0
0.88910762,0,1,0
0.88924762,0,0,0
0.88970962,1,0,0
0.88984962,1,1,0
0.88990762,0,1,0
0.89004762,0,0,0
0.89050962,1,0,0
0.89064962,1,1,0
0.89070762,0,1,0
0.89084762,0,0,0
0.89130962,1,0,0
0.89144962,1,1,0
0.89150764,0,1,0
0.89164764,0,0,0
0.89210964,1,0,0
0.89224964,1,1,0
0.89230764,0,1,0
0.89244764,0,0,0
0.89290964,1,0,0
0.89304964,1,1,0
0.89310764,0,1,0
0.89324764,0,0,0
0.89370964,1,0,0
0.89384964,1,1,0
0.89390764,0,1,0
0.89404764,0,0,0
0.89450964,1,0,0
0.89464964,1,1,0
0.89470766,0,1,0
0.89484766,0,0,0
0.89530966,1,0,0
0.89544966,1,1,0
0.89550766,0,1,0
0.89564766,0,0,0
0.89610966,1,0,0
0.89624966,1,1,0
0.89630766,0,1,0
0.89644766,0,0,0
0.89690966,1,0,0
0.89704966,1,1,0
0.89710766,0,1,0
0.89724766,0,0,0
0.89770966,1,0,0
0.89784966,1,1,0
0.89790768,0,1,0
0.89804768,0,0,0
0.89850968,1,0,0
0.89864968,1,1,0
0.89870768,0,1,0
0.89884768,0,0,0
0.89930968,1,0,0
0.89944968,1,1,0
0.89950768,0,1,0
0.89964768,0,0,0
0.90010968,1,0,0
0.90024968,1,1,0
0.90030768,0,1,0
0.90044768,0,0,0
0.90090968,1,0,0
0.90104968,1,1,0
0.9011077,0,1,0
0.9012477,0,0,0
0.9017097,1,0,0
0.9018497,1,1,0
0.9019077,0,1,0
0.9020477,0,0,0
0.9025097,1,0,0
0.9026497,1,1,0
0.9027077,0,1,0
0.9028477,0,0,0
0.9033097,1,0,0
0.9034497,1,1,0
0.9035077,0,1,0
0.9036477,0,0,0
0.9041097,1,0,0
0.9042497,1,1,0
0.90430772,0,1,0
0.90444772,0,0,0
0.90490972,1,0,0
0.90504972,1,1,0
0.90510772,0,1,0
0.90524772,0,0,0
0.90570972,1,0,0
0.90584972,1,1,0
0.90590772,0,1,0
0.90604772,0,0,0
0.90650972,1,0,0
0.90664972,1,1,0
0.90670772,0,1,0
0.90684772,0,0,0
0.90730972,1,0,0
0.90744972,1,1,0
0.90750774,0,1,0
0.90764774,0,0,0
0.90810974,1,0,0
0.90824974,1,1,0
0.90830774,0,1,0
0.90844774,0,0,0
0.90890974,1,0,0
0.90904974,1,1,0
0.90910774,0,1,0
0.90924774,0,0,0
0.90970974,1,0,0
0.90984974,1,1,0
0.90990774,0,1,0
0.91004774,0,0,0
0.91050974,1,0,0
0.91064974,1,1,0
0.91070776,0,1,0
0.91084776,0,0,0
0.91130976,1,0,0
0.91144976,1,1,0
0.91150776,0,1,0
0.91164776,0,0,0
0.91210976,1,0,0
0.91224976,1,1,0
0.91230776,0,1,0
0.91244776,0,0,0
0.91290976,1,0,0
0.91304976,1,1,0
0.91310776,0,1,0
0.91324776,0,0,0
0.91370976,1,0,0
0.91384976,1,1,0
0.91390778,0,1,0
0.91404778,0,0,0
0.91450978,1,0,0
0.91464978,1,1,0
0.91470778,0,1,0
0.91484778,0,0,0
0.91530978,1,0,0
0.91544978,1,1,0
0.91550778,0,1,0
0.91564778,0,0,0
0.91610978,1,0,0
0.91624978,1,1,0
0.91630778,0,1,0
0.91644778,0,0,0
0.91690978,1,0,0
0.91704978,1,1,0
0.91710778,0,1,0
0.9172478,0,0,0
0.91770978,1,0,0
0.9178498,1,1,0
0.9179078,0,1,0
0.9180478,0,0,0
0.9185098,1,0,0
0.9186498,1,1,0
0.9187078,0,1,0
0.9188478,0,0,0
0.9193098,1,0,0
0.9194498,1,1,0
0.9195078,0,1,0
0.9196478,0,0,0
0.9201098,1,0,0
0.9202498,1,1,0
0.9203078,0,1,0
0.9204478,0,0,0
0.9209098,1,0,0
0.9210498,1,1,0
0.92110782,0,1,0
0.92124782,0,0,0
0.92170982,1,0,0
0.92184982,1,1,0
0.92190782,0,1,0
0.92204782,0,0,0
0.92250982,1,0,0
0.92264982,1,1,0
0.92270782,0,1,0
0.92284782,0,0,0
0.92330982,1,0,0
0.92344982,1,1,0
0.92350782,0,1,0
0.92364782,0,0,0
0.92410982,1,0,0
0.92424982,1,1,0
0.92430784,0,1,0
0.92444784,0,0,0
0.92490984,1,0,0
0.92504984,1,1,0
0.92510784,0,1,0
0.92524784,0,0,0
0.92570984,1,0,0
0.92584984,1,1,0
0.92590784,0,1,0
0.92604784,0,0,0
0.92650984,1,0,0
0.92664984,1,1,0
0.92670784,0,1,0
0.92684784,0,0,0
0.92730984,1,0,0
0.92744984,1,1,0
0.92750786,0,1,0
0.92764786,0,0,0
0.92810986,1,0,0
0.92824986,1,1,0
0.92830786,0,1,0
0.92844786,0,0,0
0.92890986,1,0,0
0.92904986,1,1,0
0.92910786,0,1,0
0.92924786,0,0,0
0.92970986,1,0,0
0.92984986,1,1,0
0.92990786,0,1,0
0.93004786,0,0,0
0.93050986,1,0,0
0.93064986,1,1,0
0.93070788,0,1,0
0.93084788,0,0,0
0.93130988,1,0,0
0.93144988,1,1,0
0.93150788,0,1,0
0.93164788,0,0,0
0.93210988,1,0,0
0.93224988,1,1,0
0.93230788,0,1,0
0.93244788,0,0,0
0.93290988,1,0,0
0.93304988,1,1,0
0.93310788,0,1,0
0.93324788,0,0,0
0.93370988,1,0,0
0.93384988,1,1,0
0.9339079,0,1,0
0.9340479,0,0,0
0.9345099,1,0,0
0.9346499,1,1,0
0.9347079,0,1,0
0.9348479,0,0,0
0.9353099,1,0,0
0.9354499,1,1,0
0.9355079,0,1,0
0.9356479,0,0,0
0.9361099,1,0,0
0.9362499,1,1,0
0.9363079,0,1,0
0.9364479,0,0,0
0.9369099,1,0,0
0.9370499,1,1,0
0.93710792,0,1,0
0.93724792,0,0,0
0.93770992,1,0,0
0.93784992,1,1,0
0.93790792,0,1,0
0.93804792,0,0,0
0.93850992,1,0,0
0.93864992,1,1,0
0.93870792,0,1,0
0.93884792,0,0,0
0.93930992,1,0,0
0.93944992,1,1,0
0.93950792,0,1,0
0.93964792,0,0,0
0.94010992,1,0,0
0.94024992,1,1,0
0.94030794,0,1,0
0.94044794,0,0,0
0.94090994,1,0,0
0.94104994,1,1,0
0.94110794,0,1,0
0.94124794,0,0,0
0.94170994,1,0,0
0.94184994,1,1,0
0.94190794,0,1,0
0.94204794,0,0,0
0.94250994,1,0,0
0.94264994,1,1,0
0.94270794,0,1,0
0.94284794,0,0,0
0.94330994,1,0,0
0.94344994,1,1,0
0.94350796,0,1,0
0.94364796,0,0,0
0.94410996,1,0,0
0.94424996,1,1,0
0.94430796,0,1,0
0.94444796,0,0,0
0.94490996,1,0,0
0.94504996,1,1,0
0.94510796,0,1,0
0.94524796,0,0,0
0.94570996,1,0,0
0.94584996,1,1,0
0.94590796,0,1,0
0.94604796,0,0,0
0.94650996,1,0,0
0.94664996,1,1,0
0.94670796,0,1,0
0.94684798,0,0,0
0.94730996,1,0,0
0.94744998,1,1,0
0.94750798,0,1,0
0.94764798,0,0,0
0.94810998,1,0,0
0.94824998,1,1,0
0.94830798,0,1,0
0.94844798,0,0,0
0.94890998,1,0,0
0.94904998,1,1,0
0.94910798,0,1,0
0.94924798,0,0,0
0.94970998,1,0,0
0.94984998,1,1,0
0.94990798,0,1,0
0.95004798,0,0,0
0.95050998,1,0,0
0.95064998,1,1,0
0.950708,0,1,0
0.950848,0,0,0
0.95131,1,0,0
0.95145,1,1,0
0.951508,0,1,0
0.951648,0,0,0
0.95211,1,0,0
0.95225,1,1,0
0.952308,0,1,0
0.952448,0,0,0
0.95291,1,0,0
0.95305,1,1,0
0.953108,0,1,0
0.953248,0,0,0
0.95371,1,0,0
0.95385,1,1,0
0.95390802,0,1,0
0.95404802,0,0,0
0.95451002,1,0,0
0.95465002,1,1,0
0.95470802,0,1,0
0.95484802,0,0,0
0.95531002,1,0,0
0.95545002,1,1,0
0.95550802,0,1,0
0.95564802,0,0,0
0.95611002,1,0,0
0.95625002,1,1,0
0.95629802,0,1,0
0.95645802,0,0,0
0.95690002,1,0,0
0.95706002,1,1,0
0.95709804,0,1,0
0.95725804,0,0,0
0.95770004,1,0,0
0.95786004,1,1,0
0.95789804,0,1,0
0.95805804,0,0,0
0.95850004,1,0,0
0.95866004,1,1,0
0.95869804,0,1,0
0.95885804,0,0,0
0.95930004,1,0,0
0.95946004,1,1,0
0.95949804,0,1,0
0.95965804,0,0,0
0.96010004,1,0,0
0.96026004,1,1,0
0.96029806,0,1,0
0.96045806,0,0,0
0.96090006,1,0,0
0.96106006,1,1,0
0.96109806,0,1,0
0.96125806,0,0,0
0.96170006,1,0,0
0.96186006,1,1,0
0.96189806,0,1,0
0.96205806,0,0,0
0.96250006,1,0,0
0.96266006,1,1,0
0.96269806,0,1,0
0.96285806,0,0,0
0.96330006,1,0,0
0.96346006,1,1,0
0.96349808,0,1,0
0.96365808,0,0,0
0.96410008,1,0,0
0.96426008,1,1,0
0.96429808,0,1,0
0.96445808,0,0,0
0.96490008,1,0,0
0.96506008,1,1,0
0.96509808,0,1,0
0.96525808,0,0,0
0.96570008,1,0,0
0.96586008,1,1,0
0.96589808,0,1,0
0.96605808,0,0,0
0.96650008,1,0,0
0.96666008,1,1,0
0.9666981,0,1,0
0.9668581,0,0,0
0.9673001,1,0,0
0.9674601,1,1,0
0.9674981,0,1,0
0.9676581,0,0,0
0.9681001,1,0,0
0.9682601,1,1,0
0.9682981,0,1,0
0.9684581,0,0,0
0.9689001,1,0,0
0.9690601,1,1,0
0.9690981,0,1,0
0.9692581,0,0,0
0.9697001,1,0,0
0.9698601,1,1,0
0.96989812,0,1,0
0.97005812,0,0,0
0.97050012,1,0,0
0.97066012,1,1,0
0.97069812,0,1,0
0.97085812,0,0,0
0.97130012,1,0,0
0.97146012,1,1,0
0.97149812,0,1,0
0.97165812,0,0,0
0.97210012,1,0,0
0.97226012,1,1,0
0.97229812,0,1,0
0.97245812,0,0,0
0.97290012,1,0,0
0.97306012,1,1,0
0.97309814,0,1,0
0.97325814,0,0,0
0.97370014,1,0,0
0.97386014,1,1,0
0.97389814,0,1,0
0.97405814,0,0,0
0.97450014,1,0,0
0.97466014,1,1,0
0.97469814,0,1,0
0.97485814,0,0,0
0.97530014,1,0,0
0.97546014,1,1,0
0.97549814,0,1,0
0.97565814,0,0,0
0.97610014,1,0,0
0.97626014,1,1,0
0.97629814,0,1,0
0.97645816,0,0,0
0.97690014,1,0,0
0.97706016,1,1,0
0.97709816,0,1,0
0.97725816,0,0,0
0.97770016,1,0,0
0.97786016,1,1,0
0.97789816,0,1,0
0.97805816,0,0,0
0.97850016,1,0,0
0.97866016,1,1,0
0.97869816,0,1,0
0.97885816,0,0,0
0.97930016,1,0,0
0.97946016,1,1,0
0.97949816,0,1,0
0.97965816,0,0,0
0.98010016,1,0,0
0.98026016,1,1,0
0.98029818,0,1,0
0.98045818,0,0,0
0.98090018,1,0,0
0.98106018,1,1,0
0.98109818,0,1,0
0.98125818,0,0,0
0.98170018,1,0,0
0.98186018,1,1,0
0.98189818,0,1,0
0.98205818,0,0,0
0.98250018,1,0,0
0.98266018,1,1,0
0.98269818,0,1,0
0.98285818,0,0,0
0.98330018,1,0,0
0.98346018,1,1,0
0.9834982,0,1,0
0.9836582,0,0,0
0.9841002,1,0,0
0.9842602,1,1,0
0.9842982,0,1,0
0.9844582,0,0,0
0.9849002,1,0,0
0.9850602,1,1,0
0.9850982,0,1,0
0.9852582,0,0,0
0.9857002,1,0,0
0.9858602,1,1,0
0.9858982,0,1,0
0.9860582,0,0,0
0.9865002,1,0,0
0.9866602,1,1,0
0.98669822,0,1,0
0.98685822,0,0,0
0.98730022,1,0,0
0.98746022,1,1,0
0.98749822,0,1,0
0.98765822,0,0,0
0.98810022,1,0,0
0.98826022,1,1,0
0.98829822,0,1,0
0.98845822,0,0,0
0.98890022,1,0,0
0.98906022,1,1,0
0.98909822,0,1,0
0.98925822,0,0,0
0.98970022,1,0,0
0.98986022,1,1,0
0.98989824,0,1,0
0.99005824,0,0,0
0.99050024,1,0,0
0.99066024,1,1,0
0.99069824,0,1,0
0.99085824,0,0,0
0.99130024,1,0,0
0.99146024,1,1,0
0.99149824,0,1,0
0.99165824,0,0,0
0.99210024,1,0,0
0.99226024,1,1,0
0.99229824,0,1,0
0.99245824,0,0,0
0.99290024,1,0,0
0.99306024,1,1,0
0.99309826,0,1,0
0.99325826,0,0,0
0.99370026,1,0,0
0.99386026,1,1,0
0.99389826,0,1,0
0.99405826,0,0,0
0.99450026,1,0,0
0.99466026,1,1,0
0.99469826,0,1,0
0.99485826,0,0,0
0.99530026,1,0,0
0.99546026,1,1,0
0.99549826,0,1,0
0.99565826,0,0,0
0.99610026,1,0,0
0.99626026,1,1,0
0.99629828,0,1,0
0.99645828,0,0,0
0.99690028,1,0,0
0.99706028,1,1,0
0.99709828,0,1,0
0.99725828,0,0,0
0.99770028,1,0,0
0.99786028,1,1,0
0.99789828,0,1,0
0.99805828,0,0,0
0.99850028,1,0,0
0.99866028,1,1,0
0.99869828,0,1,0
0.99885828,0,0,0
0.99930028,1,0,0
0.99946028,1,1,0
0.9994983,0,1,0
0.9996583,0,0,0
1.0001003,1,0,0
1.0002603,1,1,0
1.0002983,0,1,0
1.0004583,0,0,0
1.0009003,1,0,0
1.0010603,1,1,0
1.0010983,0,1,0
1.0012583,0,0,0
1.0017003,1,0,0
1.0018603,1,1,0
1.0018983,0,1,0
1.0020583,0,0,0
1.0025003,1,0,0
1.0026603,1,1,0
1.00269832,0,1,0
1.00285832,0,0,0
1.00330032,1,0,0
1.00346032,1,1,0
1.00349832,0,1,0
1.00365832,0,0,0
1.00410032,1,0,0
1.00426032,1,1,0
1.00429832,0,1,0
1.00445832,0,0,0
1.00490032,1,0,0
1.00506032,1,1,0
1.00509832,0,1,0
1.00525832,0,0,0
1.00570032,1,0,0
1.00586032,1,1,0
1.00589832,0,1,0
1.00605834,0,0,0
1.00650032,1,0,0
1.00666034,1,1,0
1.00669834,0,1,0
1.00685834,0,0,0
1.00730034,1,0,0
1.00746034,1,1,0
1.00749834,0,1,0
1.00765834,0,0,0
1.00810034,1,0,0
1.00826034,1,1,0
1.00829834,0,1,0
1.00845834,0,0,0
1.00890034,1,0,0
1.00906034,1,1,0
1.00909834,0,1,0
1.00925834,0,0,0
1.00970034,1,0,0
1.00986034,1,1,0
1.00989836,0,1,0
1.01005836,0,0,0
1.01050036,1,0,0
1.01066036,1,1,0
1.01069836,0,1,0
1.01085836,0,0,0
1.01130036,1,0,0
1.01146036,1,1,0
1.01149836,0,1,0
1.01165836,0,0,0
1.01210036,1,0,0
1.01226036,1,1,0
1.01229836,0,1,0
1.01245836,0,0,0
1.01290036,1,0,0
1.01306036,1,1,0
1.01309838,0,1,0
1.01325838,0,0,0
1.01370038,1,0,0
1.01386038,1,1,0
1.01389838,0,1,0
1.01405838,0,0,0
1.01450038,1,0,0
1.01466038,1,1,0
1.01469838,0,1,0
1.01485838,0,0,0
1.01530038,1,0,0
1.01546038,1,1,0
1.01549838,0,1,0
1.01565838,0,0,0
1.01610038,1,0,0
1.01626038,1,1,0
1.0162984,0,1,0
1.0164584,0,0,0
1.0169004,1,0,0
1.0170604,1,1,0
1.0170984,0,1,0
1.0172584,0,0,0
1.0177004,1,0,0
1.0178604,1,1,0
1.0178984,0,1,0
1.0180584,0,0,0
1.0185004,1,0,0
1.0186604,1,1,0
1.0186984,0,1,0
1.0188584,0,0,0
1.0193004,1,0,0
1.0194604,1,1,0
1.01949842,0,1,0
1.01965842,0,0,0
1.02010042,1,0,0
1.02026042,1,1,0
1.02029842,0,1,0
1.02045842,0,0,0
1.02090042,1,0,0
1.02106042,1,1,0
1.02109842,0,1,0
1.02125842,0,0,0
1.02170042,1,0,0
1.02186042,1,1,0
1.02189842,0,1,0
1.02205842,0,0,0
1.02250042,1,0,0
1.02266042,1,1,0
1.02269844,0,1,0
1.02285844,0,0,0
1.02330044,1,0,0
1.02346044,1,1,0
1.02349844,0,1,0
1.02365844,0,0,0
1.02410044,1,0,0
1.02426044,1,1,0
1.02429844,0,1,0
1.02445844,0,0,0
1.02490044,1,0,0
1.02506044,1,1,0
1.02509844,0,1,0
1.02525844,0,0,0
1.02570044,1,0,0
1.02586044,1,1,0
1.02589846,0,1,0
1.02605846,0,0,0
1.02650046,1,0,0
1.02666046,1,1,0
1.02669846,0,1,0
1.02685846,0,0,0
1.02730046,1,0,0
1.02746046,1,1,0
1.02749846,0,1,0
1.02765846,0,0,0
1.02810046,1,0,0
1.02826046,1,1,0
1.02829846,0,1,0
1.02845846,0,0,0
1.02890046,1,0,0
1.02906046,1,1,0
1.02909848,0,1,0
1.02925848,0,0,0
1.02970048,1,0,0
1.02986048,1,1,0
1.02989848,0,1,0
1.03005848,0,0,0
1.03050048,1,0,0
1.03066048,1,1,0
1.03069848,0,1,0
1.03085848,0,0,0
1.03129048,1,0,0
1.03147048,1,1,0
1.03148848,0,1,0
1.03166848,0,0,0
1.03209048,1,0,0
1.03227048,1,1,0
1.0322885,0,1,0
1.0324685,0,0,0
1.0328905,1,0,0
1.0330705,1,1,0
1.0330885,0,1,0
1.0332685,0,0,0
1.0336905,1,0,0
1.0338705,1,1,0
1.0338885,0,1,0
1.0340685,0,0,0
1.0344905,1,0,0
1.0346705,1,1,0
1.0346885,0,1,0
1.0348685,0,0,0
1.0352905,1,0,0
1.0354705,1,1,0
1.0354885,0,1,0
1.03566852,0,0,0
1.0360905,1,0,0
1.03627052,1,1,0
1.03628852,0,1,0
1.03646852,0,0,0
1.03689052,1,0,0
1.03707052,1,1,0
1.03708852,0,1,0
1.03726852,0,0,0
1.03769052,1,0,0
1.03787052,1,1,0
1.03788852,0,1,0
1.03806852,0,0,0
1.03849052,1,0,0
1.03867052,1,1,0
1.03868852,0,1,0
1.03886852,0,0,0
1.03929052,1,0,0
1.03947054,1,1,0
1.03948854,0,1,0
1.03966854,0,0,0
1.04009054,1,0,0
1.04027054,1,1,0
1.04028854,0,1,0
1.04046854,0,0,0
1.04089054,1,0,0
1.04107054,1,1,0
1.04108854,0,1,0
1.04126854,0,0,0
1.04169054,1,0,0
1.04187054,1,1,0
1.04188854,0,1,0
1.04206854,0,0,0
1.04249054,1,0,0
1.04267054,1,1,0
1.04268856,0,1,0
1.04286856,0,0,0
1.04329056,1,0,0
1.04347056,1,1,0
1.04348856,0,1,0
1.04366856,0,0,0
1.04409056,1,0,0
1.04427056,1,1,0
1.04428856,0,1,0
1.04446856,0,0,0
1.04489056,1,0,0
1.04507056,1,1,0
1.04508856,0,1,0
1.04526856,0,0,0
1.04569056,1,0,0
1.04587056,1,1,0
1.04588858,0,1,0
1.04606858,0,0,0
1.04649058,1,0,0
1.04667058,1,1,0
1.04668858,0,1,0
1.04686858,0,0,0
1.04729058,1,0,0
1.04747058,1,1,0
1.04748858,0,1,0
1.04766858,0,0,0
1.04809058,1,0,0
1.04827058,1,1,0
1.04828858,0,1,0
1.04846858,0,0,0
1.04889058,1,0,0
1.04907058,1,1,0
1.0490886,0,1,0
1.0492686,0,0,0
1.0496906,1,0,0
1.0498706,1,1,0
1.0498886,0,1,0
1.0500686,0,0,0
1.0504906,1,0,0
1.0506706,1,1,0
1.0506886,0,1,0
1.0508686,0,0,0
1.0512906,1,0,0
1.0514706,1,1,0
1.0514886,0,1,0
1.0516686,0,0,0
1.0520906,1,0,0
1.0522706,1,1,0
1.05228862,0,1,0
1.05246862,0,0,0
1.05289062,1,0,0
1.05307062,1,1,0
1.05308862,0,1,0
1.05326862,0,0,0
1.05369062,1,0,0
1.05387062,1,1,0
1.05388862,0,1,0
1.05406862,0,0,0
1.05449062,1,0,0
1.05467062,1,1,0
1.05468862,0,1,0
1.05486862,0,0,0
1.05529062,1,0,0
1.05547062,1,1,0
1.05548864,0,1,0
1.05566864,0,0,0
1.05609064,1,0,0
1.05627064,1,1,0
1.05628864,0,1,0
1.05646864,0,0,0
1.05689064,1,0,0
1.05707064,1,1,0
1.05708864,0,1,0
1.05726864,0,0,0
1.05769064,1,0,0
1.05787064,1,1,0
1.05788864,0,1,0
1.05806864,0,0,0
1.05849064,1,0,0
1.05867064,1,1,0
1.05868866,0,1,0
1.05886866,0,0,0
1.05929066,1,0,0
1.05947066,1,1,0
1.05948866,0,1,0
1.05966866,0,0,0
1.06009066,1,0,0
1.06027066,1,1,0
1.06028866,0,1,0
1.06046866,0,0,0
1.06089066,1,0,0
1.06107066,1,1,0
1.06108866,0,1,0
1.06126866,0,0,0
1.06169066,1,0,0
1.06187066,1,1,0
1.06188868,0,1,0
1.06206868,0,0,0
1.06249068,1,0,0
1.06267068,1,1,0
1.06268868,0,1,0
1.06286868,0,0,0
1.06329068,1,0,0
1.06347068,1,1,0
1.06348868,0,1,0
1.06366868,0,0,0
1.06409068,1,0,0
1.06427068,1,1,0
1.06428868,0,1,0
1.06446868,0,0,0
1.06489068,1,0,0
1.06507068,1,1,0
1.06508868,0,1,0
1.0652687,0,0,0
1.06569068,1,0,0
1.0658707,1,1,0
1.0658887,0,1,0
1.0660687,0,0,0
1.0664907,1,0,0
1.0666707,1,1,0
1.0666887,0,1,0
1.0668687,0,0,0
1.0672907,1,0,0
1.0674707,1,1,0
1.0674887,0,1,0
1.0676687,0,0,0
1.0680907,1,0,0
1.0682707,1,1,0
1.0682887,0,1,0
1.0684687,0,0,0
1.0688907,1,0,0
1.0690707,1,1,0
1.06908872,0,1,0
1.06926872,0,0,0
1.06969072,1,0,0
1.06987072,1,1,0
1.06988872,0,1,0
1.07006872,0,0,0
1.07049072,1,0,0
1.07067072,1,1,0
1.07068872,0,1,0
1.07086872,0,0,0
1.07129072,1,0,0
1.07147072,1,1,0
1.07148872,0,1,0
1.07166872,0,0,0
1.07209072,1,0,0
1.07227072,1,1,0
1.07228874,0,1,0
1.07246874,0,0,0
1.07289074,1,0,0
1.07307074,1,1,0
1.07308874,0,1,0
1.07326874,0,0,0
1.07369074,1,0,0
1.07387074,1,1,0
1.07388874,0,1,0
1.07406874,0,0,0
1.07449074,1,0,0
1.07467074,1,1,0
1.07468874,0,1,0
1.07486874,0,0,0
1.07529074,1,0,0
1.07547074,1,1,0
1.07548876,0,1,0
1.07566876,0,0,0
1.07609076,1,0,0
1.07627076,1,1,0
1.07628876,0,1,0
1.07646876,0,0,0
1.07689076,1,0,0
1.07707076,1,1,0
1.07708876,0,1,0
1.07726876,0,0,0
1.07769076,1,0,0
1.07787076,1,1,0
1.07788876,0,1,0
1.07806876,0,0,0
1.07849076,1,0,0
1.07867076,1,1,0
1.07868878,0,1,0
1.07886878,0,0,0
1.07929078,1,0,0
1.07947078,1,1,0
1.07948878,0,1,0
1.07966878,0,0,0
1.08009078,1,0,0
1.08027078,1,1,0
1.08028878,0,1,0
1.08046878,0,0,0
1.08089078,1,0,0
1.08107078,1,1,0
1.08108878,0,1,0
1.08126878,0,0,0
1.08169078,1,0,0
1.08187078,1,1,0
1.0818888,0,1,0
1.0820688,0,0,0
1.0824908,1,0,0
1.0826708,1,1,0
1.0826888,0,1,0
1.0828688,0,0,0
1.0832908,1,0,0
1.0834708,1,1,0
1.0834888,0,1,0
1.0836688,0,0,0
1.0840908,1,0,0
1.0842708,1,1,0
1.0842888,0,1,0
1.0844688,0,0,0
1.0848908,1,0,0
1.0850708,1,1,0
1.08508882,0,1,0
1.08526882,0,0,0
1.08569082,1,0,0
1.08587082,1,1,0
1.08588882,0,1,0
1.08606882,0,0,0
1.08649082,1,0,0
1.08667082,1,1,0
1.08668882,0,1,0
1.08686882,0,0,0
1.08729082,1,0,0
1.08747082,1,1,0
1.08748882,0,1,0
1.08766882,0,0,0
1.08809082,1,0,0
1.08827082,1,1,0
1.08828884,0,1,0
1.08846884,0,0,0
1.08889084,1,0,0
1.08907084,1,1,0
1.08908884,0,1,0
1.08926884,0,0,0
1.08969084,1,0,0
1.08987084,1,1,0
1.08988884,0,1,0
1.09006884,0,0,0
1.09049084,1,0,0
1.09067084,1,1,0
1.09068884,0,1,0
1.09086884,0,0,0
1.09129084,1,0,0
1.09147084,1,1,0
1.09148886,0,1,0
1.09166886,0,0,0
1.09209086,1,0,0
1.09227086,1,1,0
1.09228886,0,1,0
1.09246886,0,0,0
1.09289086,1,0,0
1.09307086,1,1,0
1.09308886,0,1,0
1.09326886,0,0,0
1.09369086,1,0,0
1.09387086,1,1,0
1.09388886,0,1,0
1.09406886,0,0,0
1.09449086,1,0,0
1.09467086,1,1,0
1.09468886,0,1,0
1.09486888,0,0,0
1.09529086,1,0,0
1.09547088,1,1,0
1.09548888,0,1,0
1.09566888,0,0,0
1.09609088,1,0,0
1.09627088,1,1,0
1.09628888,0,1,0
1.09646888,0,0,0
1.09689088,1,0,0
1.09707088,1,1,0
1.09708888,0,1,0
1.09726888,0,0,0
1.09769088,1,0,0
1.09787088,1,1,0
1.09788888,0,1,0
1.09806888,0,0,0
1.09849088,1,0,0
1.09867088,1,1,0
1.0986889,0,1,0
1.0988689,0,0,0
1.0992909,1,0,0
1.0994709,1,1,0
1.0994889,0,1,0
1.0996689,0,0,0
1.1000909,1,0,0
1.1002709,1,1,0
1.1002889,0,1,0
1.1004689,0,0,0
1.1008909,1,0,0
1.1010709,1,1,0
1.1010889,0,1,0
1.1012689,0,0,0
1.1016909,1,0,0
1.1018709,1,1,0
1.10188892,0,1,0
1.10206892,0,0,0
1.10249092,1,0,0
1.10267092,1,1,0
1.10268892,0,1,0
1.10286892,0,0,0
1.10329092,1,0,0
1.10347092,1,1,0
1.10348892,0,1,0
1.10366892,0,0,0
1.10409092,1,0,0
1.10427092,1,1,0
1.10428892,0,1,0
1.10446892,0,0,0
1.10489092,1,0,0
1.10507092,1,1,0
1.10508894,0,1,0
1.10526894,0,0,0
1.10569094,1,0,0
1.10587094,1,1,0
1.10588894,0,1,0
1.10606894,0,0,0
1.10648094,1,0,0
1.10667894,0,0,0
1.1066809,0,1,0
1.10687894,0,0,0
1.10728094,1,0,0
1.10747894,0,0,0
1.10748092,0,1,0
1.10767894,0,0,0
1.10808094,1,0,0
1.10827896,0,0,0
1.10828092,0,1,0
1.10847896,0,0,0
1.10888096,1,0,0
1.10907896,0,0,0
1.10908092,0,1,0
1.10927896,0,0,0
1.10968096,1,0,0
1.10987896,0,0,0
1.10988092,0,1,0
1.11007896,0,0,0
1.11048096,1,0,0
1.11067896,0,0,0
1.11068094,0,1,0
1.11087896,0,0,0
1.11128096,1,0,0
1.11147898,0,0,0
1.11148094,0,1,0
1.11167898,0,0,0
1.11208098,1,0,0
1.11227898,0,0,0
1.11228094,0,1,0
1.11247898,0,0,0
1.11288098,1,0,0
1.11307898,0,0,0
1.11308094,0,1,0
1.11327898,0,0,0
1.11368098,1,0,0
1.11387898,0,0,0
1.11388096,0,1,0
1.11407898,0,0,0
1.11448098,1,0,0
1.114679,0,0,0
1.11468096,0,1,0
1.114879,0,0,0
1.115281,1,0,0
1.115479,0,0,0
1.11548096,0,1,0
1.115679,0,0,0
1.116081,1,0,0
1.116279,0,0,0
1.11628096,0,1,0
1.116479,0,0,0
1.116881,1,0,0
1.117079,0,0,0
1.11708098,0,1,0
1.117279,0,0,0
1.117681,1,0,0
1.11787902,0,0,0
1.11788098,0,1,0
1.11807902,0,0,0
1.11848102,1,0,0
1.11867902,0,0,0
1.11868098,0,1,0
1.11887902,0,0,0
1.11928102,1,0,0
1.11947902,0,0,0
1.11948098,0,1,0
1.11967902,0,0,0
1.12008102,1,0,0
1.12027902,0,0,0
1.120281,0,1,0
1.12047902,0,0,0
1.12088102,1,0,0
1.12107904,0,0,0
1.121081,0,1,0
1.12127904,0,0,0
1.12168104,1,0,0
1.12187904,0,0,0
1.121881,0,1,0
1.12207904,0,0,0
1.12248104,1,0,0
1.12267904,0,0,0
1.122681,0,1,0
1.12287904,0,0,0
1.12328104,1,0,0
1.12347904,0,0,0
1.12348102,0,1,0
1.12367904,0,0,0
1.12408104,1,0,0
1.12427904,0,0,0
1.12428102,0,1,0
1.12447906,0,0,0
1.12488104,1,0,0
1.12507906,0,0,0
1.12508102,0,1,0
1.12527906,0,0,0
1.12568106,1,0,0
1.12587906,0,0,0
1.12588102,0,1,0
1.12607906,0,0,0
1.12648106,1,0,0
1.12667906,0,0,0
1.12668104,0,1,0
1.12687906,0,0,0
1.12728106,1,0,0
1.12747906,0,0,0
1.12748104,0,1,0
1.12767908,0,0,0
1.12808106,1,0,0
1.12827908,0,0,0
1.12828104,0,1,0
1.12847908,0,0,0
1.12888108,1,0,0
1.12907908,0,0,0
1.12908104,0,1,0
1.12927908,0,0,0
1.12968108,1,0,0
1.12987908,0,0,0
1.12988104,0,1,0
1.13007908,0,0,0
1.13048108,1,0,0
1.13067908,0,0,0
1.13068106,0,1,0
1.13087908,0,0,0
1.13128108,1,0,0
1.1314791,0,0,0
1.13148106,0,1,0
1.1316791,0,0,0
1.1320811,1,0,0
1.1322791,0,0,0
1.13228106,0,1,0
1.1324791,0,0,0
1.1328811,1,0,0
1.1330791,0,0,0
1.13308106,0,1,0
1.1332791,0,0,0
1.1336811,1,0,0
1.1338791,0,0,0
1.13388108,0,1,0
1.1340791,0,0,0
1.1344811,1,0,0
1.13467912,0,0,0
1.13468108,0,1,0
1.13487912,0,0,0
1.13528112,1,0,0
1.13547912,0,0,0
1.13548108,0,1,0
1.13567912,0,0,0
1.13608112,1,0,0
1.13627912,0,0,0
1.13628108,0,1,0
1.13647912,0,0,0
1.13688112,1,0,0
1.13707912,0,0,0
1.1370811,0,1,0
1.13727912,0,0,0
1.13768112,1,0,0
1.13787914,0,0,0
1.1378811,0,1,0
1.13807914,0,0,0
1.13848114,1,0,0
1.13867914,0,0,0
1.1386811,0,1,0
1.13887914,0,0,0
1.13928114,1,0,0
1.13947914,0,0,0
1.1394811,0,1,0
1.13967914,0,0,0
1.14008114,1,0,0
1.14027914,0,0,0
1.14028112,0,1,0
1.14047914,0,0,0
1.14088114,1,0,0
1.14107916,0,0,0
1.14108112,0,1,0
1.14127916,0,0,0
1.14168116,1,0,0
1.14187916,0,0,0
1.14188112,0,1,0
1.14207916,0,0,0
1.14248116,1,0,0
1.14267916,0,0,0
1.14268112,0,1,0
1.14287916,0,0,0
1.14328116,1,0,0
1.14347916,0,0,0
1.14348114,0,1,0
1.14367916,0,0,0
1.14408116,1,0,0
1.14427918,0,0,0
1.14428114,0,1,0
1.14447918,0,0,0
1.14488118,1,0,0
1.14507918,0,0,0
1.14508114,0,1,0
1.14527918,0,0,0
1.14568118,1,0,0
1.14587918,0,0,0
1.14588114,0,1,0
1.14607918,0,0,0
1.14648118,1,0,0
1.14667918,0,0,0
1.14668116,0,1,0
1.14687918,0,0,0
1.14728118,1,0,0
1.1474792,0,0,0
1.14748116,0,1,0
1.1476792,0,0,0
1.1480812,1,0,0
1.1482792,0,0,0
1.14828116,0,1,0
1.1484792,0,0,0
1.1488812,1,0,0
1.1490792,0,0,0
1.14908116,0,1,0
1.1492792,0,0,0
1.1496812,1,0,0
1.1498792,0,0,0
1.14988118,0,1,0
1.1500792,0,0,0
1.1504812,1,0,0
1.15067922,0,0,0
1.15068118,0,1,0
1.15087922,0,0,0
1.15128122,1,0,0
1.15147922,0,0,0
1.15148118,0,1,0
1.15167922,0,0,0
1.15208122,1,0,0
1.15227922,0,0,0
1.15228118,0,1,0
1.15247922,0,0,0
1.15288122,1,0,0
1.15307922,0,0,0
1.1530812,0,1,0
1.15327922,0,0,0
1.15368122,1,0,0
1.15387922,0,0,0
1.1538812,0,1,0
1.15407924,0,0,0
1.15448122,1,0,0
1.15467924,0,0,0
1.1546812,0,1,0
1.15487924,0,0,0
1.15528124,1,0,0
1.15547924,0,0,0
1.1554812,0,1,0
1.15567924,0,0,0
1.15608124,1,0,0
1.15627924,0,0,0
1.15628122,0,1,0
1.15647924,0,0,0
1.15688124,1,0,0
1.15707924,0,0,0
1.15708122,0,1,0
1.15727926,0,0,0
1.15768124,1,0,0
1.15787926,0,0,0
1.15788122,0,1,0
1.15807926,0,0,0
1.15848126,1,0,0
1.15867926,0,0,0
1.15868122,0,1,0
1.15887926,0,0,0
1.15928126,1,0,0
1.15947926,0,0,0
1.15948122,0,1,0
1.15967926,0,0,0
1.16008126,1,0,0
1.16027926,0,0,0
1.16028124,0,1,0
1.16047926,0,0,0
1.16088126,1,0,0
1.16107928,0,0,0
1.16108124,0,1,0
1.16127928,0,0,0
1.16168128,1,0,0
1.16187928,0,0,0
1.16188124,0,1,0
1.16207928,0,0,0
1.16248128,1,0,0
1.16267928,0,0,0
1.16268124,0,1,0
1.16287928,0,0,0
1.16328128,1,0,0
1.16347928,0,0,0
1.16348126,0,1,0
1.16367928,0,0,0
1.16408128,1,0,0
1.1642793,0,0,0
1.16428126,0,1,0
1.1644793,0,0,0
1.1648813,1,0,0
1.1650793,0,0,0
1.16508126,0,1,0
1.1652793,0,0,0
1.1656813,1,0,0
1.1658793,0,0,0
1.16588126,0,1,0
1.1660793,0,0,0
1.1664813,1,0,0
1.1666793,0,0,0
1.16668128,0,1,0
1.1668793,0,0,0
1.1672813,1,0,0
1.16747932,0,0,0
1.16748128,0,1,0
1.16767932,0,0,0
1.16808132,1,0,0
1.16827932,0,0,0
1.16828128,0,1,0
1.16847932,0,0,0
1.16888132,1,0,0
1.16907932,0,0,0
1.16908128,0,1,0
1.16927932,0,0,0
1.16968132,1,0,0
1.16987932,0,0,0
1.1698813,0,1,0
1.17007932,0,0,0
1.17048132,1,0,0
1.17067934,0,0,0
1.1706813,0,1,0
1.17087934,0,0,0
1.17128134,1,0,0
1.17147934,0,0,0
1.1714813,0,1,0
1.17167934,0,0,0
1.17208134,1,0,0
1.17227934,0,0,0
1.1722813,0,1,0
1.17247934,0,0,0
1.17288134,1,0,0
1.17307934,0,0,0
1.17308132,0,1,0
1.17327934,0,0,0
1.17368134,1,0,0
1.17387936,0,0,0
1.17388132,0,1,0
1.17407936,0,0,0
1.17448136,1,0,0
1.17467936,0,0,0
1.17468132,0,1,0
1.17487936,0,0,0
1.17528136,1,0,0
1.17547936,0,0,0
1.17548132,0,1,0
1.17567936,0,0,0
1.17608136,1,0,0
1.17627936,0,0,0
1.17628134,0,1,0
1.17647936,0,0,0
1.17688136,1,0,0
1.17707938,0,0,0
1.17708134,0,1,0
1.17727938,0,0,0
1.17768138,1,0,0
1.17787938,0,0,0
1.17788134,0,1,0
1.17807938,0,0,0
1.17848138,1,0,0
1.17867938,0,0,0
1.17868134,0,1,0
1.17887938,0,0,0
1.17928138,1,0,0
1.17947938,0,0,0
1.17948136,0,1,0
1.17967938,0,0,0
1.18008138,1,0,0
1.1802794,0,0,0
1.18028136,0,1,0
1.1804794,0,0,0
1.1808814,1,0,0
1.1810794,1,1,0
1.1811794,0,0,0
1.1817814,1,1,0
1.1819794,0,0,0
1.1825814,1,1,0
1.18277942,0,0,0
1.1833814,1,1,0
1.18357942,0,0,0
1.18418142,1,1,0
1.18437942,0,0,0
1.18498142,1,1,0
1.18517942,0,0,0
1.18578142,1,1,0
1.18597944,0,0,0
1.18658142,1,1,0
1.18677944,0,0,0
1.18738144,1,1,0
1.18757944,0,0,0
1.18818144,1,1,0
1.18837944,0,0,0
1.18898144,1,1,0
1.18917946,0,0,0
1.18978144,1,1,0
1.18997946,0,0,0
1.19058146,1,1,0
1.19077946,0,0,0
1.19138146,1,1,0
1.19157946,0,0,0
1.19218146,1,1,0
1.19237948,0,0,0
1.19298146,1,1,0
1.19317948,0,0,0
1.19378148,1,1,0
1.19397948,0,0,0
1.19458148,1,1,0
1.19477948,0,0,0
1.19538148,1,1,0
1.1955795,0,0,0
1.19618148,1,1,0
1.1963795,0,0,0
1.1969815,1,1,0
1.1971795,0,0,0
1.1977815,1,1,0
1.1979795,0,0,0
1.1985815,1,1,0
1.19877952,0,0,0
1.1993815,1,1,0
1.19957952,0,0,0
1.20018152,1,1,0
1.20037952,0,0,0
1.20098152,1,1,0
1.20117952,0,0,0
1.20178152,1,1,0
1.20197952,0,0,0
1.20258152,1,1,0
1.20277954,0,0,0
1.20338152,0,1,0
1.20338154,1,1,0
1.20357954,0,0,0
1.20418154,1,1,0
1.20437954,0,0,0
1.20498154,1,1,0
1.20517954,0,0,0
1.20578154,1,1,0
1.20597956,0,0,0
1.20658154,0,1,0
1.20658156,1,1,0
1.20677956,0,0,0
1.20738156,1,1,0
1.20757956,0,0,0
1.20818156,1,1,0
1.20837956,0,0,0
1.20898156,1,1,0
1.20917958,0,0,0
1.20978156,1,1,0
1.20997958,0,0,0
1.21058158,1,1,0
1.21077958,0,0,0
1.21138158,1,1,0
1.21157958,0,0,0
1.21218158,1,1,0
1.2123796,0,0,0
1.21298158,1,1,0
1.2131796,0,0,0
1.2137816,1,1,0
1.2139796,0,0,0
1.2145816,1,1,0
1.2147796,0,0,0
1.2153816,1,1,0
1.21557962,0,0,0
1.2161816,1,1,0
1.21637962,0,0,0
1.21698162,1,1,0
1.21717962,0,0,0
1.21778162,1,1,0
1.21797962,0,0,0
1.21858162,1,1,0
1.21877964,0,0,0
1.21938162,1,1,0
1.21957964,0,0,0
1.22018164,1,1,0
1.22037964,0,0,0
1.22098164,1,1,0
1.22117964,0,0,0
1.22178164,1,1,0
1.22197966,0,0,0
1.22258164,1,1,0
1.22277966,0,0,0
1.22338166,1,1,0
1.22357966,0,0,0
1.22418166,1,1,0
1.22437966,0,0,0
1.22498166,1,1,0
1.22517968,0,0,0
1.22578166,1,1,0
1.22597968,0,0,0
1.22658168,1,1,0
1.22677968,0,0,0
1.22738168,1,1,0
1.22757968,0,0,0
1.22818168,1,1,0
1.2283797,0,0,0
1.22898168,1,1,0
1.2291797,0,0,0
1.2297817,1,1,0
1.2299797,0,0,0
1.2305817,1,1,0
1.2307797,0,0,0
1.2313817,1,1,0
1.23157972,0,0,0
1.2321817,1,1,0
1.23237972,0,0,0
1.23298172,1,1,0
1.23317972,0,0,0
1.23378172,1,1,0
1.23397972,0,0,0
1.23458172,1,1,0
1.23477972,0,0,0
1.23538172,1,1,0
1.23557974,0,0,0
1.23618172,0,1,0
1.23618174,1,1,0
1.23637974,0,0,0
1.23698174,1,1,0
1.23717974,0,0,0
1.23778174,1,1,0
1.23797974,0,0,0
1.23858174,1,1,0
1.23877976,0,0,0
1.23938174,1,1,0
1.23957976,0,0,0
1.24018176,1,1,0
1.24037976,0,0,0
1.24098176,1,1,0
1.24117976,0,0,0
1.24178176,1,1,0
1.24197978,0,0,0
1.24258176,1,1,0
1.24277978,0,0,0
1.24338178,1,1,0
1.24357978,0,0,0
1.24418178,1,1,0
1.24437978,0,0,0
1.24498178,1,1,0
1.2451798,0,0,0
1.24578178,1,1,0
1.2459798,0,0,0
1.2465818,1,1,0
1.2467798,0,0,0
1.2473818,1,1,0
1.2475798,0,0,0
1.2481818,1,1,0
1.24837982,0,0,0
1.2489818,1,1,0
1.24917982,0,0,0
1.24978182,1,1,0
1.24997982,0,0,0
1.25058182,1,1,0
1.25077982,0,0,0
1.25138182,1,1,0
1.25157984,0,0,0
1.25218182,1,1,0
1.25237984,0,0,0
1.25298184,1,1,0
1.25317984,0,0,0
1.25378184,1,1,0
1.25397984,0,0,0
1.25458184,1,1,0
1.25477986,0,0,0
1.25538184,1,1,0
1.25557986,0,0,0
1.25618186,1,1,0
1.25636986,0,1,0
1.25638986,0,0,0
1.25697186,1,0,0
1.25699186,1,1,0
1.25716986,0,1,0
1.25718986,0,0,0
1.25777186,1,0,0
1.25779186,1,1,0
1.25796986,0,1,0
1.25798986,0,0,0
1.25857186,1,0,0
1.25859186,1,1,0
1.25876986,0,1,0
1.25878986,0,0,0
1.25937186,1,0,0
1.25939186,1,1,0
1.25956988,0,1,0
1.25958988,0,0,0
1.26017188,1,0,0
1.26019188,1,1,0
1.26036988,0,1,0
1.26038988,0,0,0
1.26097188,1,0,0
1.26099188,1,1,0
1.26116988,0,1,0
1.26118988,0,0,0
1.26177188,1,0,0
1.26179188,1,1,0
1.26196988,0,1,0
1.26198988,0,0,0
1.26257188,1,0,0
1.26259188,1,1,0
1.2627699,0,1,0
1.2627899,0,0,0
1.2633719,1,0,0
1.2633919,1,1,0
1.2635699,0,1,0
1.2635899,0,0,0
1.2641719,1,0,0
1.2641919,1,1,0
1.2643699,0,1,0
1.2643899,0,0,0
1.2649719,1,0,0
1.2649919,1,1,0
1.2651699,0,1,0
1.2651899,0,0,0
1.2657719,1,0,0
1.2657919,1,1,0
1.26596992,0,1,0
1.26598992,0,0,0
1.26657192,1,0,0
1.26659192,1,1,0
1.26676992,0,1,0
1.26678992,0,0,0
1.26737192,1,0,0
1.26739192,1,1,0
1.26756992,0,1,0
1.26758992,0,0,0
1.26817192,1,0,0
1.26819192,1,1,0
1.26836992,0,1,0
1.26838992,0,0,0
1.26897192,1,0,0
1.26899192,1,1,0
1.26916994,0,1,0
1.26918994,0,0,0
1.26977194,1,0,0
1.26979194,1,1,0
1.26996994,0,1,0
1.26998994,0,0,0
1.27057194,1,0,0
1.27059194,1,1,0
1.27076994,0,1,0
1.27078994,0,0,0
1.27137194,1,0,0
1.27139194,1,1,0
1.27156994,0,1,0
1.27158994,0,0,0
1.27217194,1,0,0
1.27219194,1,1,0
1.27236996,0,1,0
1.27238996,0,0,0
1.27297196,1,0,0
1.27299196,1,1,0
1.27316996,0,1,0
1.27318996,0,0,0
1.27377196,1,0,0
1.27379196,1,1,0
1.27396996,0,1,0
1.27398996,0,0,0
1.27457196,1,0,0
1.27459196,1,1,0
1.27476996,0,1,0
1.27478996,0,0,0
1.27537196,1,0,0
1.27539196,1,1,0
1.27556996,0,1,0
1.27558996,0,0,0
1.27617196,1,0,0
1.27619196,1,1,0
1.27636998,0,1,0
1.27638998,0,0,0
1.27697198,1,0,0
1.27699198,1,1,0
1.27716998,0,1,0
1.27718998,0,0,0
1.27777198,1,0,0
1.27779198,1,1,0
1.27796998,0,1,0
1.27798998,0,0,0
1.27857198,1,0,0
1.27859198,1,1,0
1.27876998,0,1,0
1.27878998,0,0,0
1.27937198,1,0,0
1.27939198,1,1,0
1.27957,0,1,0
1.27959,0,0,0
1.280172,1,0,0
1.280192,1,1,0
1.28037,0,1,0
1.28039,0,0,0
1.280972,1,0,0
1.280992,1,1,0
1.28117,0,1,0
1.28119,0,0,0
1.281772,1,0,0
1.281792,1,1,0
1.28197,0,1,0
1.28199,0,0,0
1.282572,1,0,0
1.282592,1,1,0
1.28277002,0,1,0
1.28279002,0,0,0
1.28337202,1,0,0
1.28339202,1,1,0
1.28357002,0,1,0
1.28359002,0,0,0
1.28417202,1,0,0
1.28419202,1,1,0
1.28437002,0,1,0
1.28439002,0,0,0
1.28497202,1,0,0
1.28499202,1,1,0
1.28517002,0,1,0
1.28519002,0,0,0
1.28577202,1,0,0
1.28579202,1,1,0
1.28597004,0,1,0
1.28599004,0,0,0
1.28657204,1,0,0
1.28659204,1,1,0
1.28677004,0,1,0
1.28679004,0,0,0
1.28737204,1,0,0
1.28739204,1,1,0
1.28757004,0,1,0
1.28759004,0,0,0
1.28817204,1,0,0
1.28819204,1,1,0
1.28837004,0,1,0
1.28839004,0,0,0
1.28897204,1,0,0
1.28899204,1,1,0
1.28917006,0,1,0
1.28919006,0,0,0
1.28977206,1,0,0
1.28979206,1,1,0
1.28997006,0,1,0
1.28999006,0,0,0
1.29057206,1,0,0
1.29059206,1,1,0
1.29077006,0,1,0
1.29079006,0,0,0
1.29137206,1,0,0
1.29139206,1,1,0
1.29157006,0,1,0
1.29159006,0,0,0
1.29217206,1,0,0
1.29219206,1,1,0
1.29237008,0,1,0
1.29239008,0,0,0
1.29297208,1,0,0
1.29299208,1,1,0
1.29317008,0,1,0
1.29319008,0,0,0
1.29377208,1,0,0
1.29379208,1,1,0
1.29397008,0,1,0
1.29399008,0,0,0
1.29457208,1,0,0
1.29459208,1,1,0
1.29477008,0,1,0
1.29479008,0,0,0
1.29537208,1,0,0
1.29539208,1,1,0
1.2955701,0,1,0
1.2955901,0,0,0
1.2961721,1,0,0
1.2961921,1,1,0
1.2963701,0,1,0
1.2963901,0,0,0
1.2969721,1,0,0
1.2969921,1,1,0
1.2971701,0,1,0
1.2971901,0,0,0
1.2977721,1,0,0
1.2977921,1,1,0
1.2979701,0,1,0
1.2979901,0,0,0
1.2985721,1,0,0
1.2985921,1,1,0
1.29877012,0,1,0
1.29879012,0,0,0
1.29937212,1,0,0
1.29939212,1,1,0
1.29957012,0,1,0
1.29959012,0,0,0
1.30017212,1,0,0
1.30019212,1,1,0
1.30037012,0,1,0
1.30039012,0,0,0
1.30097212,1,0,0
1.30099212,1,1,0
1.30117012,0,1,0
1.30119012,0,0,0
1.30177212,1,0,0
1.30179212,1,1,0
1.30197014,0,1,0
1.30199014,0,0,0
1.30257214,1,0,0
1.30259214,1,1,0
1.30277014,0,1,0
1.30279014,0,0,0
1.30337214,1,0,0
1.30339214,1,1,0
1.30357014,0,1,0
1.30359014,0,0,0
1.30417214,1,0,0
1.30419214,1,1,0
1.30437014,0,1,0
1.30439014,0,0,0
1.30497214,1,0,0
1.30499214,1,1,0
1.30517014,0,1,0
1.30519014,0,0,0
1.30577214,1,0,0
1.30579214,1,1,0
1.30597016,0,1,0
1.30599016,0,0,0
1.30657216,1,0,0
1.30659216,1,1,0
1.30677016,0,1,0
1.30679016,0,0,0
1.30737216,1,0,0
1.30739216,1,1,0
1.30757016,0,1,0
1.30759016,0,0,0
1.30817216,1,0,0
1.30819216,1,1,0
1.30837016,0,1,0
1.30839016,0,0,0
1.30897216,1,0,0
1.30899216,1,1,0
1.30917018,0,1,0
1.30919018,0,0,0
1.30977218,1,0,0
1.30979218,1,1,0
1.30997018,0,1,0
1.30999018,0,0,0
1.31057218,1,0,0
1.31059218,1,1,0
1.31077018,0,1,0
1.31079018,0,0,0
1.31137218,1,0,0
1.31139218,1,1,0
1.31157018,0,1,0
1.31159018,0,0,0
1.31217218,1,0,0
1.31219218,1,1,0
1.3123702,0,1,0
1.3123902,0,0,0
1.3129722,1,0,0
1.3129922,1,1,0
1.3131702,0,1,0
1.3131902,0,0,0
1.3137722,1,0,0
1.3137922,1,1,0
1.3139702,0,1,0
1.3139902,0,0,0
1.3145722,1,0,0
1.3145922,1,1,0
1.3147702,0,1,0
1.3147902,0,0,0
1.3153722,1,0,0
1.3153922,1,1,0
1.31557022,0,1,0
1.31559022,0,0,0
1.31617222,1,0,0
1.31619222,1,1,0
1.31637022,0,1,0
1.31639022,0,0,0
1.31697222,1,0,0
1.31699222,1,1,0
1.31717022,0,1,0
1.31719022,0,0,0
1.31777222,1,0,0
1.31779222,1,1,0
1.31797022,0,1,0
1.31799022,0,0,0
1.31857222,1,0,0
1.31859222,1,1,0
1.31877024,0,1,0
1.31879024,0,0,0
1.31937224,1,0,0
1.31939224,1,1,0
1.31957024,0,1,0
1.31959024,0,0,0
1.32017224,1,0,0
1.32019224,1,1,0
1.32037024,0,1,0
1.32039024,0,0,0
1.32097224,1,0,0
1.32099224,1,1,0
1.32117024,0,1,0
1.32119024,0,0,0
1.32177224,1,0,0
1.32179224,1,1,0
1.32197026,0,1,0
1.32199026,0,0,0
1.32257226,1,0,0
1.32259226,1,1,0
1.32277026,0,1,0
1.32279026,0,0,0
1.32337226,1,0,0
1.32339226,1,1,0
1.32357026,0,1,0
1.32359026,0,0,0
1.32417226,1,0,0
1.32419226,1,1,0
1.32437026,0,1,0
1.32439026,0,0,0
1.32497226,1,0,0
1.32499226,1,1,0
1.32517028,0,1,0
1.32519028,0,0,0
1.32577228,1,0,0
1.32579228,1,1,0
1.32597028,0,1,0
1.32599028,0,0,0
1.32657228,1,0,0
1.32659228,1,1,0
1.32677028,0,1,0
1.32679028,0,0,0
1.32737228,1,0,0
1.32739228,1,1,0
1.32757028,0,1,0
1.32759028,0,0,0
1.32817228,1,0,0
1.32819228,1,1,0
1.3283703,0,1,0
1.3283903,0,0,0
1.3289723,1,0,0
1.3289923,1,1,0
1.3291703,0,1,0
1.3291903,0,0,0
1.3297723,1,0,0
1.3297923,1,1,0
1.3299703,0,1,0
1.3299903,0,0,0
1.3305723,1,0,0
1.3305923,1,1,0
1.3307703,0,1,0
1.3307903,0,0,0
1.3313623,1,0,0
1.3314023,1,1,0
1.33156032,0,1,0
1.33160032,0,0,0
1.33216232,1,0,0
1.33220232,1,1,0
1.33236032,0,1,0
1.33240032,0,0,0
1.33296232,1,0,0
1.33300232,1,1,0
1.33316032,0,1,0
1.33320032,0,0,0
1.33376232,1,0,0
1.33380232,1,1,0
1.33396032,0,1,0
1.33400032,0,0,0
1.33456232,1,0,0
1.33460232,1,1,0
1.33476032,0,1,0
1.33480032,0,0,0
1.33536232,1,0,0
1.33540232,1,1,0
1.33556034,0,1,0
1.33560034,0,0,0
1.33616234,1,0,0
1.33620234,1,1,0
1.33636034,0,1,0
1.33640034,0,0,0
1.33696234,1,0,0
1.33700234,1,1,0
1.33716034,0,1,0
1.33720034,0,0,0
1.33776234,1,0,0
1.33780234,1,1,0
1.33796034,0,1,0
1.33800034,0,0,0
1.33856234,1,0,0
1.33860234,1,1,0
1.33876036,0,1,0
1.33880036,0,0,0
1.33936236,1,0,0
1.33940236,1,1,0
1.33956036,0,1,0
1.33960036,0,0,0
1.34016236,1,0,0
1.34020236,1,1,0
1.34036036,0,1,0
1.34040036,0,0,0
1.34096236,1,0,0
1.34100236,1,1,0
1.34116036,0,1,0
1.34120036,0,0,0
1.34176236,1,0,0
1.34180236,1,1,0
1.34196038,0,1,0
1.34200038,0,0,0
1.34256238,1,0,0
1.34260238,1,1,0
1.34276038,0,1,0
1.34280038,0,0,0
1.34336238,1,0,0
1.34340238,1,1,0
1.34356038,0,1,0
1.34360038,0,0,0
1.34416238,1,0,0
1.34420238,1,1,0
1.34436038,0,1,0
1.34440038,0,0,0
1.34496238,1,0,0
1.34500238,1,1,0
1.3451604,0,1,0
1.3452004,0,0,0
1.3457624,1,0,0
1.3458024,1,1,0
1.3459604,0,1,0
1.3460004,0,0,0
1.3465624,1,0,0
1.3466024,1,1,0
1.3467604,0,1,0
1.3468004,0,0,0
1.3473624,1,0,0
1.3474024,1,1,0
1.3475604,0,1,0
1.3476004,0,0,0
1.3481624,1,0,0
1.3482024,1,1,0
1.34836042,0,1,0
1.34840042,0,0,0
1.34896242,1,0,0
1.34900242,1,1,0
1.34916042,0,1,0
1.34920042,0,0,0
1.34976242,1,0,0
1.34980242,1,1,0
1.34996042,0,1,0
1.35000042,0,0,0
1.35056242,1,0,0
1.35060242,1,1,0
1.35076042,0,1,0
1.35080042,0,0,0
1.35136242,1,0,0
1.35140242,1,1,0
1.35156044,0,1,0
1.35160044,0,0,0
1.35216244,1,0,0
1.35220244,1,1,0
1.35236044,0,1,0
1.35240044,0,0,0
1.35296244,1,0,0
1.35300244,1,1,0
1.35316044,0,1,0
1.35320044,0,0,0
1.35376244,1,0,0
1.35380244,1,1,0
1.35396044,0,1,0
1.35400044,0,0,0
1.35456244,1,0,0
1.35460244,1,1,0
1.35476046,0,1,0
1.35480046,0,0,0
1.35536246,1,0,0
1.35540246,1,1,0
1.35556046,0,1,0
1.35560046,0,0,0
1.35616246,1,0,0
1.35620246,1,1,0
1.35636046,0,1,0
1.35640046,0,0,0
1.35696246,1,0,0
1.35700246,1,1,0
1.35716046,0,1,0
1.35720046,0,0,0
1.35776246,1,0,0
1.35780246,1,1,0
1.35796048,0,1,0
1.35800048,0,0,0
1.35856248,1,0,0
1.35860248,1,1,0
1.35876048,0,1,0
1.35880048,0,0,0
1.35936248,1,0,0
1.35940248,1,1,0
1.35956048,0,1,0
1.35960048,0,0,0
1.36016248,1,0,0
1.36020248,1,1,0
1.36036048,0,1,0
1.36040048,0,0,0
1.36096248,1,0,0
1.36100248,1,1,0
1.3611605,0,1,0
1.3612005,0,0,0
1.3617625,1,0,0
1.3618025,1,1,0
1.3619605,0,1,0
1.3620005,0,0,0
1.3625625,1,0,0
1.3626025,1,1,0
1.3627605,0,1,0
1.3628005,0,0,0
1.3633625,1,0,0
1.3634025,1,1,0
1.3635605,0,1,0
1.3636005,0,0,0
1.3641625,1,0,0
1.3642025,1,1,0
1.3643605,0,1,0
1.3644005,0,0,0
1.3649625,1,0,0
1.3650025,1,1,0
1.36516052,0,1,0
1.36520052,0,0,0
1.36576252,1,0,0
1.36580252,1,1,0
1.36596052,0,1,0
1.36600052,0,0,0
1.36656252,1,0,0
1.36660252,1,1,0
1.36676052,0,1,0
1.36680052,0,0,0
1.36736252,1,0,0
1.36740252,1,1,0
1.36756052,0,1,0
1.36760052,0,0,0
1.36816252,1,0,0
1.36820252,1,1,0
1.36836054,0,1,0
1.36840054,0,0,0
1.36896254,1,0,0
1.36900254,1,1,0
1.36916054,0,1,0
1.36920054,0,0,0
1.36976254,1,0,0
1.36980254,1,1,0
1.36996054,0,1,0
1.37000054,0,0,0
1.37056254,1,0,0
1.37060254,1,1,0
1.37076054,0,1,0
1.37080054,0,0,0
1.37136254,1,0,0
1.37140254,1,1,0
1.37156056,0,1,0
1.37160056,0,0,0
1.37216256,1,0,0
1.37220256,1,1,0
1.37236056,0,1,0
1.37240056,0,0,0
1.37296256,1,0,0
1.37300256,1,1,0
1.37316056,0,1,0
1.37320056,0,0,0
1.37376256,1,0,0
1.37380256,1,1,0
1.37396056,0,1,0
1.37400056,0,0,0
1.37456256,1,0,0
1.37460256,1,1,0
1.37476058,0,1,0
1.37480058,0,0,0
1.37536258,1,0,0
1.37540258,1,1,0
1.37556058,0,1,0
1.37560058,0,0,0
1.37616258,1,0,0
1.37620258,1,1,0
1.37636058,0,1,0
1.37640058,0,0,0
1.37696258,1,0,0
1.37700258,1,1,0
1.37716058,0,1,0
1.37720058,0,0,0
1.37776258,1,0,0
1.37780258,1,1,0
1.3779606,0,1,0
1.3780006,0,0,0
1.3785626,1,0,0
1.3786026,1,1,0
1.3787606,0,1,0
1.3788006,0,0,0
1.3793626,1,0,0
1.3794026,1,1,0
1.3795606,0,1,0
1.3796006,0,0,0
1.3801626,1,0,0
1.3802026,1,1,0
1.3803606,0,1,0
1.3804006,0,0,0
1.3809626,1,0,0
1.3810026,1,1,0
1.38116062,0,1,0
1.38120062,0,0,0
1.38176262,1,0,0
1.38180262,1,1,0
1.38196062,0,1,0
1.38200062,0,0,0
1.38256262,1,0,0
1.38260262,1,1,0
1.38276062,0,1,0
1.38280062,0,0,0
1.38336262,1,0,0
1.38340262,1,1,0
1.38356062,0,1,0
1.38360062,0,0,0
1.38416262,1,0,0
1.38420262,1,1,0
1.38436064,0,1,0
1.38440064,0,0,0
1.38496264,1,0,0
1.38500264,1,1,0
1.38516064,0,1,0
1.38520064,0,0,0
1.38576264,1,0,0
1.38580264,1,1,0
1.38596064,0,1,0
1.38600064,0,0,0
1.38656264,1,0,0
1.38660264,1,1,0
1.38676064,0,1,0
1.38680064,0,0,0
1.38736264,1,0,0
1.38740264,1,1,0
1.38756066,0,1,0
1.38760066,0,0,0
1.38816266,1,0,0
1.38820266,1,1,0
1.38836066,0,1,0
1.38840066,0,0,0
1.38896266,1,0,0
1.38900266,1,1,0
1.38916066,0,1,0
1.38920066,0,0,0
1.38976266,1,0,0
1.38980266,1,1,0
1.38996066,0,1,0
1.39000066,0,0,0
1.39056266,1,0,0
1.39060266,1,1,0
1.39076068,0,1,0
1.39080068,0,0,0
1.39136268,1,0,0
1.39140268,1,1,0
1.39156068,0,1,0
1.39160068,0,0,0
1.39216268,1,0,0
1.39220268,1,1,0
1.39236068,0,1,0
1.39240068,0,0,0
1.39296268,1,0,0
1.39300268,1,1,0
1.39316068,0,1,0
1.39320068,0,0,0
1.39376268,1,0,0
1.39380268,1,1,0
1.39396068,0,1,0
1.39400068,0,0,0
1.39456268,1,0,0
1.39460268,1,1,0
1.3947607,0,1,0
1.3948007,0,0,0
1.3953627,1,0,0
1.3954027,1,1,0
1.3955607,0,1,0
1.3956007,0,0,0
1.3961627,1,0,0
1.3962027,1,1,0
1.3963607,0,1,0
1.3964007,0,0,0
1.3969627,1,0,0
1.3970027,1,1,0
1.3971607,0,1,0
1.3972007,0,0,0
1.3977627,1,0,0
1.3978027,1,1,0
1.39796072,0,1,0
1.39800072,0,0,0
1.39856272,1,0,0
1.39860272,1,1,0
1.39876072,0,1,0
1.39880072,0,0,0
1.39936272,1,0,0
1.39940272,1,1,0
1.39956072,0,1,0
1.39960072,0,0,0
1.40016272,1,0,0
1.40020272,1,1,0
1.40036072,0,1,0
1.40040072,0,0,0
1.40096272,1,0,0
1.40100272,1,1,0
1.40116074,0,1,0
1.40120074,0,0,0
1.40176274,1,0,0
1.40180274,1,1,0
1.40196074,0,1,0
1.40200074,0,0,0
1.40256274,1,0,0
1.40260274,1,1,0
1.40276074,0,1,0
1.40280074,0,0,0
1.40336274,1,0,0
1.40340274,1,1,0
1.40356074,0,1,0
1.40360074,0,0,0
1.40416274,1,0,0
1.40420274,1,1,0
1.40436076,0,1,0
1.40440076,0,0,0
1.40496276,1,0,0
1.40500276,1,1,0
1.40516076,0,1,0
1.40520076,0,0,0
1.40576276,1,0,0
1.40580276,1,1,0
1.40596076,0,1,0
1.40600076,0,0,0
1.40655276,1,0,0
1.40661276,1,1,0
1.40675076,0,1,0
1.40681076,0,0,0
1.40735276,1,0,0
1.40741276,1,1,0
1.40755078,0,1,0
1.40761078,0,0,0
1.40815278,1,0,0
1.40821278,1,1,0
1.40835078,0,1,0
1.40841078,0,0,0
1.40895278,1,0,0
1.40901278,1,1,0
1.40915078,0,1,0
1.40921078,0,0,0
1.40975278,1,0,0
1.40981278,1,1,0
1.40995078,0,1,0
1.41001078,0,0,0
1.41055278,1,0,0
1.41061278,1,1,0
1.4107508,0,1,0
1.4108108,0,0,0
1.4113528,1,0,0
1.4114128,1,1,0
1.4115508,0,1,0
1.4116108,0,0,0
1.4121528,1,0,0
1.4122128,1,1,0
1.4123508,0,1,0
1.4124108,0,0,0
1.4129528,1,0,0
1.4130128,1,1,0
1.4131508,0,1,0
1.4132108,0,0,0
1.4137528,1,0,0
1.4138128,1,1,0
1.41395082,0,1,0
1.41401082,0,0,0
1.41455282,1,0,0
1.41461282,1,1,0
1.41475082,0,1,0
1.41481082,0,0,0
1.41535282,1,0,0
1.41541282,1,1,0
1.41555082,0,1,0
1.41561082,0,0,0
1.41615282,1,0,0
1.41621282,1,1,0
1.41635082,0,1,0
1.41641082,0,0,0
1.41695282,1,0,0
1.41701282,1,1,0
1.41715084,0,1,0
1.41721084,0,0,0
1.41775284,1,0,0
1.41781284,1,1,0
1.41795084,0,1,0
1.41801084,0,0,0
1.41855284,1,0,0
1.41861284,1,1,0
1.41875084,0,1,0
1.41881084,0,0,0
1.41935284,1,0,0
1.41941284,1,1,0
1.41955084,0,1,0
1.41961084,0,0,0
1.42015284,1,0,0
1.42021284,1,1,0
1.42035086,0,1,0
1.42041086,0,0,0
1.42095286,1,0,0
1.42101286,1,1,0
1.42115086,0,1,0
1.42121086,0,0,0
1.42175286,1,0,0
1.42181286,1,1,0
1.42195086,0,1,0
1.42201086,0,0,0
1.42255286,1,0,0
1.42261286,1,1,0
1.42275086,0,1,0
1.42281086,0,0,0
1.42335286,1,0,0
1.42341286,1,1,0
1.42355086,0,1,0
1.42361086,0,0,0
1.42415286,1,0,0
1.42421286,1,1,0
1.42435088,0,1,0
1.42441088,0,0,0
1.42495288,1,0,0
1.42501288,1,1,0
1.42515088,0,1,0
1.42521088,0,0,0
1.42575288,1,0,0
1.42581288,1,1,0
1.42595088,0,1,0
1.42601088,0,0,0
1.42655288,1,0,0
1.42661288,1,1,0
1.42675088,0,1,0
1.42681088,0,0,0
1.42735288,1,0,0
1.42741288,1,1,0
1.4275509,0,1,0
1.4276109,0,0,0
1.4281529,1,0,0
1.4282129,1,1,0
1.4283509,0,1,0
1.4284109,0,0,0
1.4289529,1,0,0
1.4290129,1,1,0
1.4291509,0,1,0
1.4292109,0,0,0
1.4297529,1,0,0
1.4298129,1,1,0
1.4299509,0,1,0
1.4300109,0,0,0
1.4305529,1,0,0
1.4306129,1,1,0
1.43075092,0,1,0
1.43081092,0,0,0
1.43135292,1,0,0
1.43141292,1,1,0
1.43155092,0,1,0
1.43161092,0,0,0
1.43215292,1,0,0
1.43221292,1,1,0
1.43235092,0,1,0
1.43241092,0,0,0
1.43295292,1,0,0
1.43301292,1,1,0
1.43315092,0,1,0
1.43321092,0,0,0
1.43375292,1,0,0
1.43381292,1,1,0
1.43395094,0,1,0
1.43401094,0,0,0
1.43455294,1,0,0
1.43461294,1,1,0
1.43475094,0,1,0
1.43481094,0,0,0
1.43535294,1,0,0
1.43541294,1,1,0
1.43555094,0,1,0
1.43561094,0,0,0
1.43615294,1,0,0
1.43621294,1,1,0
1.43635094,0,1,0
1.43641094,0,0,0
1.43695294,1,0,0
1.43701294,1,1,0
1.43715096,0,1,0
1.43721096,0,0,0
1.43775296,1,0,0
1.43781296,1,1,0
1.43795096,0,1,0
1.43801096,0,0,0
1.43855296,1,0,0
1.43861296,1,1,0
1.43875096,0,1,0
1.43881096,0,0,0
1.43935296,1,0,0
1.43941296,1,1,0
1.43955096,0,1,0
1.43961096,0,0,0
1.44015296,1,0,0
1.44021296,1,1,0
1.44035098,0,1,0
1.44041098,0,0,0
1.44095298,1,0,0
1.44101298,1,1,0
1.44115098,0,1,0
1.44121098,0,0,0
1.44175298,1,0,0
1.44181298,1,1,0
1.44195098,0,1,0
1.44201098,0,0,0
1.44255298,1,0,0
1.44261298,1,1,0
1.44275098,0,1,0
1.44281098,0,0,0
1.44335298,1,0,0
1.44341298,1,1,0
1.443551,0,1,0
1.443611,0,0,0
1.444153,1,0,0
1.444213,1,1,0
1.444351,0,1,0
1.444411,0,0,0
1.444953,1,0,0
1.445013,1,1,0
1.445151,0,1,0
1.445211,0,0,0
1.445753,1,0,0
1.445813,1,1,0
1.445951,0,1,0
1.446011,0,0,0
1.446553,1,0,0
1.446613,1,1,0
1.44675102,0,1,0
1.44681102,0,0,0
1.44735302,1,0,0
1.44741302,1,1,0
1.44755102,0,1,0
1.44761102,0,0,0
1.44815302,1,0,0
1.44821302,1,1,0
1.44835102,0,1,0
1.44841102,0,0,0
1.44895302,1,0,0
1.44901302,1,1,0
1.44915102,0,1,0
1.44921102,0,0,0
1.44975302,1,0,0
1.44981302,1,1,0
1.44995104,0,1,0
1.45001104,0,0,0
1.45055304,1,0,0
1.45061304,1,1,0
1.45075104,0,1,0
1.45081104,0,0,0
1.45135304,1,0,0
1.45141304,1,1,0
1.45155104,0,1,0
1.45161104,0,0,0
1.45215304,1,0,0
1.45221304,1,1,0
1.45235104,0,1,0
1.45241104,0,0,0
1.45295304,1,0,0
1.45301304,1,1,0
1.45315104,0,1,0
1.45321104,0,0,0
1.45375304,1,0,0
1.45381304,1,1,0
1.45395106,0,1,0
1.45401106,0,0,0
1.45455306,1,0,0
1.45461306,1,1,0
1.45475106,0,1,0
1.45481106,0,0,0
1.45535306,1,0,0
1.45541306,1,1,0
1.45555106,0,1,0
1.45561106,0,0,0
1.45615306,1,0,0
1.45621306,1,1,0
1.45635106,0,1,0
1.45641106,0,0,0
1.45695306,1,0,0
1.45701306,1,1,0
1.45715108,0,1,0
1.45721108,0,0,0
1.45775308,1,0,0
1.45781308,1,1,0
1.45795108,0,1,0
1.45801108,0,0,0
1.45855308,1,0,0
1.45861308,1,1,0
1.45875108,0,1,0
1.45881108,0,0,0
1.45935308,1,0,0
1.45941308,1,1,0
1.45955108,0,1,0
1.45961108,0,0,0
1.46015308,1,0,0
1.46021308,1,1,0
1.4603511,0,1,0
1.4604111,0,0,0
1.4609531,1,0,0
1.4610131,1,1,0
1.4611511,0,1,0
1.4612111,0,0,0
1.4617531,1,0,0
1.4618131,1,1,0
1.4619511,0,1,0
1.4620111,0,0,0
1.4625531,1,0,0
1.4626131,1,1,0
1.4627511,0,1,0
1.4628111,0,0,0
1.4633531,1,0,0
1.4634131,1,1,0
1.46355112,0,1,0
1.46361112,0,0,0
1.46415312,1,0,0
1.46421312,1,1,0
1.46435112,0,1,0
1.46441112,0,0,0
1.46495312,1,0,0
1.46501312,1,1,0
1.46515112,0,1,0
1.46521112,0,0,0
1.46575312,1,0,0
1.46581312,1,1,0
1.46595112,0,1,0
1.46601112,0,0,0
1.46655312,1,0,0
1.46661312,1,1,0
1.46675114,0,1,0
1.46681114,0,0,0
1.46735314,1,0,0
1.46741314,1,1,0
1.46755114,0,1,0
1.46761114,0,0,0
1.46815314,1,0,0
1.46821314,1,1,0
1.46835114,0,1,0
1.46841114,0,0,0
1.46895314,1,0,0
1.46901314,1,1,0
1.46915114,0,1,0
1.46921114,0,0,0
1.46975314,1,0,0
1.46981314,1,1,0
1.46995116,0,1,0
1.47001116,0,0,0
1.47055316,1,0,0
1.47061316,1,1,0
1.47075116,0,1,0
1.47081116,0,0,0
1.47135316,1,0,0
1.47141316,1,1,0
1.47155116,0,1,0
1.47161116,0,0,0
1.47215316,1,0,0
1.47221316,1,1,0
1.47235116,0,1,0
1.47241116,0,0,0
1.47295316,1,0,0
1.47301316,1,1,0
1.47315118,0,1,0
1.47321118,0,0,0
1.47375318,1,0,0
1.47381318,1,1,0
1.47395118,0,1,0
1.47401118,0,0,0
1.47455318,1,0,0
1.47461318,1,1,0
1.47475118,0,1,0
1.47481118,0,0,0
1.47535318,1,0,0
1.47541318,1,1,0
1.47555118,0,1,0
1.47561118,0,0,0
1.47615318,1,0,0
1.47621318,1,1,0
1.4763512,0,1,0
1.4764112,0,0,0
1.4769532,1,0,0
1.4770132,1,1,0
1.4771512,0,1,0
1.4772112,0,0,0
1.4777532,1,0,0
1.4778132,1,1,0
1.4779512,0,1,0
1.4780112,0,0,0
1.4785532,1,0,0
1.4786132,1,1,0
1.4787512,0,1,0
1.4788112,0,0,0
1.4793532,1,0,0
1.4794132,1,1,0
1.47955122,0,1,0
1.47961122,0,0,0
1.48015322,1,0,0
1.48021322,1,1,0
1.48035122,0,1,0
1.48041122,0,0,0
1.48095322,1,0,0
1.48101322,1,1,0
1.48114122,0,1,0
1.48122122,0,0,0
1.48174322,1,0,0
1.48182322,1,1,0
1.48194122,0,1,0
1.48202122,0,0,0
1.48254322,1,0,0
1.48262322,1,1,0
1.48274122,0,1,0
1.48282122,0,0,0
1.48334322,1,0,0
1.48342322,1,1,0
1.48354124,0,1,0
1.48362124,0,0,0
1.48414324,1,0,0
1.48422324,1,1,0
1.48434124,0,1,0
1.48442124,0,0,0
1.48494324,1,0,0
1.48502324,1,1,0
1.48514124,0,1,0
1.48522124,0,0,0
1.48574324,1,0,0
1.48582324,1,1,0
1.48594124,0,1,0
1.48602124,0,0,0
1.48654324,1,0,0
1.48662324,1,1,0
1.48674126,0,1,0
1.48682126,0,0,0
1.48734326,1,0,0
1.48742326,1,1,0
1.48754126,0,1,0
1.48762126,0,0,0
1.48814326,1,0,0
1.48822326,1,1,0
1.48834126,0,1,0
1.48842126,0,0,0
1.48894326,1,0,0
1.48902326,1,1,0
1.48914126,0,1,0
1.48922126,0,0,0
1.48974326,1,0,0
1.48982326,1,1,0
1.48994128,0,1,0
1.49002128,0,0,0
1.49054328,1,0,0
1.49062328,1,1,0
1.49074128,0,1,0
1.49082128,0,0,0
1.49134328,1,0,0
1.49142328,1,1,0
1.49154128,0,1,0
1.49162128,0,0,0
1.49214328,1,0,0
1.49222328,1,1,0
1.49234128,0,1,0
1.49242128,0,0,0
1.49294328,1,0,0
1.49302328,1,1,0
1.4931413,0,1,0
1.4932213,0,0,0
1.4937433,1,0,0
1.4938233,1,1,0
1.4939413,0,1,0
1.4940213,0,0,0
1.4945433,1,0,0
1.4946233,1,1,0
1.4947413,0,1,0
1.4948213,0,0,0
1.4953433,1,0,0
1.4954233,1,1,0
1.4955413,0,1,0
1.4956213,0,0,0
1.4961433,1,0,0
1.4962233,1,1,0
1.49634132,0,1,0
1.49642132,0,0,0
1.49694332,1,0,0
1.49702332,1,1,0
1.49714132,0,1,0
1.49722132,0,0,0
1.49774332,1,0,0
1.49782332,1,1,0
1.49794132,0,1,0
1.49802132,0,0,0
1.49854332,1,0,0
1.49862332,1,1,0
1.49874132,0,1,0
1.49882132,0,0,0
1.49934332,1,0,0
1.49942332,1,1,0
1.49954134,0,1,0
1.49962134,0,0,0
1.50014334,1,0,0
1.50022334,1,1,0
1.50034134,0,1,0
1.50042134,0,0,0
1.50094334,1,0,0
1.50102334,1,1,0
1.50114134,0,1,0
1.50122134,0,0,0
1.50174334,1,0,0
1.50182334,1,1,0
1.50194134,0,1,0
1.50202134,0,0,0
1.50254334,1,0,0
1.50262334,1,1,0
1.50274136,0,1,0
1.50282136,0,0,0
1.50334336,1,0,0
1.50342336,1,1,0
1.50354136,0,1,0
1.50362136,0,0,0
1.50414336,1,0,0
1.50422336,1,1,0
1.50434136,0,1,0
1.50442136,0,0,0
1.50494336,1,0,0
1.50502336,1,1,0
1.50514136,0,1,0
1.50522136,0,0,0
1.50574336,1,0,0
1.50582336,1,1,0
1.50594138,0,1,0
1.50602138,0,0,0
1.50654338,1,0,0
1.50662338,1,1,0
1.50674138,0,1,0
1.50682138,0,0,0
1.50734338,1,0,0
1.50742338,1,1,0
1.50754138,0,1,0
1.50762138,0,0,0
1.50814338,1,0,0
1.50822338,1,1,0
1.50834138,0,1,0
1.50842138,0,0,0
1.50894338,1,0,0
1.50902338,1,1,0
1.5091414,0,1,0
1.5092214,0,0,0
1.5097434,1,0,0
1.5098234,1,1,0
1.5099414,0,1,0
1.5100214,0,0,0
1.5105434,1,0,0
1.5106234,1,1,0
1.5107414,0,1,0
1.5108214,0,0,0
1.5113434,1,0,0
1.5114234,1,1,0
1.5115414,0,1,0
1.5116214,0,0,0
1.5121434,1,0,0
1.5122234,1,1,0
1.5123414,0,1,0
1.51242142,0,0,0
1.5129434,1,0,0
1.51302342,1,1,0
1.51314142,0,1,0
1.51322142,0,0,0
1.51374342,1,0,0
1.51382342,1,1,0
1.51394142,0,1,0
1.51402142,0,0,0
1.51454342,1,0,0
1.51462342,1,1,0
1.51474142,0,1,0
1.51482142,0,0,0
1.51534342,1,0,0
1.51542342,1,1,0
1.51554142,0,1,0
1.51562142,0,0,0
1.51614342,1,0,0
1.51622342,1,1,0
1.51634144,0,1,0
1.51642144,0,0,0
1.51694344,1,0,0
1.51702344,1,1,0
1.51714144,0,1,0
1.51722144,0,0,0
1.51774344,1,0,0
1.51782344,1,1,0
1.51794144,0,1,0
1.51802144,0,0,0
1.51854344,1,0,0
1.51862344,1,1,0
1.51874144,0,1,0
1.51882144,0,0,0
1.51934344,1,0,0
1.51942344,1,1,0
1.51954146,0,1,0
1.51962146,0,0,0
1.52014346,1,0,0
1.52022346,1,1,0
1.52034146,0,1,0
1.52042146,0,0,0
1.52094346,1,0,0
1.52102346,1,1,0
1.52114146,0,1,0
1.52122146,0,0,0
1.52174346,1,0,0
1.52182346,1,1,0
1.52194146,0,1,0
1.52202146,0,0,0
1.52254346,1,0,0
1.52262346,1,1,0
1.52274148,0,1,0
1.52282148,0,0,0
1.52334348,1,0,0
1.52342348,1,1,0
1.52354148,0,1,0
1.52362148,0,0,0
1.52414348,1,0,0
1.52422348,1,1,0
1.52434148,0,1,0
1.52442148,0,0,0
1.52494348,1,0,0
1.52502348,1,1,0
1.52514148,0,1,0
1.52522148,0,0,0
1.52574348,1,0,0
1.52582348,1,1,0
1.5259415,0,1,0
1.5260215,0,0,0
1.5265435,1,0,0
1.5266235,1,1,0
1.5267415,0,1,0
1.5268215,0,0,0
1.5273435,1,0,0
1.5274235,1,1,0
1.5275415,0,1,0
1.5276215,0,0,0
1.5281435,1,0,0
1.5282235,1,1,0
1.5283415,0,1,0
1.5284215,0,0,0
1.5289435,1,0,0
1.5290235,1,1,0
1.52914152,0,1,0
1.52922152,0,0,0
1.52974352,1,0,0
1.52982352,1,1,0
1.52994152,0,1,0
1.53002152,0,0,0
1.53054352,1,0,0
1.53062352,1,1,0
1.53074152,0,1,0
1.53082152,0,0,0
1.53134352,1,0,0
1.53142352,1,1,0
1.53154152,0,1,0
1.53162152,0,0,0
1.53214352,1,0,0
1.53222352,1,1,0
1.53234154,0,1,0
1.53242154,0,0,0
1.53294354,1,0,0
1.53302354,1,1,0
1.53314154,0,1,0
1.53322154,0,0,0
1.53374354,1,0,0
1.53382354,1,1,0
1.53394154,0,1,0
1.53402154,0,0,0
1.53454354,1,0,0
1.53462354,1,1,0
1.53474154,0,1,0
1.53482154,0,0,0
1.53534354,1,0,0
1.53542354,1,1,0
1.53554156,0,1,0
1.53562156,0,0,0
1.53614356,1,0,0
1.53622356,1,1,0
1.53634156,0,1,0
1.53642156,0,0,0
1.53694356,1,0,0
1.53702356,1,1,0
1.53714156,0,1,0
1.53722156,0,0,0
1.53774356,1,0,0
1.53782356,1,1,0
1.53794156,0,1,0
1.53802156,0,0,0
1.53854356,1,0,0
1.53862356,1,1,0
1.53874158,0,1,0
1.53882158,0,0,0
1.53934358,1,0,0
1.53942358,1,1,0
1.53954158,0,1,0
1.53962158,0,0,0
1.54014358,1,0,0
1.54022358,1,1,0
1.54034158,0,1,0
1.54042158,0,0,0
1.54094358,1,0,0
1.54102358,1,1,0
1.54114158,0,1,0
1.54122158,0,0,0
1.54174358,1,0,0
1.54182358,1,1,0
1.54194158,0,1,0
1.5420216,0,0,0
1.54254358,1,0,0
1.5426236,1,1,0
1.5427416,0,1,0
1.5428216,0,0,0
1.5433436,1,0,0
1.5434236,1,1,0
1.5435416,0,1,0
1.5436216,0,0,0
1.5441436,1,0,0
1.5442236,1,1,0
1.5443416,0,1,0
1.5444216,0,0,0
1.5449436,1,0,0
1.5450236,1,1,0
1.5451416,0,1,0
1.5452216,0,0,0
1.5457436,1,0,0
1.5458236,1,1,0
1.54594162,0,1,0
1.54602162,0,0,0
1.54654362,1,0,0
1.54662362,1,1,0
1.54674162,0,1,0
1.54682162,0,0,0
1.54734362,1,0,0
1.54742362,1,1,0
1.54754162,0,1,0
1.54762162,0,0,0
1.54814362,1,0,0
1.54822362,1,1,0
1.54834162,0,1,0
1.54842162,0,0,0
1.54894362,1,0,0
1.54902362,1,1,0
1.54914164,0,1,0
1.54922164,0,0,0
1.54974364,1,0,0
1.54982364,1,1,0
1.54994164,0,1,0
1.55002164,0,0,0
1.55054364,1,0,0
1.55062364,1,1,0
1.55074164,0,1,0
1.55082164,0,0,0
1.55134364,1,0,0
1.55142364,1,1,0
1.55154164,0,1,0
1.55162164,0,0,0
1.55214364,1,0,0
1.55222364,1,1,0
1.55234166,0,1,0
1.55242166,0,0,0
1.55294366,1,0,0
1.55302366,1,1,0
1.55314166,0,1,0
1.55322166,0,0,0
1.55374366,1,0,0
1.55382366,1,1,0
1.55394166,0,1,0
1.55402166,0,0,0
1.55454366,1,0,0
1.55462366,1,1,0
1.55474166,0,1,0
1.55482166,0,0,0
1.55534366,1,0,0
1.55542366,1,1,0
1.55554168,0,1,0
1.55562168,0,0,0
1.55614368,1,0,0
1.55622368,1,1,0
1.55633168,0,1,0
1.55643168,0,0,0
1.55693368,1,0,0
1.55703368,1,1,0
1.55713168,0,1,0
1.55723168,0,0,0
1.55773368,1,0,0
1.55783368,1,1,0
1.55793168,0,1,0
1.55803168,0,0,0
1.55853368,1,0,0
1.55863368,1,1,0
1.5587317,0,1,0
1.5588317,0,0,0
1.5593337,1,0,0
1.5594337,1,1,0
1.5595317,0,1,0
1.5596317,0,0,0
1.5601337,1,0,0
1.5602337,1,1,0
1.5603317,0,1,0
1.5604317,0,0,0
1.5609337,1,0,0
1.5610337,1,1,0
1.5611317,0,1,0
1.5612317,0,0,0
1.5617337,1,0,0
1.5618337,1,1,0
1.56193172,0,1,0
1.56203172,0,0,0
1.56253372,1,0,0
1.56263372,1,1,0
1.56273172,0,1,0
1.56283172,0,0,0
1.56333372,1,0,0
1.56343372,1,1,0
1.56353172,0,1,0
1.56363172,0,0,0
1.56413372,1,0,0
1.56423372,1,1,0
1.56433172,0,1,0
1.56443172,0,0,0
1.56493372,1,0,0
1.56503372,1,1,0
1.56513174,0,1,0
1.56523174,0,0,0
1.56573374,1,0,0
1.56583374,1,1,0
1.56593174,0,1,0
1.56603174,0,0,0
1.56653374,1,0,0
1.56663374,1,1,0
1.56673174,0,1,0
1.56683174,0,0,0
1.56733374,1,0,0
1.56743374,1,1,0
1.56753174,0,1,0
1.56763174,0,0,0
1.56813374,1,0,0
1.56823374,1,1,0
1.56833176,0,1,0
1.56843176,0,0,0
1.56893376,1,0,0
1.56903376,1,1,0
1.56913176,0,1,0
1.56923176,0,0,0
1.56973376,1,0,0
1.56983376,1,1,0
1.56993176,0,1,0
1.57003176,0,0,0
1.57053376,1,0,0
1.57063376,1,1,0
1.57073176,0,1,0
1.57083176,0,0,0
1.57133376,1,0,0
1.57143376,1,1,0
1.57153176,0,1,0
1.57163178,0,0,0
1.57213376,1,0,0
1.57223378,1,1,0
1.57233178,0,1,0
1.57243178,0,0,0
1.57293378,1,0,0
1.57303378,1,1,0
1.57313178,0,1,0
1.57323178,0,0,0
1.57373378,1,0,0
1.57383378,1,1,0
1.57393178,0,1,0
1.57403178,0,0,0
1.57453378,1,0,0
1.57463378,1,1,0
1.57473178,0,1,0
1.57483178,0,0,0
1.57533378,1,0,0
1.57543378,1,1,0
1.5755318,0,1,0
1.5756318,0,0,0
1.5761338,1,0,0
1.5762338,1,1,0
1.5763318,0,1,0
1.5764318,0,0,0
1.5769338,1,0,0
1.5770338,1,1,0
1.5771318,0,1,0
1.5772318,0,0,0
1.5777338,1,0,0
1.5778338,1,1,0
1.5779318,0,1,0
1.5780318,0,0,0
1.5785338,1,0,0
1.5786338,1,1,0
1.57873182,0,1,0
1.57883182,0,0,0
1.57933382,1,0,0
1.57943382,1,1,0
1.57953182,0,1,0
1.57963182,0,0,0
1.58013382,1,0,0
1.58023382,1,1,0
1.58033182,0,1,0
1.58043182,0,0,0
1.58093382,1,0,0
1.58103382,1,1,0
1.58113182,0,1,0
1.58123182,0,0,0
1.58173382,1,0,0
1.58183382,1,1,0
1.58193184,0,1,0
1.58203184,0,0,0
1.58253384,1,0,0
1.58263384,1,1,0
1.58273184,0,1,0
1.58283184,0,0,0
1.58333384,1,0,0
1.58343384,1,1,0
1.58353184,0,1,0
1.58363184,0,0,0
1.58413384,1,0,0
1.58423384,1,1,0
1.58433184,0,1,0
1.58443184,0,0,0
1.58493384,1,0,0
1.58503384,1,1,0
1.58513186,0,1,0
1.58523186,0,0,0
1.58573386,1,0,0
1.58583386,1,1,0
1.58593186,0,1,0
1.58603186,0,0,0
1.58653386,1,0,0
1.58663386,1,1,0
1.58673186,0,1,0
1.58683186,0,0,0
1.58733386,1,0,0
1.58743386,1,1,0
1.58753186,0,1,0
1.58763186,0,0,0
1.58813386,1,0,0
1.58823386,1,1,0
1.58833188,0,1,0
1.58843188,0,0,0
1.58893388,1,0,0
1.58903388,1,1,0
1.58913188,0,1,0
1.58923188,0,0,0
1.58973388,1,0,0
1.58983388,1,1,0
1.58993188,0,1,0
1.59003188,0,0,0
1.59053388,1,0,0
1.59063388,1,1,0
1.59073188,0,1,0
1.59083188,0,0,0
1.59133388,1,0,0
1.59143388,1,1,0
1.5915319,0,1,0
1.5916319,0,0,0
1.5921339,1,0,0
1.5922339,1,1,0
1.5923319,0,1,0
1.5924319,0,0,0
1.5929339,1,0,0
1.5930339,1,1,0
1.5931319,0,1,0
1.5932319,0,0,0
1.5937339,1,0,0
1.5938339,1,1,0
1.5939319,0,1,0
1.5940319,0,0,0
1.5945339,1,0,0
1.5946339,1,1,0
1.59473192,0,1,0
1.59483192,0,0,0
1.59533392,1,0,0
1.59543392,1,1,0
1.59553192,0,1,0
1.59563192,0,0,0
1.59613392,1,0,0
1.59623392,1,1,0
1.59633192,0,1,0
1.59643192,0,0,0
1.59693392,1,0,0
1.59703392,1,1,0
1.59713192,0,1,0
1.59723192,0,0,0
1.59773392,1,0,0
1.59783392,1,1,0
1.59793194,0,1,0
1.59803194,0,0,0
1.59853394,1,0,0
1.59863394,1,1,0
1.59873194,0,1,0
1.59883194,0,0,0
1.59933394,1,0,0
1.59943394,1,1,0
1.59953194,0,1,0
1.59963194,0,0,0
1.60013394,1,0,0
1.60023394,1,1,0
1.60033194,0,1,0
1.60043194,0,0,0
1.60093394,1,0,0
1.60103394,1,1,0
1.60113194,0,1,0
1.60123196,0,0,0
1.60173394,1,0,0
1.60183396,1,1,0
1.60193196,0,1,0
1.60203196,0,0,0
1.60253396,1,0,0
1.60263396,1,1,0
1.60273196,0,1,0
1.60283196,0,0,0
1.60333396,1,0,0
1.60343396,1,1,0
1.60353196,0,1,0
1.60363196,0,0,0
1.60413396,1,0,0
1.60423396,1,1,0
1.60433196,0,1,0
1.60443196,0,0,0
1.60493396,1,0,0
1.60503396,1,1,0
1.60513198,0,1,0
1.60523198,0,0,0
1.60573398,1,0,0
1.60583398,1,1,0
1.60593198,0,1,0
1.60603198,0,0,0
1.60653398,1,0,0
1.60663398,1,1,0
1.60673198,0,1,0
1.60683198,0,0,0
1.60733398,1,0,0
1.60743398,1,1,0
1.60753198,0,1,0
1.60763198,0,0,0
1.60813398,1,0,0
1.60823398,1,1,0
1.608332,0,1,0
1.608432,0,0,0
1.608934,1,0,0
1.609034,1,1,0
1.609132,0,1,0
1.609232,0,0,0
1.609734,1,0,0
1.609834,1,1,0
1.609932,0,1,0
1.610032,0,0,0
1.610534,1,0,0
1.610634,1,1,0
1.610732,0,1,0
1.610832,0,0,0
1.611334,1,0,0
1.611434,1,1,0
1.61153202,0,1,0
1.61163202,0,0,0
1.61213402,1,0,0
1.61223402,1,1,0
1.61233202,0,1,0
1.61243202,0,0,0
1.61293402,1,0,0
1.61303402,1,1,0
1.61313202,0,1,0
1.61323202,0,0,0
1.61373402,1,0,0
1.61383402,1,1,0
1.61393202,0,1,0
1.61403202,0,0,0
1.61453402,1,0,0
1.61463402,1,1,0
1.61473204,0,1,0
1.61483204,0,0,0
1.61533404,1,0,0
1.61543404,1,1,0
1.61553204,0,1,0
1.61563204,0,0,0
1.61613404,1,0,0
1.61623404,1,1,0
1.61633204,0,1,0
1.61643204,0,0,0
1.61693404,1,0,0
1.61703404,1,1,0
1.61713204,0,1,0
1.61723204,0,0,0
1.61773404,1,0,0
1.61783404,1,1,0
1.61793206,0,1,0
1.61803206,0,0,0
1.61853406,1,0,0
1.61863406,1,1,0
1.61873206,0,1,0
1.61883206,0,0,0
1.61933406,1,0,0
1.61943406,1,1,0
1.61953206,0,1,0
1.61963206,0,0,0
1.62013406,1,0,0
1.62023406,1,1,0
1.62033206,0,1,0
1.62043206,0,0,0
1.62093406,1,0,0
1.62103406,1,1,0
1.62113208,0,1,0
1.62123208,0,0,0
1.62173408,1,0,0
1.62183408,1,1,0
1.62193208,0,1,0
1.62203208,0,0,0
1.62253408,1,0,0
1.62263408,1,1,0
1.62273208,0,1,0
1.62283208,0,0,0
1.62333408,1,0,0
1.62343408,1,1,0
1.62353208,0,1,0
1.62363208,0,0,0
1.62413408,1,0,0
1.62423408,1,1,0
1.6243321,0,1,0
1.6244321,0,0,0
1.6249341,1,0,0
1.6250341,1,1,0
1.6251321,0,1,0
1.6252321,0,0,0
1.6257341,1,0,0
1.6258341,1,1,0
1.6259321,0,1,0
1.6260321,0,0,0
1.6265341,1,0,0
1.6266341,1,1,0
1.6267321,0,1,0
1.6268321,0,0,0
1.6273341,1,0,0
1.6274341,1,1,0
1.62753212,0,1,0
1.62763212,0,0,0
1.62813412,1,0,0
1.62823412,1,1,0
1.62833212,0,1,0
1.62843212,0,0,0
1.62893412,1,0,0
1.62903412,1,1,0
1.62913212,0,1,0
1.62923212,0,0,0
1.62973412,1,0,0
1.62983412,1,1,0
1.62993212,0,1,0
1.63003212,0,0,0
1.63053412,1,0,0
1.63063412,1,1,0
1.63073212,0,1,0
1.63083214,0,0,0
1.63132412,1,0,0
1.63144414,1,1,0
1.63152214,0,1,0
1.63164214,0,0,0
1.63212414,1,0,0
1.63224414,1,1,0
1.63232214,0,1,0
1.63244214,0,0,0
1.63292414,1,0,0
1.63304414,1,1,0
1.63312214,0,1,0
1.63324214,0,0,0
1.63372414,1,0,0
1.63384414,1,1,0
1.63392214,0,1,0
1.63404214,0,0,0
1.63452414,1,0,0
1.63464414,1,1,0
1.63472216,0,1,0
1.63484216,0,0,0
1.63532416,1,0,0
1.63544416,1,1,0
1.63552216,0,1,0
1.63564216,0,0,0
1.63612416,1,0,0
1.63624416,1,1,0
1.63632216,0,1,0
1.63644216,0,0,0
1.63692416,1,0,0
1.63704416,1,1,0
1.63712216,0,1,0
1.63724216,0,0,0
1.63772416,1,0,0
1.63784416,1,1,0
1.63792218,0,1,0
1.63804218,0,0,0
1.63852418,1,0,0
1.63864418,1,1,0
1.63872218,0,1,0
1.63884218,0,0,0
1.63932418,1,0,0
1.63944418,1,1,0
1.63952218,0,1,0
1.63964218,0,0,0
1.64012418,1,0,0
1.64024418,1,1,0
1.64032218,0,1,0
1.64044218,0,0,0
1.64092418,1,0,0
1.64104418,1,1,0
1.6411222,0,1,0
1.6412422,0,0,0
1.6417242,1,0,0
1.6418442,1,1,0
1.6419222,0,1,0
1.6420422,0,0,0
1.6425242,1,0,0
1.6426442,1,1,0
1.6427222,0,1,0
1.6428422,0,0,0
1.6433242,1,0,0
1.6434442,1,1,0
1.6435222,0,1,0
1.6436422,0,0,0
1.6441242,1,0,0
1.6442442,1,1,0
1.64432222,0,1,0
1.64444222,0,0,0
1.64492422,1,0,0
1.64504422,1,1,0
1.64512222,0,1,0
1.64524222,0,0,0
1.64572422,1,0,0
1.64584422,1,1,0
1.64592222,0,1,0
1.64604222,0,0,0
1.64652422,1,0,0
1.64664422,1,1,0
1.64672222,0,1,0
1.64684222,0,0,0
1.64732422,1,0,0
1.64744422,1,1,0
1.64752224,0,1,0
1.64764224,0,0,0
1.64812424,1,0,0
1.64824424,1,1,0
1.64832224,0,1,0
1.64844224,0,0,0
1.64892424,1,0,0
1.64904424,1,1,0
1.64912224,0,1,0
1.64924224,0,0,0
1.64972424,1,0,0
1.64984424,1,1,0
1.64992224,0,1,0
1.65004224,0,0,0
1.65052424,1,0,0
1.65064424,1,1,0
1.65072226,0,1,0
1.65084226,0,0,0
1.65132426,1,0,0
1.65144426,1,1,0
1.65152226,0,1,0
1.65164226,0,0,0
1.65212426,1,0,0
1.65224426,1,1,0
1.65232226,0,1,0
1.65244226,0,0,0
1.65292426,1,0,0
1.65304426,1,1,0
1.65312226,0,1,0
1.65324226,0,0,0
1.65372426,1,0,0
1.65384426,1,1,0
1.65392228,0,1,0
1.65404228,0,0,0
1.65452428,1,0,0
1.65464428,1,1,0
1.65472228,0,1,0
1.65484228,0,0,0
1.65532428,1,0,0
1.65544428,1,1,0
1.65552228,0,1,0
1.65564228,0,0,0
1.65612428,1,0,0
1.65624428,1,1,0
1.65632228,0,1,0
1.65644228,0,0,0
1.65692428,1,0,0
1.65704428,1,1,0
1.6571223,0,1,0
1.6572423,0,0,0
1.6577243,1,0,0
1.6578443,1,1,0
1.6579223,0,1,0
1.6580423,0,0,0
1.6585243,1,0,0
1.6586443,1,1,0
1.6587223,0,1,0
1.6588423,0,0,0
1.6593243,1,0,0
1.6594443,1,1,0
1.6595223,0,1,0
1.6596423,0,0,0
1.6601243,1,0,0
1.6602443,1,1,0
1.6603223,0,1,0
1.6604423,0,0,0
1.6609243,1,0,0
1.66104432,1,1,0
1.66112232,0,1,0
1.66124232,0,0,0
1.66172432,1,0,0
1.66184432,1,1,0
1.66192232,0,1,0
1.66204232,0,0,0
1.66252432,1,0,0
1.66264432,1,1,0
1.66272232,0,1,0
1.66284232,0,0,0
1.66332432,1,0,0
1.66344432,1,1,0
1.66352232,0,1,0
1.66364232,0,0,0
1.66412432,1,0,0
1.66424432,1,1,0
1.66432234,0,1,0
1.66444234,0,0,0
1.66492434,1,0,0
1.66504434,1,1,0
1.66512234,0,1,0
1.66524234,0,0,0
1.66572434,1,0,0
1.66584434,1,1,0
1.66592234,0,1,0
1.66604234,0,0,0
1.66652434,1,0,0
1.66664434,1,1,0
1.66672234,0,1,0
1.66684234,0,0,0
1.66732434,1,0,0
1.66744434,1,1,0
1.66752236,0,1,0
1.66764236,0,0,0
1.66812436,1,0,0
1.66824436,1,1,0
1.66832236,0,1,0
1.66844236,0,0,0
1.66892436,1,0,0
1.66904436,1,1,0
1.66912236,0,1,0
1.66924236,0,0,0
1.66972436,1,0,0
1.66984436,1,1,0
1.66992236,0,1,0
1.67004236,0,0,0
1.67052436,1,0,0
1.67064436,1,1,0
1.67072238,0,1,0
1.67084238,0,0,0
1.67132438,1,0,0
1.67144438,1,1,0
1.67152238,0,1,0
1.67164238,0,0,0
1.67212438,1,0,0
1.67224438,1,1,0
1.67232238,0,1,0
1.67244238,0,0,0
1.67292438,1,0,0
1.67304438,1,1,0
1.67312238,0,1,0
1.67324238,0,0,0
1.67372438,1,0,0
1.67384438,1,1,0
1.6739224,0,1,0
1.6740424,0,0,0
1.6745244,1,0,0
1.6746444,1,1,0
1.6747224,0,1,0
1.6748424,0,0,0
1.6753244,1,0,0
1.6754444,1,1,0
1.6755224,0,1,0
1.6756424,0,0,0
1.6761244,1,0,0
1.6762444,1,1,0
1.6763224,0,1,0
1.6764424,0,0,0
1.6769244,1,0,0
1.6770444,1,1,0
1.67712242,0,1,0
1.67724242,0,0,0
1.67772442,1,0,0
1.67784442,1,1,0
1.67792242,0,1,0
1.67804242,0,0,0
1.67852442,1,0,0
1.67864442,1,1,0
1.67872242,0,1,0
1.67884242,0,0,0
1.67932442,1,0,0
1.67944442,1,1,0
1.67952242,0,1,0
1.67964242,0,0,0
1.68012442,1,0,0
1.68024442,1,1,0
1.68032244,0,1,0
1.68044244,0,0,0
1.68092444,1,0,0
1.68104444,1,1,0
1.68112244,0,1,0
1.68124244,0,0,0
1.68172444,1,0,0
1.68184444,1,1,0
1.68192244,0,1,0
1.68204244,0,0,0
1.68252444,1,0,0
1.68264444,1,1,0
1.68272244,0,1,0
1.68284244,0,0,0
1.68332444,1,0,0
1.68344444,1,1,0
1.68352246,0,1,0
1.68364246,0,0,0
1.68412446,1,0,0
1.68424446,1,1,0
1.68432246,0,1,0
1.68444246,0,0,0
1.68492446,1,0,0
1.68504446,1,1,0
1.68512246,0,1,0
1.68524246,0,0,0
1.68572446,1,0,0
1.68584446,1,1,0
1.68592246,0,1,0
1.68604246,0,0,0
1.68652446,1,0,0
1.68664446,1,1,0
1.68672248,0,1,0
1.68684248,0,0,0
1.68732448,1,0,0
1.68744448,1,1,0
1.68752248,0,1,0
1.68764248,0,0,0
1.68812448,1,0,0
1.68824448,1,1,0
1.68832248,0,1,0
1.68844248,0,0,0
1.68892448,1,0,0
1.68904448,1,1,0
1.68912248,0,1,0
1.68924248,0,0,0
1.68972448,1,0,0
1.68984448,1,1,0
1.68992248,0,1,0
1.69004248,0,0,0
1.69052448,1,0,0
1.6906445,1,1,0
1.6907225,0,1,0
1.6908425,0,0,0
1.6913245,1,0,0
1.6914445,1,1,0
1.6915225,0,1,0
1.6916425,0,0,0
1.6921245,1,0,0
1.6922445,1,1,0
1.6923225,0,1,0
1.6924425,0,0,0
1.6929245,1,0,0
1.6930445,1,1,0
1.6931225,0,1,0
1.6932425,0,0,0
1.6937245,1,0,0
1.6938445,1,1,0
1.69392252,0,1,0
1.69404252,0,0,0
1.69452452,1,0,0
1.69464452,1,1,0
1.69472252,0,1,0
1.69484252,0,0,0
1.69532452,1,0,0
1.69544452,1,1,0
1.69552252,0,1,0
1.69564252,0,0,0
1.69612452,1,0,0
1.69624452,1,1,0
1.69632252,0,1,0
1.69644252,0,0,0
1.69692452,1,0,0
1.69704452,1,1,0
1.69712254,0,1,0
1.69724254,0,0,0
1.69772454,1,0,0
1.69784454,1,1,0
1.69792254,0,1,0
1.69804254,0,0,0
1.69852454,1,0,0
1.69864454,1,1,0
1.69872254,0,1,0
1.69884254,0,0,0
1.69932454,1,0,0
1.69944454,1,1,0
1.69952254,0,1,0
1.69964254,0,0,0
1.70012454,1,0,0
1.70024454,1,1,0
1.70032256,0,1,0
1.70044256,0,0,0
1.70092456,1,0,0
1.70104456,1,1,0
1.70112256,0,1,0
1.70124256,0,0,0
1.70172456,1,0,0
1.70184456,1,1,0
1.70192256,0,1,0
1.70204256,0,0,0
1.70252456,1,0,0
1.70264456,1,1,0
1.70272256,0,1,0
1.70284256,0,0,0
1.70332456,1,0,0
1.70344456,1,1,0
1.70352258,0,1,0
1.70364258,0,0,0
1.70412458,1,0,0
1.70424458,1,1,0
1.70432258,0,1,0
1.70444258,0,0,0
1.70492458,1,0,0
1.70504458,1,1,0
1.70512258,0,1,0
1.70524258,0,0,0
1.70572458,1,0,0
1.70584458,1,1,0
1.70592258,0,1,0
1.70604258,0,0,0
1.70651458,1,0,0
1.70665458,1,1,0
1.7067126,0,1,0
1.7068526,0,0,0
1.7073146,1,0,0
1.7074546,1,1,0
1.7075126,0,1,0
1.7076526,0,0,0
1.7081146,1,0,0
1.7082546,1,1,0
1.7083126,0,1,0
1.7084526,0,0,0
1.7089146,1,0,0
1.7090546,1,1,0
1.7091126,0,1,0
1.7092526,0,0,0
1.7097146,1,0,0
1.7098546,1,1,0
1.70991262,0,1,0
1.71005262,0,0,0
1.71051462,1,0,0
1.71065462,1,1,0
1.71071262,0,1,0
1.71085262,0,0,0
1.71131462,1,0,0
1.71145462,1,1,0
1.71151262,0,1,0
1.71165262,0,0,0
1.71211462,1,0,0
1.71225462,1,1,0
1.71231262,0,1,0
1.71245262,0,0,0
1.71291462,1,0,0
1.71305462,1,1,0
1.71311264,0,1,0
1.71325264,0,0,0
1.71371464,1,0,0
1.71385464,1,1,0
1.71391264,0,1,0
1.71405264,0,0,0
1.71451464,1,0,0
1.71465464,1,1,0
1.71471264,0,1,0
1.71485264,0,0,0
1.71531464,1,0,0
1.71545464,1,1,0
1.71551264,0,1,0
1.71565264,0,0,0
1.71611464,1,0,0
1.71625464,1,1,0
1.71631266,0,1,0
1.71645266,0,0,0
1.71691466,1,0,0
1.71705466,1,1,0
1.71711266,0,1,0
1.71725266,0,0,0
1.71771466,1,0,0
1.71785466,1,1,0
1.71791266,0,1,0
1.71805266,0,0,0
1.71851466,1,0,0
1.71865466,1,1,0
1.71871266,0,1,0
1.71885266,0,0,0
1.71931466,1,0,0
1.71945466,1,1,0
1.71951266,0,1,0
1.71965268,0,0,0
1.72011466,1,0,0
1.72025468,1,1,0
1.72031268,0,1,0
1.72045268,0,0,0
1.72091468,1,0,0
1.72105468,1,1,0
1.72111268,0,1,0
1.72125268,0,0,0
1.72171468,1,0,0
1.72185468,1,1,0
1.72191268,0,1,0
1.72205268,0,0,0
1.72251468,1,0,0
1.72265468,1,1,0
1.72271268,0,1,0
1.72285268,0,0,0
1.72331468,1,0,0
1.72345468,1,1,0
1.7235127,0,1,0
1.7236527,0,0,0
1.7241147,1,0,0
1.7242547,1,1,0
1.7243127,0,1,0
1.7244527,0,0,0
1.7249147,1,0,0
1.7250547,1,1,0
1.7251127,0,1,0
1.7252527,0,0,0
1.7257147,1,0,0
1.7258547,1,1,0
1.7259127,0,1,0
1.7260527,0,0,0
1.7265147,1,0,0
1.7266547,1,1,0
1.72671272,0,1,0
1.72685272,0,0,0
1.72731472,1,0,0
1.72745472,1,1,0
1.72751272,0,1,0
1.72765272,0,0,0
1.72811472,1,0,0
1.72825472,1,1,0
1.72831272,0,1,0
1.72845272,0,0,0
1.72891472,1,0,0
1.72905472,1,1,0
1.72911272,0,1,0
1.72925272,0,0,0
1.72971472,1,0,0
1.72985472,1,1,0
1.72991274,0,1,0
1.73005274,0,0,0
1.73051474,1,0,0
1.73065474,1,1,0
1.73071274,0,1,0
1.73085274,0,0,0
1.73131474,1,0,0
1.73145474,1,1,0
1.73151274,0,1,0
1.73165274,0,0,0
1.73211474,1,0,0
1.73225474,1,1,0
1.73231274,0,1,0
1.73245274,0,0,0
1.73291474,1,0,0
1.73305474,1,1,0
1.73311276,0,1,0
1.73325276,0,0,0
1.73371476,1,0,0
1.73385476,1,1,0
1.73391276,0,1,0
1.73405276,0,0,0
1.73451476,1,0,0
1.73465476,1,1,0
1.73471276,0,1,0
1.73485276,0,0,0
1.73531476,1,0,0
1.73545476,1,1,0
1.73551276,0,1,0
1.73565276,0,0,0
1.73611476,1,0,0
1.73625476,1,1,0
1.73631278,0,1,0
1.73645278,0,0,0
1.73691478,1,0,0
1.73705478,1,1,0
1.73711278,0,1,0
1.73725278,0,0,0
1.73771478,1,0,0
1.73785478,1,1,0
1.73791278,0,1,0
1.73805278,0,0,0
1.73851478,1,0,0
1.73865478,1,1,0
1.73871278,0,1,0
1.73885278,0,0,0
1.73931478,1,0,0
1.73945478,1,1,0
1.7395128,0,1,0
1.7396528,0,0,0
1.7401148,1,0,0
1.7402548,1,1,0
1.7403128,0,1,0
1.7404528,0,0,0
1.7409148,1,0,0
1.7410548,1,1,0
1.7411128,0,1,0
1.7412528,0,0,0
1.7417148,1,0,0
1.7418548,1,1,0
1.7419128,0,1,0
1.7420528,0,0,0
1.7425148,1,0,0
1.7426548,1,1,0
1.74271282,0,1,0
1.74285282,0,0,0
1.74331482,1,0,0
1.74345482,1,1,0
1.74351282,0,1,0
1.74365282,0,0,0
1.74411482,1,0,0
1.74425482,1,1,0
1.74431282,0,1,0
1.74445282,0,0,0
1.74491482,1,0,0
1.74505482,1,1,0
1.74511282,0,1,0
1.74525282,0,0,0
1.74571482,1,0,0
1.74585482,1,1,0
1.74591284,0,1,0
1.74605284,0,0,0
1.74651482,1,0,0
1.74665484,1,1,0
1.74671284,0,1,0
1.74685284,0,0,0
1.74731484,1,0,0
1.74745484,1,1,0
1.74751284,0,1,0
1.74765284,0,0,0
1.74811484,1,0,0
1.74825484,1,1,0
1.74831284,0,1,0
1.74845284,0,0,0
1.74891484,1,0,0
1.74905484,1,1,0
1.74911284,0,1,0
1.74925284,0,0,0
1.74971484,1,0,0
1.74985486,1,1,0
1.74991286,0,1,0
1.75005286,0,0,0
1.75051486,1,0,0
1.75065486,1,1,0
1.75071286,0,1,0
1.75085286,0,0,0
1.75131486,1,0,0
1.75145486,1,1,0
1.75151286,0,1,0
1.75165286,0,0,0
1.75211486,1,0,0
1.75225486,1,1,0
1.75231286,0,1,0
1.75245286,0,0,0
1.75291486,1,0,0
1.75305486,1,1,0
1.75311288,0,1,0
1.75325288,0,0,0
1.75371488,1,0,0
1.75385488,1,1,0
1.75391288,0,1,0
1.75405288,0,0,0
1.75451488,1,0,0
1.75465488,1,1,0
1.75471288,0,1,0
1.75485288,0,0,0
1.75531488,1,0,0
1.75545488,1,1,0
1.75551288,0,1,0
1.75565288,0,0,0
1.75611488,1,0,0
1.75625488,1,1,0
1.7563129,0,1,0
1.7564529,0,0,0
1.7569149,1,0,0
1.7570549,1,1,0
1.7571129,0,1,0
1.7572529,0,0,0
1.7577149,1,0,0
1.7578549,1,1,0
1.7579129,0,1,0
1.7580529,0,0,0
1.7585149,1,0,0
1.7586549,1,1,0
1.7587129,0,1,0
1.7588529,0,0,0
1.7593149,1,0,0
1.7594549,1,1,0
1.75951292,0,1,0
1.75965292,0,0,0
1.76011492,1,0,0
1.76025492,1,1,0
1.76031292,0,1,0
1.76045292,0,0,0
1.76091492,1,0,0
1.76105492,1,1,0
1.76111292,0,1,0
1.76125292,0,0,0
1.76171492,1,0,0
1.76185492,1,1,0
1.76191292,0,1,0
1.76205292,0,0,0
1.76251492,1,0,0
1.76265492,1,1,0
1.76271294,0,1,0
1.76285294,0,0,0
1.76331494,1,0,0
1.76345494,1,1,0
1.76351294,0,1,0
1.76365294,0,0,0
1.76411494,1,0,0
1.76425494,1,1,0
1.76431294,0,1,0
1.76445294,0,0,0
1.76491494,1,0,0
1.76505494,1,1,0
1.76511294,0,1,0
1.76525294,0,0,0
1.76571494,1,0,0
1.76585494,1,1,0
1.76591296,0,1,0
1.76605296,0,0,0
1.76651496,1,0,0
1.76665496,1,1,0
1.76671296,0,1,0
1.76685296,0,0,0
1.76731496,1,0,0
1.76745496,1,1,0
1.76751296,0,1,0
1.76765296,0,0,0
1.76811496,1,0,0
1.76825496,1,1,0
1.76831296,0,1,0
1.76845296,0,0,0
1.76891496,1,0,0
1.76905496,1,1,0
1.76911298,0,1,0
1.76925298,0,0,0
1.76971498,1,0,0
1.76985498,1,1,0
1.76991298,0,1,0
1.77005298,0,0,0
1.77051498,1,0,0
1.77065498,1,1,0
1.77071298,0,1,0
1.77085298,0,0,0
1.77131498,1,0,0
1.77145498,1,1,0
1.77151298,0,1,0
1.77165298,0,0,0
1.77211498,1,0,0
1.77225498,1,1,0
1.772313,0,1,0
1.772453,0,0,0
1.772915,1,0,0
1.773055,1,1,0
1.773113,0,1,0
1.773253,0,0,0
1.773715,1,0,0
1.773855,1,1,0
1.773913,0,1,0
1.774053,0,0,0
1.774515,1,0,0
1.774655,1,1,0
1.774713,0,1,0
1.774853,0,0,0
1.775315,1,0,0
1.775455,1,1,0
1.77551302,0,1,0
1.77565302,0,0,0
1.776115,1,0,0
1.77625502,1,1,0
1.77631302,0,1,0
1.77645302,0,0,0
1.77691502,1,0,0
1.77705502,1,1,0
1.77711302,0,1,0
1.77725302,0,0,0
1.77771502,1,0,0
1.77785502,1,1,0
1.77791302,0,1,0
1.77805302,0,0,0
1.77851502,1,0,0
1.77865502,1,1,0
1.77871302,0,1,0
1.77885304,0,0,0
1.77931502,1,0,0
1.77945504,1,1,0
1.77951304,0,1,0
1.77965304,0,0,0
1.78011504,1,0,0
1.78025504,1,1,0
1.78031304,0,1,0
1.78045304,0,0,0
1.78091504,1,0,0
1.78105504,1,1,0
1.78111304,0,1,0
1.78125304,0,0,0
1.78170504,1,0,0
1.78186504,1,1,0
1.78190304,0,1,0
1.78206304,0,0,0
1.78250504,1,0,0
1.78266504,1,1,0
1.78270306,0,1,0
1.78286306,0,0,0
1.78330506,1,0,0
1.78346506,1,1,0
1.78350306,0,1,0
1.78366306,0,0,0
1.78410506,1,0,0
1.78426506,1,1,0
1.78430306,0,1,0
1.78446306,0,0,0
1.78490506,1,0,0
1.78506506,1,1,0
1.78510306,0,1,0
1.78526306,0,0,0
1.78570506,1,0,0
1.78586506,1,1,0
1.78590308,0,1,0
1.78606308,0,0,0
1.78650508,1,0,0
1.78666508,1,1,0
1.78670308,0,1,0
1.78686308,0,0,0
1.78730508,1,0,0
1.78746508,1,1,0
1.78750308,0,1,0
1.78766308,0,0,0
1.78810508,1,0,0
1.78826508,1,1,0
1.78830308,0,1,0
1.78846308,0,0,0
1.78890508,1,0,0
1.78906508,1,1,0
1.7891031,0,1,0
1.7892631,0,0,0
1.7897051,1,0,0
1.7898651,1,1,0
1.7899031,0,1,0
1.7900631,0,0,0
1.7905051,1,0,0
1.7906651,1,1,0
1.7907031,0,1,0
1.7908631,0,0,0
1.7913051,1,0,0
1.7914651,1,1,0
1.7915031,0,1,0
1.7916631,0,0,0
1.7921051,1,0,0
1.7922651,1,1,0
1.79230312,0,1,0
1.79246312,0,0,0
1.79290512,1,0,0
1.79306512,1,1,0
1.79310312,0,1,0
1.79326312,0,0,0
1.79370512,1,0,0
1.79386512,1,1,0
1.79390312,0,1,0
1.79406312,0,0,0
1.79450512,1,0,0
1.79466512,1,1,0
1.79470312,0,1,0
1.79486312,0,0,0
1.79530512,1,0,0
1.79546512,1,1,0
1.79550314,0,1,0
1.79566314,0,0,0
1.79610514,1,0,0
1.79626514,1,1,0
1.79630314,0,1,0
1.79646314,0,0,0
1.79690514,1,0,0
1.79706514,1,1,0
1.79710314,0,1,0
1.79726314,0,0,0
1.79770514,1,0,0
1.79786514,1,1,0
1.79790314,0,1,0
1.79806314,0,0,0
1.79850514,1,0,0
1.79866514,1,1,0
1.79870316,0,1,0
1.79886316,0,0,0
1.79930516,1,0,0
1.79946516,1,1,0
1.79950316,0,1,0
1.79966316,0,0,0
1.80010516,1,0,0
1.80026516,1,1,0
1.80030316,0,1,0
1.80046316,0,0,0
1.80090516,1,0,0
1.80106516,1,1,0
1.80110316,0,1,0
1.80126316,0,0,0
1.80170516,1,0,0
1.80186516,1,1,0
1.80190318,0,1,0
1.80206318,0,0,0
1.80250518,1,0,0
1.80266518,1,1,0
1.80270318,0,1,0
1.80286318,0,0,0
1.80330518,1,0,0
1.80346518,1,1,0
1.80350318,0,1,0
1.80366318,0,0,0
1.80410518,1,0,0
1.80426518,1,1,0
1.80430318,0,1,0
1.80446318,0,0,0
1.80490518,1,0,0
1.80506518,1,1,0
1.8051032,0,1,0
1.8052632,0,0,0
1.80570518,1,0,0
1.8058652,1,1,0
1.8059032,0,1,0
1.8060632,0,0,0
1.8065052,1,0,0
1.8066652,1,1,0
1.8067032,0,1,0
1.8068632,0,0,0
1.8073052,1,0,0
1.8074652,1,1,0
1.8075032,0,1,0
1.8076632,0,0,0
1.8081052,1,0,0
1.8082652,1,1,0
1.8083032,0,1,0
1.8084632,0,0,0
1.8089052,1,0,0
1.80906522,1,1,0
1.80910322,0,1,0
1.80926322,0,0,0
1.80970522,1,0,0
1.80986522,1,1,0
1.80990322,0,1,0
1.81006322,0,0,0
1.81050522,1,0,0
1.81066522,1,1,0
1.81070322,0,1,0
1.81086322,0,0,0
1.81130522,1,0,0
1.81146522,1,1,0
1.81150322,0,1,0
1.81166322,0,0,0
1.81210522,1,0,0
1.81226522,1,1,0
1.81230324,0,1,0
1.81246324,0,0,0
1.81290524,1,0,0
1.81306524,1,1,0
1.81310324,0,1,0
1.81326324,0,0,0
1.81370524,1,0,0
1.81386524,1,1,0
1.81390324,0,1,0
1.81406324,0,0,0
1.81450524,1,0,0
1.81466524,1,1,0
1.81470324,0,1,0
1.81486324,0,0,0
1.81530524,1,0,0
1.81546524,1,1,0
1.81550326,0,1,0
1.81566326,0,0,0
1.81610526,1,0,0
1.81626526,1,1,0
1.81630326,0,1,0
1.81646326,0,0,0
1.81690526,1,0,0
1.81706526,1,1,0
1.81710326,0,1,0
1.81726326,0,0,0
1.81770526,1,0,0
1.81786526,1,1,0
1.81790326,0,1,0
1.81806326,0,0,0
1.81850526,1,0,0
1.81866526,1,1,0
1.81870328,0,1,0
1.81886328,0,0,0
1.81930528,1,0,0
1.81946528,1,1,0
1.81950328,0,1,0
1.81966328,0,0,0
1.82010528,1,0,0
1.82026528,1,1,0
1.82030328,0,1,0
1.82046328,0,0,0
1.82090528,1,0,0
1.82106528,1,1,0
1.82110328,0,1,0
1.82126328,0,0,0
1.82170528,1,0,0
1.82186528,1,1,0
1.8219033,0,1,0
1.8220633,0,0,0
1.8225053,1,0,0
1.8226653,1,1,0
1.8227033,0,1,0
1.8228633,0,0,0
1.8233053,1,0,0
1.8234653,1,1,0
1.8235033,0,1,0
1.8236633,0,0,0
1.8241053,1,0,0
1.8242653,1,1,0
1.8243033,0,1,0
1.8244633,0,0,0
1.8249053,1,0,0
1.8250653,1,1,0
1.82510332,0,1,0
1.82526332,0,0,0
1.82570532,1,0,0
1.82586532,1,1,0
1.82590332,0,1,0
1.82606332,0,0,0
1.82650532,1,0,0
1.82666532,1,1,0
1.82670332,0,1,0
1.82686332,0,0,0
1.82730532,1,0,0
1.82746532,1,1,0
1.82750332,0,1,0
1.82766332,0,0,0
1.82810532,1,0,0
1.82826532,1,1,0
1.82830334,0,1,0
1.82846334,0,0,0
1.82890534,1,0,0
1.82906534,1,1,0
1.82910334,0,1,0
1.82926334,0,0,0
1.82970534,1,0,0
1.82986534,1,1,0
1.82990334,0,1,0
1.83006334,0,0,0
1.83050534,1,0,0
1.83066534,1,1,0
1.83070334,0,1,0
1.83086334,0,0,0
1.83130534,1,0,0
1.83146534,1,1,0
1.83150336,0,1,0
1.83166336,0,0,0
1.83210536,1,0,0
1.83226536,1,1,0
1.83230336,0,1,0
1.83246336,0,0,0
1.83290536,1,0,0
1.83306536,1,1,0
1.83310336,0,1,0
1.83326336,0,0,0
1.83370536,1,0,0
1.83386536,1,1,0
1.83390336,0,1,0
1.83406336,0,0,0
1.83450536,1,0,0
1.83466536,1,1,0
1.83470336,0,1,0
1.83486338,0,0,0
1.83530536,1,0,0
1.83546538,1,1,0
1.83550338,0,1,0
1.83566338,0,0,0
1.83610538,1,0,0
1.83626538,1,1,0
1.83630338,0,1,0
1.83646338,0,0,0
1.83690538,1,0,0
1.83706538,1,1,0
1.83710338,0,1,0
1.83726338,0,0,0
1.83770538,1,0,0
1.83786538,1,1,0
1.83790338,0,1,0
1.83806338,0,0,0
1.83850538,1,0,0
1.8386654,1,1,0
1.8387034,0,1,0
1.8388634,0,0,0
1.8393054,1,0,0
1.8394654,1,1,0
1.8395034,0,1,0
1.8396634,0,0,0
1.8401054,1,0,0
1.8402654,1,1,0
1.8403034,0,1,0
1.8404634,0,0,0
1.8409054,1,0,0
1.8410654,1,1,0
1.8411034,0,1,0
1.8412634,0,0,0
1.8417054,1,0,0
1.8418654,1,1,0
1.84190342,0,1,0
1.84206342,0,0,0
1.84250542,1,0,0
1.84266542,1,1,0
1.84270342,0,1,0
1.84286342,0,0,0
1.84330542,1,0,0
1.84346542,1,1,0
1.84350342,0,1,0
1.84366342,0,0,0
1.84410542,1,0,0
1.84426542,1,1,0
1.84430342,0,1,0
1.84446342,0,0,0
1.84490542,1,0,0
1.84506542,1,1,0
1.84510344,0,1,0
1.84526344,0,0,0
1.84570544,1,0,0
1.84586544,1,1,0
1.84590344,0,1,0
1.84606344,0,0,0
1.84650544,1,0,0
1.84666544,1,1,0
1.84670344,0,1,0
1.84686344,0,0,0
1.84730544,1,0,0
1.84746544,1,1,0
1.84750344,0,1,0
1.84766344,0,0,0
1.84810544,1,0,0
1.84826544,1,1,0
1.84830346,0,1,0
1.84846346,0,0,0
1.84890546,1,0,0
1.84906546,1,1,0
1.84910346,0,1,0
1.84926346,0,0,0
1.84970546,1,0,0
1.84986546,1,1,0
1.84990346,0,1,0
1.85006346,0,0,0
1.85050546,1,0,0
1.85066546,1,1,0
1.85070346,0,1,0
1.85086346,0,0,0
1.85130546,1,0,0
1.85146546,1,1,0
1.85150348,0,1,0
1.85166348,0,0,0
1.85210548,1,0,0
1.85226548,1,1,0
1.85230348,0,1,0
1.85246348,0,0,0
1.85290548,1,0,0
1.85306548,1,1,0
1.85310348,0,1,0
1.85326348,0,0,0
1.85370548,1,0,0
1.85386548,1,1,0
1.85390348,0,1,0
1.85406348,0,0,0
1.85450548,1,0,0
1.85466548,1,1,0
1.8547035,0,1,0
1.8548635,0,0,0
1.8553055,1,0,0
1.8554655,1,1,0
1.8555035,0,1,0
1.8556635,0,0,0
1.8561055,1,0,0
1.8562655,1,1,0
1.8562935,0,1,0
1.8564735,0,0,0
1.8568955,1,0,0
1.8570755,1,1,0
1.8570935,0,1,0
1.8572735,0,0,0
1.8576955,1,0,0
1.8578755,1,1,0
1.85789352,0,1,0
1.85807352,0,0,0
1.85849552,1,0,0
1.85867552,1,1,0
1.85869352,0,1,0
1.85887352,0,0,0
1.85929552,1,0,0
1.85947552,1,1,0
1.85949352,0,1,0
1.85967352,0,0,0
1.86009552,1,0,0
1.86027552,1,1,0
1.86029352,0,1,0
1.86047352,0,0,0
1.86089552,1,0,0
1.86107552,1,1,0
1.86109354,0,1,0
1.86127354,0,0,0
1.86169554,1,0,0
1.86187554,1,1,0
1.86189354,0,1,0
1.86207354,0,0,0
1.86249554,1,0,0
1.86267554,1,1,0
1.86269354,0,1,0
1.86287354,0,0,0
1.86329554,1,0,0
1.86347554,1,1,0
1.86349354,0,1,0
1.86367354,0,0,0
1.86409554,1,0,0
1.86427554,1,1,0
1.86429354,0,1,0
1.86447356,0,0,0
1.86489554,1,0,0
1.86507556,1,1,0
1.86509356,0,1,0
1.86527356,0,0,0
1.86569556,1,0,0
1.86587556,1,1,0
1.86589356,0,1,0
1.86607356,0,0,0
1.86649556,1,0,0
1.86667556,1,1,0
1.86669356,0,1,0
1.86687356,0,0,0
1.86729556,1,0,0
1.86747556,1,1,0
1.86749356,0,1,0
1.86767356,0,0,0
1.86809556,1,0,0
1.86827558,1,1,0
1.86829358,0,1,0
1.86847358,0,0,0
1.86889558,1,0,0
1.86907558,1,1,0
1.86909358,0,1,0
1.86927358,0,0,0
1.86969558,1,0,0
1.86987558,1,1,0
1.86989358,0,1,0
1.87007358,0,0,0
1.87049558,1,0,0
1.87067558,1,1,0
1.87069358,0,1,0
1.87087358,0,0,0
1.87129558,1,0,0
1.87147558,1,1,0
1.8714936,0,1,0
1.8716736,0,0,0
1.8720956,1,0,0
1.8722756,1,1,0
1.8722936,0,1,0
1.8724736,0,0,0
1.8728956,1,0,0
1.8730756,1,1,0
1.8730936,0,1,0
1.8732736,0,0,0
1.8736956,1,0,0
1.8738756,1,1,0
1.8738936,0,1,0
1.8740736,0,0,0
1.8744956,1,0,0
1.8746756,1,1,0
1.87469362,0,1,0
1.87487362,0,0,0
1.87529562,1,0,0
1.87547562,1,1,0
1.87549362,0,1,0
1.87567362,0,0,0
1.87609562,1,0,0
1.87627562,1,1,0
1.87629362,0,1,0
1.87647362,0,0,0
1.87689562,1,0,0
1.87707562,1,1,0
1.87709362,0,1,0
1.87727362,0,0,0
1.87769562,1,0,0
1.87787562,1,1,0
1.87789364,0,1,0
1.87807364,0,0,0
1.87849564,1,0,0
1.87867564,1,1,0
1.87869364,0,1,0
1.87887364,0,0,0
1.87929564,1,0,0
1.87947564,1,1,0
1.87949364,0,1,0
1.87967364,0,0,0
1.88009564,1,0,0
1.88027564,1,1,0
1.88029364,0,1,0
1.88047364,0,0,0
1.88089564,1,0,0
1.88107564,1,1,0
1.88109366,0,1,0
1.88127366,0,0,0
1.88169566,1,0,0
1.88187566,1,1,0
1.88189366,0,1,0
1.88207366,0,0,0
1.88249566,1,0,0
1.88267566,1,1,0
1.88269366,0,1,0
1.88287366,0,0,0
1.88329566,1,0,0
1.88347566,1,1,0
1.88349366,0,1,0
1.88367366,0,0,0
1.88409566,1,0,0
1.88427566,1,1,0
1.88429368,0,1,0
1.88447368,0,0,0
1.88489568,1,0,0
1.88507568,1,1,0
1.88509368,0,1,0
1.88527368,0,0,0
1.88569568,1,0,0
1.88587568,1,1,0
1.88589368,0,1,0
1.88607368,0,0,0
1.88649568,1,0,0
1.88667568,1,1,0
1.88669368,0,1,0
1.88687368,0,0,0
1.88729568,1,0,0
1.88747568,1,1,0
1.8874937,0,1,0
1.8876737,0,0,0
1.8880957,1,0,0
1.8882757,1,1,0
1.8882937,0,1,0
1.8884737,0,0,0
1.8888957,1,0,0
1.8890757,1,1,0
1.8890937,0,1,0
1.8892737,0,0,0
1.8896957,1,0,0
1.8898757,1,1,0
1.8898937,0,1,0
1.8900737,0,0,0
1.8904957,1,0,0
1.8906757,1,1,0
1.89069372,0,1,0
1.89087372,0,0,0
1.89129572,1,0,0
1.89147572,1,1,0
1.89149372,0,1,0
1.89167372,0,0,0
1.89209572,1,0,0
1.89227572,1,1,0
1.89229372,0,1,0
1.89247372,0,0,0
1.89289572,1,0,0
1.89307572,1,1,0
1.89309372,0,1,0
1.89327372,0,0,0
1.89369572,1,0,0
1.89387572,1,1,0
1.89389372,0,1,0
1.89407374,0,0,0
1.89449572,1,0,0
1.89467574,1,1,0
1.89469374,0,1,0
1.89487374,0,0,0
1.89529574,1,0,0
1.89547574,1,1,0
1.89549374,0,1,0
1.89567374,0,0,0
1.89609574,1,0,0
1.89627574,1,1,0
1.89629374,0,1,0
1.89647374,0,0,0
1.89689574,1,0,0
1.89707574,1,1,0
1.89709374,0,1,0
1.89727374,0,0,0
1.89769574,1,0,0
1.89787576,1,1,0
1.89789376,0,1,0
1.89807376,0,0,0
1.89849576,1,0,0
1.89867576,1,1,0
1.89869376,0,1,0
1.89887376,0,0,0
1.89929576,1,0,0
1.89947576,1,1,0
1.89949376,0,1,0
1.89967376,0,0,0
1.90009576,1,0,0
1.90027576,1,1,0
1.90029376,0,1,0
1.90047376,0,0,0
1.90089576,1,0,0
1.90107576,1,1,0
1.90109378,0,1,0
1.90127378,0,0,0
1.90169578,1,0,0
1.90187578,1,1,0
1.90189378,0,1,0
1.90207378,0,0,0
1.90249578,1,0,0
1.90267578,1,1,0
1.90269378,0,1,0
1.90287378,0,0,0
1.90329578,1,0,0
1.90347578,1,1,0
1.90349378,0,1,0
1.90367378,0,0,0
1.90409578,1,0,0
1.90427578,1,1,0
1.9042938,0,1,0
1.9044738,0,0,0
1.9048958,1,0,0
1.9050758,1,1,0
1.9050938,0,1,0
1.9052738,0,0,0
1.9056958,1,0,0
1.9058758,1,1,0
1.9058938,0,1,0
1.9060738,0,0,0
1.9064958,1,0,0
1.9066758,1,1,0
1.9066938,0,1,0
1.9068738,0,0,0
1.9072958,1,0,0
1.9074758,1,1,0
1.90749382,0,1,0
1.90767382,0,0,0
1.90809582,1,0,0
1.90827582,1,1,0
1.90829382,0,1,0
1.90847382,0,0,0
1.90889582,1,0,0
1.90907582,1,1,0
1.90909382,0,1,0
1.90927382,0,0,0
1.90969582,1,0,0
1.90987582,1,1,0
1.90989382,0,1,0
1.91007382,0,0,0
1.91049582,1,0,0
1.91067582,1,1,0
1.91069384,0,1,0
1.91087384,0,0,0
1.91129584,1,0,0
1.91147584,1,1,0
1.91149384,0,1,0
1.91167384,0,0,0
1.91209584,1,0,0
1.91227584,1,1,0
1.91229384,0,1,0
1.91247384,0,0,0
1.91289584,1,0,0
1.91307584,1,1,0
1.91309384,0,1,0
1.91327384,0,0,0
1.91369584,1,0,0
1.91387584,1,1,0
1.91389386,0,1,0
1.91407386,0,0,0
1.91449586,1,0,0
1.91467586,1,1,0
1.91469386,0,1,0
1.91487386,0,0,0
1.91529586,1,0,0
1.91547586,1,1,0
1.91549386,0,1,0
1.91567386,0,0,0
1.91609586,1,0,0
1.91627586,1,1,0
1.91629386,0,1,0
1.91647386,0,0,0
1.91689586,1,0,0
1.91707586,1,1,0
1.91709388,0,1,0
1.91727388,0,0,0
1.91769588,1,0,0
1.91787588,1,1,0
1.91789388,0,1,0
1.91807388,0,0,0
1.91849588,1,0,0
1.91867588,1,1,0
1.91869388,0,1,0
1.91887388,0,0,0
1.91929588,1,0,0
1.91947588,1,1,0
1.91949388,0,1,0
1.91967388,0,0,0
1.92009588,1,0,0
1.92027588,1,1,0
1.9202939,0,1,0
1.9204739,0,0,0
1.9208959,1,0,0
1.9210759,1,1,0
1.9210939,0,1,0
1.9212739,0,0,0
1.9216959,1,0,0
1.9218759,1,1,0
1.9218939,0,1,0
1.9220739,0,0,0
1.9224959,1,0,0
1.9226759,1,1,0
1.9226939,0,1,0
1.9228739,0,0,0
1.9232959,1,0,0
1.9234759,1,1,0
1.9234939,0,1,0
1.92367392,0,0,0
1.9240959,1,0,0
1.92427592,1,1,0
1.92429392,0,1,0
1.92447392,0,0,0
1.92489592,1,0,0
1.92507592,1,1,0
1.92509392,0,1,0
1.92527392,0,0,0
1.92569592,1,0,0
1.92587592,1,1,0
1.92589392,0,1,0
1.92607392,0,0,0
1.92649592,1,0,0
1.92667592,1,1,0
1.92669392,0,1,0
1.92687392,0,0,0
1.92729592,1,0,0
1.92747592,1,1,0
1.92749394,0,1,0
1.92767394,0,0,0
1.92809594,1,0,0
1.92827594,1,1,0
1.92829394,0,1,0
1.92847394,0,0,0
1.92889594,1,0,0
1.92907594,1,1,0
1.92909394,0,1,0
1.92927394,0,0,0
1.92969594,1,0,0
1.92987594,1,1,0
1.92989394,0,1,0
1.93007394,0,0,0
1.93049594,1,0,0
1.93067594,1,1,0
1.93069396,0,1,0
1.93087396,0,0,0
1.93129596,1,0,0
1.93147596,1,1,0
1.93148396,0,1,0
1.93168396,0,0,0
1.93208596,1,0,0
1.93228396,0,0,0
1.93228592,0,1,0
1.93248396,0,0,0
1.93288596,1,0,0
1.93308396,0,0,0
1.93308594,0,1,0
1.93328396,0,0,0
1.93368596,1,0,0
1.93388398,0,0,0
1.93388594,0,1,0
1.93408398,0,0,0
1.93448598,1,0,0
1.93468398,0,0,0
1.93468594,0,1,0
1.93488398,0,0,0
1.93528598,1,0,0
1.93548398,0,0,0
1.93548594,0,1,0
1.93568398,0,0,0
1.93608598,1,0,0
1.93628398,0,0,0
1.93628596,0,1,0
1.93648398,0,0,0
1.93688598,1,0,0
1.937084,0,0,0
1.93708596,0,1,0
1.937284,0,0,0
1.937686,1,0,0
1.937884,0,0,0
1.93788596,0,1,0
1.938084,0,0,0
1.938486,1,0,0
1.938684,0,0,0
1.93868596,0,1,0
1.938884,0,0,0
1.939286,1,0,0
1.939484,0,0,0
1.93948598,0,1,0
1.939684,0,0,0
1.940086,1,0,0
1.94028402,0,0,0
1.94028598,0,1,0
1.94048402,0,0,0
1.94088602,1,0,0
1.94108402,0,0,0
1.94108598,0,1,0
1.94128402,0,0,0
1.94168602,1,0,0
1.94188402,0,0,0
1.94188598,0,1,0
1.94208402,0,0,0
1.94248602,1,0,0
1.94268402,0,0,0
1.942686,0,1,0
1.94288402,0,0,0
1.94328602,1,0,0
1.94348404,0,0,0
1.943486,0,1,0
1.94368404,0,0,0
1.94408604,1,0,0
1.94428404,0,0,0
1.944286,0,1,0
1.94448404,0,0,0
1.94488604,1,0,0
1.94508404,0,0,0
1.945086,0,1,0
1.94528404,0,0,0
1.94568604,1,0,0
1.94588404,0,0,0
1.94588602,0,1,0
1.94608404,0,0,0
1.94648604,1,0,0
1.94668406,0,0,0
1.94668602,0,1,0
1.94688406,0,0,0
1.94728606,1,0,0
1.94748406,0,0,0
1.94748602,0,1,0
1.94768406,0,0,0
1.94808606,1,0,0
1.94828406,0,0,0
1.94828602,0,1,0
1.94848406,0,0,0
1.94888606,1,0,0
1.94908406,0,0,0
1.94908604,0,1,0
1.94928406,0,0,0
1.94968606,1,0,0
1.94988406,0,0,0
1.94988604,0,1,0
1.95008408,0,0,0
1.95048606,1,0,0
1.95068408,0,0,0
1.95068604,0,1,0
1.95088408,0,0,0
1.95128608,1,0,0
1.95148408,0,0,0
1.95148604,0,1,0
1.95168408,0,0,0
1.95208608,1,0,0
1.95228408,0,0,0
1.95228606,0,1,0
1.95248408,0,0,0
1.95288608,1,0,0
1.95308408,0,0,0
1.95308606,0,1,0
1.9532841,0,0,0
1.95368608,1,0,0
1.9538841,0,0,0
1.95388606,0,1,0
1.9540841,0,0,0
1.9544861,1,0,0
1.9546841,0,0,0
1.95468606,0,1,0
1.9548841,0,0,0
1.9552861,1,0,0
1.9554841,0,0,0
1.95548608,0,1,0
1.9556841,0,0,0
1.9560861,1,0,0
1.9562841,0,0,0
1.95628608,0,1,0
1.9564841,0,0,0
1.9568861,1,0,0
1.95708412,0,0,0
1.95708608,0,1,0
1.95728412,0,0,0
1.95768612,1,0,0
1.95788412,0,0,0
1.95788608,0,1,0
1.95808412,0,0,0
1.95848612,1,0,0
1.95868412,0,0,0
1.95868608,0,1,0
1.95888412,0,0,0
1.95928612,1,0,0
1.95948412,0,0,0
1.9594861,0,1,0
1.95968412,0,0,0
1.96008612,1,0,0
1.96028414,0,0,0
1.9602861,0,1,0
1.96048414,0,0,0
1.96088614,1,0,0
1.96108414,0,0,0
1.9610861,0,1,0
1.96128414,0,0,0
1.96168614,1,0,0
1.96188414,0,0,0
1.9618861,0,1,0
1.96208414,0,0,0
1.96248614,1,0,0
1.96268414,0,0,0
1.96268612,0,1,0
1.96288414,0,0,0
1.96328614,1,0,0
1.96348416,0,0,0
1.96348612,0,1,0
1.96368416,0,0,0
1.96408616,1,0,0
1.96428416,0,0,0
1.96428612,0,1,0
1.96448416,0,0,0
1.96488616,1,0,0
1.96508416,0,0,0
1.96508612,0,1,0
1.96528416,0,0,0
1.96568616,1,0,0
1.96588416,0,0,0
1.96588614,0,1,0
1.96608416,0,0,0
1.96648616,1,0,0
1.96668418,0,0,0
1.96668614,0,1,0
1.96688418,0,0,0
1.96728618,1,0,0
1.96748418,0,0,0
1.96748614,0,1,0
1.96768418,0,0,0
1.96808618,1,0,0
1.96828418,0,0,0
1.96828614,0,1,0
1.96848418,0,0,0
1.96888618,1,0,0
1.96908418,0,0,0
1.96908616,0,1,0
1.96928418,0,0,0
1.96968618,1,0,0
1.9698842,0,0,0
1.96988616,0,1,0
1.9700842,0,0,0
1.9704862,1,0,0
1.9706842,0,0,0
1.97068616,0,1,0
1.9708842,0,0,0
1.9712862,1,0,0
1.9714842,0,0,0
1.97148616,0,1,0
1.9716842,0,0,0
1.9720862,1,0,0
1.9722842,0,0,0
1.97228618,0,1,0
1.9724842,0,0,0
1.9728862,1,0,0
1.97308422,0,0,0
1.97308618,0,1,0
1.97328422,0,0,0
1.97368622,1,0,0
1.97388422,0,0,0
1.97388618,0,1,0
1.97408422,0,0,0
1.97448622,1,0,0
1.97468422,0,0,0
1.97468618,0,1,0
1.97488422,0,0,0
1.97528622,1,0,0
1.97548422,0,0,0
1.9754862,0,1,0
1.97568422,0,0,0
1.97608622,1,0,0
1.97628424,0,0,0
1.9762862,0,1,0
1.97648424,0,0,0
1.97688624,1,0,0
1.97708424,0,0,0
1.9770862,0,1,0
1.97728424,0,0,0
1.97768624,1,0,0
1.97788424,0,0,0
1.9778862,0,1,0
1.97808424,0,0,0
1.97848624,1,0,0
1.97868424,0,0,0
1.97868622,0,1,0
1.97888424,0,0,0
1.97928624,1,0,0
1.97948424,0,0,0
1.97948622,0,1,0
1.97968426,0,0,0
1.98008624,1,0,0
1.98028426,0,0,0
1.98028622,0,1,0
1.98048426,0,0,0
1.98088626,1,0,0
1.98108426,0,0,0
1.98108622,0,1,0
1.98128426,0,0,0
1.98168626,1,0,0
1.98188426,0,0,0
1.98188624,0,1,0
1.98208426,0,0,0
1.98248626,1,0,0
1.98268426,0,0,0
1.98268624,0,1,0
1.98288428,0,0,0
1.98328626,1,0,0
1.98348428,0,0,0
1.98348624,0,1,0
1.98368428,0,0,0
1.98408628,1,0,0
1.98428428,0,0,0
1.98428624,0,1,0
1.98448428,0,0,0
1.98488628,1,0,0
1.98508428,0,0,0
1.98508626,0,1,0
1.98528428,0,0,0
1.98568628,1,0,0
1.98588428,0,0,0
1.98588626,0,1,0
1.98608428,0,0,0
1.98648628,1,0,0
1.9866843,0,0,0
1.98668626,0,1,0
1.9868843,0,0,0
1.9872863,1,0,0
1.9874843,0,0,0
1.98748626,0,1,0
1.9876843,0,0,0
1.9880863,1,0,0
1.9882843,0,0,0
1.98828626,0,1,0
1.9884843,0,0,0
1.9888863,1,0,0
1.9890843,0,0,0
1.98908628,0,1,0
1.9892843,0,0,0
1.9896863,1,0,0
1.98988432,0,0,0
1.98988628,0,1,0
1.99008432,0,0,0
1.99048632,1,0,0
1.99068432,0,0,0
1.99068628,0,1,0
1.99088432,0,0,0
1.99128632,1,0,0
1.99148432,0,0,0
1.99148628,0,1,0
1.99168432,0,0,0
1.99208632,1,0,0
1.99228432,0,0,0
1.9922863,0,1,0
1.99248432,0,0,0
1.99288632,1,0,0
1.99308434,0,0,0
1.9930863,0,1,0
1.99328434,0,0,0
1.99368634,1,0,0
1.99388434,0,0,0
1.9938863,0,1,0
1.99408434,0,0,0
1.99448634,1,0,0
1.99468434,0,0,0
1.9946863,0,1,0
1.99488434,0,0,0
1.99528634,1,0,0
1.99548434,0,0,0
1.99548632,0,1,0
1.99568434,0,0,0
1.99608634,1,0,0
1.99628436,0,0,0
1.99628632,0,1,0
1.99648436,0,0,0
1.99688636,1,0,0
1.99708436,0,0,0
1.99708632,0,1,0
1.99728436,0,0,0
1.99768636,1,0,0
1.99788436,0,0,0
1.99788632,0,1,0
1.99808436,0,0,0
1.99848636,1,0,0
1.99868436,0,0,0
1.99868634,0,1,0
1.99888436,0,0,0
1.99928636,1,0,0
1.99948438,0,0,0
1.99948634,0,1,0
1.99968438,0,0,0
