const uint32_t Image_horse_rgb888[160][160] = {
0xFFFFFF, 0xFFFFFF, 0xFFFFFF, 0xFFFFFF, 0xFFFFFF, 0xFFFFFF, 0xFFFFFF, 0xFFFFFF, 0xFFFFFF, 0xFFFFFF, 0xFFFFFF, 0xFFFFFF, 0xFFFFFF, 0xFFFFFF, 0xFFFFFF, 0xFFFFFF, 
0xFFFFFF, 0xFFFFFF, 0xFFFFFF, 0xFFFFFF, 0xFFFFFF, 0xFFFFFF, 0xFFFFFF, 0xFFFFFF, 0xFFFFFF, 0xFFFFFF, 0xFFFFFF, 0xFFFFFF, 0xFFFFFF, 0xFFFFFF, 0xFFFFFF, 0xFFFFFF, 
0xFFFFFF, 0xFFFFFF, 0xFFFFFF, 0xFFFFFF, 0xFFFFFF, 0xFFFFFF, 0xFFFFFF, 0xFFFFFF, 0xFFFFFF, 0xFFFFFF, 0xFFFFFF, 0xFFFFFF, 0xFFFEFF, 0xFFFEFF, 0xFFFEFF, 0xFFFEFF, 
0xFFFFFF, 0xFFFFFF, 0xFFFFFF, 0xFFFFFF, 0xFFFFFF, 0xFFFFFF, 0xFFFFFF, 0xFFFFFF, 0xFFFFFF, 0xFFFFFF, 0xFFFFFF, 0xFFFFFF, 0xFFFFFF, 0xFFFFFF, 0xFFFFFF, 0xFFFFFF, 
0xFFFFFF, 0xFFFFFF, 0xFFFFFF, 0xFFFFFF, 0xFFFFFF, 0xFFFFFF, 0xFFFFFF, 0xFFFFFF, 0xFFFFFF, 0xFFFFFF, 0xFFFFFF, 0xFFFFFF, 0xFFFFFF, 0xFFFFFF, 0xFFFFFF, 0xFFFFFF, 
0xFFFFFF, 0xFFFFFF, 0xFFFFFF, 0xFFFFFF, 0xFFFFFF, 0xFFFFFF, 0xFFFFFF, 0xFFFFFF, 0xFFFFFF, 0xFFFFFF, 0xFFFFFF, 0xFFFFFF, 0xFFFFFF, 0xFFFFFF, 0xFFFFFF, 0xFFFFFF, 
0xFFFFFF, 0xFFFFFF, 0xFFFFFF, 0xFFFFFF, 0xFFFFFF, 0xFFFFFF, 0xFFFFFF, 0xFFFFFF, 0xFFFFFF, 0xFFFFFF, 0xFFFFFF, 0xFFFFFF, 0xFFFFFF, 0xFFFFFF, 0xFFFFFF, 0xFFFFFF, 
0xFFFFFF, 0xFFFFFF, 0xFFFFFF, 0xFFFFFF, 0xFFFFFF, 0xFFFFFF, 0xFFFFFF, 0xFFFFFF, 0xFFFFFF, 0xFFFFFF, 0xFFFFFF, 0xFFFFFF, 0xFFFFFF, 0xFFFFFF, 0xFFFFFF, 0xFFFFFF, 
0xFFFFFF, 0xFFFFFF, 0xFFFFFF, 0xFFFFFF, 0xFFFFFF, 0xFFFFFF, 0xFFFFFF, 0xFFFFFF, 0xFFFFFF, 0xFFFFFF, 0xFFFFFF, 0xFFFFFF, 0xFFFFFF, 0xFFFFFF, 0xFFFFFF, 0xFFFFFF, 
0xFFFFFF, 0xFFFFFF, 0xFFFFFF, 0xFFFFFF, 0xFFFFFF, 0xFFFFFF, 0xFFFFFF, 0xFFFFFF, 0xFFFFFF, 0xFFFFFF, 0xFFFFFF, 0xFFFFFF, 0xFFFFFF, 0xFFFFFF, 0xFFFFFF, 0xFFFFFF, 
0xFFFFFF, 0xFFFFFF, 0xFFFFFF, 0xFFFFFF, 0xFFFFFF, 0xFFFFFF, 0xFFFFFF, 0xFFFFFF, 0xFFFFFF, 0xFFFFFF, 0xFFFFFF, 0xFFFFFF, 0xFFFFFF, 0xFFFFFF, 0xFFFFFF, 0xFFFFFF, 
0xFFFFFF, 0xFFFFFF, 0xFFFFFF, 0xFFFFFF, 0xFFFFFF, 0xFFFFFF, 0xFFFFFF, 0xFFFFFF, 0xFFFFFF, 0xFFFFFF, 0xFFFFFF, 0xFFFFFF, 0xFFFFFF, 0xFFFFFF, 0xFFFFFF, 0xFFFFFF, 
0xFFFFFF, 0xFFFFFF, 0xFFFFFF, 0xFFFFFF, 0xFFFFFF, 0xFFFFFF, 0xFFFFFF, 0xFFFFFF, 0xFFFFFF, 0xFFFFFF, 0xFFFFFF, 0xFFFFFF, 0xFFFEFF, 0xFFFEFF, 0xFFFEFF, 0xFFFEFF, 
0xFFFFFF, 0xFFFFFF, 0xFFFFFF, 0xFFFFFF, 0xFFFFFF, 0xFFFFFF, 0xFFFFFF, 0xFFFFFF, 0xFFFFFF, 0xFFFFFF, 0xFFFFFF, 0xFFFFFF, 0xFFFFFF, 0xFFFFFF, 0xFFFFFF, 0xFFFFFF, 
0xFFFFFF, 0xFFFFFF, 0xFFFFFF, 0xFFFFFF, 0xFFFFFF, 0xFFFFFF, 0xFFFFFF, 0xFFFFFF, 0xFFFFFF, 0xFFFFFF, 0xFFFFFF, 0xFFFFFF, 0xFFFFFF, 0xFFFFFF, 0xFFFFFF, 0xFFFFFF, 
0xFFFFFF, 0xFFFFFF, 0xFFFFFF, 0xFFFFFF, 0xFFFFFF, 0xFFFFFF, 0xFFFFFF, 0xFFFFFF, 0xFFFFFF, 0xFFFFFF, 0xFFFFFF, 0xFFFFFF, 0xFFFFFF, 0xFFFFFF, 0xFFFFFF, 0xFFFFFF, 
0xFFFFFF, 0xFFFFFF, 0xFFFFFF, 0xFFFFFF, 0xFFFFFF, 0xFFFFFF, 0xFFFFFF, 0xFFFFFF, 0xFFFFFF, 0xFFFFFF, 0xFFFFFF, 0xFFFFFF, 0xFFFFFF, 0xFFFFFF, 0xFFFFFF, 0xFFFFFF, 
0xFFFFFF, 0xFFFFFF, 0xFFFFFF, 0xFFFFFF, 0xFFFFFF, 0xFFFFFF, 0xFFFFFF, 0xFFFFFF, 0xFFFFFF, 0xFFFFFF, 0xFFFFFF, 0xFFFFFF, 0xFFFFFF, 0xFFFFFF, 0xFFFFFF, 0xFFFFFF, 
0xFFFFFF, 0xFFFFFF, 0xFFFFFF, 0xFFFFFF, 0xFFFFFF, 0xFFFFFF, 0xFFFFFF, 0xFFFFFF, 0xFFFFFF, 0xFFFFFF, 0xFFFFFF, 0xFFFFFF, 0xFFFFFF, 0xFFFFFF, 0xFFFFFF, 0xFFFFFF, 
0xFFFFFF, 0xFFFFFF, 0xFFFFFF, 0xFFFFFF, 0xFFFFFF, 0xFFFFFF, 0xFFFFFF, 0xFFFFFF, 0xFFFFFF, 0xFFFFFF, 0xFFFFFF, 0xFFFFFF, 0xFFFFFF, 0xFFFFFF, 0xFFFFFF, 0xFFFFFF, 
0xFFFFFF, 0xFFFFFF, 0xFFFFFF, 0xFFFFFF, 0xFFFFFF, 0xFFFFFF, 0xFFFFFF, 0xFFFFFF, 0xFFFFFF, 0xFFFFFF, 0xFFFFFF, 0xFFFFFF, 0xFFFFFF, 0xFFFFFF, 0xFFFFFF, 0xFFFFFF, 
0xFFFFFF, 0xFFFFFF, 0xFFFFFF, 0xFFFFFF, 0xFFFFFF, 0xFFFFFF, 0xFFFFFF, 0xFFFFFF, 0xFFFFFF, 0xFFFFFF, 0xFFFFFF, 0xFFFFFF, 0xFFFFFF, 0xFFFFFF, 0xFFFFFF, 0xFFFFFF, 
0xFFFFFF, 0xFFFFFF, 0xFFFFFF, 0xFFFFFF, 0xFFFFFF, 0xFFFFFF, 0xFFFFFF, 0xFFFFFF, 0xFFFFFF, 0xFFFFFF, 0xFFFFFF, 0xFFFFFF, 0xFFFFFF, 0xFFFFFF, 0xFFFFFF, 0xFFFFFF, 
0xFFFFFF, 0xFFFFFF, 0xFFFFFF, 0xFFFFFF, 0xFFFFFF, 0xFFFFFF, 0xFFFFFF, 0xFFFFFF, 0xFFFFFF, 0xFFFFFF, 0xFFFFFF, 0xFFFFFF, 0xFFFFFF, 0xFFFFFF, 0xFFFFFF, 0xFFFFFF, 
0xFFFFFF, 0xFFFFFF, 0xFFFFFF, 0xFFFFFF, 0xFFFFFF, 0xFFFFFF, 0xFFFFFF, 0xFFFFFF, 0xFFFFFF, 0xFFFFFF, 0xFFFFFF, 0xFFFFFF, 0xFFFFFF, 0xFFFFFF, 0xFFFFFF, 0xFFFFFF, 
0xFFFFFF, 0xFFFFFF, 0xFFFFFF, 0xFFFFFF, 0xFFFFFF, 0xFFFFFF, 0xFFFFFF, 0xFFFFFF, 0xFFFFFF, 0xFFFFFF, 0xFFFFFF, 0xFFFFFF, 0xFFFFFF, 0xFFFFFF, 0xFFFFFF, 0xFFFFFF, 
0xFFFFFF, 0xFFFFFF, 0xFFFFFF, 0xFFFFFF, 0xFFFFFF, 0xFFFFFF, 0xFFFFFF, 0xFFFFFF, 0xFFFFFF, 0xFFFFFF, 0xFFFFFF, 0xFFFFFF, 0xFFFFFF, 0xFFFFFF, 0xFFFFFF, 0xFFFFFF, 
0xFFFFFF, 0xFFFFFF, 0xFFFFFF, 0xFFFFFF, 0xFFFFFF, 0xFFFFFF, 0xFFFFFF, 0xFFFFFF, 0xFFFFFF, 0xFFFFFF, 0xFFFFFF, 0xFFFFFF, 0xFFFFFF, 0xFFFFFF, 0xFFFFFF, 0xFFFFFF, 
0xFFFFFF, 0xFFFFFF, 0xFFFFFF, 0xFFFFFF, 0xFFFFFF, 0xFFFFFF, 0xFFFFFF, 0xFFFFFF, 0xFFFFFF, 0xFFFFFF, 0xFFFFFF, 0xFFFFFF, 0xFFFFFF, 0xFFFFFF, 0xFFFFFF, 0xFFFFFF, 
0xFFFFFF, 0xFFFFFF, 0xFFFFFF, 0xFFFFFF, 0xFFFFFF, 0xFFFFFF, 0xFFFFFF, 0xFFFFFF, 0xFFFFFF, 0xFFFFFF, 0xFFFFFF, 0xFFFFFF, 0xFFFFFF, 0xFFFFFF, 0xFFFFFF, 0xFFFFFF, 
0xFFFFFF, 0xFFFFFF, 0xFFFFFF, 0xFFFFFF, 0xFFFFFF, 0xFFFFFF, 0xFFFFFF, 0xFFFFFF, 0xFFFFFF, 0xFFFFFF, 0xFFFFFF, 0xFFFFFF, 0xFFFFFF, 0xFFFFFF, 0xFFFFFF, 0xFFFFFF, 
0xFFFFFF, 0xFFFFFF, 0xFFFFFF, 0xFFFFFF, 0xFFFFFF, 0xFFFFFF, 0xFFFFFF, 0xFFFFFF, 0xFFFFFF, 0xFFFFFF, 0xFFFFFF, 0xFFFFFF, 0xFFFFFF, 0xFFFFFF, 0xFFFFFF, 0xFFFFFF, 
0xFFFFFF, 0xFFFFFF, 0xFFFFFF, 0xFFFFFF, 0xFFFFFF, 0xFFFFFF, 0xFFFFFF, 0xFFFFFF, 0xFFFFFF, 0xFFFFFF, 0xFFFFFF, 0xFFFFFF, 0xFFFFFF, 0xFFFFFF, 0xFFFFFF, 0xFFFFFF, 
0xFFFFFF, 0xFFFFFF, 0xFFFFFF, 0xFFFFFF, 0xFFFFFF, 0xFFFFFF, 0xFFFFFF, 0xFFFFFF, 0xFFFFFF, 0xFFFFFF, 0xFFFFFF, 0xFFFFFF, 0xFFFFFF, 0xFFFFFF, 0xFFFFFF, 0xFFFFFF, 
0xFFFFFF, 0xFFFFFF, 0xFFFFFF, 0xFFFFFF, 0xFFFFFF, 0xFFFFFF, 0xFFFFFF, 0xFFFFFF, 0xFFFFFF, 0xFFFFFF, 0xFFFFFF, 0xFFFFFF, 0xFFFFFF, 0xFFFFFF, 0xFFFFFF, 0xFFFFFF, 
0xFFFFFF, 0xFFFFFF, 0xFFFFFF, 0xFFFFFF, 0xFFFFFF, 0xFFFFFF, 0xFFFFFF, 0xFFFFFF, 0xFFFFFF, 0xFFFFFF, 0xFFFFFF, 0xFFFFFF, 0xFFFFFF, 0xFFFFFF, 0xFFFFFF, 0xFFFFFF, 
0xFFFFFF, 0xFFFFFF, 0xFFFFFF, 0xFFFFFF, 0xFFFFFF, 0xFFFFFF, 0xFFFFFF, 0xFFFFFF, 0xFFFFFF, 0xFFFFFF, 0xFFFFFF, 0xFFFFFF, 0xFFFFFF, 0xFFFFFF, 0xFFFFFF, 0xFFFFFF, 
0xFFFFFF, 0xFFFFFF, 0xFFFFFF, 0xFFFFFF, 0xFFFFFF, 0xFFFFFF, 0xFFFFFF, 0xFFFFFF, 0xFFFFFF, 0xFFFFFF, 0xFFFFFF, 0xFFFFFF, 0xFFFFFF, 0xFFFFFF, 0xFFFFFF, 0xFFFFFF, 
0xFFFFFF, 0xFFFFFF, 0xFFFFFF, 0xFFFFFF, 0xFFFFFF, 0xFFFFFF, 0xFFFFFF, 0xFFFFFF, 0xFFFFFF, 0xFFFFFF, 0xFFFFFF, 0xFFFFFF, 0xFFFFFF, 0xFFFFFF, 0xFFFFFF, 0xFFFFFF, 
0xFFFFFF, 0xFFFFFF, 0xFFFFFF, 0xFFFFFF, 0xFFFFFF, 0xFFFFFF, 0xFFFFFF, 0xFFFFFF, 0xFFFFFF, 0xFFFFFF, 0xFFFFFF, 0xFFFFFF, 0xFFFFFF, 0xFFFFFF, 0xFFFFFF, 0xFFFFFF, 
0xFFFFFF, 0xFFFFFF, 0xFFFFFF, 0xFFFFFF, 0xFFFFFF, 0xFFFFFF, 0xFFFFFF, 0xFFFFFF, 0xFFFFFF, 0xFFFFFF, 0xFFFFFF, 0xFFFFFF, 0xFFFFFF, 0xFFFFFF, 0xFFFFFF, 0xFFFFFF, 
0xFFFFFF, 0xFFFFFF, 0xFFFFFF, 0xFFFFFF, 0xFFFFFF, 0xFFFFFF, 0xFFFFFF, 0xFFFFFF, 0xFFFFFF, 0xFFFFFF, 0xFFFFFF, 0xFFFFFF, 0xFFFFFF, 0xFFFFFF, 0xFFFFFF, 0xFFFFFF, 
0xFFFFFF, 0xFFFFFF, 0xFFFFFF, 0xFFFFFF, 0xFFFFFF, 0xFFFFFF, 0xFFFFFF, 0xFFFFFF, 0xFFFFFF, 0xFFFFFF, 0xFFFFFF, 0xFFFFFF, 0xFFFFFF, 0xFFFFFF, 0xFFFFFF, 0xFFFFFF, 
0xFFFFFF, 0xFFFFFF, 0xFFFFFF, 0xFFFFFF, 0xFFFFFF, 0xFFFFFF, 0xFFFFFF, 0xFFFFFF, 0xFFFFFF, 0xFFFFFF, 0xFFFFFF, 0xFFFFFF, 0xFFFFFF, 0xFFFFFF, 0xFFFFFF, 0xFFFFFF, 
0xFFFFFF, 0xFFFFFF, 0xFFFFFF, 0xFFFFFF, 0xFFFFFF, 0xFFFFFF, 0xFFFFFF, 0xFFFFFF, 0xFFFFFF, 0xFFFFFF, 0xFFFFFF, 0xFFFFFF, 0xFFFFFF, 0xFFFFFF, 0xFFFFFF, 0xFFFFFF, 
0xFFFFFF, 0xFFFFFF, 0xFFFFFF, 0xFFFFFF, 0xFFFFFF, 0xFFFFFF, 0xFFFFFF, 0xFFFFFF, 0xFFFFFF, 0xFFFFFF, 0xFFFFFF, 0xFFFFFF, 0xFFFFFF, 0xFFFFFF, 0xFFFFFF, 0xFFFFFF, 
0xFFFFFF, 0xFFFFFF, 0xFFFFFF, 0xFFFFFF, 0xFFFFFF, 0xFFFFFF, 0xFFFFFF, 0xFFFFFF, 0xFFFFFF, 0xFFFFFF, 0xFFFFFF, 0xFFFFFF, 0xFFFFFF, 0xFFFFFF, 0xFFFFFF, 0xFFFFFF, 
0xFFFFFF, 0xFFFFFF, 0xFFFFFF, 0xFFFFFF, 0xFFFFFF, 0xFFFFFF, 0xFFFFFF, 0xFFFFFF, 0xFFFFFF, 0xFFFFFF, 0xFFFFFF, 0xFFFFFF, 0xFFFFFF, 0xFFFFFF, 0xFFFFFF, 0xFFFFFF, 
0xFFFFFF, 0xFFFFFF, 0xFFFFFF, 0xFFFFFF, 0xFFFFFF, 0xFFFFFF, 0xFFFFFF, 0xFFFFFF, 0xFFFFFF, 0xFFFFFF, 0xFFFFFF, 0xFFFFFF, 0xFFFFFF, 0xFFFFFF, 0xFFFFFF, 0xFFFFFF, 
0xFFFFFF, 0xFFFFFF, 0xFFFFFF, 0xFFFFFF, 0xFFFFFF, 0xFFFFFF, 0xFFFFFF, 0xFFFFFF, 0xFFFFFF, 0xFFFFFF, 0xFFFFFF, 0xFFFFFF, 0xFFFFFF, 0xFFFFFF, 0xFFFFFF, 0xFFFFFF, 
0xFFFFFF, 0xFFFFFF, 0xFFFFFF, 0xFFFFFF, 0xFFFFFF, 0xFFFFFF, 0xFFFFFF, 0xFFFFFF, 0xFFFFFF, 0xFFFFFF, 0xFFFFFF, 0xFFFFFF, 0xFFFFFF, 0xFFFFFF, 0xFFFFFF, 0xFFFFFF, 
0xFFFFFF, 0xFFFFFF, 0xFFFFFF, 0xFFFFFF, 0xFFFFFF, 0xFFFFFF, 0xFFFFFF, 0xFFFFFF, 0xFFFFFF, 0xFFFFFF, 0xFFFFFF, 0xFFFFFF, 0xFFFFFF, 0xFFFFFF, 0xFFFFFF, 0xFFFFFF, 
0xFFFFFF, 0xFFFFFF, 0xFFFFFF, 0xFFFFFF, 0xFFFFFF, 0xFFFFFF, 0xFFFFFF, 0xFFFFFF, 0xFFFFFF, 0xFFFFFF, 0xFFFFFF, 0xFFFFFF, 0xFFFFFF, 0xFFFFFF, 0xFFFFFF, 0xFFFFFF, 
0xFFFFFF, 0xFFFFFF, 0xFFFFFF, 0xFFFFFF, 0xFFFFFF, 0xFFFFFF, 0xFFFFFF, 0xFFFFFF, 0xFFFFFF, 0xFFFFFF, 0xFFFFFF, 0xFFFFFF, 0xFFFFFF, 0xFFFFFF, 0xFFFFFF, 0xFFFFFF, 
0xFFFFFF, 0xFFFFFF, 0xFFFFFF, 0xFFFFFF, 0xFFFFFF, 0xFFFFFF, 0xFFFFFF, 0xFFFFFF, 0xFFFFFF, 0xFFFFFF, 0xFFFFFF, 0xFFFFFF, 0xFFFFFF, 0xFFFFFF, 0xFFFFFF, 0xFFFFFF, 
0xFFFFFF, 0xFFFFFF, 0xFFFFFF, 0xFFFFFF, 0xFFFFFF, 0xFFFFFF, 0xFFFFFF, 0xFFFFFF, 0xFFFFFF, 0xFFFFFF, 0xFFFFFF, 0xFFFFFF, 0xFFFFFF, 0xFFFFFF, 0xFFFFFF, 0xFFFFFF, 
0xFFFFFF, 0xFFFFFF, 0xFFFFFF, 0xFFFFFF, 0xFFFFFF, 0xFFFFFF, 0xFFFFFF, 0xFFFFFF, 0xFFFFFF, 0xFFFFFF, 0xFFFFFF, 0xFFFFFF, 0xFFFFFF, 0xFFFFFF, 0xFFFFFF, 0xFFFFFF, 
0xFFFFFF, 0xFFFFFF, 0xFFFFFF, 0xFFFFFF, 0xFFFFFF, 0xFFFFFF, 0xFFFFFF, 0xFFFFFF, 0xFFFFFF, 0xFFFFFF, 0xFFFFFF, 0xFFFFFF, 0xFFFFFF, 0xFFFFFF, 0xFFFFFF, 0xFFFFFF, 
0xFFFFFF, 0xFFFFFF, 0xFFFFFF, 0xFFFFFF, 0xFFFFFF, 0xFFFFFF, 0xFFFFFF, 0xFFFFFF, 0xFFFFFF, 0xFFFFFF, 0xFFFFFF, 0xFFFFFF, 0xFFFFFF, 0xFFFFFF, 0xFFFFFF, 0xFFFFFF, 
0xFFFFFF, 0xFFFFFF, 0xFFFFFF, 0xFFFFFF, 0xFFFFFF, 0xFFFFFF, 0xFFFFFF, 0xFFFFFF, 0xFFFFFF, 0xFFFFFF, 0xFFFFFF, 0xFFFFFF, 0xFFFFFF, 0xFFFFFF, 0xFFFFFF, 0xFFFFFF, 
0xFFFFFF, 0xFFFFFF, 0xFFFFFF, 0xFFFFFF, 0xFFFFFF, 0xFFFFFF, 0xFFFFFF, 0xFFFFFF, 0xFFFFFF, 0xFFFFFF, 0xFFFFFF, 0xFFFFFF, 0xFFFFFF, 0xFFFFFF, 0xFFFFFF, 0xFFFFFF, 
0xFFFFFF, 0xFFFFFF, 0xFFFFFF, 0xFFFFFF, 0xFFFFFF, 0xFFFFFF, 0xFFFFFF, 0xFFFFFF, 0xFFFFFF, 0xFFFFFF, 0xFFFFFF, 0xFFFFFF, 0xFFFFFF, 0xFFFFFF, 0xFFFFFF, 0xFFFFFF, 
0xFFFFFF, 0xFFFFFF, 0xFFFFFF, 0xFFFFFF, 0xFFFFFF, 0xFFFFFF, 0xFFFFFF, 0xFFFFFF, 0xFFFFFF, 0xFFFFFF, 0xFFFFFF, 0xFFFFFF, 0xFEFFFF, 0xFEFFFF, 0xFEFFFF, 0xFEFFFF, 
0xFFFFFF, 0xFFFFFF, 0xFFFFFF, 0xFFFFFF, 0xFFFFFF, 0xFFFFFF, 0xFFFFFF, 0xFFFFFF, 0xFFFFFF, 0xFFFFFF, 0xFFFFFF, 0xFFFFFF, 0xFFFFFF, 0xFFFFFF, 0xFFFFFF, 0xFFFFFF, 
0xFFFFFF, 0xFFFFFF, 0xFFFFFF, 0xFFFFFF, 0xFFFFFF, 0xFFFFFF, 0xFFFFFF, 0xFFFFFF, 0xFFFFFF, 0xFFFFFF, 0xFFFFFF, 0xFFFFFF, 0xFFFFFF, 0xFFFFFF, 0xFFFFFF, 0xFFFFFF, 
0xFFFFFF, 0xFFFFFF, 0xFFFFFF, 0xFFFFFF, 0xFFFFFF, 0xFFFFFF, 0xFFFFFF, 0xFFFFFF, 0xFFFFFF, 0xFFFFFF, 0xFFFFFF, 0xFFFFFF, 0xFFFFFF, 0xFFFFFF, 0xFFFFFF, 0xFFFFFF, 
0xFFFFFF, 0xFFFFFF, 0xFFFFFF, 0xFFFFFF, 0xFFFFFF, 0xFFFFFF, 0xFFFFFF, 0xFFFFFF, 0xFFFFFF, 0xFFFFFF, 0xFFFFFF, 0xFFFFFF, 0xFFFFFF, 0xFFFFFF, 0xFFFFFF, 0xFFFFFF, 
0xFFFFFF, 0xFFFFFF, 0xFFFFFF, 0xFFFFFF, 0xFFFFFF, 0xFFFFFF, 0xFFFFFF, 0xFFFFFF, 0xFFFFFF, 0xFFFFFF, 0xFFFFFF, 0xFFFFFF, 0xFFFFFF, 0xFFFFFF, 0xFFFFFF, 0xFFFFFF, 
0xFFFFFF, 0xFFFFFF, 0xFFFFFF, 0xFFFFFF, 0xFFFFFF, 0xFFFFFF, 0xFFFFFF, 0xFFFFFF, 0xFFFFFF, 0xFFFFFF, 0xFFFFFF, 0xFFFFFF, 0xFFFFFF, 0xFFFFFF, 0xFFFFFF, 0xFFFFFF, 
0xFFFFFF, 0xFFFFFF, 0xFFFFFF, 0xFFFFFF, 0xFFFFFF, 0xFFFFFF, 0xFFFFFF, 0xFFFFFF, 0xFFFFFF, 0xFFFFFF, 0xFFFFFF, 0xFFFFFF, 0xFFFFFF, 0xFFFFFF, 0xFFFFFF, 0xFFFFFF, 
0xFFFFFF, 0xFFFFFF, 0xFFFFFF, 0xFFFFFF, 0xFFFFFF, 0xFFFFFF, 0xFFFFFF, 0xFFFFFF, 0xFFFFFF, 0xFFFFFF, 0xFFFFFF, 0xFFFFFF, 0xFFFFFF, 0xFFFFFF, 0xFFFFFF, 0xFFFFFF, 
0xFFFFFF, 0xFFFFFF, 0xFFFFFF, 0xFFFFFF, 0xFFFFFF, 0xFFFFFF, 0xFFFFFF, 0xFFFFFF, 0xFFFFFF, 0xFFFFFF, 0xFFFFFF, 0xFFFFFF, 0xFFFFFF, 0xFFFFFF, 0xFFFFFF, 0xFFFFFF, 
0xFFFFFF, 0xFFFFFF, 0xFFFFFF, 0xFFFFFF, 0xFFFFFF, 0xFFFFFF, 0xFFFFFF, 0xFFFFFF, 0xFFFFFF, 0xFFFFFF, 0xFFFFFF, 0xFFFFFF, 0xFEFFFF, 0xFEFFFF, 0xFEFFFF, 0xFEFFFF, 
0xFFFFFF, 0xFFFFFF, 0xFFFFFF, 0xFFFFFF, 0xFFFFFF, 0xFFFFFF, 0xFFFFFF, 0xFFFFFF, 0xFFFFFF, 0xFFFFFF, 0xFFFFFF, 0xFFFFFF, 0xFFFFFF, 0xFFFFFF, 0xFFFFFF, 0xFFFFFF, 
0xFFFFFF, 0xFFFFFF, 0xFFFFFF, 0xFFFFFF, 0xFFFFFF, 0xFFFFFF, 0xFFFFFF, 0xFFFFFF, 0xFFFFFF, 0xFFFFFF, 0xFFFFFF, 0xFFFFFF, 0xFFFFFF, 0xFFFFFF, 0xFFFFFF, 0xFFFFFF, 
0xFFFFFF, 0xFFFFFF, 0xFFFFFF, 0xFFFFFF, 0xFFFFFF, 0xFFFFFF, 0xFFFFFF, 0xFFFFFF, 0xFFFFFF, 0xFFFFFF, 0xFFFFFF, 0xFFFFFF, 0xFFFFFF, 0xFFFFFF, 0xFFFFFF, 0xFFFFFF, 
0xFFFFFF, 0xFFFFFF, 0xFFFFFF, 0xFFFFFF, 0xFFFFFF, 0xFFFFFF, 0xFFFFFF, 0xFFFFFF, 0xFFFFFF, 0xFFFFFF, 0xFFFFFF, 0xFFFFFF, 0xFFFFFF, 0xFFFFFF, 0xFFFFFF, 0xFFFFFF, 
0xFFFFFF, 0xFFFFFF, 0xFFFFFF, 0xFFFFFF, 0xFFFFFF, 0xFFFFFF, 0xFFFFFF, 0xFFFFFF, 0xFFFFFF, 0xFFFFFF, 0xFFFFFF, 0xFFFFFF, 0xFFFFFF, 0xFFFFFF, 0xFFFFFF, 0xFFFFFF, 
0xFFFFFF, 0xFFFFFF, 0xFFFFFF, 0xFFFFFF, 0xFFFFFF, 0xFFFFFF, 0xFFFFFF, 0xFFFFFF, 0xFFFFFF, 0xFFFFFF, 0xFFFFFF, 0xFFFFFF, 0xFFFFFF, 0xFFFFFF, 0xFFFFFF, 0xFFFFFF, 
0xFFFFFF, 0xFFFFFF, 0xFFFFFF, 0xFFFFFF, 0xFFFFFF, 0xFFFFFF, 0xFFFFFF, 0xFFFFFF, 0xFFFFFF, 0xFFFFFF, 0xFFFFFF, 0xFFFFFF, 0xFFFFFF, 0xFFFFFF, 0xFFFFFF, 0xFFFFFF, 
0xFFFFFF, 0xFFFFFF, 0xFFFFFF, 0xFFFFFF, 0xFFFFFF, 0xFFFFFF, 0xFFFFFF, 0xFFFFFF, 0xFFFFFF, 0xFFFFFF, 0xFFFFFF, 0xFFFFFF, 0xFFFFFF, 0xFFFFFF, 0xFFFFFF, 0xFFFFFF, 
0xFFFFFF, 0xFFFFFF, 0xFFFFFF, 0xFFFFFF, 0xFFFFFF, 0xFFFFFF, 0xFFFFFF, 0xFFFFFF, 0xFFFFFF, 0xFFFFFF, 0xFFFFFF, 0xFFFFFF, 0xFFFFFF, 0xFFFFFF, 0xFFFFFF, 0xFFFFFF, 
0xFFFFFF, 0xFFFFFF, 0xFFFFFF, 0xFFFFFF, 0xFFFFFF, 0xFFFFFF, 0xFFFFFF, 0xFFFFFF, 0xFFFFFF, 0xFFFFFF, 0xFFFFFF, 0xFEFEFE, 0xFFFFFF, 0xFFFFFF, 0xFFFFFF, 0xFFFFFF, 
0xFFFFFF, 0xFFFFFF, 0xFFFFFF, 0xFFFFFF, 0xFFFFFF, 0xFFFFFF, 0xFFFFFF, 0xFFFFFF, 0xFFFFFF, 0xFFFFFF, 0xFFFFFF, 0xFFFFFF, 0xFFFFFF, 0xFFFFFF, 0xFFFFFF, 0xFFFFFF, 
0xFFFFFF, 0xFFFFFF, 0xFFFFFF, 0xFFFFFF, 0xFFFFFF, 0xFFFFFF, 0xFFFFFF, 0xFFFFFF, 0xFFFFFF, 0xFFFFFF, 0xFFFFFF, 0xFFFFFF, 0xFFFFFF, 0xFFFFFF, 0xFFFFFF, 0xFFFFFF, 
0xFFFFFF, 0xFFFFFF, 0xFFFFFF, 0xFFFFFF, 0xFFFFFF, 0xFFFFFF, 0xFFFFFF, 0xFFFFFF, 0xFFFFFF, 0xFFFFFF, 0xFFFFFF, 0xFFFFFF, 0xFFFFFF, 0xFFFFFF, 0xFFFFFF, 0xFFFFFF, 
0xFFFFFF, 0xFFFFFF, 0xFFFFFF, 0xFFFFFF, 0xFFFFFF, 0xFFFFFF, 0xFFFFFF, 0xFFFFFF, 0xFFFFFF, 0xFFFFFF, 0xFFFFFF, 0xFFFFFF, 0xFFFFFF, 0xFFFFFF, 0xFFFFFF, 0xFFFFFF, 
0xFFFFFF, 0xFFFFFF, 0xFFFFFF, 0xFFFFFF, 0xFFFFFF, 0xFFFFFF, 0xFFFFFF, 0xFFFFFF, 0xFFFFFF, 0xFFFFFF, 0xFFFFFF, 0xFFFFFF, 0xFFFFFF, 0xFFFFFF, 0xFFFFFF, 0xFFFFFF, 
0xFFFFFF, 0xFFFFFF, 0xFFFFFF, 0xFFFFFF, 0xFFFFFF, 0xFFFFFF, 0xFFFFFF, 0xFFFFFF, 0xFFFFFF, 0xFFFFFF, 0xFFFFFF, 0xFFFFFF, 0xFFFFFF, 0xFFFFFF, 0xFFFFFF, 0xFFFFFF, 
0xFFFFFF, 0xFFFFFF, 0xFFFFFF, 0xFFFFFF, 0xFFFFFF, 0xFFFFFF, 0xFFFFFF, 0xFFFFFF, 0xFFFFFF, 0xFFFFFF, 0xFFFFFF, 0xFFFFFF, 0xFFFFFF, 0xFFFFFF, 0xFFFFFF, 0xFFFFFF, 
0xFFFFFF, 0xFFFFFF, 0xFFFFFF, 0xFFFFFF, 0xFFFFFF, 0xFFFFFF, 0xFFFFFF, 0xFFFFFF, 0xFFFFFF, 0xFFFFFF, 0xFFFFFF, 0xFFFFFF, 0xFFFFFF, 0xFFFFFF, 0xFFFFFF, 0xFFFFFF, 
0xFFFFFF, 0xFFFFFF, 0xFFFFFF, 0xFFFFFF, 0xFFFFFF, 0xFFFFFF, 0xFFFFFF, 0xFFFFFF, 0xFFFFFF, 0xFFFFFF, 0xFFFFFF, 0xFFFFFF, 0xFFFFFF, 0xFFFFFF, 0xFFFFFF, 0xFFFFFF, 
0xFFFFFF, 0xFFFFFF, 0xFFFFFF, 0xFFFFFF, 0xFFFFFF, 0xFFFFFF, 0xFFFFFF, 0xFFFFFF, 0xFFFFFF, 0xFDFDFD, 0xFFFFFF, 0xFFFFFF, 0xFCFCFC, 0xFCFCFC, 0xFCFCFC, 0xFFFFFF, 
0xFFFFFF, 0xFFFFFF, 0xFFFFFF, 0xFFFFFF, 0xFFFFFF, 0xFFFFFF, 0xFFFFFF, 0xFFFFFF, 0xFFFFFF, 0xFFFFFF, 0xFFFFFF, 0xFFFFFF, 0xFFFFFF, 0xFFFFFF, 0xFFFFFF, 0xFFFFFF, 
0xFFFFFF, 0xFFFFFF, 0xFFFFFF, 0xFFFFFF, 0xFFFFFF, 0xFFFFFF, 0xFFFFFF, 0xFFFFFF, 0xFFFFFF, 0xFFFFFF, 0xFFFFFF, 0xFFFFFF, 0xFFFFFF, 0xFFFFFF, 0xFFFFFF, 0xFFFFFF, 
0xFFFFFF, 0xFFFFFF, 0xFFFFFF, 0xFFFFFF, 0xFFFFFF, 0xFFFFFF, 0xFFFFFF, 0xFFFFFF, 0xFFFFFF, 0xFFFFFF, 0xFFFFFF, 0xFFFFFF, 0xFFFFFF, 0xFFFFFF, 0xFFFFFF, 0xFFFFFF, 
0xFFFFFF, 0xFFFFFF, 0xFFFFFF, 0xFFFFFF, 0xFFFFFF, 0xFFFFFF, 0xFFFFFF, 0xFFFFFF, 0xFFFFFF, 0xFFFFFF, 0xFFFFFF, 0xFFFFFF, 0xFFFFFF, 0xFFFFFF, 0xFFFFFF, 0xFFFFFF, 
0xFFFFFF, 0xFFFFFF, 0xFFFFFF, 0xFFFFFF, 0xFFFFFF, 0xFFFFFF, 0xFFFFFF, 0xFFFFFF, 0xFFFFFF, 0xFFFFFF, 0xFFFFFF, 0xFFFFFF, 0xFFFFFF, 0xFFFFFF, 0xFFFFFF, 0xFFFFFF, 
0xFFFFFF, 0xFFFFFF, 0xFFFFFF, 0xFFFFFF, 0xFFFFFF, 0xFFFFFF, 0xFFFFFF, 0xFFFFFF, 0xFFFFFF, 0xFFFFFF, 0xFFFFFF, 0xFFFFFF, 0xFFFFFF, 0xFFFFFF, 0xFFFFFF, 0xFFFFFF, 
0xFFFFFF, 0xFFFFFF, 0xFFFFFF, 0xFFFFFF, 0xFFFFFF, 0xFFFFFF, 0xFFFFFF, 0xFFFFFF, 0xFFFFFF, 0xFFFFFF, 0xFFFFFF, 0xFFFFFF, 0xFFFFFF, 0xFFFFFF, 0xFFFFFF, 0xFFFFFF, 
0xFFFFFF, 0xFFFFFF, 0xFFFFFF, 0xFFFFFF, 0xFFFFFF, 0xFFFFFF, 0xFFFFFF, 0xFFFFFF, 0xFFFFFF, 0xFFFFFF, 0xFFFFFF, 0xFFFFFF, 0xFFFFFF, 0xFFFFFF, 0xFFFFFF, 0xFFFFFF, 
0xFFFFFF, 0xFFFFFF, 0xFFFFFF, 0xFFFFFF, 0xFFFFFF, 0xFFFFFF, 0xFFFFFF, 0xFFFFFF, 0xFFFFFF, 0xFFFFFF, 0xFFFFFF, 0xFFFFFF, 0xFFFFFF, 0xFFFFFF, 0xFFFFFF, 0xFFFFFF, 
0xFFFFFF, 0xFFFFFF, 0xFFFFFF, 0xFFFFFF, 0xFFFFFF, 0xFFFFFF, 0xFFFEFF, 0xFFFEFF, 0xFFFFFD, 0xFFFFFD, 0xFDFCFA, 0xFFFFFD, 0xFFFFFD, 0xFFFFFD, 0xFFFEFC, 0xFFFEFC, 
0xFFFFFF, 0xFFFFFF, 0xFFFFFF, 0xFFFFFF, 0xFFFFFF, 0xFFFFFF, 0xFFFFFF, 0xFFFFFF, 0xFFFFFF, 0xFFFFFF, 0xFFFFFF, 0xFFFFFF, 0xFFFFFF, 0xFFFFFF, 0xFFFFFF, 0xFFFFFF, 
0xFFFFFF, 0xFFFFFF, 0xFFFFFF, 0xFFFFFF, 0xFFFFFF, 0xFFFFFF, 0xFFFFFF, 0xFFFFFF, 0xFFFFFF, 0xFFFFFF, 0xFFFFFF, 0xFFFFFF, 0xFFFFFF, 0xFFFFFF, 0xFFFFFF, 0xFFFFFF, 
0xFFFFFF, 0xFFFFFF, 0xFFFFFF, 0xFFFFFF, 0xFFFFFF, 0xFFFFFF, 0xFFFFFF, 0xFFFFFF, 0xFFFFFF, 0xFFFFFF, 0xFFFFFF, 0xFFFFFF, 0xFFFFFF, 0xFFFFFF, 0xFFFFFF, 0xFFFFFF, 
0xFFFFFF, 0xFFFFFF, 0xFFFFFF, 0xFFFFFF, 0xFFFFFF, 0xFFFFFF, 0xFFFFFF, 0xFFFFFF, 0xFFFFFF, 0xFFFFFF, 0xFFFFFF, 0xFFFFFF, 0xFFFFFF, 0xFFFFFF, 0xFFFFFF, 0xFFFFFF, 
0xFFFFFF, 0xFFFFFF, 0xFFFFFF, 0xFFFFFF, 0xFFFFFF, 0xFFFFFF, 0xFFFFFF, 0xFFFFFF, 0xFFFFFF, 0xFFFFFF, 0xFFFFFF, 0xFFFFFF, 0xFFFFFF, 0xFFFFFF, 0xFFFFFF, 0xFFFFFF, 
0xFFFFFF, 0xFFFFFF, 0xFFFFFF, 0xFFFFFF, 0xFFFFFF, 0xFFFFFF, 0xFFFFFF, 0xFFFFFF, 0xFFFFFF, 0xFFFFFF, 0xFFFFFF, 0xFFFFFF, 0xFFFFFF, 0xFFFFFF, 0xFFFFFF, 0xFFFFFF, 
0xFFFFFF, 0xFFFFFF, 0xFFFFFF, 0xFFFFFF, 0xFFFFFF, 0xFFFFFF, 0xFFFFFF, 0xFFFFFF, 0xFFFFFF, 0xFFFFFF, 0xFFFFFF, 0xFFFFFF, 0xFFFFFF, 0xFFFFFF, 0xFFFFFF, 0xFFFFFF, 
0xFFFFFF, 0xFFFFFF, 0xFFFFFF, 0xFFFFFF, 0xFFFFFF, 0xFFFFFF, 0xFFFFFF, 0xFFFFFF, 0xFFFFFF, 0xFFFFFF, 0xFFFFFF, 0xFFFFFF, 0xFFFFFF, 0xFFFFFF, 0xFFFFFF, 0xFFFFFF, 
0xFFFFFF, 0xFFFFFF, 0xFFFFFF, 0xFFFFFF, 0xFFFFFF, 0xFFFFFF, 0xFFFFFF, 0xFFFFFF, 0xFFFFFF, 0xFFFFFF, 0xFFFFFF, 0xFFFFFF, 0xFFFFFF, 0xFFFFFF, 0xFFFFFF, 0xFFFFFF, 
0xFFFFFF, 0xFFFFFF, 0xFFFFFF, 0xFFFFFF, 0xFFFFFF, 0xFFFFFF, 0xFFFEFF, 0xFFFEFF, 0xFFFFFD, 0xFFFFFD, 0xFFFFFD, 0xFDFCFA, 0xFEFDFB, 0xFDFCFA, 0xFFFFFD, 0xFDFCFA, 
0xFFFFFF, 0xFFFFFF, 0xFFFFFF, 0xFFFFFF, 0xFFFFFF, 0xFFFFFF, 0xFFFFFF, 0xFFFFFF, 0xFFFFFF, 0xFFFFFF, 0xFFFFFF, 0xFFFFFF, 0xFFFFFF, 0xFFFFFF, 0xFFFFFF, 0xFFFFFF, 
0xFFFFFF, 0xFFFFFF, 0xFFFFFF, 0xFFFFFF, 0xFFFFFF, 0xFFFFFF, 0xFFFFFF, 0xFFFFFF, 0xFFFFFF, 0xFFFFFF, 0xFFFFFF, 0xFFFFFF, 0xFFFFFF, 0xFFFFFF, 0xFFFFFF, 0xFFFFFF, 
0xFFFFFF, 0xFFFFFF, 0xFFFFFF, 0xFFFFFF, 0xFFFFFF, 0xFFFFFF, 0xFFFFFF, 0xFFFFFF, 0xFFFFFF, 0xFFFFFF, 0xFFFFFF, 0xFFFFFF, 0xFFFFFF, 0xFFFFFF, 0xFFFFFF, 0xFFFFFF, 
0xFFFFFF, 0xFFFFFF, 0xFFFFFF, 0xFFFFFF, 0xFFFFFF, 0xFFFFFF, 0xFFFFFF, 0xFFFFFF, 0xFFFFFF, 0xFFFFFF, 0xFFFFFF, 0xFFFFFF, 0xFFFFFF, 0xFFFFFF, 0xFFFFFF, 0xFFFFFF, 
0xFFFFFF, 0xFFFFFF, 0xFFFFFF, 0xFFFFFF, 0xFFFFFF, 0xFFFFFF, 0xFFFFFF, 0xFFFFFF, 0xFFFFFF, 0xFFFFFF, 0xFFFFFF, 0xFFFFFF, 0xFFFFFF, 0xFFFFFF, 0xFFFFFF, 0xFFFFFF, 
0xFFFFFF, 0xFFFFFF, 0xFFFFFF, 0xFFFFFF, 0xFFFFFF, 0xFFFFFF, 0xFFFFFF, 0xFFFFFF, 0xFFFFFF, 0xFFFFFF, 0xFFFFFF, 0xFFFFFF, 0xFFFFFF, 0xFFFFFF, 0xFFFFFF, 0xFFFFFF, 
0xFFFFFF, 0xFFFFFF, 0xFFFFFF, 0xFFFFFF, 0xFFFFFF, 0xFFFFFF, 0xFFFFFF, 0xFFFFFF, 0xFFFFFF, 0xFFFFFF, 0xFFFFFF, 0xFFFFFF, 0xFFFFFF, 0xFFFFFF, 0xFFFFFF, 0xFFFFFF, 
0xFFFFFF, 0xFFFFFF, 0xFFFFFF, 0xFFFFFF, 0xFFFFFF, 0xFFFFFF, 0xFFFFFF, 0xFFFFFF, 0xFFFFFF, 0xFFFFFF, 0xFFFFFF, 0xFFFFFF, 0xFFFFFF, 0xFFFFFF, 0xFFFFFF, 0xFFFFFF, 
0xFFFFFF, 0xFFFFFF, 0xFFFFFF, 0xFFFFFF, 0xFFFFFF, 0xFFFFFF, 0xFFFFFF, 0xFFFFFF, 0xFFFFFF, 0xFFFFFF, 0xFFFFFF, 0xFFFFFF, 0xFFFFFF, 0xFFFFFF, 0xFFFFFF, 0xFFFFFF, 
0xFFFFFF, 0xFFFFFF, 0xFFFFFF, 0xFFFFFF, 0xFFFEFF, 0xFFFEFF, 0xFFFFFD, 0xFFFFFD, 0xFFFEFD, 0xFDF9F8, 0xFFFEFB, 0xFFFEFB, 0xFFFEFB, 0xFFFCF9, 0xFFFEFB, 0xFFFDFC, 
0xFFFEFF, 0xFFFFFF, 0xFFFFFF, 0xFFFFFF, 0xFFFFFF, 0xFFFFFF, 0xFFFFFF, 0xFFFFFF, 0xFFFFFF, 0xFFFFFF, 0xFFFFFF, 0xFFFFFF, 0xFFFFFF, 0xFFFFFF, 0xFFFFFF, 0xFFFFFF, 
0xFFFFFF, 0xFFFFFF, 0xFFFFFF, 0xFFFFFF, 0xFFFFFF, 0xFFFFFF, 0xFFFFFF, 0xFFFFFF, 0xFFFFFF, 0xFFFFFF, 0xFFFFFF, 0xFFFFFF, 0xFFFFFF, 0xFFFFFF, 0xFFFFFF, 0xFFFFFF, 
0xFFFFFF, 0xFFFFFF, 0xFFFFFF, 0xFFFFFF, 0xFFFFFF, 0xFFFFFF, 0xFFFFFF, 0xFFFFFF, 0xFFFFFF, 0xFFFFFF, 0xFFFFFF, 0xFFFFFF, 0xFFFFFF, 0xFFFFFF, 0xFFFFFF, 0xFFFFFF, 
0xFFFFFF, 0xFFFFFF, 0xFFFFFF, 0xFFFFFF, 0xFFFFFF, 0xFFFFFF, 0xFFFFFF, 0xFFFFFF, 0xFFFFFF, 0xFFFFFF, 0xFFFFFF, 0xFFFFFF, 0xFFFFFF, 0xFFFFFF, 0xFFFFFF, 0xFFFFFF, 
0xFFFFFF, 0xFFFFFF, 0xFFFFFF, 0xFFFFFF, 0xFFFFFF, 0xFFFFFF, 0xFFFFFF, 0xFFFFFF, 0xFFFFFF, 0xFFFFFF, 0xFFFFFF, 0xFFFFFF, 0xFFFFFF, 0xFFFFFF, 0xFFFFFF, 0xFFFFFF, 
0xFFFFFF, 0xFFFFFF, 0xFFFFFF, 0xFFFFFF, 0xFFFFFF, 0xFFFFFF, 0xFFFFFF, 0xFFFFFF, 0xFFFFFF, 0xFFFFFF, 0xFFFFFF, 0xFFFFFF, 0xFFFFFF, 0xFFFFFF, 0xFFFFFF, 0xFFFFFF, 
0xFFFFFF, 0xFFFFFF, 0xFFFFFF, 0xFFFFFF, 0xFFFFFF, 0xFFFFFF, 0xFFFFFF, 0xFFFFFF, 0xFFFFFF, 0xFFFFFF, 0xFFFFFF, 0xFFFFFF, 0xFFFFFF, 0xFFFFFF, 0xFFFFFF, 0xFFFFFF, 
0xFFFFFF, 0xFFFFFF, 0xFFFFFF, 0xFFFFFF, 0xFFFFFF, 0xFFFFFF, 0xFFFFFF, 0xFFFFFF, 0xFFFFFF, 0xFFFFFF, 0xFFFFFF, 0xFFFFFF, 0xFFFFFF, 0xFFFFFF, 0xFFFFFF, 0xFFFFFF, 
0xFFFFFF, 0xFFFFFF, 0xFFFFFF, 0xFFFFFF, 0xFFFFFF, 0xFFFFFF, 0xFFFFFF, 0xFFFFFF, 0xFFFFFF, 0xFFFFFF, 0xFFFFFF, 0xFFFFFF, 0xFFFFFF, 0xFFFFFF, 0xFFFFFF, 0xFFFFFF, 
0xFFFFFF, 0xFFFFFF, 0xFFFFFF, 0xFFFFFF, 0xFFFEFF, 0xFFFEFF, 0xFFFFFD, 0xFFFFFD, 0xFFFEFD, 0xFFFCFB, 0xFFFEFB, 0xFEFAF7, 0xFFFEFB, 0xFFFBF8, 0xFDF8F5, 0xFFFEFB, 
0xFFFFFD, 0xFFFFFF, 0xFFFFFF, 0xFFFFFF, 0xFFFFFF, 0xFFFFFF, 0xFFFFFF, 0xFFFFFF, 0xFFFFFF, 0xFFFFFF, 0xFFFFFF, 0xFFFFFF, 0xFFFFFF, 0xFFFFFF, 0xFFFFFF, 0xFFFFFF, 
0xFFFFFF, 0xFFFFFF, 0xFFFFFF, 0xFFFFFF, 0xFFFFFF, 0xFFFFFF, 0xFFFFFF, 0xFFFFFF, 0xFFFFFF, 0xFFFFFF, 0xFFFFFF, 0xFFFFFF, 0xFFFFFF, 0xFFFFFF, 0xFFFFFF, 0xFFFFFF, 
0xFFFFFF, 0xFFFFFF, 0xFFFFFF, 0xFFFFFF, 0xFFFFFF, 0xFFFFFF, 0xFFFFFF, 0xFFFFFF, 0xFFFFFF, 0xFFFFFF, 0xFFFFFF, 0xFFFFFF, 0xFFFFFF, 0xFFFFFF, 0xFFFFFF, 0xFFFFFF, 
0xFFFFFF, 0xFFFFFF, 0xFFFFFF, 0xFFFFFF, 0xFFFFFF, 0xFFFFFF, 0xFFFFFF, 0xFFFFFF, 0xFFFFFF, 0xFFFFFF, 0xFFFFFF, 0xFFFFFF, 0xFFFFFF, 0xFFFFFF, 0xFFFFFF, 0xFFFFFF, 
0xFFFFFF, 0xFFFFFF, 0xFFFFFF, 0xFFFFFF, 0xFFFFFF, 0xFFFFFF, 0xFFFFFF, 0xFFFFFF, 0xFFFFFF, 0xFFFFFF, 0xFFFFFF, 0xFFFFFF, 0xFFFFFF, 0xFFFFFF, 0xFFFFFF, 0xFFFFFF, 
0xFFFFFF, 0xFFFFFF, 0xFFFFFF, 0xFFFFFF, 0xFFFFFF, 0xFFFFFF, 0xFFFFFF, 0xFFFFFF, 0xFFFFFF, 0xFFFFFF, 0xFFFFFF, 0xFFFFFF, 0xFFFFFF, 0xFFFFFF, 0xFFFFFF, 0xFFFFFF, 
0xFFFFFF, 0xFFFFFF, 0xFFFFFF, 0xFFFFFF, 0xFFFFFF, 0xFFFFFF, 0xFFFFFF, 0xFFFFFF, 0xFFFFFF, 0xFFFFFF, 0xFFFFFF, 0xFFFFFF, 0xFFFFFF, 0xFFFFFF, 0xFFFFFF, 0xFFFFFF, 
0xFFFFFF, 0xFFFFFF, 0xFFFFFF, 0xFFFFFF, 0xFFFFFF, 0xFFFFFF, 0xFFFFFF, 0xFFFFFF, 0xFFFFFF, 0xFFFFFF, 0xFFFFFF, 0xFFFFFF, 0xFFFFFF, 0xFFFFFF, 0xFFFFFF, 0xFFFFFF, 
0xFFFFFF, 0xFFFFFF, 0xFFFFFF, 0xFFFFFF, 0xFFFFFF, 0xFFFFFF, 0xFFFFFF, 0xFFFFFF, 0xFFFFFF, 0xFFFFFF, 0xFFFFFF, 0xFFFFFF, 0xFFFFFF, 0xFFFFFF, 0xFFFFFF, 0xFFFFFF, 
0xFFFFFF, 0xFFFFFF, 0xFFFFFF, 0xFFFFFF, 0xFFFEFF, 0xFFFEFF, 0xFFFFFD, 0xFFFFFD, 0xFFFEFB, 0xFFFDFA, 0xFFFEFB, 0xFCF7F4, 0xFFFDF9, 0xFFFEFA, 0xFEF9F5, 0xFFFEFB, 
0xFFFFFD, 0xFFFFFF, 0xFFFFFF, 0xFFFFFF, 0xFFFFFF, 0xFFFFFF, 0xFFFFFF, 0xFFFFFF, 0xFFFFFF, 0xFFFFFF, 0xFFFFFF, 0xFFFFFF, 0xFFFFFF, 0xFFFFFF, 0xFFFFFF, 0xFFFFFF, 
0xFFFFFF, 0xFFFFFF, 0xFFFFFF, 0xFFFFFF, 0xFFFFFF, 0xFFFFFF, 0xFFFFFF, 0xFFFFFF, 0xFFFFFF, 0xFFFFFF, 0xFFFFFF, 0xFFFFFF, 0xFFFFFF, 0xFFFFFF, 0xFFFFFF, 0xFFFFFF, 
0xFFFFFF, 0xFFFFFF, 0xFFFFFF, 0xFFFFFF, 0xFFFFFF, 0xFFFFFF, 0xFFFFFF, 0xFFFFFF, 0xFFFFFF, 0xFFFFFF, 0xFFFFFF, 0xFFFFFF, 0xFFFFFF, 0xFFFFFF, 0xFFFFFF, 0xFFFFFF, 
0xFFFFFF, 0xFFFFFF, 0xFFFFFF, 0xFFFFFF, 0xFFFFFF, 0xFFFFFF, 0xFFFFFF, 0xFFFFFF, 0xFFFFFF, 0xFFFFFF, 0xFFFFFF, 0xFFFFFF, 0xFFFFFF, 0xFFFFFF, 0xFFFFFF, 0xFFFFFF, 
0xFFFFFF, 0xFFFFFF, 0xFFFFFF, 0xFFFFFF, 0xFFFFFF, 0xFFFFFF, 0xFFFFFF, 0xFFFFFF, 0xFFFFFF, 0xFFFFFF, 0xFFFFFF, 0xFFFFFF, 0xFFFFFF, 0xFFFFFF, 0xFFFFFF, 0xFFFFFF, 
0xFFFFFF, 0xFFFFFF, 0xFFFFFF, 0xFFFFFF, 0xFFFFFF, 0xFFFFFF, 0xFFFFFF, 0xFFFFFF, 0xFFFFFF, 0xFFFFFF, 0xFFFFFF, 0xFFFFFF, 0xFFFFFF, 0xFFFFFF, 0xFFFFFF, 0xFFFFFF, 
0xFFFFFF, 0xFFFFFF, 0xFFFFFF, 0xFFFFFF, 0xFFFFFF, 0xFFFFFF, 0xFFFFFF, 0xFFFFFF, 0xFFFFFF, 0xFFFFFF, 0xFFFFFF, 0xFFFFFF, 0xFFFFFF, 0xFFFFFF, 0xFFFFFF, 0xFFFFFF, 
0xFFFFFF, 0xFFFFFF, 0xFFFFFF, 0xFFFFFF, 0xFFFFFF, 0xFFFFFF, 0xFFFFFF, 0xFFFFFF, 0xFFFFFF, 0xFFFFFF, 0xFFFFFF, 0xFFFFFF, 0xFFFFFF, 0xFFFFFF, 0xFFFFFF, 0xFFFFFF, 
0xFFFFFD, 0xFFFFFD, 0xFEFFFD, 0xFEFFFF, 0xFFFFFF, 0xFFFFFF, 0xFEFFFF, 0xFEFFFF, 0xFFFFFF, 0xFFFFFF, 0xFFFFFD, 0xFFFFFD, 0xFFFDFE, 0xFEFEFE, 0xFFFEFF, 0xFFFEFF, 
0xFFFFFF, 0xFFFFFF, 0xFFFFFF, 0xFFFFFF, 0xFFFEFF, 0xFFFEFF, 0xFFFEFF, 0xFFFEFB, 0xFFFDF3, 0xD2C2B3, 0xB09D8E, 0xA08D7E, 0xA79485, 0xEDDDCE, 0xFFFDF4, 0xFFFCF8, 
0xFFFFFF, 0xFEFFFF, 0xFEFFFF, 0xFFFFFF, 0xFFFFFD, 0xFFFFFD, 0xFFFFFF, 0xFEFFFF, 0xFFFFFF, 0xFFFFFF, 0xFFFFFD, 0xFFFFFF, 0xFEFFFF, 0xFEFFFF, 0xFFFFFF, 0xFFFFFD, 
0xFFFFFF, 0xFFFFFF, 0xFFFFFF, 0xFFFFFF, 0xFFFFFF, 0xFFFFFF, 0xFFFFFF, 0xFFFFFF, 0xFFFFFF, 0xFFFFFF, 0xFFFFFF, 0xFFFFFF, 0xFFFFFF, 0xFFFFFF, 0xFFFFFF, 0xFFFFFF, 
0xFFFFFF, 0xFFFFFF, 0xFFFFFF, 0xFFFFFF, 0xFFFFFF, 0xFFFFFF, 0xFFFFFF, 0xFFFFFF, 0xFFFFFF, 0xFFFFFF, 0xFFFFFF, 0xFFFFFF, 0xFFFFFF, 0xFFFFFF, 0xFFFFFF, 0xFFFFFF, 
0xFFFFFF, 0xFFFFFF, 0xFFFFFF, 0xFFFFFF, 0xFFFFFF, 0xFFFFFF, 0xFFFFFF, 0xFFFFFF, 0xFFFFFF, 0xFFFFFF, 0xFFFFFF, 0xFFFFFF, 0xFFFFFF, 0xFFFFFF, 0xFFFFFF, 0xFFFFFF, 
0xFFFFFF, 0xFFFFFF, 0xFFFFFF, 0xFFFFFF, 0xFFFFFF, 0xFFFFFF, 0xFFFFFF, 0xFFFFFF, 0xFFFFFF, 0xFFFFFF, 0xFFFFFF, 0xFFFFFF, 0xFFFFFF, 0xFFFFFF, 0xFFFFFF, 0xFFFFFF, 
0xFFFFFF, 0xFFFFFF, 0xFFFFFF, 0xFFFFFF, 0xFFFFFF, 0xFFFFFF, 0xFFFFFF, 0xFFFFFF, 0xFFFFFF, 0xFFFFFF, 0xFFFFFF, 0xFFFFFF, 0xFFFFFF, 0xFFFFFF, 0xFFFFFF, 0xFFFFFF, 
0xFFFFFF, 0xFFFFFF, 0xFFFFFF, 0xFFFFFF, 0xFFFFFF, 0xFFFFFF, 0xFFFFFF, 0xFFFFFF, 0xFFFFFF, 0xFFFFFF, 0xFFFFFF, 0xFFFFFF, 0xFFFFFF, 0xFFFFFF, 0xFFFFFF, 0xFFFFFF, 
0xFFFFFF, 0xFFFFFF, 0xFFFFFF, 0xFFFFFF, 0xFFFFFF, 0xFFFFFF, 0xFFFFFF, 0xFFFFFF, 0xFFFFFF, 0xFFFFFF, 0xFFFFFF, 0xFFFFFF, 0xFFFFFF, 0xFFFFFF, 0xFFFFFF, 0xFFFFFD, 
0xFFFFFB, 0xFFFFFB, 0xFCFFFB, 0xFCFFFD, 0xFEFFFF, 0xFEFFFF, 0xFCFFFF, 0xFCFFFD, 0xFEFFFF, 0xFFFFFD, 0xFFFCF9, 0xFFFCF9, 0xFFFEFD, 0xFDFBFC, 0xFFFEFF, 0xFFFEFF, 
0xFDFCFA, 0xFFFFFF, 0xFFFEFF, 0xFFFEFF, 0xFCFAFD, 0xFFFDFF, 0xFCFAFF, 0xFFFCF8, 0xF2D8BF, 0xA8825D, 0xDDB087, 0xEDBC93, 0xD7AA81, 0x9E7A58, 0xEED9C8, 0xFFFDF8, 
0xFFFFFF, 0xF8FDFF, 0xFCFFFF, 0xFFFFFF, 0xFFFEFB, 0xFFFCF9, 0xFEFFFF, 0xFBFFFF, 0xFEFFFF, 0xFFFFFD, 0xFFFDFA, 0xFFFEFC, 0xFBFFFF, 0xFAFFFF, 0xFFFEFC, 0xFFFEFB, 
0xFFFFFD, 0xFFFFFF, 0xFFFFFF, 0xFFFFFF, 0xFFFFFF, 0xFFFFFF, 0xFFFFFF, 0xFFFFFF, 0xFFFFFF, 0xFFFFFF, 0xFFFFFF, 0xFFFFFF, 0xFFFFFF, 0xFFFFFF, 0xFFFFFF, 0xFFFFFF, 
0xFFFFFF, 0xFFFFFF, 0xFFFFFF, 0xFFFFFF, 0xFFFFFF, 0xFFFFFF, 0xFFFFFF, 0xFFFFFF, 0xFFFFFF, 0xFFFFFF, 0xFFFFFF, 0xFFFFFF, 0xFFFFFF, 0xFFFFFF, 0xFFFFFF, 0xFFFFFF, 
0xFFFFFF, 0xFFFFFF, 0xFFFFFF, 0xFFFFFF, 0xFFFFFF, 0xFFFFFF, 0xFFFFFF, 0xFFFFFF, 0xFFFFFF, 0xFFFFFF, 0xFFFFFF, 0xFFFFFF, 0xFFFFFF, 0xFFFFFF, 0xFFFFFF, 0xFFFFFF, 
0xFFFFFF, 0xFFFFFF, 0xFFFFFF, 0xFFFFFF, 0xFFFFFF, 0xFFFFFF, 0xFFFFFF, 0xFFFFFF, 0xFFFFFF, 0xFFFFFF, 0xFFFFFF, 0xFFFFFF, 0xFFFFFF, 0xFFFFFF, 0xFFFFFF, 0xFFFFFF, 
0xFFFFFF, 0xFFFFFF, 0xFFFFFF, 0xFFFFFF, 0xFFFFFF, 0xFFFFFF, 0xFFFFFF, 0xFFFFFF, 0xFFFFFF, 0xFFFFFF, 0xFFFFFF, 0xFFFFFF, 0xFFFFFF, 0xFFFFFF, 0xFFFFFF, 0xFFFFFF, 
0xFFFFFF, 0xFFFFFF, 0xFFFFFF, 0xFFFFFF, 0xFFFFFF, 0xFFFFFF, 0xFFFFFF, 0xFFFFFF, 0xFFFFFF, 0xFFFFFF, 0xFFFFFF, 0xFFFFFF, 0xFFFFFF, 0xFFFFFF, 0xFFFFFF, 0xFFFFFF, 
0xFFFFFF, 0xFFFFFF, 0xFFFFFF, 0xFFFFFF, 0xFFFFFF, 0xFFFFFF, 0xFFFFFF, 0xFFFFFF, 0xFFFFFF, 0xFFFFFF, 0xFFFFFF, 0xFFFFFF, 0xFFFFFF, 0xFFFFFF, 0xFFFFFF, 0xFFFFFD, 
0xFFFFFD, 0xFFFFFB, 0xFCFFFB, 0xFCFFFD, 0xFEFFFF, 0xFEFFFF, 0xFEFFFF, 0xFEFFFD, 0xFFFFFD, 0xFFFBF8, 0xFFEDE3, 0xD1BBAE, 0xC2B0A2, 0xCDBBAF, 0xE0CCC1, 0xFEECE0, 
0xFFFDF1, 0xFFFBF3, 0xFEFCFD, 0xFCFBFF, 0xFFFEFF, 0xFEFCFF, 0xFFFDFF, 0xFFFBF3, 0xB38F6F, 0xE3B081, 0xFFC694, 0xF9BB88, 0xFCC08C, 0xDBA87D, 0x977458, 0xECD6C8, 
0xFFFEFA, 0xFBFCFE, 0xFEFFFF, 0xFAFAFA, 0xFFFEFB, 0xFFFFFD, 0xFCFDFF, 0xFBFEFF, 0xFEFEFF, 0xFFFEFC, 0xFFFDFA, 0xFFFFFD, 0xFCFFFF, 0xFCFFFF, 0xFFFFFD, 0xFFFDFA, 
0xFFFFFD, 0xFFFFFF, 0xFFFFFF, 0xFFFFFF, 0xFFFFFF, 0xFFFFFF, 0xFFFFFF, 0xFFFFFF, 0xFFFFFF, 0xFFFFFF, 0xFFFFFF, 0xFFFFFF, 0xFFFFFF, 0xFFFFFF, 0xFFFFFF, 0xFFFFFF, 
0xFFFFFF, 0xFFFFFF, 0xFFFFFF, 0xFFFFFF, 0xFFFFFF, 0xFFFFFF, 0xFFFFFF, 0xFFFFFF, 0xFFFFFF, 0xFFFFFF, 0xFFFFFF, 0xFFFFFF, 0xFFFFFF, 0xFFFFFF, 0xFFFFFF, 0xFFFFFF, 
0xFFFFFF, 0xFFFFFF, 0xFFFFFF, 0xFFFFFF, 0xFFFFFF, 0xFFFFFF, 0xFFFFFF, 0xFFFFFF, 0xFFFFFF, 0xFFFFFF, 0xFFFFFF, 0xFFFFFF, 0xFFFFFF, 0xFFFFFF, 0xFFFFFF, 0xFFFFFF, 
0xFFFFFF, 0xFFFFFF, 0xFFFFFF, 0xFFFFFF, 0xFFFFFF, 0xFFFFFF, 0xFFFFFF, 0xFFFFFF, 0xFFFFFF, 0xFFFFFF, 0xFFFFFF, 0xFFFFFF, 0xFFFFFF, 0xFFFFFF, 0xFFFFFF, 0xFFFFFF, 
0xFFFFFF, 0xFFFFFF, 0xFFFFFF, 0xFFFFFF, 0xFFFFFF, 0xFFFFFF, 0xFFFFFF, 0xFFFFFF, 0xFFFFFF, 0xFFFFFF, 0xFFFFFF, 0xFFFFFF, 0xFFFFFF, 0xFFFFFF, 0xFFFFFF, 0xFFFFFF, 
0xFFFFFF, 0xFFFFFF, 0xFFFFFF, 0xFFFFFF, 0xFFFFFF, 0xFFFFFF, 0xFFFFFF, 0xFFFFFF, 0xFFFFFF, 0xFFFFFF, 0xFFFFFF, 0xFFFFFF, 0xFFFFFF, 0xFFFFFF, 0xFFFFFF, 0xFFFFFF, 
0xFFFFFF, 0xFFFFFF, 0xFFFFFF, 0xFFFFFF, 0xFFFFFF, 0xFFFFFF, 0xFFFFFF, 0xFFFFFF, 0xFFFFFF, 0xFFFFFF, 0xFFFFFF, 0xFFFFFF, 0xFFFFFF, 0xFFFFFF, 0xFFFFFF, 0xFFFEFF, 
0xFFFEFF, 0xFFFEFF, 0xFFFEFF, 0xFFFEFF, 0xFFFEFF, 0xFFFEFF, 0xFFFEFF, 0xFFFEFB, 0xFFFEF9, 0xFFFCF1, 0xAF8B75, 0xAA7B5D, 0xB88B64, 0xB18159, 0xB6825B, 0xA77957, 
0xD0AE92, 0xFFF6E2, 0xFFFEF8, 0xFFFFFF, 0xFEFFFF, 0xFFFFFD, 0xFFFCFA, 0xFEE8DA, 0xAB805E, 0xF6C195, 0xF0BA8E, 0xF5BC8F, 0xF9BC8D, 0xFCC294, 0xE7B089, 0x9B7254, 
0xFFEADD, 0xFFFDF8, 0xFFFBF7, 0xFFFEFB, 0xFEFCFD, 0xFEFDFF, 0xFFFEFF, 0xFFFEFF, 0xFFFFFF, 0xFFFFFD, 0xFFFEFF, 0xFFFEFF, 0xFFFCFF, 0xFFFEFF, 0xFFFDFD, 0xFFFDFC, 
0xFFFEFF, 0xFFFFFF, 0xFFFFFF, 0xFFFFFF, 0xFFFFFF, 0xFFFFFF, 0xFFFFFF, 0xFFFFFF, 0xFFFFFF, 0xFFFFFF, 0xFFFFFF, 0xFFFFFF, 0xFFFFFF, 0xFFFFFF, 0xFFFFFF, 0xFFFFFF, 
0xFFFFFF, 0xFFFFFF, 0xFFFFFF, 0xFFFFFF, 0xFFFFFF, 0xFFFFFF, 0xFFFFFF, 0xFFFFFF, 0xFFFFFF, 0xFFFFFF, 0xFFFFFF, 0xFFFFFF, 0xFFFFFF, 0xFFFFFF, 0xFFFFFF, 0xFFFFFF, 
0xFFFFFF, 0xFFFFFF, 0xFFFFFF, 0xFFFFFF, 0xFFFFFF, 0xFFFFFF, 0xFFFFFF, 0xFFFFFF, 0xFFFFFF, 0xFFFFFF, 0xFFFFFF, 0xFFFFFF, 0xFFFFFF, 0xFFFFFF, 0xFFFFFF, 0xFFFFFF, 
0xFFFFFF, 0xFFFFFF, 0xFFFFFF, 0xFFFFFF, 0xFFFFFF, 0xFFFFFF, 0xFFFFFF, 0xFFFFFF, 0xFFFFFF, 0xFFFFFF, 0xFFFFFF, 0xFFFFFF, 0xFFFFFF, 0xFFFFFF, 0xFFFFFF, 0xFFFFFF, 
0xFFFFFF, 0xFFFFFF, 0xFFFFFF, 0xFFFFFF, 0xFFFFFF, 0xFFFFFF, 0xFFFFFF, 0xFFFFFF, 0xFFFFFF, 0xFFFFFF, 0xFFFFFF, 0xFFFFFF, 0xFFFFFF, 0xFFFFFF, 0xFFFFFF, 0xFFFFFF, 
0xFFFFFF, 0xFFFFFF, 0xFFFFFF, 0xFFFFFF, 0xFFFFFF, 0xFFFFFF, 0xFFFFFF, 0xFFFFFF, 0xFFFFFF, 0xFFFFFF, 0xFFFFFF, 0xFFFFFF, 0xFFFFFF, 0xFFFFFF, 0xFFFFFF, 0xFFFFFF, 
0xFFFFFF, 0xFFFFFF, 0xFFFFFF, 0xFFFFFF, 0xFFFFFF, 0xFFFFFF, 0xFFFFFF, 0xFFFFFF, 0xFFFFFF, 0xFFFFFF, 0xFFFFFF, 0xFFFFFF, 0xFFFFFF, 0xFFFFFF, 0xFFFFFF, 0xFFFEFF, 
0xFFFDFF, 0xFFFDFF, 0xFFFEFF, 0xFFFEFF, 0xFFFEFF, 0xFFFEFF, 0xFFFCFD, 0xFFFDFA, 0xFDFAF5, 0xFFFDED, 0xA47B5F, 0xC98F67, 0xDFA573, 0xE0A36D, 0xDD9E6B, 0xD4996D, 
0xB68864, 0xAC8D71, 0xF7E7DA, 0xFFFEF6, 0xF9F5EC, 0xFFF7EE, 0xFFFBF1, 0xDEBFAB, 0xC2926C, 0xF6C092, 0xEDB68D, 0xF7BE93, 0xF4B788, 0xF5B784, 0xFFC191, 0xCC976F, 
0xAD8D76, 0xFFFBED, 0xFFFDF4, 0xFFFFFA, 0xFFFFFF, 0xFEFFFF, 0xFBFCFF, 0xFFFEFF, 0xFFFFFF, 0xFEFEFC, 0xFFFEFF, 0xFFFEFF, 0xFFFBFF, 0xFFFBFD, 0xFFFEFF, 0xFFFEFD, 
0xFFFEFF, 0xFFFFFF, 0xFFFFFF, 0xFFFFFF, 0xFFFFFF, 0xFFFFFF, 0xFFFFFF, 0xFFFFFF, 0xFFFFFF, 0xFFFFFF, 0xFFFFFF, 0xFFFFFF, 0xFFFFFF, 0xFFFFFF, 0xFFFFFF, 0xFFFFFF, 
0xFFFFFF, 0xFFFFFF, 0xFFFFFF, 0xFFFFFF, 0xFFFFFF, 0xFFFFFF, 0xFFFFFF, 0xFFFFFF, 0xFFFFFF, 0xFFFFFF, 0xFFFFFF, 0xFFFFFF, 0xFFFFFF, 0xFFFFFF, 0xFFFFFF, 0xFFFFFF, 
0xFFFFFF, 0xFFFFFF, 0xFFFFFF, 0xFFFFFF, 0xFFFFFF, 0xFFFFFF, 0xFFFFFF, 0xFFFFFF, 0xFFFFFF, 0xFFFFFF, 0xFFFFFF, 0xFFFFFF, 0xFFFFFF, 0xFFFFFF, 0xFFFFFF, 0xFFFFFF, 
0xFFFFFF, 0xFFFFFF, 0xFFFFFF, 0xFFFFFF, 0xFFFFFF, 0xFFFFFF, 0xFFFFFF, 0xFFFFFF, 0xFFFFFF, 0xFFFFFF, 0xFFFFFF, 0xFFFFFF, 0xFFFFFF, 0xFFFFFF, 0xFFFFFF, 0xFFFFFF, 
0xFFFFFF, 0xFFFFFF, 0xFFFFFF, 0xFFFFFF, 0xFFFFFF, 0xFFFFFF, 0xFFFFFF, 0xFFFFFF, 0xFFFFFF, 0xFFFFFF, 0xFFFFFF, 0xFFFFFF, 0xFFFFFF, 0xFFFFFF, 0xFFFFFF, 0xFFFFFF, 
0xFFFFFF, 0xFFFFFF, 0xFFFFFF, 0xFFFFFF, 0xFFFFFF, 0xFFFFFF, 0xFFFFFF, 0xFFFFFF, 0xFFFFFF, 0xFFFFFF, 0xFFFFFF, 0xFFFFFF, 0xFFFFFF, 0xFFFFFF, 0xFFFFFF, 0xFFFFFF, 
0xFFFFFF, 0xFFFFFF, 0xFFFFFF, 0xFFFFFF, 0xFFFFFF, 0xFFFFFF, 0xFFFFFF, 0xFFFFFF, 0xFFFFFF, 0xFFFFFF, 0xFFFFFF, 0xFFFFFF, 0xFFFFFF, 0xFFFFFF, 0xFFFFFF, 0xFFFEFF, 
0xFFFEFF, 0xFFFDFF, 0xFFFEFF, 0xFFFEFF, 0xFFFFFF, 0xFFFEFF, 0xFFFDFA, 0xFFFEF8, 0xFFFFFA, 0xFFFAEB, 0xAB8669, 0xBE8B60, 0xDDA572, 0xE2AB75, 0xCF996A, 0xC49068, 
0xA97754, 0x7D5438, 0x7D614C, 0x634E3D, 0x67553F, 0x5F4932, 0x745541, 0x956B52, 0xDBA67C, 0xFCC294, 0xF1B88B, 0xF7BF90, 0xF4B882, 0xF9BC83, 0xFCBD87, 0xF5BD8E, 
0xA77C5A, 0xE4CAB3, 0xFFFDF1, 0xFDFDF5, 0xFBFBF9, 0xFEFFFF, 0xFEFFFF, 0xFAFEFF, 0xFBFFFE, 0xFBFDFA, 0xFEFEFC, 0xFFFEFF, 0xFFFFFF, 0xFEFDFF, 0xFFFDFE, 0xFFFDFE, 
0xFFFFFF, 0xFFFFFF, 0xFFFFFF, 0xFFFFFF, 0xFFFFFF, 0xFFFFFF, 0xFFFFFF, 0xFFFFFF, 0xFFFFFF, 0xFFFFFF, 0xFFFFFF, 0xFFFFFF, 0xFFFFFF, 0xFFFFFF, 0xFFFFFF, 0xFFFFFF, 
0xFFFFFF, 0xFFFFFF, 0xFFFFFF, 0xFFFFFF, 0xFFFFFF, 0xFFFFFF, 0xFFFFFF, 0xFFFFFF, 0xFFFFFF, 0xFFFFFF, 0xFFFFFF, 0xFFFFFF, 0xFFFFFF, 0xFFFFFF, 0xFFFFFF, 0xFFFFFF, 
0xFFFFFF, 0xFFFFFF, 0xFFFFFF, 0xFFFFFF, 0xFFFFFF, 0xFFFFFF, 0xFFFFFF, 0xFFFFFF, 0xFFFFFF, 0xFFFFFF, 0xFFFFFF, 0xFFFFFF, 0xFFFFFF, 0xFFFFFF, 0xFFFFFF, 0xFFFFFF, 
0xFFFFFF, 0xFFFFFF, 0xFFFFFF, 0xFFFFFF, 0xFFFFFF, 0xFFFFFF, 0xFFFFFF, 0xFFFFFF, 0xFFFFFF, 0xFFFFFF, 0xFFFFFF, 0xFFFFFF, 0xFFFFFF, 0xFFFFFF, 0xFFFFFF, 0xFFFFFF, 
0xFFFFFF, 0xFFFFFF, 0xFFFFFF, 0xFFFFFF, 0xFFFFFF, 0xFFFFFF, 0xFFFFFF, 0xFFFFFF, 0xFFFFFF, 0xFFFFFF, 0xFFFFFF, 0xFFFFFF, 0xFFFFFF, 0xFFFFFF, 0xFFFFFF, 0xFFFFFF, 
0xFFFFFF, 0xFFFFFF, 0xFFFFFF, 0xFFFFFF, 0xFFFFFF, 0xFFFFFF, 0xFFFFFF, 0xFFFFFF, 0xFFFFFF, 0xFFFFFF, 0xFFFFFF, 0xFFFFFF, 0xFFFFFF, 0xFFFFFF, 0xFFFFFF, 0xFFFFFF, 
0xFFFFFF, 0xFFFFFF, 0xFFFFFF, 0xFFFFFF, 0xFFFFFF, 0xFFFFFF, 0xFFFFFF, 0xFFFFFF, 0xFFFFFF, 0xFFFFFF, 0xFFFFFF, 0xFFFFFF, 0xFFFFFF, 0xFFFFFF, 0xFFFFFF, 0xFFFEFF, 
0xFFFEFD, 0xFFFEFF, 0xFEFFFF, 0xFEFFFF, 0xFEFFFF, 0xFFFEFF, 0xFFFEFB, 0xFFFEFA, 0xFFFFFB, 0xFFFEF3, 0xC7A78E, 0xAE815A, 0xBF8B5C, 0x8E5A2A, 0x6D3C13, 0x60300C, 
0x622F10, 0x714226, 0x734A34, 0x7A563E, 0x785539, 0x724E2E, 0x7C5033, 0x996746, 0xEBB183, 0xF9BB8A, 0xF7BA8B, 0xFABE8C, 0xF9BE86, 0xF7BC82, 0xF4B97F, 0xFCC491, 
0xD3A277, 0xAE8B6B, 0xFFF8E8, 0xFFFFF6, 0xFFFFF8, 0xFEFDF8, 0xFFFFFB, 0xFDFFFC, 0xFEFFFD, 0xFEFFFD, 0xFEFDF9, 0xFFFEFC, 0xFEFFFF, 0xFCFFFF, 0xFCFDFF, 0xFEFEFE, 
0xFFFFFF, 0xFFFFFF, 0xFFFFFF, 0xFFFFFF, 0xFFFFFF, 0xFFFFFF, 0xFFFFFF, 0xFFFFFF, 0xFFFFFF, 0xFFFFFF, 0xFFFFFF, 0xFFFFFF, 0xFFFFFF, 0xFFFFFF, 0xFFFFFF, 0xFFFFFF, 
0xFFFFFF, 0xFFFFFF, 0xFFFFFF, 0xFFFFFF, 0xFFFFFF, 0xFFFFFF, 0xFFFFFF, 0xFFFFFF, 0xFFFFFF, 0xFFFFFF, 0xFFFFFF, 0xFFFFFF, 0xFFFFFF, 0xFFFFFF, 0xFFFFFF, 0xFFFFFF, 
0xFFFFFF, 0xFFFFFF, 0xFFFFFF, 0xFFFFFF, 0xFFFFFF, 0xFFFFFF, 0xFFFFFF, 0xFFFFFF, 0xFFFFFF, 0xFFFFFF, 0xFFFFFF, 0xFFFFFF, 0xFFFFFF, 0xFFFFFF, 0xFFFFFF, 0xFFFFFF, 
0xFFFFFF, 0xFFFFFF, 0xFFFFFF, 0xFFFFFF, 0xFFFFFF, 0xFFFFFF, 0xFFFFFF, 0xFFFFFF, 0xFFFFFF, 0xFFFFFF, 0xFFFFFF, 0xFFFFFF, 0xFFFFFF, 0xFFFFFF, 0xFFFFFF, 0xFFFFFF, 
0xFFFFFF, 0xFFFFFF, 0xFFFFFF, 0xFFFFFF, 0xFFFFFF, 0xFFFFFF, 0xFFFFFF, 0xFFFFFF, 0xFFFFFF, 0xFFFFFF, 0xFFFFFF, 0xFFFFFF, 0xFFFFFF, 0xFFFFFF, 0xFFFFFF, 0xFFFFFF, 
0xFFFFFF, 0xFFFFFF, 0xFFFFFF, 0xFFFFFF, 0xFFFFFF, 0xFFFFFF, 0xFFFFFF, 0xFFFFFF, 0xFFFFFF, 0xFFFFFF, 0xFFFFFF, 0xFFFFFF, 0xFFFFFF, 0xFFFFFF, 0xFFFFFF, 0xFFFFFF, 
0xFFFFFF, 0xFFFFFF, 0xFFFFFF, 0xFFFFFF, 0xFFFFFF, 0xFFFFFF, 0xFFFFFF, 0xFFFFFF, 0xFFFFFF, 0xFFFFFF, 0xFFFFFF, 0xFFFFFF, 0xFFFFFF, 0xFFFFFF, 0xFFFFFF, 0xFFFFFD, 
0xFFFEFB, 0xFFFFFD, 0xFCFFFF, 0xFBFFFF, 0xFCFFFF, 0xFEFFFF, 0xFFFFFF, 0xFFFEFF, 0xFEFDFF, 0xFFFBF9, 0xCDB2A1, 0x754C30, 0x663411, 0x68320E, 0x7B4829, 0x8E5D3F, 
0x936244, 0x915F44, 0x94624B, 0x8B5940, 0x956342, 0x98643F, 0x905C37, 0xA26B42, 0xEAAE7A, 0xFFC28C, 0xF4B582, 0xFBBC89, 0xF9BA84, 0xF7BC84, 0xF2BE85, 0xF4C18A, 
0xE6B282, 0xA27651, 0xF5DFCA, 0xFDF1E5, 0xF7EBDF, 0xF8EEE2, 0xFFFEF2, 0xFFFEF3, 0xFCF9F2, 0xFFFFFA, 0xFFFFF8, 0xFCFBF7, 0xFBFFFF, 0xF9FFFF, 0xFCFDFF, 0xFFFFFF, 
0xFFFFFF, 0xFFFFFF, 0xFFFFFF, 0xFFFFFF, 0xFFFFFF, 0xFFFFFF, 0xFFFFFF, 0xFFFFFF, 0xFFFFFF, 0xFFFFFF, 0xFFFFFF, 0xFFFFFF, 0xFFFFFF, 0xFFFFFF, 0xFFFFFF, 0xFFFFFF, 
0xFFFFFF, 0xFFFFFF, 0xFFFFFF, 0xFFFFFF, 0xFFFFFF, 0xFFFFFF, 0xFFFFFF, 0xFFFFFF, 0xFFFFFF, 0xFFFFFF, 0xFFFFFF, 0xFFFFFF, 0xFFFFFF, 0xFFFFFF, 0xFFFFFF, 0xFFFFFF, 
0xFFFFFF, 0xFFFFFF, 0xFFFFFF, 0xFFFFFF, 0xFFFFFF, 0xFFFFFF, 0xFFFFFF, 0xFFFFFF, 0xFFFFFF, 0xFFFFFF, 0xFFFFFF, 0xFFFFFF, 0xFFFFFF, 0xFFFFFF, 0xFFFFFF, 0xFFFFFF, 
0xFFFFFF, 0xFFFFFF, 0xFFFFFF, 0xFFFFFF, 0xFFFFFF, 0xFFFFFF, 0xFFFFFF, 0xFFFFFF, 0xFFFFFF, 0xFFFFFF, 0xFFFFFF, 0xFFFFFF, 0xFFFFFF, 0xFFFFFF, 0xFFFFFF, 0xFFFFFF, 
0xFFFFFF, 0xFFFFFF, 0xFFFFFF, 0xFFFFFF, 0xFFFFFF, 0xFFFFFF, 0xFFFFFF, 0xFFFFFF, 0xFFFFFF, 0xFFFFFF, 0xFFFFFF, 0xFFFFFF, 0xFFFFFF, 0xFFFFFF, 0xFFFFFF, 0xFFFFFF, 
0xFFFFFF, 0xFFFFFF, 0xFFFFFF, 0xFFFFFF, 0xFFFFFF, 0xFFFFFF, 0xFFFFFF, 0xFFFFFF, 0xFFFFFF, 0xFFFFFF, 0xFFFFFF, 0xFFFFFF, 0xFFFFFF, 0xFFFFFF, 0xFFFFFF, 0xFFFFFF, 
0xFFFFFF, 0xFFFFFF, 0xFFFFFF, 0xFFFFFF, 0xFFFFFF, 0xFFFFFF, 0xFFFFFF, 0xFFFFFF, 0xFFFFFF, 0xFFFFFF, 0xFFFFFF, 0xFFFFFF, 0xFFFFFF, 0xFFFFFF, 0xFFFFFF, 0xFFFFFD, 
0xFFFEFB, 0xFFFFFB, 0xFCFFFF, 0xF9FFFF, 0xFCFFFF, 0xFEFFFF, 0xFFFEFF, 0xFFFEFD, 0xFEF3F7, 0x93817F, 0x4C2F21, 0x724933, 0x8B593E, 0x986143, 0x945E42, 0x8E5B40, 
0x8D5B40, 0x8C5A3F, 0x915B41, 0x945D3F, 0x925735, 0x935933, 0x945A35, 0xA46B40, 0xF1B581, 0xF6B982, 0xFFBD89, 0xFCBA86, 0xFEBD87, 0xF9BC85, 0xF5BE88, 0xF1BC88, 
0xFAC08E, 0xB27E56, 0x77553C, 0x5D4334, 0x5A4331, 0x5C4734, 0x675642, 0x988878, 0xEEE0D5, 0xFFF8F0, 0xFFFDF6, 0xFFFDF8, 0xFBFFFF, 0xFBFFFF, 0xFCFDFF, 0xFFFEFF, 
0xFFFFFF, 0xFFFFFF, 0xFFFFFF, 0xFFFFFF, 0xFFFFFF, 0xFFFFFF, 0xFFFFFF, 0xFFFFFF, 0xFFFFFF, 0xFFFFFF, 0xFFFFFF, 0xFFFFFF, 0xFFFFFF, 0xFFFFFF, 0xFFFFFF, 0xFFFFFF, 
0xFFFFFF, 0xFFFFFF, 0xFFFFFF, 0xFFFFFF, 0xFFFFFF, 0xFFFFFF, 0xFFFFFF, 0xFFFFFF, 0xFFFFFF, 0xFFFFFF, 0xFFFFFF, 0xFFFFFF, 0xFFFFFF, 0xFFFFFF, 0xFFFFFF, 0xFFFFFF, 
0xFFFFFF, 0xFFFFFF, 0xFFFFFF, 0xFFFFFF, 0xFFFFFF, 0xFFFFFF, 0xFFFFFF, 0xFFFFFF, 0xFFFFFF, 0xFFFFFF, 0xFFFFFF, 0xFFFFFF, 0xFFFFFF, 0xFFFFFF, 0xFFFFFF, 0xFFFFFF, 
0xFFFFFF, 0xFFFFFF, 0xFFFFFF, 0xFFFFFF, 0xFFFFFF, 0xFFFFFF, 0xFFFFFF, 0xFFFFFF, 0xFFFFFF, 0xFFFFFF, 0xFFFFFF, 0xFFFFFF, 0xFFFFFF, 0xFFFFFF, 0xFFFFFF, 0xFFFFFF, 
0xFFFFFF, 0xFFFFFF, 0xFFFFFF, 0xFFFFFF, 0xFFFFFF, 0xFFFFFF, 0xFFFFFF, 0xFFFFFF, 0xFFFFFF, 0xFFFFFF, 0xFFFFFF, 0xFFFFFF, 0xFFFFFF, 0xFFFFFF, 0xFFFFFF, 0xFFFFFF, 
0xFFFFFF, 0xFFFFFF, 0xFFFFFF, 0xFFFFFF, 0xFFFFFF, 0xFFFFFF, 0xFFFFFF, 0xFFFFFF, 0xFFFFFF, 0xFFFFFF, 0xFFFFFF, 0xFFFFFF, 0xFFFFFF, 0xFFFFFF, 0xFFFFFF, 0xFFFFFF, 
0xFFFFFF, 0xFFFFFF, 0xFFFFFF, 0xFFFFFF, 0xFFFFFF, 0xFFFFFF, 0xFFFFFF, 0xFFFFFF, 0xFFFFFF, 0xFFFFFF, 0xFFFFFF, 0xFFFFFF, 0xFFFFFF, 0xFFFFFF, 0xFFFFFF, 0xFFFFFD, 
0xFFFEFA, 0xFFFFFB, 0xFBFFFF, 0xF8FFFF, 0xFCFFFF, 0xFCFCFE, 0xFFFEF8, 0xF5E7DE, 0x6E554E, 0x5E4035, 0x805A47, 0x90644B, 0x915D45, 0x91583D, 0x975B3F, 0x895033, 
0x7F4C2D, 0x8A5939, 0x8D5A3B, 0x90593A, 0x925C38, 0x8B5330, 0x965E3D, 0xA16944, 0xEAB184, 0xF6BC8A, 0xF9BB88, 0xFCBA86, 0xFDBC84, 0xF9B882, 0xFABB88, 0xF8B888, 
0xFCBC8C, 0xC4865D, 0x936045, 0x895F49, 0x84604A, 0x83604A, 0x7E5C41, 0x6E4E35, 0x573728, 0xBFA499, 0xFFFAF3, 0xFFFDFA, 0xFFFFFD, 0xFEFFFF, 0xFFFDFF, 0xFFFDFF, 
0xFFFEFF, 0xFFFFFF, 0xFFFFFF, 0xFFFFFF, 0xFFFFFF, 0xFFFFFF, 0xFFFFFF, 0xFFFFFF, 0xFFFFFF, 0xFFFFFF, 0xFFFFFF, 0xFFFFFF, 0xFFFFFF, 0xFFFFFF, 0xFFFFFF, 0xFFFFFF, 
0xFFFFFF, 0xFFFFFF, 0xFFFFFF, 0xFFFFFF, 0xFFFFFF, 0xFFFFFF, 0xFFFFFF, 0xFFFFFF, 0xFFFFFF, 0xFFFFFF, 0xFFFFFF, 0xFFFFFF, 0xFFFFFF, 0xFFFFFF, 0xFFFFFF, 0xFFFFFF, 
0xFFFFFF, 0xFFFFFF, 0xFFFFFF, 0xFFFFFF, 0xFFFFFF, 0xFFFFFF, 0xFFFFFF, 0xFFFFFF, 0xFFFFFF, 0xFFFFFF, 0xFFFFFF, 0xFFFFFF, 0xFFFFFF, 0xFFFFFF, 0xFFFFFF, 0xFFFFFF, 
0xFFFFFF, 0xFFFFFF, 0xFFFFFF, 0xFFFFFF, 0xFFFFFF, 0xFFFFFF, 0xFFFFFF, 0xFFFFFF, 0xFFFFFF, 0xFFFFFF, 0xFFFFFF, 0xFFFFFF, 0xFFFFFF, 0xFFFFFF, 0xFFFFFF, 0xFFFFFF, 
0xFFFFFF, 0xFFFFFF, 0xFFFFFF, 0xFFFFFF, 0xFFFFFF, 0xFFFFFF, 0xFFFFFF, 0xFFFFFF, 0xFFFFFF, 0xFFFFFF, 0xFFFFFF, 0xFFFFFF, 0xFFFFFF, 0xFFFFFF, 0xFFFFFF, 0xFFFFFF, 
0xFFFFFF, 0xFFFFFF, 0xFFFFFF, 0xFFFFFF, 0xFFFFFF, 0xFFFFFF, 0xFFFFFF, 0xFFFFFF, 0xFFFFFF, 0xFFFFFF, 0xFFFFFF, 0xFFFFFF, 0xFFFFFF, 0xFFFFFF, 0xFFFFFF, 0xFFFFFF, 
0xFFFFFF, 0xFFFFFF, 0xFFFFFF, 0xFFFFFF, 0xFFFFFF, 0xFFFFFF, 0xFFFFFF, 0xFFFFFF, 0xFFFFFF, 0xFFFFFF, 0xFFFFFF, 0xFFFFFF, 0xFFFFFF, 0xFFFFFF, 0xFFFFFF, 0xFFFFFD, 
0xFEFFFB, 0xFEFFFB, 0xF5F9F8, 0xFCFFFF, 0xF9FDFE, 0xFFFEFB, 0xFFEDE1, 0x624533, 0x6A4533, 0x8E654F, 0x8F6149, 0x895A3E, 0x8F5B43, 0x905A40, 0x82492C, 0x854C2E, 
0x8B5839, 0x8B5A3A, 0x905E3D, 0x905B3B, 0x7E4927, 0x8E5836, 0x82492C, 0x92593B, 0xE8B38B, 0xF3BD8E, 0xF7BB87, 0xF9BA84, 0xFBBA82, 0xFDBC86, 0xFEBA8B, 0xFBB78A, 
0xFFBE8F, 0xC8875D, 0x95583B, 0x915B41, 0x8D5E44, 0x895D42, 0x8C5F40, 0x95694C, 0x8E644E, 0x5B3729, 0xAE958E, 0xFFFCF6, 0xFEFDF9, 0xFEFEFC, 0xFFFEFF, 0xFFFEFF, 
0xFFFEFF, 0xFFFFFF, 0xFFFFFF, 0xFFFFFF, 0xFFFFFF, 0xFFFFFF, 0xFFFFFF, 0xFFFFFF, 0xFFFFFF, 0xFFFFFF, 0xFFFFFF, 0xFFFFFF, 0xFFFFFF, 0xFFFFFF, 0xFFFFFF, 0xFFFFFF, 
0xFFFFFF, 0xFFFFFF, 0xFFFFFF, 0xFFFFFF, 0xFFFFFF, 0xFFFFFF, 0xFFFFFF, 0xFFFFFF, 0xFFFFFF, 0xFFFFFF, 0xFFFFFF, 0xFFFFFF, 0xFFFFFF, 0xFFFFFF, 0xFFFFFF, 0xFFFFFF, 
0xFFFFFF, 0xFFFFFF, 0xFFFFFF, 0xFFFFFF, 0xFFFFFF, 0xFFFFFF, 0xFFFFFF, 0xFFFFFF, 0xFFFFFF, 0xFFFFFF, 0xFFFFFF, 0xFFFFFF, 0xFFFFFF, 0xFFFFFF, 0xFFFFFF, 0xFFFFFF, 
0xFFFFFF, 0xFFFFFF, 0xFFFFFF, 0xFFFFFF, 0xFFFFFF, 0xFFFFFF, 0xFFFFFF, 0xFFFFFF, 0xFFFFFF, 0xFFFFFF, 0xFFFFFF, 0xFFFFFF, 0xFFFFFF, 0xFFFFFF, 0xFFFFFF, 0xFFFFFF, 
0xFFFFFF, 0xFFFFFF, 0xFFFFFF, 0xFFFFFF, 0xFFFFFF, 0xFFFFFF, 0xFFFFFF, 0xFFFFFF, 0xFFFFFF, 0xFFFFFF, 0xFFFFFF, 0xFFFFFF, 0xFFFFFF, 0xFFFFFF, 0xFFFFFF, 0xFFFFFF, 
0xFFFFFF, 0xFFFFFF, 0xFFFFFF, 0xFFFFFF, 0xFFFFFF, 0xFFFFFF, 0xFFFFFF, 0xFFFFFF, 0xFFFFFF, 0xFFFFFF, 0xFFFFFF, 0xFFFFFF, 0xFFFFFF, 0xFFFFFF, 0xFFFFFF, 0xFFFFFF, 
0xFFFFFF, 0xFFFFFF, 0xFFFFFF, 0xFFFFFF, 0xFFFFFF, 0xFFFFFF, 0xFFFFFF, 0xFFFFFF, 0xFFFFFF, 0xFFFFFF, 0xFFFFFF, 0xFFFFFF, 0xFFFFFF, 0xFFFFFF, 0xFFFFFF, 0xFEFFFF, 
0xFCFFFD, 0xFBFFFC, 0xFFFFFD, 0xFEFEFC, 0xFFFFFB, 0xFFF9EF, 0x7E5E49, 0x6B3F24, 0x936544, 0x8A5938, 0x8B5938, 0x8F5C3D, 0x8D5E44, 0x825337, 0x814E2F, 0x8D5B3A, 
0x916042, 0x885739, 0x885536, 0x7C4727, 0x885333, 0x905B3C, 0x6E361B, 0x996244, 0xD9A57E, 0xF9C596, 0xF4BA88, 0xF5BA82, 0xF9BC83, 0xFCBD87, 0xFDBA8D, 0xF9B48A, 
0xFFBE91, 0xCD8C62, 0x9D5E3D, 0x965A3E, 0x915A3B, 0x905B3B, 0x915F3C, 0x895736, 0x8B5940, 0x916653, 0x533326, 0xD5C4BA, 0xFFFCF5, 0xFDFFFC, 0xFFFFFD, 0xFFFCFD, 
0xFFFEFF, 0xFFFFFF, 0xFFFFFF, 0xFFFFFF, 0xFFFFFF, 0xFFFFFF, 0xFFFFFF, 0xFFFFFF, 0xFFFFFF, 0xFFFFFF, 0xFFFFFF, 0xFFFFFF, 0xFFFFFF, 0xFFFFFF, 0xFFFFFF, 0xFFFFFF, 
0xFFFFFF, 0xFFFFFF, 0xFFFFFF, 0xFFFFFF, 0xFFFFFF, 0xFFFFFF, 0xFFFFFF, 0xFFFFFF, 0xFFFFFF, 0xFFFFFF, 0xFFFFFF, 0xFFFFFF, 0xFFFFFF, 0xFFFFFF, 0xFFFFFF, 0xFFFFFF, 
0xFFFFFF, 0xFFFFFF, 0xFFFFFF, 0xFFFFFF, 0xFFFFFF, 0xFFFFFF, 0xFFFFFF, 0xFFFFFF, 0xFFFFFF, 0xFFFFFF, 0xFFFFFF, 0xFFFFFF, 0xFFFFFF, 0xFFFFFF, 0xFFFFFF, 0xFFFFFF, 
0xFFFFFF, 0xFFFFFF, 0xFFFFFF, 0xFFFFFF, 0xFFFFFF, 0xFFFFFF, 0xFFFFFF, 0xFFFFFF, 0xFFFFFF, 0xFFFFFF, 0xFFFFFF, 0xFFFFFF, 0xFFFFFF, 0xFFFFFF, 0xFFFFFF, 0xFFFFFF, 
0xFFFFFF, 0xFFFFFF, 0xFFFFFF, 0xFFFFFF, 0xFFFFFF, 0xFFFFFF, 0xFFFFFF, 0xFFFFFF, 0xFFFFFF, 0xFFFFFF, 0xFFFFFF, 0xFFFFFF, 0xFFFFFF, 0xFFFFFF, 0xFFFFFF, 0xFFFFFF, 
0xFFFFFF, 0xFFFFFF, 0xFFFFFF, 0xFFFFFF, 0xFFFFFF, 0xFFFFFF, 0xFFFFFF, 0xFFFFFF, 0xFFFFFF, 0xFFFFFF, 0xFFFFFF, 0xFFFFFF, 0xFFFFFF, 0xFFFFFF, 0xFFFFFF, 0xFFFFFF, 
0xFFFFFF, 0xFFFFFF, 0xFFFFFF, 0xFFFFFF, 0xFFFFFF, 0xFFFFFF, 0xFFFFFF, 0xFFFFFF, 0xFFFFFF, 0xFFFFFF, 0xFFFFFF, 0xFFFFFF, 0xFFFFFF, 0xFFFFFF, 0xFFFFFF, 0xFFFFFF, 
0xFEFFFD, 0xFBFDFA, 0xFFFEFF, 0xFFFCFB, 0xFFFFFA, 0xC2B4A7, 0x582F19, 0x9B6849, 0x8E5C39, 0x94603B, 0x935D39, 0x8F5A38, 0x8D5C3E, 0x794A2C, 0x8B5938, 0x905E3D, 
0x88593B, 0x603115, 0x764326, 0x804A2E, 0x966346, 0x7D4829, 0x92593B, 0xD29A77, 0xB07D52, 0xF5C191, 0xF5BD8A, 0xF7BE87, 0xF8BF88, 0xF5B985, 0xF8BA8B, 0xF8B88A, 
0xFCBC8C, 0xC5885B, 0x8C502C, 0x8C5433, 0x925A37, 0x955D38, 0x925C38, 0x925D3B, 0x905A3E, 0x94644D, 0x7D5845, 0x5E4737, 0xFFFFF6, 0xF9FBF6, 0xFFFFFB, 0xFFFFFD, 
0xFFFFFF, 0xFFFFFF, 0xFFFFFF, 0xFFFFFF, 0xFFFFFF, 0xFFFFFF, 0xFFFFFF, 0xFFFFFF, 0xFFFFFF, 0xFFFFFF, 0xFFFFFF, 0xFFFFFF, 0xFFFFFF, 0xFFFFFF, 0xFFFFFF, 0xFFFFFF, 
0xFFFFFF, 0xFFFFFF, 0xFFFFFF, 0xFFFFFF, 0xFFFFFF, 0xFFFFFF, 0xFFFFFF, 0xFFFFFF, 0xFFFFFF, 0xFFFFFF, 0xFFFFFF, 0xFFFFFF, 0xFFFFFF, 0xFFFFFF, 0xFFFFFF, 0xFFFFFF, 
0xFFFFFF, 0xFFFFFF, 0xFFFFFF, 0xFFFFFF, 0xFFFFFF, 0xFFFFFF, 0xFFFFFF, 0xFFFFFF, 0xFFFFFF, 0xFFFFFF, 0xFFFFFF, 0xFFFFFF, 0xFFFFFF, 0xFFFFFF, 0xFFFFFF, 0xFFFFFF, 
0xFFFFFF, 0xFFFFFF, 0xFFFFFF, 0xFFFFFF, 0xFFFFFF, 0xFFFFFF, 0xFFFFFF, 0xFFFFFF, 0xFFFFFF, 0xFFFFFF, 0xFFFFFF, 0xFFFFFF, 0xFFFFFF, 0xFFFFFF, 0xFFFFFF, 0xFFFFFF, 
0xFFFFFF, 0xFFFFFF, 0xFFFFFF, 0xFFFFFF, 0xFFFFFF, 0xFFFFFF, 0xFFFFFF, 0xFFFFFF, 0xFFFFFF, 0xFFFFFF, 0xFFFFFF, 0xFFFFFF, 0xFFFFFF, 0xFFFFFF, 0xFFFFFF, 0xFFFFFF, 
0xFFFFFF, 0xFFFFFF, 0xFFFFFF, 0xFFFFFF, 0xFFFFFF, 0xFFFFFF, 0xFFFFFF, 0xFFFFFF, 0xFFFFFF, 0xFFFFFF, 0xFFFFFF, 0xFFFFFF, 0xFFFFFF, 0xFFFFFF, 0xFFFFFF, 0xFFFFFF, 
0xFFFFFF, 0xFFFFFF, 0xFFFFFF, 0xFFFFFF, 0xFFFFFF, 0xFFFFFF, 0xFFFFFF, 0xFFFFFF, 0xFFFFFF, 0xFFFFFF, 0xFFFFFF, 0xFFFFFF, 0xFFFFFF, 0xFFFFFF, 0xFFFFFF, 0xFFFFFF, 
0xFFFDFE, 0xFFFEFF, 0xFFFBFF, 0xFFF9FC, 0xFFFEFB, 0x89786E, 0x774E3A, 0x946146, 0x8D5A3B, 0x905B3B, 0x915936, 0x925735, 0x92593B, 0x935A3C, 0x935B38, 0x905B39, 
0x754829, 0x592D12, 0x814F38, 0x84503A, 0x955F45, 0x632C0D, 0xCF956F, 0xEFB788, 0xC7945F, 0xF5C08A, 0xF5BB89, 0xF7BB89, 0xF4BC8B, 0xF4BF8D, 0xF2BD89, 0xF3BB88, 
0xFBBF8B, 0xC8905F, 0xA26E47, 0x683611, 0x955F39, 0x935B36, 0x8C5737, 0x8F5C3D, 0x8F5C3F, 0x865739, 0x8E6549, 0x5D412B, 0xBCB2A8, 0xFFFFFB, 0xFDFEF9, 0xFFFFFB, 
0xFFFFFD, 0xFFFFFF, 0xFFFFFF, 0xFFFFFF, 0xFFFFFF, 0xFFFFFF, 0xFFFFFF, 0xFFFFFF, 0xFFFFFF, 0xFFFFFF, 0xFFFFFF, 0xFFFFFF, 0xFFFFFF, 0xFFFFFF, 0xFFFFFF, 0xFFFFFF, 
0xFFFFFF, 0xFFFFFF, 0xFFFFFF, 0xFFFFFF, 0xFFFFFF, 0xFFFFFF, 0xFFFFFF, 0xFFFFFF, 0xFFFFFF, 0xFFFFFF, 0xFFFFFF, 0xFFFFFF, 0xFFFFFF, 0xFFFFFF, 0xFFFFFF, 0xFFFFFF, 
0xFFFFFF, 0xFFFFFF, 0xFFFFFF, 0xFFFFFF, 0xFFFFFF, 0xFFFFFF, 0xFFFFFF, 0xFFFFFF, 0xFFFFFF, 0xFFFFFF, 0xFFFFFF, 0xFFFFFF, 0xFFFFFF, 0xFFFFFF, 0xFFFFFF, 0xFFFFFF, 
0xFFFFFF, 0xFFFFFF, 0xFFFFFF, 0xFFFFFF, 0xFFFFFF, 0xFFFFFF, 0xFFFFFF, 0xFFFFFF, 0xFFFFFF, 0xFFFFFF, 0xFFFFFF, 0xFFFFFF, 0xFFFFFF, 0xFFFFFF, 0xFFFFFF, 0xFFFFFF, 
0xFFFFFF, 0xFFFFFF, 0xFFFFFF, 0xFFFFFF, 0xFFFFFF, 0xFFFFFF, 0xFFFFFF, 0xFFFFFF, 0xFFFFFF, 0xFFFFFF, 0xFFFFFF, 0xFFFFFF, 0xFFFFFF, 0xFFFFFF, 0xFFFFFF, 0xFFFFFF, 
0xFFFFFF, 0xFFFFFF, 0xFFFFFF, 0xFFFFFF, 0xFFFFFF, 0xFFFFFF, 0xFFFFFF, 0xFFFFFF, 0xFFFFFF, 0xFFFFFF, 0xFFFFFF, 0xFFFFFF, 0xFFFFFF, 0xFFFFFF, 0xFFFFFF, 0xFFFFFF, 
0xFFFFFF, 0xFFFFFF, 0xFFFFFF, 0xFFFFFF, 0xFFFFFF, 0xFFFFFF, 0xFFFFFF, 0xFFFFFF, 0xFFFFFF, 0xFFFFFF, 0xFFFFFF, 0xFFFFFF, 0xFFFFFF, 0xFFFFFF, 0xFFFFFF, 0xFFFFFF, 
0xFFFEFF, 0xFEFAFB, 0xFFFCFF, 0xFFFCFF, 0xFFF7F5, 0x726056, 0x7C533F, 0x915E43, 0x8C5A3F, 0x8D5A3D, 0x925C3A, 0x945937, 0x995C3D, 0x955A3C, 0x8F5839, 0x885739, 
0x4B2407, 0x623D23, 0x8B5D46, 0x93634C, 0x734126, 0x78441F, 0xF5BA8E, 0xFFC38F, 0xFBC48C, 0xF5BE86, 0xFABC89, 0xF7BB89, 0xEFB786, 0xF9C492, 0xF2BD89, 0xF3BC86, 
0xF6BD86, 0xEEB683, 0xF7C89C, 0x7F5229, 0x7E4A23, 0x8F5935, 0x925D3E, 0x8E5B3E, 0x8D5A3B, 0x905F3F, 0x936544, 0x79553D, 0x726056, 0xFFFDF9, 0xFFFFFA, 0xFDFFFA, 
0xFFFFFD, 0xFFFFFF, 0xFFFFFF, 0xFFFFFF, 0xFFFFFF, 0xFFFFFF, 0xFFFFFF, 0xFFFFFF, 0xFFFFFF, 0xFFFFFF, 0xFFFFFF, 0xFFFFFF, 0xFFFFFF, 0xFFFFFF, 0xFFFFFF, 0xFFFFFF, 
0xFFFFFF, 0xFFFFFF, 0xFFFFFF, 0xFFFFFF, 0xFFFFFF, 0xFFFFFF, 0xFFFFFF, 0xFFFFFF, 0xFFFFFF, 0xFFFFFF, 0xFFFFFF, 0xFFFFFF, 0xFFFFFF, 0xFFFFFF, 0xFFFFFF, 0xFFFFFF, 
0xFFFFFF, 0xFFFFFF, 0xFFFFFF, 0xFFFFFF, 0xFFFFFF, 0xFFFFFF, 0xFFFFFF, 0xFFFFFF, 0xFFFFFF, 0xFFFFFF, 0xFFFFFF, 0xFFFFFF, 0xFFFFFF, 0xFFFFFF, 0xFFFFFF, 0xFFFFFF, 
0xFFFFFF, 0xFFFFFF, 0xFFFFFF, 0xFFFFFF, 0xFFFFFF, 0xFFFFFF, 0xFFFFFF, 0xFFFFFF, 0xFFFFFF, 0xFFFFFF, 0xFFFFFF, 0xFFFFFF, 0xFFFFFF, 0xFFFFFF, 0xFFFFFF, 0xFFFFFF, 
0xFFFFFF, 0xFFFFFF, 0xFFFFFF, 0xFFFFFF, 0xFFFFFF, 0xFFFFFF, 0xFFFFFF, 0xFFFFFF, 0xFFFFFF, 0xFFFFFF, 0xFFFFFF, 0xFFFFFF, 0xFFFFFF, 0xFFFFFF, 0xFFFFFF, 0xFFFFFF, 
0xFFFFFF, 0xFFFFFF, 0xFFFFFF, 0xFFFFFF, 0xFFFFFF, 0xFFFFFF, 0xFFFFFF, 0xFFFFFF, 0xFFFFFF, 0xFFFFFF, 0xFFFFFF, 0xFFFFFF, 0xFFFFFF, 0xFFFFFF, 0xFFFFFF, 0xFFFFFF, 
0xFFFFFF, 0xFFFFFF, 0xFFFFFF, 0xFFFFFF, 0xFFFFFF, 0xFFFFFF, 0xFFFFFF, 0xFFFFFF, 0xFFFFFF, 0xFFFFFF, 0xFFFFFF, 0xFFFFFF, 0xFFFFFF, 0xFFFFFF, 0xFFFFFF, 0xFFFFFF, 
0xFDFDFD, 0xFFFFFF, 0xFBF9FE, 0xFFFCFE, 0xFFF8F3, 0x5A4436, 0x81593F, 0x8F5E40, 0x8C5A41, 0x915F44, 0x8E5C3B, 0x915C3A, 0x915638, 0x91593E, 0x8C5E47, 0x59331E, 
0x593620, 0x6C4A31, 0x906B50, 0x845D3E, 0x4F2801, 0xC19268, 0xFFC799, 0xF0B281, 0xF8BC88, 0xF1B57F, 0xFDBE89, 0xFFC08B, 0xF5B985, 0xF6BD88, 0xF6BA86, 0xFABC89, 
0xFBBD8A, 0xF2BA87, 0xF5C595, 0xB78B5E, 0x63310E, 0x976445, 0x925C44, 0x8E583E, 0x945F3F, 0x8D5836, 0x8C593A, 0x8A5D46, 0x56382D, 0xF4E2DE, 0xFFFFFA, 0xFCFEFB, 
0xFFFFFF, 0xFFFFFF, 0xFFFFFF, 0xFFFFFF, 0xFFFFFF, 0xFFFFFF, 0xFFFFFF, 0xFFFFFF, 0xFFFFFF, 0xFFFFFF, 0xFFFFFF, 0xFFFFFF, 0xFFFFFF, 0xFFFFFF, 0xFFFFFF, 0xFFFFFF, 
0xFFFFFF, 0xFFFFFF, 0xFFFFFF, 0xFFFFFF, 0xFFFFFF, 0xFFFFFF, 0xFFFFFF, 0xFFFFFF, 0xFFFFFF, 0xFFFFFF, 0xFFFFFF, 0xFFFFFF, 0xFFFFFF, 0xFFFFFF, 0xFFFFFF, 0xFFFFFF, 
0xFFFFFF, 0xFFFFFF, 0xFFFFFF, 0xFFFFFF, 0xFFFFFF, 0xFFFFFF, 0xFFFFFF, 0xFFFFFF, 0xFFFFFF, 0xFFFFFF, 0xFFFFFF, 0xFFFFFF, 0xFFFFFF, 0xFFFFFF, 0xFFFFFF, 0xFFFFFF, 
0xFFFFFF, 0xFFFFFF, 0xFFFFFF, 0xFFFFFF, 0xFFFFFF, 0xFFFFFF, 0xFFFFFF, 0xFFFFFF, 0xFFFFFF, 0xFFFFFF, 0xFFFFFF, 0xFFFFFF, 0xFFFFFF, 0xFFFFFF, 0xFFFFFF, 0xFFFFFF, 
0xFFFFFF, 0xFFFFFF, 0xFFFFFF, 0xFFFFFF, 0xFFFFFF, 0xFFFFFF, 0xFFFFFF, 0xFFFFFF, 0xFFFFFF, 0xFFFFFF, 0xFFFFFF, 0xFFFFFF, 0xFFFFFF, 0xFFFFFF, 0xFFFFFF, 0xFFFFFF, 
0xFFFFFF, 0xFFFFFF, 0xFFFFFF, 0xFFFFFF, 0xFFFFFF, 0xFFFFFF, 0xFFFFFF, 0xFFFFFF, 0xFFFFFF, 0xFFFFFF, 0xFFFFFF, 0xFFFFFF, 0xFFFFFF, 0xFFFFFF, 0xFFFFFF, 0xFFFFFF, 
0xFFFFFF, 0xFFFFFF, 0xFFFFFF, 0xFFFFFF, 0xFFFFFF, 0xFFFFFF, 0xFFFFFF, 0xFFFFFF, 0xFFFFFF, 0xFFFFFF, 0xFFFFFF, 0xFFFFFF, 0xFFFFFF, 0xFFFFFF, 0xFFFFFF, 0xFFFFFF, 
0xFDFFFE, 0xFDFFFE, 0xFFFEFF, 0xFFFDFD, 0xF5EAE6, 0x553F31, 0x805B41, 0x8D5E40, 0x905E43, 0x8A583D, 0x905F3F, 0x8B5A3A, 0x905A3E, 0x946249, 0x57321F, 0x836450, 
0xB18E78, 0x49240A, 0x734C2D, 0x4C2500, 0x986E44, 0xF5C698, 0xF2BA89, 0xF9BD8B, 0xF5B985, 0xFCBF89, 0xF7B882, 0xFABB85, 0xFDC18B, 0xF6BA84, 0xFBBC89, 0xFABB88, 
0xF8BA87, 0xF4BB86, 0xF3BF8D, 0xE8B98B, 0x673917, 0x88593D, 0x8D573F, 0x935B42, 0x915A3C, 0x925C3A, 0x915A3B, 0x96674D, 0x623D2D, 0xC5AEA6, 0xFFFCF6, 0xFDFEF9, 
0xFFFFFD, 0xFFFFFF, 0xFFFFFF, 0xFFFFFF, 0xFFFFFF, 0xFFFFFF, 0xFFFFFF, 0xFFFFFF, 0xFFFFFF, 0xFFFFFF, 0xFFFFFF, 0xFFFFFF, 0xFFFEFF, 0xFFFFFF, 0xFFFFFF, 0xFFFFFF, 
0xFFFFFF, 0xFFFFFF, 0xFFFFFF, 0xFFFFFF, 0xFFFFFF, 0xFFFFFF, 0xFFFFFF, 0xFFFFFF, 0xFFFFFF, 0xFFFFFF, 0xFFFFFF, 0xFFFFFF, 0xFFFFFF, 0xFFFFFF, 0xFFFFFF, 0xFFFFFF, 
0xFFFFFF, 0xFFFFFF, 0xFFFFFF, 0xFFFFFF, 0xFFFFFF, 0xFFFFFF, 0xFFFFFF, 0xFFFFFF, 0xFFFFFF, 0xFFFFFF, 0xFFFFFF, 0xFFFFFF, 0xFFFFFF, 0xFFFFFF, 0xFFFFFF, 0xFFFFFF, 
0xFFFFFF, 0xFFFFFF, 0xFFFFFF, 0xFFFFFF, 0xFFFFFF, 0xFFFFFF, 0xFFFFFF, 0xFFFFFF, 0xFFFFFF, 0xFFFFFF, 0xFFFFFF, 0xFFFFFF, 0xFFFFFF, 0xFFFFFF, 0xFFFFFF, 0xFFFFFF, 
0xFFFFFF, 0xFFFFFF, 0xFFFFFF, 0xFFFFFF, 0xFFFFFF, 0xFFFFFF, 0xFFFFFF, 0xFFFFFF, 0xFFFFFF, 0xFFFFFF, 0xFFFFFF, 0xFFFFFF, 0xFFFFFF, 0xFFFFFF, 0xFFFFFF, 0xFFFFFF, 
0xFFFFFF, 0xFFFFFF, 0xFFFFFF, 0xFFFFFF, 0xFFFFFF, 0xFFFFFF, 0xFFFFFF, 0xFFFFFF, 0xFFFFFF, 0xFFFFFF, 0xFFFFFF, 0xFFFFFF, 0xFFFFFF, 0xFFFFFF, 0xFFFFFF, 0xFFFFFF, 
0xFFFFFF, 0xFFFFFF, 0xFFFFFF, 0xFFFFFF, 0xFFFFFF, 0xFFFFFF, 0xFFFFFF, 0xFFFFFF, 0xFFFFFF, 0xFFFFFF, 0xFFFFFF, 0xFFFFFF, 0xFFFFFF, 0xFFFFFF, 0xFFFFFF, 0xFFFFFF, 
0xFEFFFF, 0xFFFFFF, 0xFFFCFE, 0xFFFCFD, 0xFFF6F5, 0x59453E, 0x815B48, 0x8E5F43, 0x8D5C3C, 0x8B5A3A, 0x8E5D3F, 0x8F5D42, 0x916349, 0x654026, 0x563A24, 0xF8D9C4, 
0xF8CFB3, 0xA06F4F, 0x7E4C27, 0xA4734A, 0xF9C699, 0xF0BC8C, 0xF1BC8A, 0xF3BB88, 0xF6BD88, 0xF8BC86, 0xF9BC85, 0xF9BC85, 0xF8BC86, 0xF8BC88, 0xF9BB8A, 0xF9BB88, 
0xFABC89, 0xF8BC88, 0xF0B983, 0xF9C699, 0x855A38, 0x71452A, 0x955F45, 0x92593E, 0x945B40, 0x91583B, 0x905739, 0x986747, 0x704A33, 0x9C8271, 0xFFFDF3, 0xFFFDF8, 
0xFEFFFA, 0xFDFFFE, 0xFEFEFE, 0xFFFFFF, 0xFBFCFE, 0xFEFFFF, 0xFEFFFF, 0xFDFFFE, 0xFEFFFF, 0xFFFFFD, 0xFFFFFD, 0xFFFFFD, 0xFFFEFF, 0xFFFEFF, 0xFEFFFF, 0xFEFFFF, 
0xFFFFFF, 0xFFFFFF, 0xFFFFFF, 0xFFFFFF, 0xFFFFFF, 0xFFFFFF, 0xFFFFFF, 0xFFFFFF, 0xFFFFFF, 0xFFFFFF, 0xFFFFFF, 0xFFFFFF, 0xFFFFFF, 0xFFFFFF, 0xFFFFFF, 0xFFFFFF, 
0xFFFFFF, 0xFFFFFF, 0xFFFFFF, 0xFFFFFF, 0xFFFFFF, 0xFFFFFF, 0xFFFFFF, 0xFFFFFF, 0xFFFFFF, 0xFFFFFF, 0xFFFFFF, 0xFFFFFF, 0xFFFFFF, 0xFFFFFF, 0xFFFFFF, 0xFFFFFF, 
0xFFFFFF, 0xFFFFFF, 0xFFFFFF, 0xFFFFFF, 0xFFFFFF, 0xFFFFFF, 0xFFFFFF, 0xFFFFFF, 0xFFFFFF, 0xFFFFFF, 0xFFFFFF, 0xFFFFFF, 0xFFFFFF, 0xFFFFFF, 0xFFFFFF, 0xFFFFFF, 
0xFFFFFF, 0xFFFFFF, 0xFFFFFF, 0xFFFFFF, 0xFFFFFF, 0xFFFFFF, 0xFFFFFF, 0xFFFFFF, 0xFFFFFF, 0xFFFFFF, 0xFFFFFF, 0xFFFFFF, 0xFFFFFF, 0xFFFFFF, 0xFFFFFF, 0xFFFFFF, 
0xFFFFFF, 0xFFFFFF, 0xFFFFFF, 0xFFFFFF, 0xFFFFFF, 0xFFFFFF, 0xFFFFFF, 0xFFFFFF, 0xFFFFFF, 0xFFFFFF, 0xFFFFFF, 0xFFFFFF, 0xFFFFFF, 0xFFFFFF, 0xFFFFFF, 0xFFFFFF, 
0xFFFFFF, 0xFFFFFF, 0xFFFFFF, 0xFFFFFF, 0xFFFFFF, 0xFFFFFF, 0xFFFFFF, 0xFFFFFF, 0xFFFFFF, 0xFFFFFF, 0xFFFFFF, 0xFFFFFF, 0xFFFFFF, 0xFFFFFF, 0xFFFFFF, 0xFFFFFF, 
0xFEFFFF, 0xFFFFFF, 0xFFF9FB, 0xFFFCFF, 0xFFFAFD, 0xBCAAA6, 0x53301D, 0x895B41, 0x906342, 0x8D603F, 0x8E5F43, 0x865A41, 0x553016, 0x5B3B22, 0xE5CBB2, 0xFFE6C9, 
0xEFC19D, 0xF6BF96, 0xFDC499, 0xFDC497, 0xEDB586, 0xF5BD8C, 0xF7BF8C, 0xF6BD88, 0xF6BD86, 0xF8BC86, 0xF8BC86, 0xF8BC86, 0xF8BC88, 0xF8BC88, 0xF8BC8A, 0xF8BC8A, 
0xF8BA87, 0xF8BA87, 0xF6BA86, 0xF9C596, 0xA07553, 0x673E22, 0x936043, 0x91583B, 0x925A3F, 0x955D42, 0x92593B, 0x8D5B3A, 0x7D5639, 0x61452F, 0x9D8B7D, 0xF4EAE1, 
0xFFFEF8, 0xFEFDF9, 0xFEFCFD, 0xFFFFFF, 0xFDFEFF, 0xFDFEFF, 0xFCFFFF, 0xFCFEFD, 0xFEFFFD, 0xFFFFFD, 0xFFFFFD, 0xFFFEFF, 0xFFFEFF, 0xFFFEFF, 0xFEFFFF, 0xFEFFFF, 
0xFFFFFF, 0xFFFFFF, 0xFFFFFF, 0xFFFFFF, 0xFFFFFF, 0xFFFFFF, 0xFFFFFF, 0xFFFFFF, 0xFFFFFF, 0xFFFFFF, 0xFFFFFF, 0xFFFFFF, 0xFFFFFF, 0xFFFFFF, 0xFFFFFF, 0xFFFFFF, 
0xFFFFFF, 0xFFFFFF, 0xFFFFFF, 0xFFFFFF, 0xFFFFFF, 0xFFFFFF, 0xFFFFFF, 0xFFFFFF, 0xFFFFFF, 0xFFFFFF, 0xFFFFFF, 0xFFFFFF, 0xFFFFFF, 0xFFFFFF, 0xFFFFFF, 0xFFFFFF, 
0xFFFFFF, 0xFFFFFF, 0xFFFFFF, 0xFFFFFF, 0xFFFFFF, 0xFFFFFF, 0xFFFFFF, 0xFFFFFF, 0xFFFFFF, 0xFFFFFF, 0xFFFFFF, 0xFFFFFF, 0xFFFFFF, 0xFFFFFF, 0xFFFFFF, 0xFFFFFF, 
0xFFFFFF, 0xFFFFFF, 0xFFFFFF, 0xFFFFFF, 0xFFFFFF, 0xFFFFFF, 0xFFFFFF, 0xFFFFFF, 0xFFFFFF, 0xFFFFFF, 0xFFFFFF, 0xFFFFFF, 0xFFFFFF, 0xFFFFFF, 0xFFFFFF, 0xFFFFFF, 
0xFFFFFF, 0xFFFFFF, 0xFFFFFF, 0xFFFFFF, 0xFFFFFF, 0xFFFFFF, 0xFFFFFF, 0xFFFFFF, 0xFFFFFF, 0xFFFFFF, 0xFFFFFF, 0xFFFFFF, 0xFFFFFF, 0xFFFFFF, 0xFFFFFF, 0xFFFFFF, 
0xFFFFFF, 0xFFFFFF, 0xFFFFFF, 0xFFFFFF, 0xFFFFFF, 0xFFFFFF, 0xFFFFFF, 0xFFFFFF, 0xFFFFFF, 0xFFFFFF, 0xFFFFFF, 0xFFFFFF, 0xFFFFFF, 0xFFFFFF, 0xFFFFFF, 0xFFFFFF, 
0xFCFEFB, 0xFEFFFD, 0xFFFEFF, 0xFFFDFF, 0xFFFFFF, 0xFFFDF8, 0xA48570, 0x653E1F, 0x532F0D, 0x563313, 0x532E13, 0x4E2A10, 0x8F7159, 0xF9DFC4, 0xFFECCE, 0xF9D6B0, 
0xF1BD8E, 0xF8BC8A, 0xF4B886, 0xF5BB89, 0xFCC08C, 0xF6BA84, 0xF8BB84, 0xF7BA83, 0xF9BC86, 0xF8BC86, 0xF8BC86, 0xF6BD88, 0xF8BC88, 0xF8BC88, 0xF6BC8A, 0xF8BC8A, 
0xF8BA89, 0xF9BB88, 0xF6BA86, 0xF9C394, 0xBD916C, 0x623717, 0x92603F, 0x90593A, 0x8F593D, 0x8D573B, 0x945D3E, 0x8F5C3D, 0x7B4F32, 0x5E3A22, 0x6C4F3F, 0x533D32, 
0xBEB0A5, 0xFFFCF5, 0xFFFEFB, 0xFDFBFC, 0xFFFEFF, 0xFEFFFF, 0xFCFDFF, 0xFEFFFF, 0xFFFFFD, 0xFFFFFD, 0xFFFEFF, 0xFFFEFF, 0xFFFEFF, 0xFFFFFF, 0xFFFFFD, 0xFFFFFD, 
0xFFFFFF, 0xFFFFFF, 0xFFFFFF, 0xFFFFFF, 0xFFFFFF, 0xFFFFFF, 0xFFFFFF, 0xFFFFFF, 0xFFFFFF, 0xFFFFFF, 0xFFFFFF, 0xFFFFFF, 0xFFFFFF, 0xFFFFFF, 0xFFFFFF, 0xFFFFFF, 
0xFFFFFF, 0xFFFFFF, 0xFFFFFF, 0xFFFFFF, 0xFFFFFF, 0xFFFFFF, 0xFFFFFF, 0xFFFFFF, 0xFFFFFF, 0xFFFFFF, 0xFFFFFF, 0xFFFFFF, 0xFFFFFF, 0xFFFFFF, 0xFFFFFF, 0xFFFFFF, 
0xFFFFFF, 0xFFFFFF, 0xFFFFFF, 0xFFFFFF, 0xFFFFFF, 0xFFFFFF, 0xFFFFFF, 0xFFFFFF, 0xFFFFFF, 0xFFFFFF, 0xFFFFFF, 0xFFFFFF, 0xFFFFFF, 0xFFFFFF, 0xFFFFFF, 0xFFFFFF, 
0xFFFFFF, 0xFFFFFF, 0xFFFFFF, 0xFFFFFF, 0xFFFFFF, 0xFFFFFF, 0xFFFFFF, 0xFFFFFF, 0xFFFFFF, 0xFFFFFF, 0xFFFFFF, 0xFFFFFF, 0xFFFFFF, 0xFFFFFF, 0xFFFFFF, 0xFFFFFF, 
0xFFFFFF, 0xFFFFFF, 0xFFFFFF, 0xFFFFFF, 0xFFFFFF, 0xFFFFFF, 0xFFFFFF, 0xFFFFFF, 0xFFFFFF, 0xFFFFFF, 0xFFFFFF, 0xFFFFFF, 0xFFFFFF, 0xFFFFFF, 0xFFFFFF, 0xFFFFFF, 
0xFFFFFF, 0xFFFFFF, 0xFFFFFF, 0xFFFFFF, 0xFFFFFF, 0xFFFFFF, 0xFFFFFF, 0xFFFFFF, 0xFFFFFF, 0xFFFFFF, 0xFFFFFF, 0xFFFFFF, 0xFFFFFF, 0xFFFFFF, 0xFFFFFF, 0xFFFFFD, 
0xFFFFFB, 0xFBFCF7, 0xFBFDFC, 0xFCFDFF, 0xFCFFFF, 0xFFFBF5, 0xBAA089, 0xCCAB8A, 0xD4B596, 0xC8AB8D, 0xCAAC90, 0xE7CCB1, 0xFFF5DD, 0xF5DDC1, 0xFFE6C0, 0xF0C799, 
0xF0B983, 0xF9BC85, 0xF4BB86, 0xF0B684, 0xF8BC88, 0xFBBE88, 0xFCBB83, 0xFDBC84, 0xFABB86, 0xF8BC88, 0xF6BD88, 0xF6BD88, 0xF8BC88, 0xF8BC88, 0xF6BC8A, 0xF6BC8A, 
0xFABC8B, 0xF9BB8A, 0xF5B983, 0xFAC593, 0xCDA077, 0x633815, 0x8F5D3A, 0x915C3C, 0x905D40, 0x905D40, 0x905B3C, 0x956041, 0x7E4D2F, 0x62361D, 0x8D6754, 0x826152, 
0x4F3828, 0x9C8C7F, 0xFFF9F3, 0xFFFDFD, 0xFDFBFF, 0xFEFFFF, 0xFEFFFF, 0xFEFEFC, 0xFFFFFB, 0xFFFFFD, 0xFFFEFF, 0xFFFFFF, 0xFFFFFF, 0xFFFFFF, 0xFFFFFD, 0xFFFFFB, 
0xFFFFFD, 0xFFFFFF, 0xFFFFFF, 0xFFFFFF, 0xFFFFFF, 0xFFFFFF, 0xFFFFFF, 0xFFFFFF, 0xFFFFFF, 0xFFFFFF, 0xFFFFFF, 0xFFFFFF, 0xFFFFFF, 0xFFFFFF, 0xFFFFFF, 0xFFFFFF, 
0xFFFFFF, 0xFFFFFF, 0xFFFFFF, 0xFFFFFF, 0xFFFFFF, 0xFFFFFF, 0xFFFFFF, 0xFFFFFF, 0xFFFFFF, 0xFFFFFF, 0xFFFFFF, 0xFFFFFF, 0xFFFFFF, 0xFFFFFF, 0xFFFFFF, 0xFFFFFF, 
0xFFFFFF, 0xFFFFFF, 0xFFFFFF, 0xFFFFFF, 0xFFFFFF, 0xFFFFFF, 0xFFFFFF, 0xFFFFFF, 0xFFFFFF, 0xFFFFFF, 0xFFFFFF, 0xFFFFFF, 0xFFFFFF, 0xFFFFFF, 0xFFFFFF, 0xFFFFFF, 
0xFFFFFF, 0xFFFFFF, 0xFFFFFF, 0xFFFFFF, 0xFFFFFF, 0xFFFFFF, 0xFFFFFF, 0xFFFFFF, 0xFFFFFF, 0xFFFFFF, 0xFFFFFF, 0xFFFFFF, 0xFFFFFF, 0xFFFFFF, 0xFFFFFF, 0xFFFFFF, 
0xFFFFFF, 0xFFFFFF, 0xFFFFFF, 0xFFFFFF, 0xFFFFFF, 0xFFFFFF, 0xFFFFFF, 0xFFFFFF, 0xFFFFFF, 0xFFFFFF, 0xFFFFFF, 0xFFFFFF, 0xFFFFFF, 0xFFFFFF, 0xFFFFFF, 0xFFFFFF, 
0xFFFFFF, 0xFFFFFF, 0xFFFFFF, 0xFFFFFF, 0xFFFFFF, 0xFFFFFF, 0xFFFFFF, 0xFFFFFF, 0xFFFFFF, 0xFFFFFF, 0xFFFFFF, 0xFFFFFF, 0xFFFFFF, 0xFFFFFF, 0xFFFFFF, 0xFFFFFD, 
0xFFFFFA, 0xFDFEF8, 0xFCFFFF, 0xFBFFFF, 0xF8FCFD, 0xFFFBF3, 0x947F64, 0xF5D8B6, 0xFFF1D3, 0xFFEBCF, 0xFFEBCF, 0xFDE5CB, 0xF2DEC6, 0xFFE9CE, 0xFFDCB0, 0xEFC08C, 
0xF5BD84, 0xF6BE85, 0xFAC694, 0xF5C392, 0xF1B988, 0xF9BD89, 0xFAB780, 0xFCB982, 0xFABB86, 0xF8BC8A, 0xF6BC8C, 0xF6BC8A, 0xF8BC88, 0xF8BC86, 0xF6BD88, 0xF6BC8A, 
0xFCBE8D, 0xF6B887, 0xF8BB85, 0xFAC28F, 0xD6A77B, 0x673B14, 0x8D5B36, 0x915C3A, 0x8D5C3E, 0x8C5B3D, 0x925F40, 0x945F40, 0x855031, 0x7A472A, 0x8C5944, 0x875A45, 
0x8B6852, 0x563B28, 0xA18F85, 0xFFFCFA, 0xFFFBFF, 0xFEFEFF, 0xFDFDFD, 0xFFFFFD, 0xFFFFFB, 0xFFFFFB, 0xFFFFFF, 0xFEFFFF, 0xFEFFFF, 0xFFFFFF, 0xFFFFFB, 0xFFFFFB, 
0xFFFFFD, 0xFFFFFF, 0xFFFFFF, 0xFFFFFF, 0xFFFFFF, 0xFFFFFF, 0xFFFFFF, 0xFFFFFF, 0xFFFFFF, 0xFFFFFF, 0xFFFFFF, 0xFFFFFF, 0xFFFFFF, 0xFFFFFF, 0xFFFFFF, 0xFFFFFF, 
0xFFFFFF, 0xFFFFFF, 0xFFFFFF, 0xFFFFFF, 0xFFFFFF, 0xFFFFFF, 0xFFFFFF, 0xFFFFFF, 0xFFFFFF, 0xFFFFFF, 0xFFFFFF, 0xFFFFFF, 0xFFFFFF, 0xFFFFFF, 0xFFFFFF, 0xFFFFFF, 
0xFFFFFF, 0xFFFFFF, 0xFFFFFF, 0xFFFFFF, 0xFFFFFF, 0xFFFFFF, 0xFFFFFF, 0xFFFFFF, 0xFFFFFF, 0xFFFFFF, 0xFFFFFF, 0xFFFFFF, 0xFFFFFF, 0xFFFFFF, 0xFFFFFF, 0xFFFFFF, 
0xFFFFFF, 0xFFFFFF, 0xFFFFFF, 0xFFFFFF, 0xFFFFFF, 0xFFFFFF, 0xFFFFFF, 0xFFFFFF, 0xFFFFFF, 0xFFFFFF, 0xFFFFFF, 0xFFFFFF, 0xFFFFFF, 0xFFFFFF, 0xFFFFFF, 0xFFFFFF, 
0xFFFFFF, 0xFFFFFF, 0xFFFFFF, 0xFFFFFF, 0xFFFFFF, 0xFFFFFF, 0xFFFFFF, 0xFFFFFF, 0xFFFFFF, 0xFFFFFF, 0xFFFFFF, 0xFFFFFF, 0xFFFFFF, 0xFFFFFF, 0xFFFFFF, 0xFFFFFF, 
0xFFFFFF, 0xFFFFFF, 0xFFFFFF, 0xFFFFFF, 0xFFFFFF, 0xFFFFFF, 0xFFFFFF, 0xFFFFFF, 0xFFFFFF, 0xFFFFFF, 0xFFFFFF, 0xFFFFFF, 0xFFFFFF, 0xFFFFFF, 0xFFFFFF, 0xFFFFFD, 
0xFDFAF5, 0xFFFFFA, 0xFCFFFF, 0xF7FBFC, 0xFFFEFF, 0xE2D8CF, 0xA18C71, 0xFFEAC9, 0xF7DFC3, 0xFCE7CC, 0xFBE6CB, 0xFAE4CC, 0xFBE6D1, 0xFFE8CB, 0xF6CA9D, 0xEEB983, 
0xF8C189, 0xEAB782, 0xCFA479, 0xDAB086, 0xF4C398, 0xF8C08F, 0xF8B781, 0xFEBB84, 0xFABB88, 0xF8BB8C, 0xF5BD8E, 0xF5BD8C, 0xF8BC88, 0xF8BC86, 0xF8BC86, 0xF8BC88, 
0xFBBD8C, 0xF3B584, 0xFBBE88, 0xF8BF8A, 0xDFAE83, 0x6A3D14, 0x8C5A35, 0x8D5B3A, 0x8F5E40, 0x8E5D3F, 0x8D5A3D, 0x8E593A, 0x945B3D, 0x985F41, 0x915940, 0x905C44, 
0x8B5F42, 0x8B674F, 0x4C3223, 0xC9B8B1, 0xFFFBFA, 0xFFFEFF, 0xFFFFFD, 0xFCFCFA, 0xFFFFFB, 0xFFFFFB, 0xFFFFFF, 0xFEFFFF, 0xFEFFFF, 0xFFFFFF, 0xFFFFFB, 0xFFFFFB, 
0xFFFFFD, 0xFFFFFF, 0xFFFFFF, 0xFFFFFF, 0xFFFFFF, 0xFFFFFF, 0xFFFFFF, 0xFFFFFF, 0xFFFFFF, 0xFFFFFF, 0xFFFFFF, 0xFFFFFF, 0xFFFFFF, 0xFFFFFF, 0xFFFFFF, 0xFFFFFF, 
0xFFFFFF, 0xFFFFFF, 0xFFFFFF, 0xFFFFFF, 0xFFFFFF, 0xFFFFFF, 0xFFFFFF, 0xFFFFFF, 0xFFFFFF, 0xFFFFFF, 0xFFFFFF, 0xFFFFFF, 0xFFFFFF, 0xFFFFFF, 0xFFFFFF, 0xFFFFFF, 
0xFFFFFF, 0xFFFFFF, 0xFFFFFF, 0xFFFFFF, 0xFFFFFF, 0xFFFFFF, 0xFFFFFF, 0xFFFFFF, 0xFFFFFF, 0xFFFFFF, 0xFFFFFF, 0xFFFFFF, 0xFFFFFF, 0xFFFFFF, 0xFFFFFF, 0xFFFFFF, 
0xFFFFFF, 0xFFFFFF, 0xFFFFFF, 0xFFFFFF, 0xFFFFFF, 0xFFFFFF, 0xFFFFFF, 0xFFFFFF, 0xFFFFFF, 0xFFFFFF, 0xFFFFFF, 0xFFFFFF, 0xFFFFFF, 0xFFFFFF, 0xFFFFFF, 0xFFFFFF, 
0xFFFFFF, 0xFFFFFF, 0xFFFFFF, 0xFFFFFF, 0xFFFFFF, 0xFFFFFF, 0xFFFFFF, 0xFFFFFF, 0xFFFFFF, 0xFFFFFF, 0xFFFFFF, 0xFFFFFF, 0xFFFFFF, 0xFFFFFF, 0xFFFFFF, 0xFFFFFF, 
0xFFFFFF, 0xFFFFFF, 0xFFFFFF, 0xFFFFFF, 0xFFFFFF, 0xFFFFFF, 0xFFFFFF, 0xFFFFFF, 0xFFFFFF, 0xFFFFFF, 0xFFFFFF, 0xFFFFFF, 0xFFFFFF, 0xFFFFFF, 0xFFFFFF, 0xFFFFFD, 
0xFFFEFB, 0xFFFDFC, 0xFFFFFF, 0xFFFEFF, 0xFFFCFA, 0xB8A69A, 0xC7AF93, 0xFFE9C7, 0xFAE0C5, 0xFEE6CC, 0xFBE5CD, 0xF9E1C9, 0xFDE2CD, 0xFFDDBF, 0xF3BF90, 0xF4BD87, 
0xE4B484, 0x6E471E, 0x412203, 0x4C2D10, 0x906A46, 0xEAB98E, 0xFABE8A, 0xFBB985, 0xF9BB8A, 0xF6BC8E, 0xF3BD8E, 0xF5BD8C, 0xF8BC88, 0xF9BC85, 0xF9BC85, 0xF9BC86, 
0xF9BB8A, 0xF7B988, 0xFABD87, 0xF6BD88, 0xE5B489, 0x6B3E17, 0x895935, 0x8D5C3B, 0x8E5D3F, 0x8F5E40, 0x8E5B3E, 0x935E3E, 0x905837, 0x915636, 0x94583C, 0x925B3D, 
0x8C5A39, 0x8D6144, 0x805D49, 0x54392E, 0xF5E6E1, 0xFFFDFB, 0xFBFAF8, 0xFEFEFC, 0xFFFFFD, 0xFFFFFD, 0xFFFFFF, 0xFFFFFF, 0xFFFFFF, 0xFFFFFF, 0xFFFFFB, 0xFFFFFB, 
0xFFFFFD, 0xFFFFFF, 0xFFFFFF, 0xFFFFFF, 0xFFFFFF, 0xFFFFFF, 0xFFFFFF, 0xFFFFFF, 0xFFFFFF, 0xFFFFFF, 0xFFFFFF, 0xFFFFFF, 0xFFFFFF, 0xFFFFFF, 0xFFFFFF, 0xFFFFFF, 
0xFFFFFF, 0xFFFFFF, 0xFFFFFF, 0xFFFFFF, 0xFFFFFF, 0xFFFFFF, 0xFFFFFF, 0xFFFFFF, 0xFFFFFF, 0xFFFFFF, 0xFFFFFF, 0xFFFFFF, 0xFFFFFF, 0xFFFFFF, 0xFFFFFF, 0xFFFFFF, 
0xFFFFFF, 0xFFFFFF, 0xFFFFFF, 0xFFFFFF, 0xFFFFFF, 0xFFFFFF, 0xFFFFFF, 0xFFFFFF, 0xFFFFFF, 0xFFFFFF, 0xFFFFFF, 0xFFFFFF, 0xFFFFFF, 0xFFFFFF, 0xFFFFFF, 0xFFFFFF, 
0xFFFFFF, 0xFFFFFF, 0xFFFFFF, 0xFFFFFF, 0xFFFFFF, 0xFFFFFF, 0xFFFFFF, 0xFFFFFF, 0xFFFFFF, 0xFFFFFF, 0xFFFFFF, 0xFFFFFF, 0xFFFFFF, 0xFFFFFF, 0xFFFFFF, 0xFFFFFF, 
0xFFFFFF, 0xFFFFFF, 0xFFFFFF, 0xFFFFFF, 0xFFFFFF, 0xFFFFFF, 0xFFFFFF, 0xFFFFFF, 0xFFFFFF, 0xFFFFFF, 0xFFFFFF, 0xFFFFFF, 0xFFFFFF, 0xFFFFFF, 0xFFFFFF, 0xFFFFFF, 
0xFFFFFF, 0xFFFFFF, 0xFFFFFF, 0xFFFFFF, 0xFFFFFF, 0xFFFFFF, 0xFFFFFF, 0xFFFFFF, 0xFFFFFF, 0xFFFFFF, 0xFFFFFF, 0xFFFFFF, 0xFFFFFF, 0xFFFFFF, 0xFFFFFF, 0xFFFEFF, 
0xFFFEFD, 0xFFFEFF, 0xFEFCFF, 0xFFFCFC, 0xFFF6EF, 0x997F6E, 0xE6CEB2, 0xFFEACA, 0xFEE4C9, 0xFBE1C8, 0xFCE4CA, 0xFDE3CA, 0xFFE1C8, 0xFFD6B6, 0xEAB485, 0xFFC794, 
0x986C45, 0x593819, 0xF8DFC9, 0x7F6650, 0x331100, 0xAC8059, 0xFCC292, 0xF8B984, 0xF8BC8A, 0xF5BD8E, 0xF3BD8E, 0xF3BE8C, 0xF9BC86, 0xFABB85, 0xF9BC85, 0xF9BC86, 
0xF7B988, 0xFDBF8E, 0xF5B784, 0xF8BE8C, 0xE7B68B, 0x6D4019, 0x865534, 0x905F3F, 0x8E5B3E, 0x8D5A3D, 0x8F5C3D, 0x925D3D, 0x915936, 0x965B39, 0x92593B, 0x90593A, 
0x96603E, 0x8B5A39, 0x8D634A, 0x674635, 0x8A7469, 0xFFFAF4, 0xFFFDFA, 0xFFFFFD, 0xFEFFFF, 0xFEFFFF, 0xFFFEFF, 0xFFFFFD, 0xFFFEFF, 0xFFFFFD, 0xFEFFFD, 0xFEFFFD, 
0xFFFFFF, 0xFFFFFF, 0xFFFFFF, 0xFFFFFF, 0xFFFFFF, 0xFFFFFF, 0xFFFFFF, 0xFFFFFF, 0xFFFFFF, 0xFFFFFF, 0xFFFFFF, 0xFFFFFF, 0xFFFFFF, 0xFFFFFF, 0xFFFFFF, 0xFFFFFF, 
0xFFFFFF, 0xFFFFFF, 0xFFFFFF, 0xFFFFFF, 0xFFFFFF, 0xFFFFFF, 0xFFFFFF, 0xFFFFFF, 0xFFFFFF, 0xFFFFFF, 0xFFFFFF, 0xFFFFFF, 0xFFFFFF, 0xFFFFFF, 0xFFFFFF, 0xFFFFFF, 
0xFFFFFF, 0xFFFFFF, 0xFFFFFF, 0xFFFFFF, 0xFFFFFF, 0xFFFFFF, 0xFFFFFF, 0xFFFFFF, 0xFFFFFF, 0xFFFFFF, 0xFFFFFF, 0xFFFFFF, 0xFFFFFF, 0xFFFFFF, 0xFFFFFF, 0xFFFFFF, 
0xFFFFFF, 0xFFFFFF, 0xFFFFFF, 0xFFFFFF, 0xFFFFFF, 0xFFFFFF, 0xFFFFFF, 0xFFFFFF, 0xFFFFFF, 0xFFFFFF, 0xFFFFFF, 0xFFFFFF, 0xFFFFFF, 0xFFFFFF, 0xFFFFFF, 0xFFFFFF, 
0xFFFFFF, 0xFFFFFF, 0xFFFFFF, 0xFFFFFF, 0xFFFFFF, 0xFFFFFF, 0xFFFFFF, 0xFFFFFF, 0xFFFFFF, 0xFFFFFF, 0xFFFFFF, 0xFFFFFF, 0xFFFFFF, 0xFFFFFF, 0xFFFFFF, 0xFFFFFF, 
0xFFFFFF, 0xFFFFFF, 0xFFFFFF, 0xFFFFFF, 0xFFFFFF, 0xFFFFFF, 0xFFFFFF, 0xFFFFFF, 0xFFFFFF, 0xFFFFFF, 0xFFFFFF, 0xFFFFFF, 0xFFFFFF, 0xFFFFFF, 0xFFFFFF, 0xFFFFFF, 
0xFFFEFF, 0xFFFDFF, 0xFDFBFE, 0xFFFCFA, 0xEFD3C5, 0xA6866F, 0xFFE9CD, 0xF9E4C5, 0xFEE3C6, 0xFFE3C7, 0xFBE1C6, 0xFFE1C5, 0xFFE4C7, 0xF0C29E, 0xF3BB8C, 0xF6C092, 
0x774C2C, 0x553621, 0xD6C0B2, 0x776153, 0x3F1F06, 0x976C49, 0xFAC291, 0xF8BB85, 0xF5BB89, 0xF3BB8A, 0xF4BE8F, 0xF2BD8B, 0xFCBF89, 0xFABB85, 0xF9BA85, 0xF9BA85, 
0xF8B888, 0xF6B887, 0xFBBD8C, 0xF3BB8C, 0xEAB990, 0x6B3D1B, 0x865537, 0x8E5B40, 0x8D573B, 0x945E42, 0x8D5A3B, 0x8D5838, 0x975F3A, 0x814B27, 0x8A5535, 0x8D5A3B, 
0x915B37, 0x905B39, 0x8E5D3F, 0x8E644E, 0x4F2F20, 0xE3D1C7, 0xFFFEFA, 0xFAFCFB, 0xFCFFFF, 0xFEFFFF, 0xFFFFFD, 0xFFFEFB, 0xFFFEFD, 0xFFFFFD, 0xFEFFFF, 0xFCFFFF, 
0xFEFFFF, 0xFFFFFF, 0xFFFFFF, 0xFFFFFF, 0xFFFFFF, 0xFFFFFF, 0xFFFFFF, 0xFFFFFF, 0xFFFFFF, 0xFFFFFF, 0xFFFFFF, 0xFFFFFF, 0xFFFFFF, 0xFFFFFF, 0xFFFFFF, 0xFFFFFF, 
0xFFFFFF, 0xFFFFFF, 0xFFFFFF, 0xFFFFFF, 0xFFFFFF, 0xFFFFFF, 0xFFFFFF, 0xFFFFFF, 0xFFFFFF, 0xFFFFFF, 0xFFFFFF, 0xFFFFFF, 0xFFFFFF, 0xFFFFFF, 0xFFFFFF, 0xFFFFFF, 
0xFFFFFF, 0xFFFFFF, 0xFFFFFF, 0xFFFFFF, 0xFFFFFF, 0xFFFFFF, 0xFFFFFF, 0xFFFFFF, 0xFFFFFF, 0xFFFFFF, 0xFFFFFF, 0xFFFFFF, 0xFFFFFF, 0xFFFFFF, 0xFFFFFF, 0xFFFFFF, 
0xFFFFFF, 0xFFFFFF, 0xFFFFFF, 0xFFFFFF, 0xFFFFFF, 0xFFFFFF, 0xFFFFFF, 0xFFFFFF, 0xFFFFFF, 0xFFFFFF, 0xFFFFFF, 0xFFFFFF, 0xFFFFFF, 0xFFFFFF, 0xFFFFFF, 0xFFFFFF, 
0xFFFFFF, 0xFFFFFF, 0xFFFFFF, 0xFFFFFF, 0xFFFFFF, 0xFFFFFF, 0xFFFFFF, 0xFFFFFF, 0xFFFFFF, 0xFFFFFF, 0xFFFFFF, 0xFFFFFF, 0xFFFFFF, 0xFFFFFF, 0xFFFFFF, 0xFFFFFF, 
0xFFFFFF, 0xFFFFFF, 0xFFFFFF, 0xFFFFFF, 0xFFFFFF, 0xFFFFFF, 0xFFFFFF, 0xFFFFFF, 0xFFFFFF, 0xFFFFFF, 0xFFFFFF, 0xFFFFFF, 0xFFFFFF, 0xFFFFFF, 0xFFFFFF, 0xFFFFFF, 
0xFFFEFF, 0xFFFEFF, 0xFFFCFB, 0xFFFBF4, 0xB1917C, 0xD1AD93, 0xFFEDD2, 0xFCE8CD, 0xFFE5C8, 0xFFE4C6, 0xFEE3C6, 0xFFE4C7, 0xFFD5B3, 0xF1BD96, 0xF1BB8C, 0xF3BE92, 
0x683C1F, 0x4A2714, 0x3F2518, 0x4B3122, 0x432108, 0x9A6E49, 0xFFC595, 0xF2B57E, 0xF5BC87, 0xF5BD8A, 0xF5C08E, 0xF2BA87, 0xF8BB85, 0xF9BA85, 0xF8B984, 0xFDBE8B, 
0xC18151, 0xD59766, 0xFDC18F, 0xF3BB8C, 0xE2B189, 0x6A3C1A, 0x8C5A3F, 0x8E5A42, 0x925C40, 0x8D573B, 0x915E41, 0x8F5D3C, 0x8B5531, 0x8E5A35, 0x764827, 0x8C5E3D, 
0x915C3A, 0x935D3B, 0x8D5637, 0x93644A, 0x6F4936, 0x886E61, 0xFFFDF6, 0xFFFFFD, 0xFCFFFF, 0xFCFFFF, 0xFFFFFD, 0xFFFEFB, 0xFFFEFB, 0xFFFEFD, 0xFEFFFF, 0xFCFFFF, 
0xFEFFFF, 0xFFFFFF, 0xFFFFFF, 0xFFFFFF, 0xFFFFFF, 0xFFFFFF, 0xFFFFFF, 0xFFFFFF, 0xFFFFFF, 0xFFFFFF, 0xFFFFFF, 0xFFFFFF, 0xFFFFFF, 0xFFFFFF, 0xFFFFFF, 0xFFFFFF, 
0xFFFFFF, 0xFFFFFF, 0xFFFFFF, 0xFFFFFF, 0xFFFFFF, 0xFFFFFF, 0xFFFFFF, 0xFFFFFF, 0xFFFFFF, 0xFFFFFF, 0xFFFFFF, 0xFFFFFF, 0xFFFFFF, 0xFFFFFF, 0xFFFFFF, 0xFFFFFF, 
0xFFFFFF, 0xFFFFFF, 0xFFFFFF, 0xFFFFFF, 0xFFFFFF, 0xFFFFFF, 0xFFFFFF, 0xFFFFFF, 0xFFFFFF, 0xFFFFFF, 0xFFFFFF, 0xFFFFFF, 0xFFFFFF, 0xFFFFFF, 0xFFFFFF, 0xFFFFFF, 
0xFFFFFF, 0xFFFFFF, 0xFFFFFF, 0xFFFFFF, 0xFFFFFF, 0xFFFFFF, 0xFFFFFF, 0xFFFFFF, 0xFFFFFF, 0xFFFFFF, 0xFFFFFF, 0xFFFFFF, 0xFFFFFF, 0xFFFFFF, 0xFFFFFF, 0xFFFFFF, 
0xFFFFFF, 0xFFFFFF, 0xFFFFFF, 0xFFFFFF, 0xFFFFFF, 0xFFFFFF, 0xFFFFFF, 0xFFFFFF, 0xFFFFFF, 0xFFFFFF, 0xFFFFFF, 0xFFFFFF, 0xFFFFFF, 0xFFFFFF, 0xFFFFFF, 0xFFFFFF, 
0xFFFFFF, 0xFFFFFF, 0xFFFFFF, 0xFFFFFF, 0xFFFFFF, 0xFFFFFF, 0xFFFFFF, 0xFFFFFF, 0xFFFFFF, 0xFFFFFF, 0xFFFFFF, 0xFFFFFF, 0xFFFFFF, 0xFFFFFF, 0xFFFFFF, 0xFEFFFF, 
0xFCFDFF, 0xFFFFFF, 0xFFFCF9, 0xF8E6D8, 0x9A765C, 0xFFDDBF, 0xFBE7CC, 0xF4E4CA, 0xFDE6C7, 0xFDE2C4, 0xFEE3C5, 0xFFE4C3, 0xF1C49D, 0xEFBA8E, 0xF2BE8E, 0xF2BF92, 
0x835232, 0x481B04, 0x512E1A, 0x4F2C16, 0x481F01, 0xCB9A71, 0xFFC793, 0xF8BA81, 0xF7BC84, 0xF7BE87, 0xF6BE8B, 0xF3B987, 0xF9BC86, 0xFBBC87, 0xF6B885, 0xFFC190, 
0xB77948, 0xC38554, 0xFFC391, 0xF6BE8F, 0xE7B68D, 0x6D3C1B, 0x825337, 0x8F5D44, 0x90583D, 0x925C40, 0x8F5E40, 0x916040, 0x915D38, 0x93613C, 0x7A4D2E, 0x835838, 
0x8D5C3B, 0x95603E, 0x8E5635, 0x925D3E, 0x8D6049, 0x4F301E, 0xF6E8DF, 0xFFFFFB, 0xFCFFFF, 0xFCFFFF, 0xFFFEFF, 0xFFFEFB, 0xFFFEFB, 0xFFFEFB, 0xFEFFFF, 0xFCFFFF, 
0xFEFFFF, 0xFFFFFF, 0xFFFFFF, 0xFFFFFF, 0xFFFFFF, 0xFFFFFF, 0xFFFFFF, 0xFFFFFF, 0xFFFFFF, 0xFFFFFF, 0xFFFFFF, 0xFFFFFF, 0xFFFFFF, 0xFFFFFF, 0xFFFFFF, 0xFFFFFF, 
0xFFFFFF, 0xFFFFFF, 0xFFFFFF, 0xFFFFFF, 0xFFFFFF, 0xFFFFFF, 0xFFFFFF, 0xFFFFFF, 0xFFFFFF, 0xFFFFFF, 0xFFFFFF, 0xFFFFFF, 0xFFFFFF, 0xFFFFFF, 0xFFFFFF, 0xFFFFFF, 
0xFFFFFF, 0xFFFFFF, 0xFFFFFF, 0xFFFFFF, 0xFFFFFF, 0xFFFFFF, 0xFFFFFF, 0xFFFFFF, 0xFFFFFF, 0xFFFFFF, 0xFFFFFF, 0xFFFFFF, 0xFFFFFF, 0xFFFFFF, 0xFFFFFF, 0xFFFFFF, 
0xFFFFFF, 0xFFFFFF, 0xFFFFFF, 0xFFFFFF, 0xFFFFFF, 0xFFFFFF, 0xFFFFFF, 0xFFFFFF, 0xFFFFFF, 0xFFFFFF, 0xFFFFFF, 0xFFFFFF, 0xFFFFFF, 0xFFFFFF, 0xFFFFFF, 0xFFFFFF, 
0xFFFFFF, 0xFFFFFF, 0xFFFFFF, 0xFFFFFF, 0xFFFFFF, 0xFFFFFF, 0xFFFFFF, 0xFFFFFF, 0xFFFFFF, 0xFFFFFF, 0xFFFFFF, 0xFFFFFF, 0xFFFFFF, 0xFFFFFF, 0xFFFFFF, 0xFFFFFF, 
0xFFFFFF, 0xFFFFFF, 0xFFFFFF, 0xFFFFFF, 0xFFFFFF, 0xFFFFFF, 0xFFFFFF, 0xFFFFFF, 0xFFFFFF, 0xFFFFFF, 0xFFFFFF, 0xFFFFFF, 0xFFFFFF, 0xFFFFFF, 0xFFFFFF, 0xFEFFFF, 
0xFCFFFF, 0xFCFDF8, 0xFFFDF3, 0xB7A08E, 0xC5A284, 0xFFEACA, 0xF7E3C8, 0xF6E8CD, 0xFBE6C7, 0xFCE4C2, 0xFFE4C6, 0xFFDEB9, 0xECBB90, 0xF0BB89, 0xF4C08E, 0xF2BF90, 
0xE4B08B, 0x8B5839, 0x603417, 0x5B3010, 0xA67650, 0xF9C395, 0xF6B983, 0xF5B77E, 0xF9BC85, 0xF9BD87, 0xF6BD88, 0xF5BC87, 0xFBBD8A, 0xFCBE8B, 0xF5B786, 0xFDBF8E, 
0xB37544, 0xC78B59, 0xFAC08E, 0xF7BF8E, 0xE4B186, 0x6D3D19, 0x845537, 0x8F5D42, 0x935D41, 0x895337, 0x875A3D, 0x805334, 0x8F5D3A, 0x8E5E3A, 0x7C4F30, 0x7D5134, 
0x865739, 0x905B3B, 0x955A3A, 0x905739, 0x946247, 0x613C29, 0xB7A599, 0xFFFEF8, 0xFEFFFF, 0xFCFFFF, 0xFFFFFF, 0xFFFEFD, 0xFFFEFB, 0xFFFEFB, 0xFEFFFF, 0xFCFFFF, 
0xFEFFFF, 0xFFFFFF, 0xFFFFFF, 0xFFFFFF, 0xFFFFFF, 0xFFFFFF, 0xFFFFFF, 0xFFFFFF, 0xFFFFFF, 0xFFFFFF, 0xFFFFFF, 0xFFFFFF, 0xFFFFFF, 0xFFFFFF, 0xFFFFFF, 0xFFFFFF, 
0xFFFFFF, 0xFFFFFF, 0xFFFFFF, 0xFFFFFF, 0xFFFFFF, 0xFFFFFF, 0xFFFFFF, 0xFFFFFF, 0xFFFFFF, 0xFFFFFF, 0xFFFFFF, 0xFFFFFF, 0xFFFFFF, 0xFFFFFF, 0xFFFFFF, 0xFFFFFF, 
0xFFFFFF, 0xFFFFFF, 0xFFFFFF, 0xFFFFFF, 0xFFFFFF, 0xFFFFFF, 0xFFFFFF, 0xFFFFFF, 0xFFFFFF, 0xFFFFFF, 0xFFFFFF, 0xFFFFFF, 0xFFFFFF, 0xFFFFFF, 0xFFFFFF, 0xFFFFFF, 
0xFFFFFF, 0xFFFFFF, 0xFFFFFF, 0xFFFFFF, 0xFFFFFF, 0xFFFFFF, 0xFFFFFF, 0xFFFFFF, 0xFFFFFF, 0xFFFFFF, 0xFFFFFF, 0xFFFFFF, 0xFFFFFF, 0xFFFFFF, 0xFFFFFF, 0xFFFFFF, 
0xFFFFFF, 0xFFFFFF, 0xFFFFFF, 0xFFFFFF, 0xFFFFFF, 0xFFFFFF, 0xFFFFFF, 0xFFFFFF, 0xFFFFFF, 0xFFFFFF, 0xFFFFFF, 0xFFFFFF, 0xFFFFFF, 0xFFFFFF, 0xFFFFFF, 0xFFFFFF, 
0xFFFFFF, 0xFFFFFF, 0xFFFFFF, 0xFFFFFF, 0xFFFFFF, 0xFFFFFF, 0xFFFFFF, 0xFFFFFF, 0xFFFFFF, 0xFFFFFF, 0xFFFFFF, 0xFFFFFF, 0xFFFFFF, 0xFFFFFF, 0xFFFFFF, 0xFFFFFF, 
0xFDFFFC, 0xFFFFF6, 0xEFDFD0, 0x947A63, 0xFDDCBD, 0xFFE3C4, 0xF8E4CB, 0xF7E9CF, 0xF9E8CA, 0xFDE6C6, 0xFFE5C5, 0xF9D3AE, 0xEFBB8C, 0xF4BB86, 0xF2BD87, 0xF2BD8B, 
0xF6C092, 0xF6BF96, 0xE4B088, 0xE3AF87, 0xF7C193, 0xF6BC8A, 0xF9BC85, 0xFBBD84, 0xFABD86, 0xF9BD87, 0xF8BC88, 0xF8BC88, 0xF8BC88, 0xF7BB87, 0xF6BA88, 0xF8BC8A, 
0xAE7142, 0xD19465, 0xFBC18F, 0xF3BB88, 0xF7C394, 0x75441B, 0x7E502F, 0x8C5D3F, 0x8C593C, 0x97654A, 0x6D432A, 0x5D3418, 0x905F3E, 0x905E3B, 0x7F5032, 0x7F5235, 
0x825337, 0x855233, 0x955D3C, 0x935B3A, 0x915B3F, 0x7D553C, 0x6C5545, 0xFFFAF1, 0xFFFFFD, 0xFCFFFF, 0xFFFFFF, 0xFFFEFF, 0xFFFEFD, 0xFFFFFD, 0xFFFFFF, 0xFEFFFF, 
0xFFFFFF, 0xFFFFFF, 0xFFFFFF, 0xFFFFFF, 0xFFFFFF, 0xFFFFFF, 0xFFFFFF, 0xFFFFFF, 0xFFFFFF, 0xFFFFFF, 0xFFFFFF, 0xFFFFFF, 0xFFFFFF, 0xFFFFFF, 0xFFFFFF, 0xFFFFFF, 
0xFFFFFF, 0xFFFFFF, 0xFFFFFF, 0xFFFFFF, 0xFFFFFF, 0xFFFFFF, 0xFFFFFF, 0xFFFFFF, 0xFFFFFF, 0xFFFFFF, 0xFFFFFF, 0xFFFFFF, 0xFFFFFF, 0xFFFFFF, 0xFFFFFF, 0xFFFFFF, 
0xFFFFFF, 0xFFFFFF, 0xFFFFFF, 0xFFFFFF, 0xFFFFFF, 0xFFFFFF, 0xFFFFFF, 0xFFFFFF, 0xFFFFFF, 0xFFFFFF, 0xFFFFFF, 0xFFFFFF, 0xFFFFFF, 0xFFFFFF, 0xFFFFFF, 0xFFFFFF, 
0xFFFFFF, 0xFFFFFF, 0xFFFFFF, 0xFFFFFF, 0xFFFFFF, 0xFFFFFF, 0xFFFFFF, 0xFFFFFF, 0xFFFFFF, 0xFFFFFF, 0xFFFFFF, 0xFFFFFF, 0xFFFFFF, 0xFFFFFF, 0xFFFFFF, 0xFFFFFF, 
0xFFFFFF, 0xFFFFFF, 0xFFFFFF, 0xFFFFFF, 0xFFFFFF, 0xFFFFFF, 0xFFFFFF, 0xFFFFFF, 0xFFFFFF, 0xFFFFFF, 0xFFFFFF, 0xFFFFFF, 0xFFFFFF, 0xFFFFFF, 0xFFFFFF, 0xFFFFFF, 
0xFFFFFF, 0xFFFFFF, 0xFFFFFF, 0xFFFFFF, 0xFFFFFF, 0xFFFFFF, 0xFFFFFF, 0xFFFFFF, 0xFFFFFF, 0xFFFFFF, 0xFFFFFF, 0xFFFFFF, 0xFFFFFF, 0xFFFFFF, 0xFFFFFF, 0xFFFFFD, 
0xFDFCF7, 0xFFFEF3, 0xA8917F, 0xCDAF95, 0xFFEACE, 0xFFE3C5, 0xF8E4CB, 0xF5E5CC, 0xF6E7CA, 0xFBE6C7, 0xFFE3C4, 0xF3C9A3, 0xF2BD8B, 0xF8BC86, 0xF4BB84, 0xF5BE88, 
0xF4BA88, 0xF4BC8B, 0xFBC392, 0xF9C190, 0xF7BD8B, 0xF4BB86, 0xF5B882, 0xFCBF88, 0xFABD87, 0xF8BC86, 0xF9BD89, 0xF8BC88, 0xF5B985, 0xF5B985, 0xFDC18D, 0xEEB280, 
0xA36639, 0xE2A576, 0xFAC08E, 0xF1B883, 0xF8C391, 0xA37043, 0x643612, 0x976A49, 0x8C5D3F, 0x86593C, 0x502A13, 0x5D351C, 0x936242, 0x935E3C, 0x885536, 0x7E4C31, 
0x815236, 0x825133, 0x935A3C, 0x935B3A, 0x905B3C, 0x8B5F46, 0x503321, 0xECDED3, 0xFFFFFA, 0xFEFFFF, 0xFEFFFF, 0xFFFEFF, 0xFFFEFF, 0xFFFEFF, 0xFFFFFD, 0xFFFFFD, 
0xFFFFFF, 0xFFFFFF, 0xFFFFFF, 0xFFFFFF, 0xFFFFFF, 0xFFFFFF, 0xFFFFFF, 0xFFFFFF, 0xFFFFFF, 0xFFFFFF, 0xFFFFFF, 0xFFFFFF, 0xFFFFFF, 0xFFFFFF, 0xFFFFFF, 0xFFFFFF, 
0xFFFFFF, 0xFFFFFF, 0xFFFFFF, 0xFFFFFF, 0xFFFFFF, 0xFFFFFF, 0xFFFFFF, 0xFFFFFF, 0xFFFFFF, 0xFFFFFF, 0xFFFFFF, 0xFFFFFF, 0xFFFFFF, 0xFFFFFF, 0xFFFFFF, 0xFFFFFF, 
0xFFFFFF, 0xFFFFFF, 0xFFFFFF, 0xFFFFFF, 0xFFFFFF, 0xFFFFFF, 0xFFFFFF, 0xFFFFFF, 0xFFFFFF, 0xFFFFFF, 0xFFFFFF, 0xFFFFFF, 0xFFFFFF, 0xFFFFFF, 0xFFFFFF, 0xFFFFFF, 
0xFFFFFF, 0xFFFFFF, 0xFFFFFF, 0xFFFFFF, 0xFFFFFF, 0xFFFFFF, 0xFFFFFF, 0xFFFFFF, 0xFFFFFF, 0xFFFFFF, 0xFFFFFF, 0xFFFFFF, 0xFFFFFF, 0xFFFFFF, 0xFFFFFF, 0xFFFFFF, 
0xFFFFFF, 0xFFFFFF, 0xFFFFFF, 0xFFFFFF, 0xFFFFFF, 0xFFFFFF, 0xFFFFFF, 0xFFFFFF, 0xFFFFFF, 0xFFFFFF, 0xFFFFFF, 0xFFFFFF, 0xFFFFFF, 0xFFFFFF, 0xFFFFFF, 0xFFFFFF, 
0xFFFFFF, 0xFFFFFF, 0xFFFFFF, 0xFFFFFF, 0xFFFFFF, 0xFFFFFF, 0xFFFFFF, 0xFFFFFF, 0xFFFFFF, 0xFFFFFF, 0xFFFFFF, 0xFFFFFF, 0xFFFFFF, 0xFFFFFF, 0xFFFFFF, 0xFFFFFB, 
0xFFFEF5, 0xDDD0C0, 0xA3846F, 0xFFE2C8, 0xFEDFC3, 0xFEE3C8, 0xFDE5CD, 0xFBE7CF, 0xF5E5CB, 0xF9E4C7, 0xFFE2C3, 0xF1C39F, 0xF3B989, 0xFCBD87, 0xF7BA83, 0xF9BE86, 
0xF4BB84, 0xF5BE86, 0xF4BB84, 0xF6BD86, 0xF7BE87, 0xF3BA85, 0xFDC48F, 0xF1B785, 0xF6BC8A, 0xF7BB89, 0xF9BD89, 0xF7BB87, 0xF6BA86, 0xF6BA86, 0xFEC28E, 0xD09462, 
0xAA7042, 0xF8BE90, 0xF2B682, 0xFBC28B, 0xF8BF88, 0xEFBB89, 0x6F4219, 0x623714, 0x8A5D3C, 0x562D11, 0x724F39, 0x704C34, 0x8C5B3D, 0x915938, 0x8C5336, 0x824A2F, 
0x84553B, 0x805135, 0x925B3D, 0x92593B, 0x905B3C, 0x92644A, 0x5F3F2A, 0xBDAC9C, 0xFFFEF8, 0xFFFFFF, 0xFCFFFF, 0xFCFFFF, 0xFFFEFF, 0xFFFEFF, 0xFFFFFD, 0xFFFFFB, 
0xFFFFFD, 0xFFFFFF, 0xFFFFFF, 0xFFFFFF, 0xFFFFFF, 0xFFFFFF, 0xFFFFFF, 0xFFFFFF, 0xFFFFFF, 0xFFFFFF, 0xFFFFFF, 0xFFFFFF, 0xFFFFFF, 0xFFFFFF, 0xFFFFFF, 0xFFFFFF, 
0xFFFFFF, 0xFFFFFF, 0xFFFFFF, 0xFFFFFF, 0xFFFFFF, 0xFFFFFF, 0xFFFFFF, 0xFFFFFF, 0xFFFFFF, 0xFFFFFF, 0xFFFFFF, 0xFFFFFF, 0xFFFFFF, 0xFFFFFF, 0xFFFFFF, 0xFFFFFF, 
0xFFFFFF, 0xFFFFFF, 0xFFFFFF, 0xFFFFFF, 0xFFFFFF, 0xFFFFFF, 0xFFFFFF, 0xFFFFFF, 0xFFFFFF, 0xFFFFFF, 0xFFFFFF, 0xFFFFFF, 0xFFFFFF, 0xFFFFFF, 0xFFFFFF, 0xFFFFFF, 
0xFFFFFF, 0xFFFFFF, 0xFFFFFF, 0xFFFFFF, 0xFFFFFF, 0xFFFFFF, 0xFFFFFF, 0xFFFFFF, 0xFFFFFF, 0xFFFFFF, 0xFFFFFF, 0xFFFFFF, 0xFFFFFF, 0xFFFFFF, 0xFFFFFF, 0xFFFFFF, 
0xFFFFFF, 0xFFFFFF, 0xFFFFFF, 0xFFFFFF, 0xFFFFFF, 0xFFFFFF, 0xFFFFFF, 0xFFFFFF, 0xFFFFFF, 0xFFFFFF, 0xFFFFFF, 0xFFFFFF, 0xFFFFFF, 0xFFFFFF, 0xFFFFFF, 0xFFFFFF, 
0xFFFFFD, 0xFFFFFD, 0xFFFFFF, 0xFEFFFF, 0xFEFFFF, 0xFFFFFF, 0xFFFFFF, 0xFFFFFF, 0xFFFFFD, 0xFFFFFF, 0xFFFFFF, 0xFEFFFF, 0xFEFFFF, 0xFFFFFF, 0xFFFEFB, 0xFFFDF6, 
0xFDEDE0, 0x937C6A, 0xECCCB3, 0xFFE5C9, 0xFFE3C7, 0xFBE1C8, 0xFFE7CF, 0xF9E3CC, 0xF8E7CD, 0xFBE6CB, 0xFFE2C6, 0xF1C5A0, 0xEDB989, 0xFABE88, 0xF6B983, 0xFABD86, 
0xF9BE86, 0xF5BD84, 0xF8C087, 0xF3BA83, 0xF8BC88, 0xF9BD89, 0xF0B684, 0xFBC18F, 0xF6BE8B, 0xF4BA88, 0xF8BC88, 0xF7BA84, 0xF8BC88, 0xF5BC87, 0xF6BA86, 0xAD713F, 
0xC78D5D, 0xFCC292, 0xF6BA86, 0xF7BB85, 0xF6BA84, 0xF6BE8B, 0xDCAC7E, 0x875A31, 0x633712, 0x7A4F2D, 0xBA957B, 0x643C23, 0x905D40, 0x92593B, 0x915539, 0x885035, 
0x88593F, 0x7C4D33, 0x935D41, 0x945D3E, 0x8A5738, 0x906447, 0x6C4A31, 0x998473, 0xFFFDF5, 0xFEFFFF, 0xFCFFFF, 0xFCFFFF, 0xFFFEFF, 0xFFFEFF, 0xFFFFFD, 0xFFFFFB, 
0xFFFEFF, 0xFFFFFF, 0xFFFFFF, 0xFFFFFF, 0xFFFFFF, 0xFFFFFF, 0xFFFFFF, 0xFFFFFF, 0xFFFFFF, 0xFFFFFF, 0xFFFFFF, 0xFFFFFF, 0xFFFFFF, 0xFFFFFF, 0xFFFFFF, 0xFFFFFF, 
0xFFFFFF, 0xFFFFFF, 0xFFFFFD, 0xFFFFFD, 0xFFFFFF, 0xFFFFFF, 0xFEFFFF, 0xFEFFFF, 0xFEFFFF, 0xFEFFFF, 0xFFFFFF, 0xFFFFFF, 0xFFFFFF, 0xFFFFFF, 0xFFFFFF, 0xFFFFFF, 
0xFFFFFF, 0xFFFFFF, 0xFFFFFF, 0xFFFFFF, 0xFFFFFF, 0xFFFFFF, 0xFFFFFF, 0xFFFFFF, 0xFFFFFF, 0xFFFFFF, 0xFFFFFF, 0xFFFFFF, 0xFFFFFF, 0xFFFFFF, 0xFFFFFF, 0xFFFFFF, 
0xFFFFFF, 0xFFFFFF, 0xFFFFFF, 0xFFFFFF, 0xFFFFFF, 0xFFFFFF, 0xFFFFFF, 0xFFFFFF, 0xFFFFFF, 0xFFFFFF, 0xFFFFFF, 0xFFFFFF, 0xFFFFFF, 0xFFFFFF, 0xFFFEFF, 0xFFFEFF, 
0xFFFFFF, 0xFFFFFF, 0xFFFFFF, 0xFFFFFF, 0xFFFFFF, 0xFFFFFF, 0xFFFFFF, 0xFFFFFF, 0xFFFFFF, 0xFFFFFF, 0xFFFFFF, 0xFFFFFF, 0xFFFFFF, 0xFFFFFF, 0xFFFFFF, 0xFFFFFF, 
0xFFFEFB, 0xFFFEFB, 0xFEFFFF, 0xFCFFFF, 0xFCFFFF, 0xFEFFFF, 0xFEFFFF, 0xFFFFFD, 0xFFFFFB, 0xFFFFFD, 0xFBFCFF, 0xFCFFFF, 0xFBFFFF, 0xFDFFFE, 0xFFFCF6, 0xFFEDE0, 
0x9D7E6A, 0xDDBDA4, 0xFFEDD0, 0xFAE3C3, 0xF9E2C3, 0xFCE7CC, 0xFAE4CC, 0xFAE6CE, 0xF7E3CB, 0xFDE8CD, 0xFFE4C6, 0xFFDEB8, 0xF2CC9D, 0xEDBD8C, 0xF7BA8B, 0xF9BA87, 
0xF8B983, 0xFABF87, 0xF5BE88, 0xF3BB88, 0xFBBD8E, 0xF7B787, 0xFABB88, 0xF9BD89, 0xF2BD87, 0xF6BF87, 0xFABB86, 0xFABB85, 0xF4BB84, 0xFDC68E, 0xCF9160, 0xAA6C3B, 
0xF6BA86, 0xF4BB84, 0xF6BA88, 0xF6BA88, 0xF6BA88, 0xF6BC8A, 0xF7C290, 0xF7C592, 0xE3B383, 0xF9CAA0, 0xC29472, 0x653618, 0x956243, 0x915A3C, 0x8F5639, 0x935B40, 
0x86573D, 0x7F5036, 0x8F593D, 0x915C3D, 0x8C5E3D, 0x896241, 0x745036, 0x826857, 0xFFFEF8, 0xFBFFFF, 0xFCFFFF, 0xFBFDFC, 0xFFFCFB, 0xFFFDFD, 0xFFFFFD, 0xFEFEFE, 
0xFFFEFF, 0xFFFEFF, 0xFFFFFF, 0xFFFFFF, 0xFFFFFF, 0xFFFFFF, 0xFFFEFF, 0xFFFFFF, 0xFFFFFF, 0xFFFFFF, 0xFFFFFF, 0xFFFFFF, 0xFFFEFF, 0xFFFEFF, 0xFFFFFD, 0xFFFFFD, 
0xFEFFFF, 0xFEFFFD, 0xFFFFFB, 0xFFFFFB, 0xFFFFFD, 0xFEFFFF, 0xFBFFFF, 0xF9FFFF, 0xF9FFFF, 0xFBFFFF, 0xFEFFFF, 0xFFFFFD, 0xFFFFFD, 0xFFFFFD, 0xFFFFFF, 0xFFFFFF, 
0xFFFFFF, 0xFFFFFD, 0xFFFFFD, 0xFFFFFD, 0xFFFFFD, 0xFFFFFD, 0xFFFFFF, 0xFFFFFF, 0xFFFFFF, 0xFFFFFF, 0xFFFFFF, 0xFFFFFF, 0xFFFFFF, 0xFFFFFF, 0xFFFFFF, 0xFFFFFF, 
0xFEFFFF, 0xFEFFFF, 0xFEFFFF, 0xFEFFFF, 0xFEFFFF, 0xFEFFFF, 0xFEFFFF, 0xFEFFFF, 0xFEFFFF, 0xFEFFFF, 0xFEFFFF, 0xFFFFFF, 0xFFFFFF, 0xFFFFFD, 0xFFFEFD, 0xFFFEFD, 
0xFFFEFF, 0xFFFFFF, 0xFFFFFF, 0xFFFFFF, 0xFFFFFF, 0xFFFFFF, 0xFFFFFF, 0xFFFFFF, 0xFFFFFF, 0xFFFFFF, 0xFFFFFF, 0xFFFFFF, 0xFFFFFF, 0xFFFFFF, 0xFFFFFF, 0xFFFFFF, 
0xFFFDFB, 0xFFFEFB, 0xFEFFFF, 0xFBFFFF, 0xFCFFFF, 0xFCFFFF, 0xFEFFFF, 0xFFFFFD, 0xFFFEFA, 0xFFFFFD, 0xFEFFFF, 0xFCFFFF, 0xF9FEFF, 0xFFFFFD, 0xFFF4EA, 0xA88B79, 
0xDEB8A1, 0xFFEACF, 0xF6DFC0, 0xFEEBCD, 0xFDE8CD, 0xFAE2CA, 0xFFE7D2, 0xFEE3CE, 0xFFEAD2, 0xF8E0C6, 0xFFE6C7, 0xFFE7C2, 0xFFE3B9, 0xF5CEA3, 0xF3BE94, 0xF6B98C, 
0xF7B986, 0xF5B983, 0xF4BD87, 0xF9C18E, 0xF9BB8C, 0xFDBB8B, 0xFEBC8A, 0xF7BA84, 0xF7C088, 0xF3BC84, 0xF6B782, 0xFABB86, 0xF5BE86, 0xE3AC74, 0xA56736, 0xDA9A6A, 
0xF9BE86, 0xF7BF86, 0xF8BC8A, 0xF7BA8B, 0xF8BA8B, 0xF8BC8A, 0xF6BD88, 0xF3BE88, 0xEBB883, 0xFAC798, 0xBB8A62, 0x693716, 0x976243, 0x8D573B, 0x915A3C, 0x915C3D, 
0x88563D, 0x804E35, 0x935B40, 0x905B3C, 0x8C5E3C, 0x8B6340, 0x7B5437, 0x6A4E39, 0xFFFCF4, 0xFDFCFA, 0xFDFDFB, 0xFFFFFD, 0xFFFDFD, 0xFFFAFA, 0xFEFEFE, 0xFEFFFF, 
0xFFFEFF, 0xFFFEFF, 0xFFFEFF, 0xFFFFFF, 0xFFFFFF, 0xFFFFFF, 0xFFFEFF, 0xFFFFFF, 0xFFFFFF, 0xFFFFFF, 0xFFFFFF, 0xFFFFFF, 0xFFFEFF, 0xFFFEFF, 0xFFFFFD, 0xFFFFFD, 
0xFEFFFF, 0xFEFFFD, 0xFFFFFB, 0xFFFFFA, 0xFFFFFB, 0xFFFFFF, 0xFBFFFF, 0xF9FFFF, 0xF9FFFF, 0xFBFFFF, 0xFFFFFF, 0xFFFFFB, 0xFFFEFB, 0xFFFFFD, 0xFFFFFF, 0xFFFFFF, 
0xFFFFFF, 0xFFFFFD, 0xFFFFFD, 0xFFFFFD, 0xFFFFFD, 0xFFFFFD, 0xFFFFFF, 0xFFFFFF, 0xFFFFFF, 0xFFFFFF, 0xFFFFFF, 0xFFFFFF, 0xFFFFFF, 0xFFFFFF, 0xFFFFFF, 0xFFFFFF, 
0xFEFFFF, 0xFEFFFF, 0xFEFFFF, 0xFEFFFF, 0xFFFFFF, 0xFEFFFF, 0xFEFFFF, 0xFEFFFF, 0xFEFFFF, 0xFCFFFF, 0xFEFFFF, 0xFEFFFF, 0xFFFFFF, 0xFFFFFD, 0xFFFEFD, 0xFFFEFD, 
0xFFFEFF, 0xFFFFFF, 0xFFFFFF, 0xFFFFFF, 0xFFFFFF, 0xFFFFFF, 0xFFFFFF, 0xFFFFFF, 0xFFFFFF, 0xFFFFFF, 0xFFFFFF, 0xFFFFFF, 0xFFFFFF, 0xFFFFFF, 0xFFFFFF, 0xFFFFFF, 
0xFFFDFD, 0xFFFFFD, 0xFCFFFF, 0xFBFFFF, 0xFCFFFF, 0xFEFFFF, 0xFFFFFF, 0xFFFFFD, 0xFFFFFB, 0xFFFFFB, 0xFEFEFF, 0xFEFFFF, 0xFCFFFF, 0xFEFBF4, 0xD6C3B4, 0xC1A18C, 
0xFFEFD5, 0xFFE0C4, 0xFCE7CA, 0xF3E1C9, 0xFFE7D3, 0xFFE0D1, 0xFCD7C7, 0xFFE1CF, 0xFDDDC6, 0xFFE5C8, 0xFFE7C8, 0xFBE3C1, 0xFDE5C1, 0xFFEAC6, 0xFFD7B5, 0xEEBC97, 
0xF7BE91, 0xF8BE8C, 0xF2B984, 0xF6BA84, 0xF6B885, 0xF8B986, 0xFFBE8A, 0xF7B882, 0xF1B881, 0xFBC28D, 0xF8BA8B, 0xFBBD8E, 0xF5BE88, 0xA77038, 0xC1844E, 0xFFC08B, 
0xF9BE86, 0xF6BD86, 0xF8BC88, 0xF8BC8A, 0xFABC8B, 0xF9BD8B, 0xF5BC87, 0xF3BC86, 0xF1BC88, 0xF8C596, 0xB7865D, 0x693714, 0x936041, 0x8E583C, 0x915C3D, 0x915C3D, 
0x8C563A, 0x814B2F, 0x955E40, 0x8F5A3A, 0x8F5D3A, 0x8E603E, 0x825639, 0x5A361E, 0x7D6658, 0xF6E9E1, 0xFFFEFA, 0xFDFCFA, 0xFFFDFE, 0xFFFDFF, 0xFEFFFF, 0xFEFFFF, 
0xFFFEFF, 0xFFFFFD, 0xFFFEFF, 0xFFFEFF, 0xFFFEFF, 0xFFFEFF, 0xFFFFFF, 0xFFFFFF, 0xFFFFFF, 0xFFFFFF, 0xFFFFFF, 0xFFFFFF, 0xFFFFFF, 0xFFFFFF, 0xFFFFFD, 0xFFFFFD, 
0xFEFFFF, 0xFFFFFF, 0xFFFEFB, 0xFFFFFA, 0xFFFFFA, 0xFFFFFB, 0xFFFFFF, 0xFEFFFF, 0xFEFFFF, 0xFFFFFF, 0xFFFEFB, 0xFFFEFB, 0xFFFEFB, 0xFFFEFD, 0xFFFEFF, 0xFFFFFF, 
0xFFFFFF, 0xFFFFFF, 0xFFFFFF, 0xFFFFFF, 0xFFFFFD, 0xFFFFFD, 0xFFFFFD, 0xFFFFFD, 0xFFFFFD, 0xFFFFFD, 0xFFFEFF, 0xFFFEFF, 0xFFFFFF, 0xFFFFFF, 0xFEFFFF, 0xFEFFFF, 
0xFFFFFF, 0xFFFFFD, 0xFFFFFF, 0xFFFFFD, 0xFFFEFF, 0xFFFFFF, 0xFFFFFF, 0xFEFFFF, 0xFEFFFF, 0xFEFFFF, 0xFEFFFF, 0xFEFFFF, 0xFFFFFF, 0xFFFFFD, 0xFFFFFD, 0xFFFFFD, 
0xFFFFFF, 0xFFFFFF, 0xFFFFFF, 0xFFFFFF, 0xFFFFFF, 0xFFFFFF, 0xFFFFFF, 0xFFFFFF, 0xFFFFFF, 0xFFFFFF, 0xFFFFFF, 0xFFFFFF, 0xFFFFFF, 0xFFFFFF, 0xFFFFFF, 0xFFFFFF, 
0xFFFEFF, 0xFFFFFF, 0xFCFFFF, 0xFCFFFF, 0xFEFFFF, 0xFFFEFF, 0xFFFFFF, 0xFFFFFB, 0xFFFEF9, 0xFFFFFB, 0xFEFEFF, 0xFEFFFF, 0xFFFFFD, 0xFFFDF4, 0xAE9483, 0xEFCBB3, 
0xE5B79F, 0xD8AE95, 0xF5DBC2, 0xFDE7D0, 0xFFDCCC, 0xDAB0A2, 0xCD9D8F, 0xFFDACA, 0xFFE3CA, 0xFFE5C8, 0xFFE8C9, 0xFAE5C6, 0xFFEACB, 0xF8DFC1, 0xFFE4C8, 0xFFD8B8, 
0xEFBF99, 0xEBB68A, 0xF9BF8D, 0xFBBE88, 0xFBBD8A, 0xF7B986, 0xFABB86, 0xFBBC87, 0xF6BD86, 0xF3BA85, 0xFCBF92, 0xF2B588, 0xA77240, 0xB17C46, 0xF5B882, 0xFABB86, 
0xF7BB85, 0xF5BC85, 0xF8BC88, 0xF9BD8B, 0xFABC8B, 0xFABC89, 0xF8BC88, 0xF5BE88, 0xF1BC88, 0xF9C596, 0xBD8961, 0x673512, 0x925F40, 0x905D40, 0x8D5A3D, 0x915C3D, 
0x8D5637, 0x854E2F, 0x935C3E, 0x8F5A3A, 0x915C3A, 0x8E5C39, 0x865739, 0x5A3218, 0x72523D, 0x624B3D, 0xF6EBE5, 0xFFFBFA, 0xFFFEFF, 0xFFFFFF, 0xFBFCFF, 0xFEFFFF, 
0xFFFEFF, 0xFFFFFD, 0xFFFFFD, 0xFFFFFD, 0xFFFEFF, 0xFFFFFF, 0xFFFFFF, 0xFFFFFF, 0xFFFFFF, 0xFFFFFF, 0xFFFFFF, 0xFFFFFF, 0xFFFFFF, 0xFFFFFF, 0xFFFFFD, 0xFFFFFF, 
0xFEFFFF, 0xFFFFFF, 0xFFFEFD, 0xFFFEFB, 0xFFFEFB, 0xFFFEFB, 0xFFFEFF, 0xFFFFFF, 0xFFFFFF, 0xFFFEFF, 0xFFFDFD, 0xFFFEFB, 0xFFFDFD, 0xFFFEFF, 0xFFFEFF, 0xFEFFFF, 
0xFFFEFF, 0xFFFFFF, 0xFFFFFF, 0xFFFFFF, 0xFFFFFF, 0xFFFEFF, 0xFFFEFF, 0xFFFEFF, 0xFFFFFF, 0xFFFFFF, 0xFFFFFF, 0xFFFFFF, 0xFFFFFF, 0xFEFFFF, 0xFEFFFF, 0xFEFFFF, 
0xFFFFFF, 0xFFFFFD, 0xFFFFFD, 0xFFFFFD, 0xFFFFFD, 0xFFFFFD, 0xFFFFFF, 0xFFFFFF, 0xFFFFFF, 0xFEFFFF, 0xFEFFFF, 0xFEFFFF, 0xFFFFFF, 0xFFFFFF, 0xFFFFFF, 0xFFFFFF, 
0xFFFFFF, 0xFFFFFF, 0xFFFFFF, 0xFFFFFF, 0xFFFFFF, 0xFFFFFF, 0xFFFFFF, 0xFFFFFF, 0xFFFFFF, 0xFFFFFF, 0xFFFFFF, 0xFFFFFF, 0xFFFFFF, 0xFFFFFF, 0xFFFFFF, 0xFFFFFF, 
0xFFFEFF, 0xFFFFFF, 0xFCFFFF, 0xFCFFFF, 0xFFFFFF, 0xFFFFFF, 0xFFFFFD, 0xFFFFFB, 0xFFFFFA, 0xFDFCF8, 0xFFFFFF, 0xFDFDFD, 0xFEFDF9, 0xFFFCF3, 0xB0947E, 0xF4C7B0, 
0xD69F8B, 0xC28D7B, 0xF0CAB5, 0xFFE6D0, 0xFFD1C0, 0xC48C7D, 0xD29A89, 0xFFD8C4, 0xFFE3CA, 0xFBE1C6, 0xF6E1C4, 0xF8E5C7, 0xF8E4C9, 0xFAE5CA, 0xFFE4CC, 0xFFE4C9, 
0xFFDCBB, 0xEABD96, 0xF0BA8C, 0xF5B987, 0xF5B889, 0xF8BB8C, 0xF6B686, 0xF9BA87, 0xFCC08A, 0xFBC28D, 0xE2A87A, 0xA46B3E, 0xB27E4E, 0xF2BD8B, 0xFEC08F, 0xF9BB88, 
0xF7BB87, 0xF6BD88, 0xF9BD8B, 0xF9BD8B, 0xF9BB8A, 0xF9BB88, 0xF8BC88, 0xF6BD88, 0xF2BA87, 0xFAC697, 0xBB875F, 0x653310, 0x936242, 0x8E5D3F, 0x8B5A3C, 0x905D3E, 
0x8D5735, 0x8E5635, 0x915C3D, 0x8D5A3B, 0x925B3C, 0x915C3C, 0x835438, 0x5C3015, 0x8C6249, 0x724F3B, 0x766259, 0xFFF8F6, 0xFFFEFD, 0xFFFFFF, 0xFDFDFD, 0xFEFEFE, 
0xFFFFFF, 0xFFFFFF, 0xFFFFFF, 0xFFFFFF, 0xFFFFFF, 0xFFFFFF, 0xFFFFFF, 0xFEFFFF, 0xFEFFFF, 0xFEFFFF, 0xFEFFFF, 0xFEFFFF, 0xFFFFFF, 0xFFFFFF, 0xFFFFFD, 0xFFFFFF, 
0xFEFFFF, 0xFFFEFF, 0xFFFEFF, 0xFFFEFF, 0xFFFDFD, 0xFFFDFF, 0xFFFDFF, 0xFFFEFF, 0xFFFEFF, 0xFFFEFF, 0xFFFEFF, 0xFFFEFF, 0xFFFEFF, 0xFFFEFF, 0xFEFEFF, 0xFCFFFF, 
0xFEFFFF, 0xFEFFFF, 0xFEFFFF, 0xFEFFFF, 0xFEFFFF, 0xFEFFFF, 0xFEFFFF, 0xFEFFFF, 0xFEFFFF, 0xFEFFFF, 0xFEFFFF, 0xFEFFFF, 0xFEFFFF, 0xFEFFFF, 0xFEFFFF, 0xFEFFFF, 
0xFFFFFF, 0xFFFFFD, 0xFFFFFD, 0xFFFFFD, 0xFFFFFD, 0xFFFFFD, 0xFFFFFD, 0xFFFFFD, 0xFFFFFD, 0xFFFFFF, 0xFFFFFF, 0xFFFFFF, 0xFEFFFF, 0xFEFFFF, 0xFEFFFF, 0xFFFFFF, 
0xFFFFFF, 0xFFFFFF, 0xFFFFFF, 0xFFFFFF, 0xFFFFFF, 0xFFFFFF, 0xFFFFFF, 0xFFFFFF, 0xFFFFFF, 0xFFFFFF, 0xFFFFFF, 0xFFFFFF, 0xFFFFFF, 0xFFFFFF, 0xFFFFFF, 0xFFFFFF, 
0xFFFFFF, 0xFEFFFF, 0xFEFFFF, 0xFEFFFF, 0xFFFEFF, 0xFFFEFF, 0xFFFFFD, 0xFFFFFB, 0xFFFFFB, 0xFEFDF9, 0xFFFFFF, 0xFEFEFE, 0xFFFFFA, 0xFFF7EB, 0xB1937B, 0xFFD3BA, 
0xE5B09E, 0xDFAA9A, 0xFFE0CA, 0xFFDEC4, 0xFFDFC8, 0xDBA791, 0xE6B29D, 0xFFDCC5, 0xFFE4CB, 0xF6E1C6, 0xFBE7CC, 0xFCEBD1, 0xF7E3CA, 0xFDE7CF, 0xF8DEC7, 0xFFE6CB, 
0xFFE4C5, 0xFFDEBA, 0xF2C199, 0xFCC59C, 0xFCC79D, 0xF6C197, 0xF7BD95, 0xEFB68B, 0xDCA677, 0xBA8553, 0xA76F40, 0xCF9768, 0xF2BD8B, 0xF5C08E, 0xF4B788, 0xF7B988, 
0xF8BC8A, 0xF6BD88, 0xF9BD8B, 0xF8BC8A, 0xF8BA89, 0xF8BA87, 0xF8BC86, 0xF9BD89, 0xF3BB88, 0xFAC496, 0xBC8860, 0x663411, 0x936242, 0x8A593B, 0x8B5C40, 0x8E5D3F, 
0x8C5634, 0x935D3B, 0x8E5B3C, 0x8A593B, 0x915A3C, 0x935D41, 0x805137, 0x5E3016, 0x8D5E40, 0x8D634A, 0x563A2E, 0xCBBAB3, 0xFFFAF6, 0xFEFDF9, 0xFFFFFD, 0xFFFFFD, 
0xFFFFFF, 0xFFFFFF, 0xFFFFFF, 0xFFFFFF, 0xFFFFFF, 0xFFFFFF, 0xFEFFFF, 0xFEFFFF, 0xFEFFFF, 0xFEFFFF, 0xFEFFFF, 0xFEFFFF, 0xFEFFFF, 0xFEFFFF, 0xFEFFFF, 0xFEFFFF, 
0xFCFFFF, 0xFCFFFF, 0xFFFEFF, 0xFFFEFF, 0xFFFEFF, 0xFFFEFF, 0xFFFEFF, 0xFFFEFF, 0xFFFFFF, 0xFFFFFF, 0xFFFEFF, 0xFFFEFF, 0xFFFFFF, 0xFEFFFF, 0xFCFFFF, 0xFCFFFF, 
0xFFFFFF, 0xFFFFFF, 0xFFFFFF, 0xFFFFFF, 0xFFFFFF, 0xFEFFFF, 0xFEFFFF, 0xFCFFFF, 0xFCFFFF, 0xFCFFFF, 0xFCFFFF, 0xFEFFFF, 0xFEFFFF, 0xFEFFFF, 0xFFFFFF, 0xFFFFFF, 
0xFFFEFF, 0xFFFFFD, 0xFFFFFD, 0xFFFFFD, 0xFFFFFD, 0xFFFFFD, 0xFFFFFD, 0xFFFFFD, 0xFFFFFD, 0xFFFFFD, 0xFFFFFF, 0xFFFFFF, 0xFEFFFF, 0xFEFFFF, 0xFEFFFF, 0xFEFFFF, 
0xFFFFFF, 0xFFFFFF, 0xFFFFFF, 0xFFFFFF, 0xFFFFFF, 0xFFFFFF, 0xFFFFFF, 0xFFFFFF, 0xFFFFFF, 0xFFFFFF, 0xFFFFFF, 0xFFFFFF, 0xFFFFFF, 0xFFFFFF, 0xFFFFFF, 0xFFFFFF, 
0xFEFFFF, 0xFEFFFF, 0xFEFFFF, 0xFFFFFD, 0xFFFEFD, 0xFFFEFD, 0xFFFFFD, 0xFFFFFD, 0xFCFCFA, 0xFFFFFD, 0xFEFEFF, 0xFCFCFC, 0xFFFFFA, 0xFFFDF1, 0xAA8B76, 0xEDC8AE, 
0xFFE6D1, 0xFFDECB, 0xFFE2C9, 0xFFE6C9, 0xFEE4C3, 0xFFE1C2, 0xFFE4C8, 0xFFE1C6, 0xFCE2C7, 0xFAE6CB, 0xF9EBD0, 0xF4E4CA, 0xFBE3CB, 0xFAE0C9, 0xFFE7CF, 0xFAE0C5, 
0xFFE1C0, 0xDEB894, 0xC79C7C, 0xC49979, 0xC49B7D, 0xBA9173, 0xB3876A, 0xA47758, 0x92663F, 0xBC8D61, 0xF0BA8B, 0xFCC290, 0xF5BD8A, 0xF4BA88, 0xF9BC8D, 0xFABC8B, 
0xF8BC8A, 0xF6BC8A, 0xF8BC8A, 0xF8BC8A, 0xF9BB88, 0xF9BB88, 0xFABD87, 0xF9BD89, 0xF4BA88, 0xF9C192, 0xD39E74, 0x6B3712, 0x8C5A39, 0x8C5B3D, 0x8C5D41, 0x8B5C3E, 
0x8B5938, 0x905E3D, 0x8C5E3D, 0x8A5B3D, 0x905A40, 0x8F5B43, 0x85553F, 0x71432B, 0x915E3F, 0x8F6044, 0x7E5947, 0x685044, 0xFFFDF4, 0xFFFFF8, 0xFFFDF9, 0xFFFEFB, 
0xFFFFFD, 0xFFFFFD, 0xFFFFFD, 0xFFFFFD, 0xFFFFFF, 0xFFFFFF, 0xFEFFFF, 0xFEFFFF, 0xFCFFFF, 0xFCFFFF, 0xFCFFFF, 0xFCFFFF, 0xFCFFFF, 0xFCFFFF, 0xFBFFFF, 0xFBFFFF, 
0xF9FFFF, 0xF9FFFF, 0xFBFFFF, 0xFCFFFF, 0xFCFFFF, 0xFCFFFF, 0xFCFFFF, 0xFCFFFF, 0xFEFFFD, 0xFEFFFD, 0xFFFFFB, 0xFFFFFB, 0xFFFFFB, 0xFFFFFD, 0xFEFFFF, 0xFFFFFD, 
0xFFFFFA, 0xFFFEFA, 0xFFFEFB, 0xFFFEFB, 0xFFFFFD, 0xFFFFFF, 0xFEFFFF, 0xFEFFFF, 0xFEFFFF, 0xFEFFFF, 0xFEFFFF, 0xFFFFFF, 0xFFFFFD, 0xFFFFFB, 0xFFFEFB, 0xFFFEFB, 
0xFFFFFD, 0xFFFFFF, 0xFFFFFF, 0xFFFFFF, 0xFFFFFF, 0xFFFFFF, 0xFFFFFF, 0xFFFFFF, 0xFFFFFD, 0xFFFFFD, 0xFFFFFD, 0xFFFFFD, 0xFEFFFF, 0xFEFFFF, 0xFCFFFF, 0xFEFFFF, 
0xFFFFFF, 0xFFFFFF, 0xFFFFFF, 0xFFFFFF, 0xFFFFFF, 0xFFFFFF, 0xFFFFFF, 0xFFFFFF, 0xFFFFFF, 0xFFFFFF, 0xFFFFFF, 0xFFFFFF, 0xFFFFFF, 0xFFFFFF, 0xFFFFFF, 0xFFFFFF, 
0xFEFFFF, 0xFEFFFF, 0xFFFFFD, 0xFFFFFD, 0xFFFDFD, 0xFFFEFD, 0xFFFFFD, 0xFEFFFD, 0xFDFDFB, 0xFEFFFF, 0xFBFCFF, 0xFEFFFF, 0xFFFEFA, 0xFFFCF2, 0xB89D8A, 0xD7B79E, 
0xFFE7D2, 0xFDE1C9, 0xFEE4C9, 0xFBE6C7, 0xF8E5C4, 0xFBE8C7, 0xFBE2C4, 0xFEE3C8, 0xFFE7CC, 0xE5CDB3, 0xAF9B80, 0xFAE5CA, 0xFEE4CB, 0xFFE7D1, 0xF8E0C8, 0xFFE7CC, 
0xEECBAB, 0x916D4D, 0xDBB9A0, 0xE0C1AD, 0xD7BEA8, 0xE3CAB6, 0xEDD2C1, 0xFFEFDD, 0xE8CAAE, 0xB08A66, 0xF3BD8F, 0xF8BA87, 0xF7BA84, 0xFBBE88, 0xF5B786, 0xF8BC8A, 
0xF9BD8B, 0xF7BD8B, 0xF8BC8A, 0xF8BC88, 0xF9BB88, 0xF9BB88, 0xF8BB85, 0xF8BA87, 0xF5B987, 0xF6BE8F, 0xF1BB8F, 0x6E3A13, 0x82502D, 0x936242, 0x8A5B3D, 0x895C3D, 
0x8D5E40, 0x8B5D3C, 0x8E603F, 0x8F6042, 0x915D45, 0x8D5943, 0x8F5F49, 0x8C5C45, 0x905B3C, 0x8E5B3E, 0x895F49, 0x583B2B, 0xE9DBD0, 0xFFFCF6, 0xFFFEFA, 0xFFFDFC, 
0xFFFFFD, 0xFFFFFD, 0xFFFEFF, 0xFFFEFF, 0xFFFFFF, 0xFFFFFF, 0xFFFFFF, 0xFFFFFF, 0xFEFFFF, 0xFEFFFF, 0xFEFFFF, 0xFEFFFF, 0xFEFFFF, 0xFEFFFF, 0xFCFFFF, 0xFCFFFF, 
0xFBFFFF, 0xFBFFFF, 0xFCFFFF, 0xFCFFFF, 0xFCFFFF, 0xFCFFFF, 0xFCFFFD, 0xFCFFFD, 0xFCFFFD, 0xFEFFFD, 0xFEFFFB, 0xFEFFFB, 0xFFFFFB, 0xFFFFFB, 0xFFFFFB, 0xFFFFFB, 
0xFFFFFA, 0xFFFFFA, 0xFFFFFA, 0xFFFEFB, 0xFFFFFD, 0xFFFFFD, 0xFFFFFF, 0xFEFFFF, 0xFFFFFF, 0xFFFFFF, 0xFFFFFF, 0xFFFFFD, 0xFFFFFB, 0xFFFEFB, 0xFFFFFA, 0xFFFEFB, 
0xFFFFFF, 0xFFFFFF, 0xFFFFFF, 0xFEFFFF, 0xFEFFFF, 0xFEFFFF, 0xFEFFFF, 0xFFFFFF, 0xFFFFFF, 0xFFFFFD, 0xFFFFFD, 0xFFFFFD, 0xFFFFFF, 0xFEFFFF, 0xFEFFFF, 0xFEFFFF, 
0xFFFFFF, 0xFFFFFF, 0xFFFFFF, 0xFFFFFF, 0xFFFFFF, 0xFFFFFF, 0xFFFFFF, 0xFFFFFF, 0xFFFFFF, 0xFFFFFF, 0xFFFFFF, 0xFFFFFF, 0xFFFFFF, 0xFFFFFF, 0xFFFFFF, 0xFFFFFF, 
0xFFFEFF, 0xFFFFFF, 0xFFFFFD, 0xFFFFFB, 0xFFFEFB, 0xFFFEFD, 0xFFFFFD, 0xFCFFFF, 0xFEFFFF, 0xFCFFFF, 0xFCFFFF, 0xFCFDFF, 0xFEFFFF, 0xFFFEF6, 0xECD6C8, 0x9E836E, 
0xFEE6CC, 0xF8E0C4, 0xFCE7CA, 0xF8E5C7, 0xF8E7C9, 0xF9E8CC, 0xF8E3C8, 0xFDE3CA, 0xFFE6D0, 0xD2AE96, 0x9D795F, 0xFFE4C9, 0xFFE2C6, 0xFAE0C7, 0xFFE6D0, 0xFFE8D0, 
0xD3AA8C, 0xAA856A, 0xFFFAEA, 0xFFFCF3, 0xFFFAEF, 0xFFFEF4, 0xFFFDF7, 0xFFFCF6, 0xFFFCF1, 0xB79B85, 0xCD9771, 0xFFBF8D, 0xF9B882, 0xFDBC84, 0xFABD87, 0xF6BA86, 
0xF8BC8A, 0xF8BC8A, 0xF8BC8A, 0xF8BC88, 0xF9BB88, 0xF9BC86, 0xF9BB88, 0xF9BB88, 0xFABE8C, 0xF2B88A, 0xFEC59A, 0xAF7A52, 0x5B2702, 0x885834, 0x916342, 0x8C6141, 
0x896042, 0x7C5033, 0x845635, 0x8F5E3E, 0x915D45, 0x8C5842, 0x8C5842, 0x8F5B43, 0x8E583C, 0x915E41, 0x8F6046, 0x674430, 0xC2B2A5, 0xFFFEF7, 0xFFFFFD, 0xFEFEFF, 
0xFEFEFF, 0xFFFFFF, 0xFFFEFF, 0xFFFDFE, 0xFEFCFD, 0xFFFDFE, 0xFFFEFF, 0xFFFFFD, 0xFFFCFB, 0xFFFEFD, 0xFFFEFD, 0xFFFEFB, 0xFFFCFB, 0xFFFEFB, 0xFFFEFB, 0xFFFEFB, 
0xFFFEFB, 0xFFFEFB, 0xFFFDFA, 0xFEFDFB, 0xFFFFFF, 0xFFFFFF, 0xFEFFFF, 0xFDFFFE, 0xFEFFFF, 0xFEFFFF, 0xFAFCFB, 0xFEFFFF, 0xFDFDFB, 0xFFFFFD, 0xFEFDF9, 0xFFFFFB, 
0xFFFFFD, 0xFCFCFA, 0xFFFFFD, 0xFEFEFC, 0xFAFAF8, 0xFFFFFD, 0xFAFAF8, 0xFFFFFD, 0xFDFBFC, 0xFCFCFC, 0xFFFFFF, 0xFFFFFF, 0xFEFEFC, 0xFFFFFD, 0xFFFFFF, 0xFBFDFC, 
0xFEFFFF, 0xFDFEFF, 0xFDFEFF, 0xFAFEFF, 0xFCFFFF, 0xFBFFFF, 0xFCFFFF, 0xFEFFFF, 0xFFFFFF, 0xFFFFFF, 0xFFFFFD, 0xFFFFFD, 0xFFFFFD, 0xFEFFFF, 0xFEFFFF, 0xFEFFFF, 
0xFFFFFF, 0xFFFFFF, 0xFFFFFF, 0xFFFFFF, 0xFFFFFF, 0xFFFFFF, 0xFFFFFF, 0xFFFFFF, 0xFFFFFF, 0xFFFFFF, 0xFFFFFF, 0xFFFFFF, 0xFFFFFF, 0xFFFFFF, 0xFFFFFF, 0xFFFFFF, 
0xFFFEFF, 0xFFFFFF, 0xFFFFFB, 0xFFFFFA, 0xFFFEFB, 0xFFFEFD, 0xFEFFFF, 0xFCFFFF, 0xFCFFFF, 0xFBFFFF, 0xFCFFFF, 0xFCFFFF, 0xF8FCFD, 0xFFFEF9, 0xFFFBF1, 0xA28B79, 
0xCDB59B, 0xFFF0D1, 0xF9E1C5, 0xFAE5CA, 0xF8E4CB, 0xFBE7CE, 0xFCE7CC, 0xFEE3C8, 0xFFEBD0, 0xAD836A, 0xBA9278, 0xFFECD0, 0xFCE3C5, 0xFEE9CC, 0xFAE0C7, 0xFCDCC3, 
0x977257, 0xE2C2AD, 0xFFFCF4, 0xFBFAF8, 0xFEFFF9, 0xFEFFFB, 0xFCFDFF, 0xFEFEFF, 0xFFFEFB, 0xF6E3D4, 0xA97756, 0xF9B689, 0xFCB984, 0xF9B880, 0xFABD86, 0xF9BD89, 
0xF8BC8A, 0xF8BC8A, 0xF8BC88, 0xF8BC86, 0xF9BC86, 0xF9BC86, 0xF9BB88, 0xF9BB8A, 0xF5B889, 0xF4B78A, 0xF3BA8D, 0xFCC69A, 0xA47048, 0x5C2A05, 0x6A3C18, 0x7E5331, 
0x684124, 0x4C2506, 0x7F512F, 0x936140, 0x8B553B, 0x955D46, 0x955D44, 0x8E583C, 0x935E3F, 0x8C593A, 0x966346, 0x6C472D, 0xBAAA9B, 0xFDFAF5, 0xFBFCFE, 0xFCFFFF, 
0xFEFFFF, 0xFEFEFF, 0xFEFEFF, 0xFFFEFF, 0xFFFEFF, 0xFFFEFF, 0xFFFCFD, 0xFEFAF9, 0xFFFEFD, 0xFFFDFA, 0xFFFBF8, 0xFFFAF6, 0xFFFCF8, 0xFFFEFA, 0xFFFBF8, 0xFFFAF4, 
0xFFFAF5, 0xFFFCF7, 0xFFFDFA, 0xFFFEFB, 0xFFFCFB, 0xFDFCFA, 0xFFFEFF, 0xFFFFFF, 0xFDFDFD, 0xFEFEFF, 0xFEFFFF, 0xFCFDFF, 0xFDFEFF, 0xFDFDFD, 0xFFFFFD, 0xFFFEFC, 
0xFDFFFE, 0xFEFFFF, 0xFCFCFA, 0xFFFFFD, 0xFFFEFB, 0xFFFDF9, 0xFFFEF8, 0xFFFEF8, 0xFFFEF8, 0xFFFCF9, 0xFFFDFA, 0xFFFEFB, 0xFFFFFD, 0xFCFEFD, 0xFCFDFF, 0xFCFFFF, 
0xFDFFFE, 0xFEFFFF, 0xFEFFFF, 0xFCFFFF, 0xFAFFFF, 0xFBFFFF, 0xFCFFFF, 0xFBFFFF, 0xFEFFFF, 0xFFFFFF, 0xFFFFFD, 0xFFFFFD, 0xFFFFFD, 0xFFFFFD, 0xFEFFFF, 0xFEFFFF, 
0xFFFFFF, 0xFFFFFF, 0xFFFFFF, 0xFFFFFF, 0xFFFFFF, 0xFFFFFF, 0xFFFFFF, 0xFFFFFF, 0xFFFFFF, 0xFFFFFF, 0xFFFFFF, 0xFFFFFF, 0xFFFFFF, 0xFFFFFF, 0xFFFFFF, 0xFFFFFF, 
0xFFFFFF, 0xFFFFFF, 0xFFFFFB, 0xFFFFFA, 0xFFFEFB, 0xFFFEFD, 0xFEFFFF, 0xFBFFFF, 0xFCFFFF, 0xFCFFFF, 0xFEFFFF, 0xFBFEFF, 0xFBFFFF, 0xFBFBF9, 0xFFFDF6, 0xF5E2D3, 
0x91765B, 0xEBCCAF, 0xFFEAD2, 0xFBE1CA, 0xFCE4CC, 0xFDE3C8, 0xFBE1C0, 0xFFDFBC, 0xD1A986, 0x9D7454, 0xFCDBBC, 0xF9E0C2, 0xF5E6C5, 0xF7E7C6, 0xFFE8C6, 0xB69576, 
0xA88C77, 0xFFF6EA, 0xFEFCFD, 0xFBFFFF, 0xFEFFFD, 0xFDFEF9, 0xFFFFFF, 0xFDFCFF, 0xFEFFFF, 0xFFFCF3, 0xA77B5E, 0xE2A579, 0xFDBE89, 0xF6B781, 0xFABE88, 0xF4BA88, 
0xF8BB8C, 0xF9BB8A, 0xF8BC88, 0xF8BC86, 0xF8BC86, 0xF8BC86, 0xF8BC88, 0xF8BC8A, 0xF9BB8C, 0xFFC394, 0xF4BA8C, 0xF2BA8B, 0xFCC79B, 0xD7A479, 0x815028, 0x5F3310, 
0x754E2F, 0x724B2C, 0x83532F, 0x915B39, 0x91583B, 0x94583C, 0x985B3E, 0x955A3C, 0x935C3E, 0x8E5B3C, 0x976544, 0x6D452B, 0x918070, 0xFFFFFA, 0xFAFEFF, 0xF8FFFF, 
0xFCFFFF, 0xFDFEFF, 0xFDFEFF, 0xFFFFFF, 0xFFFFFF, 0xFFFFFF, 0xFFFEFF, 0xFFFFFD, 0xFFFFFD, 0xFFFEFD, 0xFFFEFD, 0xFFFEFB, 0xFFFDFA, 0xFFFDFA, 0xFFFEFB, 0xFFFEFA, 
0xFFFCF6, 0xFFFBF2, 0xFFFAF4, 0xFFFEF9, 0xFFFEFB, 0xFFFFFB, 0xFFFEFC, 0xFFFEFC, 0xFFFFFD, 0xFEFEFE, 0xFDFEFF, 0xFCFFFF, 0xFCFFFF, 0xFEFFFF, 0xF9F9F7, 0xFFFFFD, 
0xFCFEFD, 0xFFFFFD, 0xFFFFFB, 0xF0EBE7, 0xDCD2C9, 0xCBBDB2, 0xC3B3A6, 0xC4B2A6, 0xCFBDB1, 0xE4D3C9, 0xFAECE3, 0xFFF9F3, 0xFFFEFA, 0xFFFFFD, 0xFEFFFF, 0xFEFFFF, 
0xFEFEFC, 0xFFFFFD, 0xFFFFFF, 0xFEFFFF, 0xFCFFFF, 0xF7FCFF, 0xFBFFFF, 0xFCFFFF, 0xFEFFFF, 0xFFFFFF, 0xFFFFFD, 0xFFFFFB, 0xFFFFFD, 0xFFFFFD, 0xFEFFFF, 0xFEFFFF, 
0xFFFFFF, 0xFFFFFF, 0xFFFFFF, 0xFFFFFF, 0xFFFFFF, 0xFFFFFF, 0xFFFFFF, 0xFFFFFF, 0xFFFFFF, 0xFFFFFF, 0xFFFFFF, 0xFFFFFF, 0xFFFFFF, 0xFFFFFF, 0xFFFFFF, 0xFFFFFF, 
0xFFFFFF, 0xFFFFFF, 0xFFFFFB, 0xFFFFFB, 0xFFFEFD, 0xFFFEFF, 0xFCFFFF, 0xFBFFFF, 0xFCFFFF, 0xFCFDFF, 0xFFFEFF, 0xFBFCFF, 0xFBFFFF, 0xFCFFFF, 0xFCF7F4, 0xFFFCF3, 
0xD4BEA9, 0x9C7E64, 0xF7D3BD, 0xFFE9D3, 0xFFE2C8, 0xF9DCBE, 0xB79977, 0xA6845F, 0xB08865, 0xF6CFAE, 0xFFE2C3, 0xFFE8C8, 0xF7E4C4, 0xFFEBCB, 0xD0AF8E, 0x8F6F56, 
0xF4E1D3, 0xFFFDFA, 0xFBFFFF, 0xF9FFFF, 0xFEFEFC, 0xFFFDFA, 0xFFFEFF, 0xFFFDFF, 0xFBFFFF, 0xFFF7EE, 0xC29D83, 0xC7926A, 0xFDC18D, 0xF7BC84, 0xF6BC8A, 0xF4BA8A, 
0xF8BB8C, 0xF9BB8A, 0xF8BC88, 0xF8BC86, 0xF8BD85, 0xF8BC86, 0xF8BC88, 0xF8BC8A, 0xF7B98A, 0xF9BB8C, 0xF6BA88, 0xF4BA8A, 0xF2BC8D, 0xF4C091, 0xF4C196, 0xE6B68E, 
0xF4CCA9, 0x8D6240, 0x7A4825, 0x9B6543, 0x945B3D, 0x955A3C, 0x975839, 0x975A3B, 0x945D3E, 0x885635, 0x956443, 0x6C4526, 0x866F5D, 0xFFFDF3, 0xFFFFFB, 0xF7F8FA, 
0xFDFDFF, 0xFDFBFC, 0xFEFDFB, 0xFFFDFA, 0xFFFCF9, 0xFFFBF5, 0xFFFBF4, 0xFFFDF4, 0xFFFBF2, 0xF8EADF, 0xE5D5C8, 0xD7C5B9, 0xCDBBAD, 0xC4B1A2, 0xBAA798, 0xB6A190, 
0xBBA28E, 0xC0A793, 0xBEA998, 0xBFAE9E, 0xD1C1B2, 0xF0E0D3, 0xFFF4EA, 0xFFFAEF, 0xFFF8F0, 0xFFFDF8, 0xFFFDFC, 0xFCFCFE, 0xFEFFFF, 0xFBFCFF, 0xFDFEFF, 0xFEFDFB, 
0xFFFCF8, 0xE1D8D1, 0x7D7067, 0x4C3C2F, 0x513B2D, 0x5A3F2C, 0x60412D, 0x644530, 0x63432E, 0x5F432E, 0x5E4332, 0x745E50, 0xAF9E94, 0xECDFD7, 0xFFFCF6, 0xFFFDF7, 
0xFFFEF8, 0xFFFEFA, 0xFFFEFD, 0xFDFDFF, 0xFCFFFF, 0xFBFFFF, 0xF9FEFF, 0xFAFEFF, 0xFEFFFF, 0xFFFFFD, 0xFFFFFD, 0xFFFFFB, 0xFFFFFD, 0xFFFFFD, 0xFFFFFF, 0xFEFFFF, 
0xFFFFFF, 0xFFFFFF, 0xFFFFFF, 0xFFFFFF, 0xFFFFFF, 0xFFFFFF, 0xFFFFFF, 0xFFFFFF, 0xFFFFFF, 0xFFFFFF, 0xFFFFFF, 0xFFFFFF, 0xFFFFFF, 0xFFFFFF, 0xFFFFFF, 0xFFFFFF, 
0xFFFFFF, 0xFFFFFF, 0xFFFFFD, 0xFFFFFB, 0xFFFEFF, 0xFFFFFF, 0xFCFFFF, 0xFBFFFF, 0xFEFFFF, 0xFFFFFD, 0xFFFDFE, 0xFFFFFF, 0xFBFFFF, 0xFCFFFF, 0xFFFDFE, 0xFCF7F4, 
0xFFF8EF, 0xC9B3A5, 0xA07564, 0xE2B29B, 0xFFDBB9, 0xFFEDC9, 0xFDDEBF, 0xFCDDC0, 0xFFEAD0, 0xFFEACE, 0xFFE6C6, 0xFFEAC8, 0xFFE3C6, 0xCEA68C, 0x8F6B55, 0xE4CABD, 
0xFFFDFA, 0xF8FCFF, 0xF9FFFF, 0xF8FDFF, 0xFFFEFB, 0xFFFCFA, 0xFFF8F6, 0xFFFEFB, 0xFDFDFB, 0xFFFDF4, 0xCEAE97, 0xB78763, 0xF8C38F, 0xF6BD86, 0xF2BA89, 0xF7BF90, 
0xF9BA8E, 0xF9BB8A, 0xF8BC86, 0xF8BD85, 0xF6BE85, 0xF6BD86, 0xF6BC8A, 0xF8BB8C, 0xF8BA8B, 0xF9BB8A, 0xFCBE8B, 0xF6BA86, 0xF4BA88, 0xF4BC8B, 0xF2BC8D, 0xF0BD92, 
0xEFC299, 0x865834, 0x7C4A27, 0x945D3E, 0x915A3C, 0x965D3F, 0x945738, 0x965B3B, 0x8D5838, 0x8F5E3D, 0x966846, 0x774E2E, 0xAE8E75, 0xFFF8E4, 0xFFFBEE, 0xFFFDF4, 
0xFFFDF6, 0xFFFDF6, 0xFFFCF4, 0xFFFBF0, 0xFFFAEC, 0xFFF0DF, 0xE5CAB5, 0xC2A48C, 0xA58368, 0xA48060, 0xA97E5C, 0xB28661, 0xBF8F69, 0xC6956C, 0xCA966E, 0xCC976D, 
0xCF996D, 0xCC956C, 0xCA9971, 0xC59773, 0xB38665, 0xA07457, 0xA57C60, 0xB79278, 0xE2C1AE, 0xFFF5E7, 0xFFFBF4, 0xFFFCFA, 0xFFFDFF, 0xFEFFFF, 0xFDFEFF, 0xFFFBFB, 
0xBEAA9F, 0x452816, 0x6A4B36, 0x815E48, 0x8D654C, 0x906449, 0x926347, 0x926345, 0x99684A, 0x8C5F42, 0x8B5F44, 0x866147, 0x6E4B35, 0x5A3E29, 0x8C7160, 0xD7C1B3, 
0xFFFBEE, 0xFFF7EF, 0xFFFDF8, 0xFEFAF7, 0xFFFFFF, 0xF8FCFF, 0xFCFFFF, 0xFCFFFF, 0xFEFFFF, 0xFFFFFD, 0xFFFFFD, 0xFFFFFB, 0xFFFFFD, 0xFFFFFD, 0xFFFFFF, 0xFEFFFF, 
0xFFFFFF, 0xFFFFFF, 0xFFFFFF, 0xFFFFFF, 0xFFFFFF, 0xFFFFFF, 0xFFFFFF, 0xFFFFFF, 0xFFFFFF, 0xFFFFFF, 0xFFFFFF, 0xFFFFFF, 0xFFFFFF, 0xFFFFFF, 0xFFFFFF, 0xFFFFFF, 
0xFFFFFF, 0xFFFFFF, 0xFFFFFD, 0xFFFFFD, 0xFFFEFF, 0xFFFFFF, 0xFBFFFF, 0xFCFFFF, 0xFEFEFC, 0xFFFEFB, 0xFFFEFB, 0xFFFDFC, 0xFCFFFF, 0xF5FAFD, 0xFEFFFF, 0xFFFEFF, 
0xFFFFFD, 0xFFFAF4, 0xE9C4BB, 0xA87F6D, 0xA28567, 0xB89F80, 0xDBC1A6, 0xEDCFB7, 0xEBCBB6, 0xEDCDB6, 0xECD1B4, 0xD3B599, 0xA8826D, 0x987361, 0xE8CEC1, 0xFFFCF4, 
0xFEFCFD, 0xFBFFFF, 0xFAFFFF, 0xFCFEFD, 0xFFFEFB, 0xFFFBF9, 0xFFFAF8, 0xFFFEFA, 0xFDFEF9, 0xFFFEF4, 0xD6B7A5, 0xB08362, 0xF6C38E, 0xF6BF86, 0xF2BA89, 0xF7BF90, 
0xF9BB8C, 0xF9BB8A, 0xF9BC86, 0xF8BD85, 0xF6BE85, 0xF6BD86, 0xF6BC8A, 0xF6BC8C, 0xF9BB8C, 0xF8BA89, 0xF6B885, 0xF8BB85, 0xFABE88, 0xF7BE89, 0xF4BC8B, 0xF1BB8C, 
0xF9C699, 0x88572E, 0x784625, 0x946142, 0x8D5A3D, 0x8D5839, 0x975E41, 0x935A3C, 0x945F3F, 0x8D5C3B, 0x875C39, 0x6A421F, 0xB18666, 0xB58E71, 0xB8967D, 0xC1A58F, 
0xC2A792, 0xBFA690, 0xC2A891, 0xC0A288, 0xAF8D72, 0x9F7B5B, 0xAD8562, 0xC99B77, 0xDDAC83, 0xE8B387, 0xF5BD8E, 0xFCC290, 0xFEC08D, 0xFEBF8A, 0xFFC18B, 0xFFC48E, 
0xFFC38E, 0xFFC18D, 0xFEC08F, 0xFDC395, 0xFCC396, 0xF5BC91, 0xE4AD84, 0xD5A17A, 0xAD7F5E, 0xAA856B, 0xF0D5C4, 0xFFF9EF, 0xFFF8F6, 0xFFFBFB, 0xFFFCFD, 0xB4A7A1, 
0x4A2B17, 0x8B6246, 0x93674C, 0x8A5D40, 0x8B5A3C, 0x956041, 0x90593A, 0x925C3A, 0x935D3B, 0x925D3D, 0x8C593A, 0x8A5B3D, 0x906346, 0x8D6448, 0x7A5239, 0x63402A, 
0x846A59, 0xE7D5C9, 0xFFFCF3, 0xFFFDF8, 0xFFFEFC, 0xFEFFFF, 0xFCFDFF, 0xFBFCFE, 0xFFFFFF, 0xFFFFFD, 0xFFFFFD, 0xFFFFFB, 0xFFFFFD, 0xFFFFFD, 0xFEFFFF, 0xFEFFFF, 
0xFFFFFF, 0xFFFFFF, 0xFFFFFF, 0xFFFFFF, 0xFFFFFF, 0xFFFFFF, 0xFFFFFF, 0xFFFFFF, 0xFFFFFF, 0xFFFFFF, 0xFFFFFF, 0xFFFFFF, 0xFFFFFF, 0xFFFFFF, 0xFFFFFF, 0xFFFFFF, 
0xFFFEFF, 0xFFFFFF, 0xFEFFFF, 0xFEFFFD, 0xFFFFFF, 0xFEFFFF, 0xFCFFFF, 0xFCFFFF, 0xFFFFFB, 0xFFFAF4, 0xFFFDF8, 0xFFFEFA, 0xFBFDFC, 0xFBFFFF, 0xFEFFFF, 0xF9F8FD, 
0xFEFCFD, 0xFFFDFD, 0xFFFBF9, 0xFFFCF6, 0xDED4C8, 0xB6AB99, 0x9D8B75, 0x977D66, 0x9B7B66, 0x94745F, 0x947966, 0x988274, 0xC9B8AE, 0xFFF6EF, 0xFFFFFA, 0xFDFFFC, 
0xFFFDFF, 0xFFFEFF, 0xFFFDF8, 0xFFFFFA, 0xFFFFFD, 0xFEFCFD, 0xFFFFFD, 0xFFFFFD, 0xFCFEFB, 0xFFFAF5, 0xE3C3B6, 0xAC7D61, 0xF6C18D, 0xF9BE82, 0xF5BE86, 0xF5BB89, 
0xF9BB8A, 0xF9BB88, 0xF9BC86, 0xF8BD85, 0xF6BE85, 0xF5BE86, 0xF6BC8C, 0xF6BC8E, 0xFABC8D, 0xF7B988, 0xFBBC87, 0xFCBF88, 0xF8BB84, 0xF8BD85, 0xF4BB86, 0xF2BA87, 
0xFFC897, 0xA06B3F, 0x703F1E, 0x926347, 0x895A3E, 0x8D5E42, 0x8C593E, 0x8E5B40, 0x895637, 0x936544, 0x6A421F, 0x6F4421, 0xFAC69E, 0xF0B990, 0xE8B48C, 0xDDAC84, 
0xDAA980, 0xDAAB81, 0xD8A77E, 0xD6A57A, 0xE0AB7F, 0xEFBB8C, 0xF8C293, 0xFAC291, 0xFAC08E, 0xF9BF8D, 0xF9BD89, 0xF7BB87, 0xF6BA84, 0xF7BA84, 0xF7BA84, 0xF5B784, 
0xF4B884, 0xF3B987, 0xEFBA88, 0xEFB98A, 0xF2BA89, 0xF7BD8B, 0xFBBF8B, 0xFBBF8D, 0xF8C294, 0xC7976F, 0x906C4C, 0xD1B59D, 0xFFFAEA, 0xFFFBED, 0xD1C1B2, 0x493220, 
0x91674E, 0x926141, 0x875435, 0x925F40, 0x8D5A3D, 0x925C40, 0x915B3F, 0x915B3F, 0x8F593D, 0x8D5A3D, 0x915E41, 0x925F42, 0x8D5C3E, 0x8C5B3D, 0x905F41, 0x8F664A, 
0x7B5B46, 0x4C3525, 0xC1AFA3, 0xFFF9F1, 0xFFFDF9, 0xFFFEFC, 0xFCFDFF, 0xFEFFFF, 0xFFFFFF, 0xFFFFFD, 0xFFFFFD, 0xFFFFFB, 0xFFFFFD, 0xFFFFFD, 0xFEFFFF, 0xFEFFFF, 
0xFFFFFF, 0xFFFFFF, 0xFFFFFF, 0xFFFFFF, 0xFFFFFF, 0xFFFFFF, 0xFFFFFF, 0xFFFFFF, 0xFFFFFF, 0xFFFFFF, 0xFFFFFF, 0xFFFFFF, 0xFFFFFF, 0xFFFFFF, 0xFFFFFF, 0xFFFFFF, 
0xFFFEFF, 0xFFFFFF, 0xFEFFFF, 0xFEFFFF, 0xFFFFFF, 0xFEFFFF, 0xFCFFFF, 0xFEFFFF, 0xFFFFFB, 0xFFFEFA, 0xFFFBF5, 0xFFFEFA, 0xFEFFFF, 0xFCFFFF, 0xFDFEFF, 0xFFFEFF, 
0xFFFFFF, 0xFFFFFF, 0xFDFEFF, 0xFCFEFD, 0xFFFFFB, 0xFFFFF6, 0xFFF8EA, 0xFFF8E6, 0xFFF2E2, 0xFFEEE0, 0xFFF5EC, 0xFFFCF6, 0xFFFEFB, 0xFDFFFE, 0xF8FFFE, 0xFAFFFF, 
0xFFFFFF, 0xFFFDFD, 0xFFFEF8, 0xFFFCF5, 0xFFFFFF, 0xFEFFFF, 0xFDFEFF, 0xFEFFFF, 0xFAFCFB, 0xFFFDF8, 0xE8C8BD, 0xA8795D, 0xF7BF8C, 0xF5BA7E, 0xF5BC85, 0xF7BE89, 
0xF9BB8A, 0xF9BB88, 0xF8BC86, 0xF8BD85, 0xF6BD86, 0xF6BD86, 0xF6BC8A, 0xF8BB8C, 0xF8BB8C, 0xFABC8B, 0xF8BB85, 0xF9BC85, 0xF7BA83, 0xFBC088, 0xF9BD87, 0xF4BB86, 
0xFAC18C, 0xD9A374, 0x602E0B, 0x8C5D3F, 0x885B3E, 0x8B5D43, 0x8C5C45, 0x8D5B42, 0x916042, 0x7F5130, 0x562E0A, 0xCFA47A, 0xF7BE91, 0xF8BA89, 0xF9BB8A, 0xFCC08E, 
0xFCC08C, 0xFDC18D, 0xFDC18D, 0xFDC18D, 0xFCBF89, 0xF9BC86, 0xF8BB85, 0xF8BB85, 0xF6B983, 0xF7BA84, 0xF8BB85, 0xF7BA84, 0xF7BB85, 0xF9BD87, 0xF9BD89, 0xF5BC87, 
0xF8BE8C, 0xFFCB99, 0xFFD3A2, 0xFFCF9E, 0xF5C594, 0xF2BE8C, 0xF3BB88, 0xF4BB86, 0xF6BC8A, 0xF7C193, 0xE5B48B, 0xA87C59, 0xDAB696, 0xE4C5A9, 0x583A22, 0x89674C, 
0x895B3A, 0x905B39, 0x925D3E, 0x8F593D, 0x8C593C, 0x88553A, 0x88553A, 0x88553A, 0x8F593D, 0x8E583C, 0x905A3E, 0x905A3E, 0x8F593D, 0x925D3E, 0x935E3E, 0x8A5939, 
0x886047, 0x896954, 0x4B301D, 0xDECBBD, 0xFFFEF8, 0xFFFEFC, 0xFFFFFF, 0xFEFEFE, 0xFFFFFF, 0xFFFFFF, 0xFFFFFD, 0xFFFFFD, 0xFFFFFF, 0xFFFFFF, 0xFEFFFF, 0xFEFFFF, 
0xFFFFFF, 0xFFFFFF, 0xFFFFFF, 0xFFFFFF, 0xFFFFFF, 0xFFFFFF, 0xFFFFFF, 0xFFFFFF, 0xFFFFFF, 0xFFFFFF, 0xFFFFFF, 0xFFFFFF, 0xFFFFFF, 0xFFFFFF, 0xFFFFFF, 0xFFFFFF, 
0xFFFFFF, 0xFFFFFF, 0xFFFFFF, 0xFFFFFF, 0xFFFFFF, 0xFFFFFF, 0xFEFFFF, 0xFFFFFF, 0xFFFFFD, 0xFFFFFD, 0xFFFFFD, 0xFFFFFD, 0xFFFFFF, 0xFEFFFF, 0xFFFFFF, 0xFFFFFF, 
0xFFFFFF, 0xFFFFFF, 0xFFFFFF, 0xFFFFFF, 0xFFFFFD, 0xFFFFFB, 0xFFFFFA, 0xFFFEF8, 0xFFFEF8, 0xFFFEF8, 0xFFFDFA, 0xFFFEFB, 0xFFFFFD, 0xFFFFFF, 0xFEFFFF, 0xFEFFFF, 
0xFFFFFF, 0xFFFEFF, 0xFFFEFB, 0xFFFFFB, 0xFEFFFF, 0xFEFFFF, 0xFEFFFF, 0xFFFFFF, 0xFCFDFF, 0xFFFDF8, 0xE8CBBB, 0xA57859, 0xF7C193, 0xF6BA84, 0xF6BD88, 0xF7BE89, 
0xF8BC88, 0xF8BC88, 0xF8BC88, 0xF8BC86, 0xF8BC88, 0xF8BC88, 0xF8BC88, 0xF8BC8A, 0xF8BC8A, 0xF8BC88, 0xF8BC88, 0xF8BC86, 0xF8BC86, 0xF8BC86, 0xF8BC88, 0xF6BD88, 
0xF1B883, 0xFBC694, 0x8F5A32, 0x653310, 0x8F5E40, 0x94654B, 0x8E5E47, 0x94654B, 0x825335, 0x532503, 0xB88860, 0xFBCB9D, 0xEFB788, 0xFABE8C, 0xF7B988, 0xF7B986, 
0xF7BB87, 0xF7BB87, 0xF7BB87, 0xF7BB87, 0xF7BB87, 0xF7BB87, 0xF7BB87, 0xF7BB87, 0xF8BC88, 0xF8BC88, 0xF8BC88, 0xF8BC88, 0xF8BC88, 0xF8BC88, 0xF8BC88, 0xF8BC88, 
0xF9BD89, 0xFFCE9B, 0xFFDBA8, 0xFFDCAA, 0xFFDBAC, 0xFFDAAD, 0xF6CDA1, 0xE8BC8F, 0xF0BC8D, 0xF7BD8F, 0xFBBD8E, 0xFCBF90, 0xC1885D, 0x7B4924, 0x885B3C, 0x8E6245, 
0x8F5D3C, 0x905B3B, 0x915B41, 0x8C5840, 0x89573E, 0x8A583D, 0x89563B, 0x8E583C, 0x895234, 0x875031, 0x8C5537, 0x8F593D, 0x915B43, 0x8F5C41, 0x8E5939, 0x915F3C, 
0x8C5A3F, 0x8C5E46, 0x7E543B, 0x694D38, 0xFFFAF1, 0xFEFEFC, 0xFEFFFA, 0xFFFFFD, 0xFFFFFF, 0xFFFFFF, 0xFFFEFF, 0xFFFEFF, 0xFFFFFF, 0xFFFFFF, 0xFFFFFF, 0xFFFFFD, 
0xFFFFFF, 0xFFFFFF, 0xFFFFFF, 0xFFFFFF, 0xFFFFFF, 0xFFFFFF, 0xFFFFFF, 0xFFFFFF, 0xFFFFFF, 0xFFFFFF, 0xFFFFFF, 0xFFFFFF, 0xFFFFFF, 0xFFFFFF, 0xFFFFFF, 0xFFFFFF, 
0xFFFFFF, 0xFFFFFF, 0xFFFFFF, 0xFFFFFF, 0xFFFFFF, 0xFFFFFF, 0xFFFFFF, 0xFFFFFF, 0xFFFFFF, 0xFFFFFF, 0xFFFFFF, 0xFFFFFF, 0xFFFFFF, 0xFFFFFF, 0xFFFFFF, 0xFFFFFF, 
0xFFFFFF, 0xFFFFFF, 0xFFFFFF, 0xFFFFFF, 0xFFFFFF, 0xFFFFFF, 0xFFFFFF, 0xFFFFFF, 0xFFFFFF, 0xFFFFFF, 0xFFFFFF, 0xFFFFFF, 0xFFFFFF, 0xFFFFFF, 0xFFFFFF, 0xFFFFFF, 
0xFFFFFF, 0xFFFFFF, 0xFFFEFD, 0xFFFFFD, 0xFEFFFF, 0xFCFFFF, 0xFFFFFF, 0xFFFFFF, 0xFCFDFF, 0xFFFDF8, 0xE9CDB8, 0xA57A58, 0xF4BE92, 0xF8BC8A, 0xF5BC87, 0xF7BE89, 
0xF8BC88, 0xF8BC88, 0xF8BC88, 0xF8BC88, 0xF8BC88, 0xF8BC88, 0xF8BC88, 0xF8BC88, 0xF8BC88, 0xF8BC88, 0xF8BC88, 0xF8BC88, 0xF8BC88, 0xF8BC88, 0xF8BC88, 0xF8BC88, 
0xF7BE89, 0xF7BF8C, 0xEBB587, 0x844E28, 0x612F0E, 0x754426, 0x6E3F21, 0x673918, 0x5E2D0C, 0xC19169, 0xF5C295, 0xEEBA8A, 0xF2BA87, 0xFCC08C, 0xFCBE8B, 0xF8BA87, 
0xF9BB88, 0xF8BC88, 0xF8BC88, 0xF8BC88, 0xF8BC88, 0xF8BC88, 0xF8BC88, 0xF8BC88, 0xF8BC88, 0xF8BC88, 0xF8BC88, 0xF8BC88, 0xF8BC88, 0xF8BC88, 0xF8BC88, 0xF8BC88, 
0xF8BC8A, 0xF5BD8A, 0xF2BE8C, 0xF1C391, 0xF7CEA0, 0xFFDBAF, 0xFFDDB3, 0xFFD8AD, 0xF2C196, 0xF2BA8B, 0xFABB88, 0xFDBA86, 0xF6B686, 0xB3784C, 0x905C37, 0x8A5938, 
0x905E3B, 0x905B3B, 0x925C44, 0x8F5B45, 0x915F46, 0x905E43, 0x905D40, 0x8F5A3B, 0x8D5637, 0x925B3C, 0x864F30, 0x8A5237, 0x905A42, 0x8B573F, 0x8F5D3C, 0x915C3A, 
0x925A3F, 0x915B41, 0x926143, 0x603C24, 0xD6CCC2, 0xFCFDF8, 0xFFFEF9, 0xFFFFFB, 0xFFFFFF, 0xFFFFFF, 0xFFFEFF, 0xFFFEFF, 0xFFFEFF, 0xFFFFFF, 0xFFFFFF, 0xFFFFFD, 
0xFFFFFF, 0xFFFFFF, 0xFFFFFF, 0xFFFFFF, 0xFFFFFF, 0xFFFFFF, 0xFFFFFF, 0xFFFFFF, 0xFFFFFF, 0xFFFFFF, 0xFFFFFF, 0xFFFFFF, 0xFFFFFF, 0xFFFFFF, 0xFFFFFF, 0xFFFFFF, 
0xFFFFFF, 0xFFFFFF, 0xFFFFFF, 0xFFFFFF, 0xFFFFFF, 0xFFFFFF, 0xFFFFFF, 0xFFFFFF, 0xFFFFFF, 0xFFFFFF, 0xFFFFFF, 0xFFFFFF, 0xFFFFFF, 0xFFFFFF, 0xFFFFFF, 0xFFFFFF, 
0xFFFFFF, 0xFFFFFF, 0xFFFFFF, 0xFFFFFF, 0xFFFFFF, 0xFFFFFF, 0xFFFFFF, 0xFFFFFF, 0xFFFFFF, 0xFFFFFF, 0xFFFFFF, 0xFFFFFF, 0xFFFFFF, 0xFFFFFF, 0xFFFFFF, 0xFFFFFF, 
0xFFFFFF, 0xFFFFFF, 0xFFFEFD, 0xFFFFFD, 0xFEFFFF, 0xFCFFFF, 0xFFFFFF, 0xFFFFFF, 0xFDFDFF, 0xFFFDF8, 0xEACEB8, 0xA77B58, 0xF2BC8E, 0xFABE8C, 0xF5BC87, 0xF6BD88, 
0xF8BC88, 0xF8BC88, 0xF8BC88, 0xF8BC88, 0xF8BC88, 0xF8BC88, 0xF8BC88, 0xF8BC88, 0xF8BC88, 0xF8BC88, 0xF8BC88, 0xF8BC88, 0xF8BC88, 0xF8BC88, 0xF8BC88, 0xF8BC88, 
0xF5BC85, 0xF1BA84, 0xF3BD8E, 0xF9C498, 0xBD8761, 0x9A6641, 0x95633E, 0xA6754C, 0xE1B085, 0xF5C392, 0xF2BE8C, 0xF3BE88, 0xF8BF88, 0xF3B781, 0xF8BB85, 0xF9BC86, 
0xF9BB88, 0xF8BC88, 0xF8BC88, 0xF8BC88, 0xF8BC88, 0xF8BC88, 0xF8BC88, 0xF8BC88, 0xF8BC88, 0xF8BC88, 0xF8BC88, 0xF8BC88, 0xF8BC88, 0xF8BC88, 0xF8BC88, 0xF6BC8A, 
0xF3BB8A, 0xF5BD8C, 0xF9BD8B, 0xF6BC8A, 0xF1BB8C, 0xF1C193, 0xFACFA2, 0xFFDDB1, 0xFFD7A8, 0xFAC798, 0xF1B785, 0xF5B784, 0xFFC293, 0xE2A87A, 0x99663B, 0x905F37, 
0x8F5D38, 0x915C3C, 0x915B41, 0x8D573D, 0x8F593D, 0x8D5839, 0x8F5C3D, 0x8D5A3B, 0x935E3E, 0x8D5637, 0x925B3C, 0x885133, 0x834D33, 0x905D42, 0x905D3E, 0x8C5A39, 
0x925C40, 0x8F593D, 0x956245, 0x6C4830, 0x86786D, 0xFFFFFA, 0xFFFFFA, 0xFEFDF9, 0xFFFFFF, 0xFFFFFF, 0xFFFEFF, 0xFFFEFF, 0xFFFEFF, 0xFFFFFF, 0xFFFFFF, 0xFFFFFD, 
0xFFFFFF, 0xFFFFFF, 0xFFFFFF, 0xFFFFFF, 0xFFFFFF, 0xFFFFFF, 0xFFFFFF, 0xFFFFFF, 0xFFFFFF, 0xFFFFFF, 0xFFFFFF, 0xFFFFFF, 0xFFFFFF, 0xFFFFFF, 0xFFFFFF, 0xFFFFFF, 
0xFFFFFF, 0xFFFFFF, 0xFFFFFF, 0xFFFFFF, 0xFFFFFF, 0xFFFFFF, 0xFFFFFF, 0xFFFFFF, 0xFFFFFF, 0xFFFFFF, 0xFFFFFF, 0xFFFFFF, 0xFFFFFF, 0xFFFFFF, 0xFFFFFF, 0xFFFFFF, 
0xFFFFFF, 0xFFFFFF, 0xFFFFFF, 0xFFFFFF, 0xFFFFFF, 0xFFFFFF, 0xFFFFFF, 0xFFFFFF, 0xFFFFFF, 0xFFFFFF, 0xFFFFFF, 0xFFFFFF, 0xFFFFFF, 0xFFFFFF, 0xFFFFFF, 0xFFFFFF, 
0xFFFFFF, 0xFFFFFF, 0xFFFFFD, 0xFFFFFD, 0xFEFFFF, 0xFEFFFF, 0xFFFFFF, 0xFFFFFF, 0xFDFDFF, 0xFFFCF6, 0xEACCB4, 0xA97D58, 0xF3BD8F, 0xF9BD8B, 0xF5BC87, 0xF6BD88, 
0xF8BC88, 0xF8BC88, 0xF8BC88, 0xF8BC88, 0xF8BC88, 0xF8BC88, 0xF8BC88, 0xF8BC88, 0xF8BC88, 0xF8BC88, 0xF8BC88, 0xF8BC88, 0xF8BC88, 0xF8BC88, 0xF8BC88, 0xF8BC88, 
0xF7BE87, 0xF5BC87, 0xFAC291, 0xEBB586, 0xFEC89C, 0xFDC89C, 0xF8C397, 0xF7C393, 0xF4C18C, 0xECB982, 0xF3BF86, 0xF7C087, 0xF5BA82, 0xF8BB84, 0xFABB86, 0xF8BA87, 
0xF9BB88, 0xF8BC88, 0xF8BC88, 0xF8BC88, 0xF8BC88, 0xF8BC88, 0xF8BC88, 0xF8BC88, 0xF8BC88, 0xF8BC88, 0xF8BC88, 0xF8BC88, 0xF8BC88, 0xF8BC88, 0xF8BC88, 0xF6BC8A, 
0xF2BD8B, 0xF4BC8B, 0xFABC89, 0xFEBC8A, 0xF9BA87, 0xF2B888, 0xF2BF90, 0xF7C89A, 0xFFDCAD, 0xFFD2A1, 0xF1BD8B, 0xF6BE8D, 0xF1B787, 0xF8BE8E, 0xB47E50, 0x936035, 
0x8C5A35, 0x915F3E, 0x935D41, 0x945C41, 0x935C3D, 0x925B3C, 0x935E3E, 0x8E5B3C, 0x905B3C, 0x8F5A3A, 0x925C3A, 0x92593B, 0x874F36, 0x885238, 0x905F3F, 0x8C593A, 
0x8F5A3B, 0x905A3E, 0x8E5B3E, 0x855F48, 0x504033, 0xFAF5EF, 0xFFFFFA, 0xFFFEFA, 0xFFFFFF, 0xFFFFFF, 0xFFFEFF, 0xFFFEFF, 0xFFFEFF, 0xFFFFFF, 0xFFFFFF, 0xFFFFFD, 
0xFFFFFF, 0xFFFFFF, 0xFFFFFF, 0xFFFFFF, 0xFFFFFF, 0xFFFFFF, 0xFFFFFF, 0xFFFFFF, 0xFFFFFF, 0xFFFFFF, 0xFFFFFF, 0xFFFFFF, 0xFFFFFF, 0xFFFFFF, 0xFFFFFF, 0xFFFFFF, 
0xFFFFFF, 0xFFFFFF, 0xFFFFFF, 0xFFFFFF, 0xFFFFFF, 0xFFFFFF, 0xFFFFFF, 0xFFFFFF, 0xFFFFFF, 0xFFFFFF, 0xFFFFFF, 0xFFFFFF, 0xFFFFFF, 0xFFFFFF, 0xFFFFFF, 0xFFFFFF, 
0xFFFFFF, 0xFFFFFF, 0xFFFFFF, 0xFFFFFF, 0xFFFFFF, 0xFFFFFF, 0xFFFFFF, 0xFFFFFF, 0xFFFFFF, 0xFFFFFF, 0xFFFFFF, 0xFFFFFF, 0xFFFFFF, 0xFFFFFF, 0xFFFFFF, 0xFFFFFF, 
0xFFFFFF, 0xFFFFFF, 0xFFFFFD, 0xFFFFFD, 0xFEFFFF, 0xFEFFFF, 0xFFFFFF, 0xFFFFFF, 0xFEFCFF, 0xFFFCF6, 0xE1C1AA, 0xAE805C, 0xF5BF91, 0xF7BB89, 0xF7BE89, 0xF5BC85, 
0xF8BC88, 0xF8BC88, 0xF8BC88, 0xF8BC88, 0xF8BC88, 0xF8BC88, 0xF8BC88, 0xF8BC88, 0xF8BC88, 0xF8BC88, 0xF8BC88, 0xF8BC88, 0xF8BC88, 0xF8BC88, 0xF8BC88, 0xF8BC88, 
0xF6BA86, 0xF8BF8A, 0xF4BA88, 0xF5BD8C, 0xF2BA89, 0xF1B988, 0xF0B885, 0xF6C18B, 0xF4BD84, 0xFBC589, 0xF4BC81, 0xF7BC82, 0xFCC189, 0xF8BB85, 0xFABB88, 0xFABC89, 
0xF9BB88, 0xF8BC88, 0xF8BC88, 0xF8BC88, 0xF8BC88, 0xF8BC88, 0xF8BC88, 0xF8BC88, 0xF8BC88, 0xF8BC88, 0xF8BC88, 0xF8BC88, 0xF8BC88, 0xF8BC88, 0xF8BC88, 0xF6BC8A, 
0xF6BE8D, 0xF4BA8A, 0xF7B885, 0xFCBB85, 0xFEBB86, 0xFABB86, 0xF5BB89, 0xF1BD8D, 0xFFD2A2, 0xFFD4A3, 0xFACA99, 0xEFBD8A, 0xEFBA88, 0xFAC28F, 0xDFA273, 0x9B6235, 
0x8D5B36, 0x8E5D3D, 0x8E583C, 0x925A3F, 0x915B39, 0x945E3A, 0x925D3D, 0x925D3E, 0x8D5A3B, 0x925D3E, 0x8E5738, 0x955C3E, 0x955D42, 0x844E34, 0x815032, 0x905F3F, 
0x8E5739, 0x955E40, 0x8E593A, 0x8B634A, 0x503D2F, 0xD4CBC4, 0xFFFDF6, 0xFFFFFB, 0xFFFFFF, 0xFFFFFF, 0xFFFEFF, 0xFFFEFF, 0xFFFEFF, 0xFEFFFF, 0xFFFFFF, 0xFFFFFD, 
0xFFFFFF, 0xFFFFFF, 0xFFFFFF, 0xFFFFFF, 0xFFFFFF, 0xFFFFFF, 0xFFFFFF, 0xFFFFFF, 0xFFFFFF, 0xFFFFFF, 0xFFFFFF, 0xFFFFFF, 0xFFFFFF, 0xFFFFFF, 0xFFFFFF, 0xFFFFFF, 
0xFFFFFF, 0xFFFFFF, 0xFFFFFF, 0xFFFFFF, 0xFFFFFF, 0xFFFFFF, 0xFFFFFF, 0xFFFFFF, 0xFFFFFF, 0xFFFFFF, 0xFFFFFF, 0xFFFFFF, 0xFFFFFF, 0xFFFFFF, 0xFFFFFF, 0xFFFFFF, 
0xFFFFFF, 0xFFFFFF, 0xFFFFFF, 0xFFFFFF, 0xFFFFFF, 0xFFFFFF, 0xFFFFFF, 0xFFFFFF, 0xFFFFFF, 0xFFFFFF, 0xFFFFFF, 0xFFFFFF, 0xFFFFFF, 0xFFFFFF, 0xFFFFFF, 0xFFFFFF, 
0xFFFFFF, 0xFFFFFF, 0xFFFEFF, 0xFFFFFF, 0xFFFFFF, 0xFEFFFF, 0xFFFFFF, 0xFFFFFF, 0xFEFCFF, 0xFFFBF3, 0xD2B097, 0xB88862, 0xFAC194, 0xF5B985, 0xF7BE89, 0xF5BC85, 
0xF8BC88, 0xF8BC88, 0xF8BC88, 0xF8BC88, 0xF8BC88, 0xF8BC88, 0xF8BC88, 0xF8BC88, 0xF8BC88, 0xF8BC88, 0xF8BC88, 0xF8BC88, 0xF8BC88, 0xF8BC88, 0xF8BC88, 0xF8BC88, 
0xF9BD89, 0xF6BA88, 0xF7BD8B, 0xF8BE8C, 0xF4BA88, 0xF8BE8C, 0xF8BF8A, 0xF2B982, 0xF4BC81, 0xFABF85, 0xF8BD83, 0xF8BD83, 0xF8BB84, 0xF7BA84, 0xFBBD8C, 0xF6B887, 
0xF8BC88, 0xF8BC88, 0xF8BC88, 0xF8BC88, 0xF8BC88, 0xF8BC88, 0xF8BC88, 0xF8BC88, 0xF8BC88, 0xF8BC88, 0xF8BC88, 0xF8BC88, 0xF8BC88, 0xF8BC88, 0xF8BC88, 0xF8BC8A, 
0xF6BC8C, 0xF8BE8C, 0xFCBF89, 0xFBBC86, 0xFAB983, 0xF9B882, 0xF7B986, 0xF5BB8B, 0xFBC797, 0xFFDAA9, 0xFFD5A4, 0xEFBD8A, 0xF2BD89, 0xF5BB89, 0xF6B887, 0xB17448, 
0x92603B, 0x8D5F3E, 0x905E45, 0x905D42, 0x8F5A3A, 0x905B39, 0x8E5939, 0x925D3D, 0x925C40, 0x905B3C, 0x945D3E, 0x90593A, 0x935B40, 0x8F593F, 0x7F4E30, 0x8A5738, 
0x925B3D, 0x925B3D, 0x905B3C, 0x8D634A, 0x5F4838, 0xA59B91, 0xFFFEF8, 0xFDFCF8, 0xFFFFFF, 0xFFFFFF, 0xFFFEFF, 0xFFFFFF, 0xFFFEFF, 0xFEFFFF, 0xFFFFFF, 0xFFFFFD, 
0xFFFFFF, 0xFFFFFF, 0xFFFFFF, 0xFFFFFF, 0xFFFFFF, 0xFFFFFF, 0xFFFFFF, 0xFFFFFF, 0xFFFFFF, 0xFFFFFF, 0xFFFFFF, 0xFFFFFF, 0xFFFFFF, 0xFFFFFF, 0xFFFFFF, 0xFFFFFF, 
0xFFFFFF, 0xFFFFFF, 0xFFFFFF, 0xFFFFFF, 0xFFFFFF, 0xFFFFFF, 0xFFFFFF, 0xFFFFFF, 0xFFFFFF, 0xFFFFFF, 0xFFFFFF, 0xFFFFFF, 0xFFFFFF, 0xFFFFFF, 0xFFFFFF, 0xFFFFFF, 
0xFFFFFF, 0xFFFFFF, 0xFFFFFF, 0xFFFFFF, 0xFFFFFF, 0xFFFFFF, 0xFFFFFF, 0xFFFFFF, 0xFFFFFF, 0xFFFFFF, 0xFFFFFF, 0xFFFFFF, 0xFFFFFF, 0xFFFFFF, 0xFFFFFF, 0xFFFFFF, 
0xFFFEFF, 0xFFFEFF, 0xFFFFFF, 0xFFFFFF, 0xFFFFFF, 0xFFFFFF, 0xFFFFFF, 0xFFFFFF, 0xFEFCFD, 0xFFFBF4, 0xC09C82, 0xC29169, 0xFAC293, 0xF5B985, 0xF9BD89, 0xF8BC86, 
0xF8BC88, 0xF8BC88, 0xF8BC88, 0xF8BC88, 0xF8BC88, 0xF8BC88, 0xF8BC88, 0xF8BC88, 0xF8BC88, 0xF8BC88, 0xF8BC88, 0xF8BC88, 0xF8BC88, 0xF8BC88, 0xF8BC88, 0xF8BC88, 
0xFBBF8D, 0xF6B98A, 0xF6B98A, 0xF9BC8D, 0xFCBF90, 0xF5B987, 0xF9BD89, 0xF9BD87, 0xF8BD85, 0xF6BB83, 0xFCC189, 0xF7BB85, 0xF7BB87, 0xFCC08E, 0xF6B98A, 0xF9BC8D, 
0xF8BC8A, 0xF8BC88, 0xF8BC88, 0xF8BC88, 0xF8BC88, 0xF8BC88, 0xF8BC88, 0xF8BC88, 0xF8BC88, 0xF8BC88, 0xF8BC88, 0xF8BC88, 0xF8BC88, 0xF8BC88, 0xF8BC88, 0xF8BC88, 
0xF7BB89, 0xF6BD88, 0xF6BD86, 0xF8BC86, 0xF8BC86, 0xF9BD87, 0xF8BC88, 0xF5BB89, 0xF3BB8A, 0xFFD4A2, 0xFFD3A1, 0xF6C38E, 0xF5BD8A, 0xF5B987, 0xFDBB8B, 0xCA8B60, 
0x956340, 0x83573A, 0x895F47, 0x875A43, 0x916447, 0x916040, 0x905B3B, 0x925D3D, 0x905A3E, 0x945F40, 0x905B3B, 0x915C3D, 0x8E583C, 0x8F593D, 0x915E3F, 0x7E4B2C, 
0x915A3C, 0x8F583A, 0x8F5A3A, 0x91654A, 0x664B38, 0x8C7E71, 0xFFFEF8, 0xFCFBF7, 0xFFFFFF, 0xFFFFFF, 0xFFFEFF, 0xFFFFFF, 0xFFFFFF, 0xFEFFFF, 0xFFFFFF, 0xFFFFFF, 
0xFFFFFF, 0xFFFFFF, 0xFFFFFF, 0xFFFFFF, 0xFFFFFF, 0xFFFFFF, 0xFFFFFF, 0xFFFFFF, 0xFFFFFF, 0xFFFFFF, 0xFFFFFF, 0xFFFFFF, 0xFFFFFF, 0xFFFFFF, 0xFFFFFF, 0xFFFFFF, 
0xFFFFFF, 0xFFFFFF, 0xFFFFFF, 0xFFFFFF, 0xFFFFFF, 0xFFFFFF, 0xFFFFFF, 0xFFFFFF, 0xFFFFFF, 0xFFFFFF, 0xFFFFFF, 0xFFFFFF, 0xFFFFFF, 0xFFFFFF, 0xFFFFFF, 0xFFFFFF, 
0xFFFFFF, 0xFFFFFF, 0xFFFFFF, 0xFFFFFF, 0xFFFFFF, 0xFFFFFF, 0xFFFFFF, 0xFFFFFF, 0xFFFFFF, 0xFFFFFF, 0xFFFFFF, 0xFFFFFF, 0xFFFFFF, 0xFFFFFF, 0xFFFFFF, 0xFFFFFF, 
0xFFFEFF, 0xFFFEFF, 0xFFFFFF, 0xFFFFFF, 0xFFFFFF, 0xFFFFFF, 0xFFFFFF, 0xFFFEFF, 0xFFFCFD, 0xFFFBF3, 0xB48F74, 0xCB976F, 0xF9C192, 0xF6BA86, 0xF8BC88, 0xF9BD87, 
0xF8BC88, 0xF8BC88, 0xF8BC88, 0xF8BC88, 0xF8BC88, 0xF8BC88, 0xF8BC88, 0xF8BC88, 0xF8BC88, 0xF8BC88, 0xF8BC88, 0xF8BC88, 0xF8BC88, 0xF8BC88, 0xF8BC88, 0xF8BC88, 
0xF6BA88, 0xFABD8E, 0xF7BA8B, 0xF7BA8B, 0xF7BA8B, 0xF8BB8C, 0xF8BC8A, 0xF9BD89, 0xFCBF89, 0xF5B882, 0xF8BC86, 0xF8BC88, 0xF6BA88, 0xF8BC8A, 0xF8BB8C, 0xF9BC8D, 
0xF9BD8B, 0xF9BD89, 0xF9BD89, 0xF9BD89, 0xF9BD89, 0xF9BD89, 0xF9BD89, 0xF9BD89, 0xF8BC88, 0xF8BC88, 0xF8BC88, 0xF8BC88, 0xF8BC88, 0xF8BC88, 0xF8BC88, 0xF8BC88, 
0xF7BB87, 0xF6BD88, 0xF6BD86, 0xF6BD86, 0xF5BC85, 0xF5BC87, 0xF5BC87, 0xF5BB89, 0xF4BA8A, 0xFAC291, 0xFFC796, 0xF2BA87, 0xF5BB89, 0xF6BA88, 0xFFC292, 0xDEA175, 
0x92623E, 0x684124, 0x64412D, 0x5B3825, 0x7C5840, 0x885F43, 0x8F5E40, 0x915C3D, 0x905B3C, 0x8F5A3B, 0x905D3E, 0x8E5B3C, 0x8E5B3E, 0x925C40, 0x8C5737, 0x875232, 
0x8A5335, 0x925B3D, 0x905B3B, 0x8C5F42, 0x6F503B, 0x867466, 0xFFFDF5, 0xFFFFFD, 0xFFFFFF, 0xFFFFFF, 0xFFFEFF, 0xFFFFFF, 0xFFFFFF, 0xFEFFFF, 0xFFFFFF, 0xFFFFFF, 
0xFFFFFF, 0xFFFFFF, 0xFFFFFF, 0xFFFFFF, 0xFFFFFF, 0xFFFFFF, 0xFFFFFF, 0xFFFFFF, 0xFFFFFF, 0xFFFFFF, 0xFFFFFF, 0xFFFFFF, 0xFFFFFF, 0xFFFFFF, 0xFFFFFF, 0xFFFFFF, 
0xFFFFFF, 0xFFFFFF, 0xFFFFFF, 0xFFFFFF, 0xFFFFFF, 0xFFFFFF, 0xFFFFFF, 0xFFFFFF, 0xFFFFFF, 0xFFFFFF, 0xFFFFFF, 0xFFFFFF, 0xFFFFFF, 0xFFFFFF, 0xFFFFFF, 0xFFFFFF, 
0xFFFFFF, 0xFFFFFF, 0xFFFFFF, 0xFFFFFF, 0xFFFFFF, 0xFFFFFF, 0xFFFFFF, 0xFFFFFF, 0xFFFFFF, 0xFFFFFF, 0xFFFFFF, 0xFFFFFF, 0xFFFFFF, 0xFFFFFF, 0xFFFFFF, 0xFFFFFF, 
0xFFFEFF, 0xFFFFFF, 0xFEFFFF, 0xFEFFFF, 0xFFFFFF, 0xFFFFFD, 0xFFFFFF, 0xFFFEFF, 0xFFFEFD, 0xFFFAF0, 0xAB8264, 0xD6A177, 0xFAC092, 0xF6BA86, 0xF7BB87, 0xF9BD87, 
0xF8BC88, 0xF8BC88, 0xF8BC88, 0xF8BC88, 0xF8BC88, 0xF8BC88, 0xF8BC88, 0xF8BC88, 0xF8BC88, 0xF8BC88, 0xF8BC88, 0xF8BC88, 0xF8BC88, 0xF8BC88, 0xF8BC88, 0xF8BC88, 
0xF6BD88, 0xF6BC8A, 0xF6BC8A, 0xF6BC8A, 0xF8BB8C, 0xF8BB8C, 0xF8BB8C, 0xF8BC8A, 0xF8BC8A, 0xF8BC8A, 0xF8BC8A, 0xF8BC8A, 0xF6BC8A, 0xF6BC8A, 0xF6BC8A, 0xF6BC8A, 
0xF8BC88, 0xF8BC88, 0xF8BC88, 0xF8BC88, 0xF8BC88, 0xF8BC88, 0xF8BC88, 0xF8BC88, 0xF8BC88, 0xF8BC88, 0xF8BC88, 0xF8BC88, 0xF8BC88, 0xF8BC88, 0xF8BC88, 0xF8BC88, 
0xF6BD88, 0xF6BD88, 0xF6BD88, 0xF6BD88, 0xF6BD88, 0xF5BE88, 0xF5BE88, 0xF3BE8A, 0xF1BC8A, 0xF3BB8A, 0xF6BC8C, 0xF6B98A, 0xF5B889, 0xFABE8C, 0xF9BD8B, 0xEAB485, 
0x9F714D, 0xF5D1B7, 0xFFEDDE, 0xE4CEC3, 0x604635, 0x705039, 0x906248, 0x8F5A3B, 0x915C3D, 0x915C3D, 0x8E5D3D, 0x8C5D3F, 0x8F5C41, 0x915B3F, 0x915B39, 0x915938, 
0x864F30, 0x90593B, 0x915C3C, 0x906143, 0x75513B, 0x7A6353, 0xFFFDF6, 0xFEFDFB, 0xFFFFFF, 0xFFFFFF, 0xFFFEFF, 0xFFFFFF, 0xFFFFFF, 0xFEFFFF, 0xFFFFFF, 0xFFFFFF, 
0xFFFFFF, 0xFFFFFF, 0xFFFFFF, 0xFFFFFF, 0xFFFFFF, 0xFFFFFF, 0xFFFFFF, 0xFFFFFF, 0xFFFFFF, 0xFFFFFF, 0xFFFFFF, 0xFFFFFF, 0xFFFFFF, 0xFFFFFF, 0xFFFFFF, 0xFFFFFF, 
0xFFFFFF, 0xFFFFFF, 0xFFFFFF, 0xFFFFFF, 0xFFFFFF, 0xFFFFFF, 0xFFFFFF, 0xFFFFFF, 0xFFFFFF, 0xFFFFFF, 0xFFFFFF, 0xFFFFFF, 0xFFFFFF, 0xFFFFFF, 0xFFFFFF, 0xFFFFFF, 
0xFFFFFF, 0xFFFFFF, 0xFFFFFF, 0xFFFFFF, 0xFFFFFF, 0xFFFFFF, 0xFFFFFF, 0xFFFFFF, 0xFFFFFF, 0xFFFFFF, 0xFFFFFF, 0xFFFFFF, 0xFFFFFF, 0xFFFFFF, 0xFFFFFF, 0xFFFFFF, 
0xFFFEFF, 0xFFFFFF, 0xFEFFFF, 0xFCFFFF, 0xFFFFFF, 0xFFFFFD, 0xFFFFFF, 0xFFFFFD, 0xFFFEFB, 0xFFF6EA, 0xA77C5C, 0xDDA479, 0xFAC090, 0xF7BB87, 0xF7BB85, 0xF8BC86, 
0xF8BC88, 0xF8BC88, 0xF8BC88, 0xF8BC88, 0xF8BC88, 0xF8BC88, 0xF8BC88, 0xF8BC88, 0xF8BC88, 0xF8BC88, 0xF8BC88, 0xF8BC88, 0xF8BC88, 0xF8BC88, 0xF8BC88, 0xF8BC88, 
0xF6BD86, 0xF6BD86, 0xF6BD88, 0xF6BD88, 0xF8BC8A, 0xF8BC8A, 0xF8BB8C, 0xF8BB8C, 0xF8BB8C, 0xF8BC8A, 0xF8BC8A, 0xF8BC8A, 0xF6BD88, 0xF6BD88, 0xF6BD88, 0xF6BD88, 
0xF8BC88, 0xF8BC88, 0xF8BC88, 0xF8BC88, 0xF8BC88, 0xF8BC88, 0xF8BC88, 0xF8BC88, 0xF8BC88, 0xF8BC88, 0xF8BC88, 0xF8BC88, 0xF8BC88, 0xF8BC88, 0xF8BC88, 0xF8BC88, 
0xF6BC8A, 0xF6BC8A, 0xF8BC88, 0xF8BC88, 0xF8BC88, 0xF6BD86, 0xF5BE88, 0xF3BE88, 0xF4BF8D, 0xF4BC8D, 0xF5BA8E, 0xF5BA8E, 0xF4BA8C, 0xF5BB8B, 0xF5BE88, 0xF2BE8E, 
0xA67952, 0xF3D1B8, 0xFFF9EF, 0xFFFAF4, 0xEFE1D6, 0x553B2A, 0x845A42, 0x956245, 0x905A3E, 0x905B3C, 0x8D5E40, 0x8B5C3E, 0x8C5A3F, 0x905B3C, 0x915936, 0x945937, 
0x864F30, 0x895435, 0x925D3D, 0x8E5F41, 0x7A553B, 0x705645, 0xFFFCF5, 0xFFFFFD, 0xFFFFFF, 0xFFFFFF, 0xFFFEFF, 0xFFFFFF, 0xFFFFFF, 0xFEFFFF, 0xFFFFFF, 0xFFFFFF, 
0xFFFFFF, 0xFFFFFF, 0xFFFFFF, 0xFFFFFF, 0xFFFFFF, 0xFFFFFF, 0xFFFFFF, 0xFFFFFF, 0xFFFFFF, 0xFFFFFF, 0xFFFFFF, 0xFFFFFF, 0xFFFFFF, 0xFFFFFF, 0xFFFFFF, 0xFFFFFF, 
0xFFFFFF, 0xFFFFFF, 0xFFFFFF, 0xFFFFFF, 0xFFFFFF, 0xFFFFFF, 0xFFFFFF, 0xFFFFFF, 0xFFFFFF, 0xFFFFFF, 0xFFFFFF, 0xFFFFFF, 0xFFFFFF, 0xFFFFFF, 0xFFFFFF, 0xFFFFFF, 
0xFFFFFF, 0xFFFFFF, 0xFFFFFF, 0xFFFFFF, 0xFFFFFF, 0xFFFFFF, 0xFFFFFF, 0xFFFFFF, 0xFFFFFF, 0xFFFFFF, 0xFFFFFF, 0xFFFFFF, 0xFFFFFF, 0xFFFFFF, 0xFFFFFF, 0xFFFFFF, 
0xFFFFFD, 0xFFFEFF, 0xFCFFFF, 0xFCFFFF, 0xFFFFFF, 0xFFFFFD, 0xFFFFFF, 0xFFFFFD, 0xFFFEFB, 0xFFEEE0, 0xA17453, 0xE4A97D, 0xFCBF90, 0xF8BC88, 0xF8BB85, 0xF9BC86, 
0xF8BC88, 0xF8BC88, 0xF8BC88, 0xF8BC88, 0xF8BC88, 0xF8BC88, 0xF8BC88, 0xF8BC88, 0xF8BC88, 0xF8BC88, 0xF8BC88, 0xF8BC88, 0xF8BC88, 0xF8BC88, 0xF8BC88, 0xF8BC86, 
0xF6BE85, 0xF6BE83, 0xF6BE85, 0xF6BD86, 0xF6BD88, 0xF6BD88, 0xF8BC8A, 0xF8BC8A, 0xF8BC8A, 0xF8BC8A, 0xF6BC8A, 0xF6BD88, 0xF6BD86, 0xF6BD86, 0xF6BE85, 0xF6BE85, 
0xF8BC88, 0xF8BC88, 0xF8BC88, 0xF8BC88, 0xF8BC88, 0xF8BC88, 0xF8BC88, 0xF8BC88, 0xF8BC88, 0xF8BC88, 0xF8BC88, 0xF8BC88, 0xF8BC88, 0xF8BC88, 0xF8BC88, 0xF8BC8A, 
0xF9BB8C, 0xF9BB8C, 0xF9BB8A, 0xF9BB88, 0xF9BC86, 0xF8BD85, 0xF8BC86, 0xF6BD88, 0xF5BD8C, 0xF2BC8E, 0xF4BF95, 0xFCC79D, 0xFBC798, 0xF3BF8D, 0xF2BE85, 0xF8C590, 
0xB68960, 0xD6B49B, 0xFFFCF6, 0xFDF9FA, 0xFFFDF9, 0xB1A096, 0x5E3926, 0x906147, 0x905A3E, 0x8F5A3B, 0x8E5F41, 0x8B5C3E, 0x8B5A3C, 0x905B3C, 0x925735, 0x955A38, 
0x8A5334, 0x824F30, 0x915F3E, 0x8C5E3D, 0x82583F, 0x614432, 0xFBF2EB, 0xFFFFFF, 0xFFFFFF, 0xFFFFFF, 0xFFFFFD, 0xFFFFFF, 0xFFFFFF, 0xFEFFFF, 0xFFFFFF, 0xFFFEFF, 
0xFFFFFF, 0xFFFFFF, 0xFFFFFF, 0xFFFFFF, 0xFFFFFF, 0xFFFFFF, 0xFFFFFF, 0xFFFFFF, 0xFFFFFF, 0xFFFFFF, 0xFFFFFF, 0xFFFFFF, 0xFFFFFF, 0xFFFFFF, 0xFFFFFF, 0xFFFFFF, 
0xFFFFFF, 0xFFFFFF, 0xFFFFFF, 0xFFFFFF, 0xFFFFFF, 0xFFFFFF, 0xFFFFFF, 0xFFFFFF, 0xFFFFFF, 0xFFFFFF, 0xFFFFFF, 0xFFFFFF, 0xFFFFFF, 0xFFFFFF, 0xFFFFFF, 0xFFFFFF, 
0xFFFFFF, 0xFFFFFF, 0xFFFFFF, 0xFFFFFF, 0xFFFFFF, 0xFFFFFF, 0xFFFFFF, 0xFFFFFF, 0xFFFFFF, 0xFFFFFF, 0xFFFFFF, 0xFFFFFF, 0xFFFFFF, 0xFFFFFF, 0xFFFFFF, 0xFFFFFF, 
0xFFFEFD, 0xFFFEFF, 0xFCFFFF, 0xFCFFFF, 0xFFFFFF, 0xFFFFFD, 0xFFFFFF, 0xFFFFFD, 0xFFFEFB, 0xF8E2D4, 0x9F714F, 0xEEB184, 0xFABD8E, 0xF8BC88, 0xF8BB85, 0xF9BC85, 
0xF8BC88, 0xF8BC88, 0xF8BC88, 0xF8BC88, 0xF8BC88, 0xF8BC88, 0xF8BC88, 0xF8BC88, 0xF8BC88, 0xF8BC88, 0xF8BC88, 0xF8BC88, 0xF8BC88, 0xF8BC88, 0xF8BC88, 0xF8BC86, 
0xF6BE83, 0xF6BE83, 0xF6BE85, 0xF6BE85, 0xF6BD86, 0xF6BD86, 0xF8BC88, 0xF8BC88, 0xF8BC8A, 0xF8BC88, 0xF6BD88, 0xF6BD86, 0xF6BD86, 0xF6BE85, 0xF6BE85, 0xF6BE85, 
0xF8BC86, 0xF8BC88, 0xF8BC88, 0xF8BC88, 0xF8BC88, 0xF8BC88, 0xF8BC88, 0xF8BC88, 0xF8BC88, 0xF8BC88, 0xF8BC88, 0xF8BC88, 0xF8BC88, 0xF8BC88, 0xF8BC88, 0xF9BB8A, 
0xFABA8C, 0xFABA8C, 0xF9BB8A, 0xF8BC88, 0xF8BC86, 0xF9BC85, 0xFABB85, 0xF9BC86, 0xF4BA8A, 0xF2BC8E, 0xF8C79E, 0xFFD8AE, 0xFFDAAC, 0xF7C894, 0xF1BD84, 0xF7C48D, 
0xCA9B71, 0xBB997E, 0xFFFAF5, 0xFBFCFF, 0xFEFFFF, 0xFFFAF3, 0x5E3F2D, 0x845740, 0x925F44, 0x8D5A3B, 0x8F5E3E, 0x8B5D3C, 0x8D5A3B, 0x905B3C, 0x8E5635, 0x935B3A, 
0x8E5939, 0x814E2F, 0x915E3F, 0x8D5C3C, 0x885C3F, 0x583925, 0xF2E7E1, 0xFFFFFF, 0xFFFFFF, 0xFFFFFF, 0xFFFFFD, 0xFFFFFD, 0xFEFFFF, 0xFEFFFF, 0xFFFEFF, 0xFFFEFF, 
0xFFFFFF, 0xFFFFFF, 0xFFFFFF, 0xFFFFFF, 0xFFFFFF, 0xFFFFFF, 0xFFFFFF, 0xFFFFFF, 0xFFFFFF, 0xFFFFFF, 0xFFFFFF, 0xFFFFFF, 0xFFFFFF, 0xFFFFFF, 0xFFFFFF, 0xFFFFFF, 
0xFFFFFF, 0xFFFFFF, 0xFFFFFF, 0xFFFFFF, 0xFFFFFF, 0xFFFFFF, 0xFFFFFF, 0xFFFFFF, 0xFFFFFF, 0xFFFFFF, 0xFFFFFF, 0xFFFFFF, 0xFFFFFF, 0xFFFFFF, 0xFFFFFF, 0xFFFFFF, 
0xFFFFFF, 0xFFFFFF, 0xFFFFFF, 0xFFFFFF, 0xFFFFFF, 0xFFFFFF, 0xFFFFFF, 0xFFFFFF, 0xFFFFFF, 0xFFFFFF, 0xFFFFFF, 0xFFFFFF, 0xFFFFFF, 0xFFFFFF, 0xFFFFFF, 0xFFFFFF, 
0xFFFEFD, 0xFFFEFF, 0xFCFFFF, 0xFCFFFF, 0xFFFFFF, 0xFFFFFD, 0xFFFFFF, 0xFFFFFD, 0xFFFDFA, 0xE7D1C3, 0xA57551, 0xF6B98A, 0xF8BC8A, 0xF8BC88, 0xF8BB85, 0xFABD86, 
0xF8BC88, 0xF8BC88, 0xF8BC88, 0xF8BC88, 0xF8BC88, 0xF8BC88, 0xF8BC88, 0xF8BC88, 0xF8BC88, 0xF8BC88, 0xF8BC88, 0xF8BC88, 0xF8BC88, 0xF8BC88, 0xF8BC88, 0xF8BC86, 
0xF8BD85, 0xF8BD85, 0xF6BE85, 0xF6BE85, 0xF6BE85, 0xF6BD86, 0xF6BD86, 0xF6BD86, 0xF6BD88, 0xF6BD86, 0xF8BC86, 0xF8BC86, 0xF8BC86, 0xF8BD85, 0xF8BD85, 0xF8BD85, 
0xF8BC86, 0xF8BC88, 0xF8BC88, 0xF8BC88, 0xF8BC88, 0xF8BC88, 0xF8BC88, 0xF8BC88, 0xF8BC88, 0xF8BC88, 0xF8BC88, 0xF8BC88, 0xF8BC88, 0xF8BC88, 0xF8BC88, 0xF9BB88, 
0xFCBA8A, 0xFCBA8A, 0xF8BC8A, 0xF6BC8A, 0xF6BD88, 0xF9BC86, 0xFCBB85, 0xFCBA86, 0xF9BB8A, 0xF4BC8D, 0xF7C69B, 0xFFDAAD, 0xFFDDAE, 0xF9CA96, 0xF1BD84, 0xF9C28C, 
0xE0AD82, 0xBE9B7F, 0xFFFDF6, 0xF9FEFF, 0xF8FDFF, 0xFFFCF7, 0xB69C8F, 0x673E2A, 0x93644A, 0x8E5B3E, 0x8D5C3B, 0x8E5E3A, 0x915C3C, 0x915A3B, 0x8D5637, 0x905B3B, 
0x8F5C3D, 0x835232, 0x8F5C3D, 0x8D5C3C, 0x8C5D3F, 0x583521, 0xEBE0DC, 0xFEFEFF, 0xFEFFFF, 0xFEFFFF, 0xFFFFFD, 0xFFFFFD, 0xFEFFFF, 0xFEFFFF, 0xFFFEFF, 0xFFFEFF, 
0xFFFFFF, 0xFFFFFF, 0xFFFFFF, 0xFFFFFF, 0xFFFFFF, 0xFFFFFF, 0xFFFFFF, 0xFFFFFF, 0xFFFFFF, 0xFFFFFF, 0xFFFFFF, 0xFFFFFF, 0xFFFFFF, 0xFFFFFF, 0xFFFFFF, 0xFFFFFF, 
0xFFFFFF, 0xFFFFFF, 0xFFFFFF, 0xFFFFFF, 0xFFFFFF, 0xFFFFFF, 0xFFFFFF, 0xFFFFFF, 0xFFFFFF, 0xFFFFFF, 0xFFFFFF, 0xFFFFFF, 0xFFFFFF, 0xFFFFFF, 0xFFFFFF, 0xFFFFFF, 
0xFFFFFF, 0xFFFFFF, 0xFFFFFF, 0xFFFFFF, 0xFFFFFF, 0xFFFFFF, 0xFFFFFF, 0xFFFFFF, 0xFFFFFF, 0xFFFFFF, 0xFFFFFF, 0xFFFFFF, 0xFFFFFF, 0xFFFFFF, 0xFFFFFF, 0xFFFFFF, 
0xFFFEFD, 0xFFFFFF, 0xFBFFFF, 0xFBFFFF, 0xFFFFFF, 0xFFFFFB, 0xFFFEFF, 0xFFFEFC, 0xFFFDFA, 0xD6BFAF, 0xAF7D58, 0xFDBF90, 0xF6BA88, 0xF7BB87, 0xF8BB85, 0xFBBE87, 
0xF8BC88, 0xF8BC88, 0xF8BC88, 0xF8BC88, 0xF8BC88, 0xF8BC88, 0xF8BC88, 0xF8BC88, 0xF8BC88, 0xF8BC88, 0xF8BC88, 0xF8BC88, 0xF8BC88, 0xF8BC88, 0xF8BC88, 0xF8BC88, 
0xF8BC88, 0xF8BC86, 0xF8BC86, 0xF6BD86, 0xF6BE85, 0xF6BE85, 0xF6BD86, 0xF6BD86, 0xF6BD86, 0xF6BD86, 0xF8BC86, 0xF8BC88, 0xF8BC88, 0xF8BC88, 0xF8BC86, 0xF8BC86, 
0xF8BC88, 0xF8BC88, 0xF8BC88, 0xF8BC88, 0xF8BC88, 0xF8BC88, 0xF8BC88, 0xF8BC88, 0xF8BC88, 0xF8BC88, 0xF8BC88, 0xF8BC88, 0xF8BC88, 0xF8BC88, 0xF8BC88, 0xF9BB88, 
0xFCBA86, 0xFABB86, 0xF6BC8A, 0xF5BD8A, 0xF6BC8A, 0xF8BC8A, 0xFCBA86, 0xFCBA86, 0xFCBD8A, 0xF4BA8A, 0xF1BE8F, 0xF7C998, 0xFACC9B, 0xF4C28F, 0xF3BC86, 0xF8BE8C, 
0xE4AE82, 0xBF987B, 0xFFFCF3, 0xF9FEFF, 0xF9FFFF, 0xFEFDF9, 0xDFC9BE, 0x593221, 0x8E6049, 0x8F5C3F, 0x8D5B38, 0x8F5D38, 0x935D3B, 0x915A3B, 0x8D5839, 0x8A573A, 
0x8E5D3F, 0x855436, 0x8D5A3D, 0x8E5D3D, 0x8F5E40, 0x5A3620, 0xE7DCD8, 0xFEFDFF, 0xFDFEFF, 0xFEFFFF, 0xFFFFFD, 0xFFFFFD, 0xFEFFFF, 0xFEFFFF, 0xFFFEFF, 0xFFFEFF, 
0xFFFFFF, 0xFFFFFF, 0xFFFFFF, 0xFFFFFF, 0xFFFFFF, 0xFFFFFF, 0xFFFFFF, 0xFFFFFF, 0xFFFFFF, 0xFFFFFF, 0xFFFFFF, 0xFFFFFF, 0xFFFFFF, 0xFFFFFF, 0xFFFFFF, 0xFFFFFF, 
0xFFFFFF, 0xFFFFFF, 0xFFFFFF, 0xFFFFFF, 0xFFFFFF, 0xFFFFFF, 0xFFFFFF, 0xFFFFFF, 0xFFFFFF, 0xFFFFFF, 0xFFFFFF, 0xFFFFFF, 0xFFFFFF, 0xFFFFFF, 0xFFFFFF, 0xFFFFFF, 
0xFFFFFF, 0xFFFFFF, 0xFFFFFF, 0xFFFFFF, 0xFFFFFF, 0xFFFFFF, 0xFFFFFF, 0xFFFFFF, 0xFFFFFF, 0xFFFFFF, 0xFFFFFF, 0xFFFFFF, 0xFFFFFF, 0xFFFFFF, 0xFFFFFF, 0xFFFFFF, 
0xFFFEFD, 0xFFFFFF, 0xFBFFFF, 0xFBFFFF, 0xFFFFFF, 0xFFFFFB, 0xFFFDFE, 0xFFFEFC, 0xFFFDFA, 0xC4AD9D, 0xB78560, 0xFFC291, 0xF5B987, 0xF8BC88, 0xF8BB85, 0xFABD86, 
0xF8BC88, 0xF8BC88, 0xF8BC88, 0xF8BC88, 0xF8BC88, 0xF8BC88, 0xF8BC88, 0xF8BC88, 0xF8BC88, 0xF8BC88, 0xF8BC88, 0xF8BC88, 0xF8BC88, 0xF8BC88, 0xF8BC88, 0xF8BC8A, 
0xF9BB8C, 0xF8BB8C, 0xF8BC8A, 0xF8BC88, 0xF6BD86, 0xF6BD86, 0xF6BD86, 0xF6BD86, 0xF6BD88, 0xF6BD88, 0xF8BC88, 0xF8BC8A, 0xF9BB8A, 0xF9BB8A, 0xF9BB8A, 0xF9BB8A, 
0xF8BC88, 0xF8BC88, 0xF8BC88, 0xF8BC88, 0xF8BC88, 0xF8BC88, 0xF8BC88, 0xF8BC88, 0xF8BC88, 0xF8BC88, 0xF8BC88, 0xF8BC88, 0xF8BC88, 0xF8BC88, 0xF8BC88, 0xF8BC86, 
0xF9BC83, 0xF8BD83, 0xF6BD88, 0xF5BD8C, 0xF5BD8E, 0xF6BC8E, 0xF9BB8A, 0xF9BC86, 0xFBBE88, 0xF5B983, 0xF3B987, 0xF3BB8A, 0xF1BB8C, 0xF3BB8A, 0xF5BB89, 0xF6BC8A, 
0xEFB689, 0xB68D6D, 0xFFFCF3, 0xFCFFFF, 0xF8FFFF, 0xFFFFFD, 0xFFF1E8, 0x644032, 0x835641, 0x8F5D42, 0x915D38, 0x925D35, 0x935B36, 0x905A38, 0x8E5B3E, 0x85533A, 
0x8B5C40, 0x845537, 0x8C5B3D, 0x8E5D3F, 0x905F3F, 0x59351F, 0xE3D8D4, 0xFEFFFF, 0xFDFEFF, 0xFDFFFE, 0xFFFFFD, 0xFFFFFD, 0xFEFFFF, 0xFEFFFF, 0xFFFEFF, 0xFFFEFF, 
0xFFFFFF, 0xFFFFFF, 0xFFFFFF, 0xFFFFFF, 0xFFFFFF, 0xFFFFFF, 0xFFFFFF, 0xFFFFFF, 0xFFFFFF, 0xFFFFFF, 0xFFFFFF, 0xFFFFFF, 0xFFFFFF, 0xFFFFFF, 0xFFFFFF, 0xFFFFFF, 
0xFFFFFF, 0xFFFFFF, 0xFFFFFF, 0xFFFFFF, 0xFFFFFF, 0xFFFFFF, 0xFFFFFF, 0xFFFFFF, 0xFFFFFF, 0xFFFFFF, 0xFFFFFF, 0xFFFFFF, 0xFFFFFF, 0xFFFFFF, 0xFFFFFF, 0xFFFFFF, 
0xFFFFFF, 0xFFFFFF, 0xFFFFFF, 0xFFFFFF, 0xFFFFFF, 0xFFFFFF, 0xFFFFFF, 0xFFFFFF, 0xFFFFFF, 0xFFFFFF, 0xFFFFFF, 0xFFFFFF, 0xFFFFFF, 0xFFFFFF, 0xFFFFFF, 0xFFFFFF, 
0xFFFEFF, 0xFFFFFF, 0xFCFFFF, 0xFCFFFF, 0xFFFFFD, 0xFFFFFB, 0xFEFEFE, 0xFFFEFC, 0xFFFDFA, 0xB9A292, 0xBD8B66, 0xFFC291, 0xF4B886, 0xF8BC88, 0xF8BB84, 0xFABD86, 
0xF9BC86, 0xF8BC88, 0xF8BC88, 0xF8BC88, 0xF8BC88, 0xF8BC88, 0xF8BC88, 0xF8BC88, 0xF8BC88, 0xF8BC88, 0xF8BC88, 0xF8BC88, 0xF8BC88, 0xF8BC88, 0xF8BC88, 0xF8BC8A, 
0xF9BB8C, 0xF9BA8E, 0xF8BB8C, 0xF8BC8A, 0xF6BD88, 0xF6BD86, 0xF6BD86, 0xF6BD86, 0xF6BD88, 0xF6BD88, 0xF8BC8A, 0xF8BC8A, 0xF9BB8A, 0xF9BB8A, 0xF9BB8C, 0xF9BB8A, 
0xF8BC88, 0xF8BC88, 0xF8BC88, 0xF8BC88, 0xF8BC88, 0xF8BC88, 0xF8BC88, 0xF8BC88, 0xF8BC88, 0xF8BC88, 0xF8BC88, 0xF8BC88, 0xF8BC88, 0xF8BC88, 0xF8BC88, 0xF8BC86, 
0xF8BD83, 0xF8BD83, 0xF6BD88, 0xF5BD8C, 0xF6BC8E, 0xF6BC8E, 0xF8BC8A, 0xF8BC86, 0xF9BC85, 0xF8BB84, 0xF9BD87, 0xF8BC8A, 0xF3B989, 0xF6BC8C, 0xFBBF8D, 0xF7BB89, 
0xF1B485, 0xB38764, 0xFFFAEE, 0xFCFFFF, 0xFBFFFF, 0xFAF9F7, 0xFFFBF6, 0x7B5D53, 0x784D3A, 0x905E43, 0x925E39, 0x925C36, 0x915936, 0x90593A, 0x915E43, 0x805137, 
0x8D5B40, 0x87553A, 0x8E5B3E, 0x8E5D3D, 0x905F3F, 0x55321C, 0xE1D6D0, 0xFFFFFF, 0xFEFEFF, 0xFDFFFE, 0xFFFFFF, 0xFEFFFF, 0xFFFFFF, 0xFFFFFF, 0xFFFFFF, 0xFFFEFF, 
0xFFFFFF, 0xFFFFFF, 0xFFFFFF, 0xFFFFFF, 0xFFFFFF, 0xFFFFFF, 0xFFFFFF, 0xFFFFFF, 0xFFFFFF, 0xFFFFFF, 0xFFFFFF, 0xFFFFFF, 0xFFFFFF, 0xFFFFFF, 0xFFFFFF, 0xFFFFFF, 
0xFFFFFF, 0xFFFFFF, 0xFFFFFF, 0xFFFFFF, 0xFFFFFF, 0xFFFFFF, 0xFFFFFF, 0xFFFFFF, 0xFFFFFF, 0xFFFFFF, 0xFFFFFF, 0xFFFFFF, 0xFFFFFF, 0xFFFFFF, 0xFFFFFF, 0xFFFFFF, 
0xFFFFFF, 0xFFFFFF, 0xFFFFFF, 0xFFFFFF, 0xFFFFFF, 0xFFFFFF, 0xFFFFFF, 0xFFFFFF, 0xFFFFFF, 0xFFFFFF, 0xFFFFFF, 0xFFFFFF, 0xFFFFFF, 0xFFFFFF, 0xFFFFFF, 0xFFFFFF, 
0xFFFEFF, 0xFFFEFF, 0xFFFEFB, 0xFFFFF8, 0xFFFFFA, 0xFEFFFB, 0xFBFFFE, 0xFEFEFE, 0xFFFDF8, 0xBBA190, 0xC08E69, 0xFEC08F, 0xF6BA86, 0xF8BC86, 0xFCBB83, 0xFCBB83, 
0xF9BC86, 0xF8BC88, 0xF8BC88, 0xF8BC88, 0xF8BC88, 0xF8BC88, 0xF8BC88, 0xF8BC88, 0xF8BC88, 0xF8BC88, 0xF8BC88, 0xF8BC88, 0xF8BC88, 0xF8BC88, 0xF8BC88, 0xF8BC88, 
0xF8BC8A, 0xF8BC8A, 0xF8BC8A, 0xF8BC88, 0xF8BC88, 0xF8BC88, 0xF8BC88, 0xF8BC88, 0xF8BC88, 0xF8BC88, 0xF8BC88, 0xF8BC88, 0xF8BC88, 0xF8BC88, 0xF8BC8A, 0xF8BC88, 
0xF9BD89, 0xF7BB87, 0xF9BD89, 0xFABE8A, 0xF5B985, 0xF9BD89, 0xFEC28E, 0xF4B884, 0xF7BB87, 0xF8BC88, 0xF9BD89, 0xF8BC88, 0xF8BC88, 0xF8BC88, 0xF8BC88, 0xF8BC88, 
0xF8BC86, 0xF8BC86, 0xF8BC88, 0xF6BC8A, 0xF8BC8A, 0xF8BC8A, 0xF8BC88, 0xF8BC88, 0xF8BC86, 0xF8BC86, 0xF9BD89, 0xF7BB87, 0xF8BC8A, 0xF8BC8A, 0xF6BA86, 0xFABC89, 
0xF8B888, 0xAC7C58, 0xFFF7EE, 0xFEFFFF, 0xFDFDFD, 0xFEFDFB, 0xFFFCFD, 0x85726B, 0x6D4732, 0x966346, 0x905A38, 0x925C3A, 0x8E5939, 0x925D3E, 0x8F5C3F, 0x855436, 
0x8D5A3F, 0x8A573C, 0x8F5A3A, 0x8E5C3B, 0x916244, 0x56361F, 0xD7CAC2, 0xFFFFFD, 0xFFFEFC, 0xFEFEFE, 0xFEFFFF, 0xFEFFFF, 0xFFFFFF, 0xFFFFFF, 0xFFFFFF, 0xFFFFFF, 
0xFFFFFF, 0xFFFFFF, 0xFFFFFF, 0xFFFFFF, 0xFFFFFF, 0xFFFFFF, 0xFFFFFF, 0xFFFFFF, 0xFFFFFF, 0xFFFFFF, 0xFFFFFF, 0xFFFFFF, 0xFFFFFF, 0xFFFFFF, 0xFFFFFF, 0xFFFFFF, 
0xFFFFFF, 0xFFFFFF, 0xFFFFFF, 0xFFFFFF, 0xFFFFFF, 0xFFFFFF, 0xFFFFFF, 0xFFFFFF, 0xFFFFFF, 0xFFFFFF, 0xFFFFFF, 0xFFFFFF, 0xFFFFFF, 0xFFFFFF, 0xFFFFFF, 0xFFFFFF, 
0xFFFFFF, 0xFFFFFF, 0xFFFFFF, 0xFFFFFF, 0xFFFFFF, 0xFFFFFF, 0xFFFFFF, 0xFFFFFF, 0xFFFFFF, 0xFFFFFF, 0xFFFFFF, 0xFFFFFF, 0xFFFFFF, 0xFFFFFF, 0xFFFFFF, 0xFFFEFF, 
0xFEFEFF, 0xFFFEFF, 0xFFFEFA, 0xFFFFF4, 0xFFFFFA, 0xFCFFFD, 0xFAFFFE, 0xFDFFFC, 0xFFFDF7, 0xBBA28E, 0xBB8760, 0xFFC291, 0xF5BC87, 0xF4BB84, 0xFBBC86, 0xFCBB85, 
0xF9BC86, 0xF8BC88, 0xF8BC88, 0xF8BC88, 0xF8BC88, 0xF8BC88, 0xF8BC88, 0xF8BC88, 0xF8BC88, 0xF8BC88, 0xF8BC88, 0xF8BC88, 0xF8BC88, 0xF8BC88, 0xF8BC88, 0xF8BC88, 
0xF8BC88, 0xF8BC88, 0xF8BC88, 0xF8BC88, 0xF8BC88, 0xF8BC88, 0xF8BC88, 0xF8BC88, 0xF8BC88, 0xF8BC88, 0xF8BC88, 0xF8BC88, 0xF8BC88, 0xF8BC88, 0xF8BC88, 0xF8BC88, 
0xF7BB87, 0xF8BC88, 0xF8BC88, 0xF9BD89, 0xFABE8A, 0xF4B884, 0xF1B581, 0xFBBF8B, 0xF7BB87, 0xF8BC88, 0xF9BD89, 0xF8BC88, 0xF8BC88, 0xF8BC88, 0xF8BC88, 0xF8BC88, 
0xF8BC88, 0xF8BC88, 0xF8BC88, 0xF8BC88, 0xF8BC88, 0xF8BC88, 0xF8BC88, 0xF8BC88, 0xF8BC88, 0xF8BC88, 0xF9BD89, 0xF7BB87, 0xF8BC88, 0xF8BC88, 0xF6BA86, 0xFABC89, 
0xF1AF7D, 0xB07E5B, 0xFFF4EB, 0xFCFDFF, 0xFFFEFF, 0xFEFAF9, 0xFFFEFF, 0x95867F, 0x6A442F, 0x966344, 0x90593A, 0x925B3C, 0x905B3C, 0x8F5C3F, 0x8E5B3C, 0x855235, 
0x8E5B40, 0x8C563A, 0x935C3D, 0x905B39, 0x8D6041, 0x56361F, 0xD8CBC2, 0xFFFEFB, 0xFFFEFC, 0xFEFEFE, 0xFEFFFF, 0xFEFFFF, 0xFFFFFF, 0xFFFFFD, 0xFFFFFF, 0xFFFFFF, 
0xFFFFFF, 0xFFFFFF, 0xFFFFFF, 0xFFFFFF, 0xFFFFFF, 0xFFFFFF, 0xFFFFFF, 0xFFFFFF, 0xFFFFFF, 0xFFFFFF, 0xFFFFFF, 0xFFFFFF, 0xFFFFFF, 0xFFFFFF, 0xFFFFFF, 0xFFFFFF, 
0xFFFFFF, 0xFFFFFF, 0xFFFFFF, 0xFFFFFF, 0xFFFFFF, 0xFFFFFF, 0xFFFFFF, 0xFFFFFF, 0xFFFFFF, 0xFFFFFF, 0xFFFFFF, 0xFFFFFF, 0xFFFFFF, 0xFFFFFF, 0xFFFFFF, 0xFFFFFF, 
0xFFFFFF, 0xFFFFFF, 0xFFFFFF, 0xFFFFFF, 0xFFFFFF, 0xFFFFFF, 0xFFFFFF, 0xFFFFFF, 0xFFFFFF, 0xFFFFFF, 0xFFFFFF, 0xFFFFFF, 0xFFFFFF, 0xFFFFFF, 0xFFFFFF, 0xFFFFFF, 
0xFFFEFF, 0xFFFEFF, 0xFFFEFB, 0xFFFFF8, 0xFFFFFB, 0xFEFFFD, 0xFBFFFE, 0xFEFEFC, 0xFFFCF6, 0xBFA594, 0xBB845D, 0xFFC18D, 0xF5BD8A, 0xF1BC88, 0xF9BD89, 0xF9BC86, 
0xF8BC88, 0xF8BC88, 0xF8BC88, 0xF8BC88, 0xF8BC88, 0xF8BC88, 0xF8BC88, 0xF8BC88, 0xF8BC88, 0xF8BC88, 0xF8BC88, 0xF8BC88, 0xF8BC88, 0xF8BC88, 0xF8BC88, 0xF8BC88, 
0xF8BC88, 0xF8BC88, 0xF8BC88, 0xF8BC88, 0xF8BC88, 0xF8BC88, 0xF8BC88, 0xF8BC88, 0xF8BC88, 0xF8BC88, 0xF8BC88, 0xF8BC88, 0xF8BC88, 0xF8BC88, 0xF8BC88, 0xF8BC88, 
0xF7BB87, 0xF9BD89, 0xF8BC88, 0xF6BA86, 0xFCC08C, 0xE9AD79, 0xDB9F6B, 0xFDC18D, 0xF6BA86, 0xF8BC88, 0xF8BC88, 0xF8BC88, 0xF8BC88, 0xF8BC88, 0xF8BC88, 0xF8BC88, 
0xF8BC88, 0xF8BC88, 0xF8BC88, 0xF8BC88, 0xF8BC88, 0xF8BC88, 0xF8BC88, 0xF8BC88, 0xF8BC88, 0xF7BB87, 0xF9BD89, 0xF7BB87, 0xF8BC88, 0xF8BC88, 0xF6BA86, 0xFBBD8A, 
0xEFAF7F, 0xA87854, 0xFCEEE5, 0xFCFDFF, 0xFFFFFD, 0xFFFDFA, 0xFFFDFC, 0xA19088, 0x68422B, 0x966344, 0x905B3B, 0x935C3D, 0x915C3D, 0x8D5A3D, 0x8E5B3C, 0x855235, 
0x8D5A3F, 0x8D573B, 0x955E3F, 0x905B39, 0x8D6041, 0x573720, 0xD8CBC3, 0xFFFFFD, 0xFFFEFC, 0xFFFFFF, 0xFEFFFF, 0xFEFFFF, 0xFFFFFF, 0xFFFFFD, 0xFFFFFF, 0xFFFFFF, 
0xFFFFFF, 0xFFFFFF, 0xFFFFFF, 0xFFFFFF, 0xFFFFFF, 0xFFFFFF, 0xFFFFFF, 0xFFFFFF, 0xFFFFFF, 0xFFFFFF, 0xFFFFFF, 0xFFFFFF, 0xFFFFFF, 0xFFFFFF, 0xFFFFFF, 0xFFFFFF, 
0xFFFFFF, 0xFFFFFF, 0xFFFFFF, 0xFFFFFF, 0xFFFFFF, 0xFFFFFF, 0xFFFFFF, 0xFFFFFF, 0xFFFFFF, 0xFFFFFF, 0xFFFFFF, 0xFFFFFF, 0xFFFFFF, 0xFFFFFF, 0xFFFFFF, 0xFFFFFF, 
0xFFFFFF, 0xFFFFFF, 0xFFFFFF, 0xFFFFFF, 0xFFFFFF, 0xFFFFFF, 0xFFFFFF, 0xFFFFFF, 0xFFFFFF, 0xFFFFFF, 0xFFFFFF, 0xFFFFFF, 0xFFFFFF, 0xFFFFFF, 0xFFFFFF, 0xFFFFFF, 
0xFFFEFF, 0xFFFEFF, 0xFFFFFD, 0xFFFFFB, 0xFFFFFF, 0xFEFFFF, 0xFEFFFD, 0xFEFFFA, 0xFFFEF9, 0xCBB4A4, 0xB97F57, 0xFFBD89, 0xF4BC8B, 0xF1BD8D, 0xF5BD8A, 0xF6BD88, 
0xF8BC88, 0xF8BC88, 0xF8BC88, 0xF8BC88, 0xF8BC88, 0xF8BC88, 0xF8BC88, 0xF8BC88, 0xF8BC88, 0xF8BC88, 0xF8BC88, 0xF8BC88, 0xF8BC88, 0xF8BC88, 0xF8BC88, 0xF8BC88, 
0xF8BC88, 0xF8BC88, 0xF8BC88, 0xF8BC88, 0xF8BC88, 0xF8BC88, 0xF8BC88, 0xF8BC88, 0xF8BC88, 0xF8BC88, 0xF8BC88, 0xF8BC88, 0xF8BC88, 0xF8BC88, 0xF8BC88, 0xF8BC88, 
0xF9BD89, 0xF9BD89, 0xF8BC88, 0xF5B985, 0xFBBF8B, 0xE0A470, 0xCA8E5A, 0xFCC08C, 0xF6BA86, 0xF8BC88, 0xF8BC88, 0xF8BC88, 0xF8BC88, 0xF8BC88, 0xF8BC88, 0xF8BC88, 
0xF8BC88, 0xF8BC88, 0xF8BC88, 0xF8BC88, 0xF8BC88, 0xF8BC88, 0xF8BC88, 0xF8BC88, 0xF8BC88, 0xF7BB87, 0xF8BC88, 0xF7BB87, 0xF8BC88, 0xF8BC88, 0xF6BA86, 0xFBBF8B, 
0xEEB07F, 0xA17351, 0xFCEFE6, 0xFEFFFF, 0xFFFFFD, 0xFFFEFB, 0xFFFAF7, 0x958379, 0x6B462C, 0x966344, 0x905B3B, 0x915C3C, 0x925C40, 0x8D5A3D, 0x8F5C3D, 0x855235, 
0x8B583D, 0x8E583C, 0x945E3C, 0x8F5A38, 0x906344, 0x563820, 0xD3C9C0, 0xFFFFFD, 0xFFFEFC, 0xFFFFFF, 0xFFFFFF, 0xFEFFFF, 0xFFFEFF, 0xFFFFFD, 0xFFFFFF, 0xFFFFFF, 
0xFFFFFF, 0xFFFFFF, 0xFFFFFF, 0xFFFFFF, 0xFFFFFF, 0xFFFFFF, 0xFFFFFF, 0xFFFFFF, 0xFFFFFF, 0xFFFFFF, 0xFFFFFF, 0xFFFFFF, 0xFFFFFF, 0xFFFFFF, 0xFFFFFF, 0xFFFFFF, 
0xFFFFFF, 0xFFFFFF, 0xFFFFFF, 0xFFFFFF, 0xFFFFFF, 0xFFFFFF, 0xFFFFFF, 0xFFFFFF, 0xFFFFFF, 0xFFFFFF, 0xFFFFFF, 0xFFFFFF, 0xFFFFFF, 0xFFFFFF, 0xFFFFFF, 0xFFFFFF, 
0xFFFFFF, 0xFFFFFF, 0xFFFFFF, 0xFFFFFF, 0xFFFFFF, 0xFFFFFF, 0xFFFFFF, 0xFFFFFF, 0xFFFFFF, 0xFFFFFF, 0xFFFFFF, 0xFFFFFF, 0xFFFFFF, 0xFFFFFF, 0xFFFFFF, 0xFFFFFF, 
0xFFFEFF, 0xFFFFFF, 0xFFFFFF, 0xFFFFFF, 0xFEFFFF, 0xFEFFFF, 0xFFFFFD, 0xFFFEFA, 0xFFFFFD, 0xE2CCBE, 0xA96D48, 0xFDB784, 0xF4BC8D, 0xF0BD8E, 0xF3BF8D, 0xF5BD8A, 
0xF6BD88, 0xF8BC88, 0xF8BC88, 0xF8BC88, 0xF8BC88, 0xF8BC88, 0xF8BC88, 0xF8BC88, 0xF8BC88, 0xF8BC88, 0xF8BC88, 0xF8BC88, 0xF8BC88, 0xF8BC88, 0xF8BC88, 0xF8BC88, 
0xF8BC88, 0xF8BC88, 0xF8BC88, 0xF8BC88, 0xF8BC88, 0xF8BC88, 0xF8BC88, 0xF8BC88, 0xF8BC88, 0xF8BC88, 0xF8BC88, 0xF8BC88, 0xF8BC88, 0xF8BC88, 0xF8BC88, 0xF8BC88, 
0xF9BD89, 0xF6BA86, 0xFABE8A, 0xF6BA86, 0xFCC08C, 0xE0A470, 0xC88C58, 0xFEC28E, 0xF6BA86, 0xF8BC88, 0xF8BC88, 0xF8BC88, 0xF8BC88, 0xF8BC88, 0xF8BC88, 0xF8BC88, 
0xF8BC88, 0xF8BC88, 0xF8BC88, 0xF8BC88, 0xF8BC88, 0xF8BC88, 0xF8BC88, 0xF8BC88, 0xF8BC88, 0xF7BB87, 0xF8BC88, 0xF8BC88, 0xF8BC88, 0xF8BC88, 0xF6BA86, 0xFBBF8D, 
0xE4AA7A, 0xA37856, 0xFFF6ED, 0xFDFDFD, 0xFFFEFB, 0xFFFCF9, 0xFFFDF8, 0x766355, 0x754D34, 0x946142, 0x8F5A3A, 0x905B3B, 0x925C40, 0x8E5B3E, 0x8F5C3D, 0x855235, 
0x8A573C, 0x915B3F, 0x925C3A, 0x8F5A38, 0x926747, 0x543520, 0xD1C7BE, 0xFFFFFD, 0xFFFEFC, 0xFFFFFF, 0xFFFFFF, 0xFEFFFF, 0xFFFEFF, 0xFFFFFD, 0xFFFFFF, 0xFEFFFF, 
0xFFFFFF, 0xFFFFFF, 0xFFFFFF, 0xFFFFFF, 0xFFFFFF, 0xFFFFFF, 0xFFFFFF, 0xFFFFFF, 0xFFFFFF, 0xFFFFFF, 0xFFFFFF, 0xFFFFFF, 0xFFFFFF, 0xFFFFFF, 0xFFFFFF, 0xFFFFFF, 
0xFFFFFF, 0xFFFFFF, 0xFFFFFF, 0xFFFFFF, 0xFFFFFF, 0xFFFFFF, 0xFFFFFF, 0xFFFFFF, 0xFFFFFF, 0xFFFFFF, 0xFFFFFF, 0xFFFFFF, 0xFFFFFF, 0xFFFFFF, 0xFFFFFF, 0xFFFFFF, 
0xFFFFFF, 0xFFFFFF, 0xFFFFFF, 0xFFFFFF, 0xFFFFFF, 0xFFFFFF, 0xFFFFFF, 0xFFFFFF, 0xFFFFFF, 0xFFFFFF, 0xFFFFFF, 0xFFFFFF, 0xFFFFFF, 0xFFFFFF, 0xFFFFFF, 0xFFFFFF, 
0xFFFEFF, 0xFFFFFF, 0xFEFFFF, 0xFEFFFF, 0xFEFFFF, 0xFFFFFF, 0xFFFFFB, 0xFFFEFA, 0xFFFFFF, 0xF8E6DA, 0x9D6542, 0xECA879, 0xF7BE91, 0xEFBC8D, 0xF4C08E, 0xF2BD89, 
0xF6BD88, 0xF8BC88, 0xF8BC88, 0xF8BC88, 0xF8BC88, 0xF8BC88, 0xF8BC88, 0xF8BC88, 0xF8BC88, 0xF8BC88, 0xF8BC88, 0xF8BC88, 0xF8BC88, 0xF8BC88, 0xF8BC88, 0xF8BC88, 
0xF8BC88, 0xF8BC88, 0xF8BC88, 0xF8BC88, 0xF8BC88, 0xF8BC88, 0xF8BC88, 0xF8BC88, 0xF8BC88, 0xF8BC88, 0xF8BC88, 0xF8BC88, 0xF8BC88, 0xF8BC88, 0xF8BC88, 0xF8BC88, 
0xF8BC88, 0xF6BA86, 0xFABE8A, 0xF7BB87, 0xFCC08C, 0xE0A470, 0xC88C58, 0xFEC28E, 0xF6BA86, 0xF7BB87, 0xF8BC88, 0xF8BC88, 0xF8BC88, 0xF8BC88, 0xF8BC88, 0xF8BC88, 
0xF8BC88, 0xF8BC88, 0xF8BC88, 0xF8BC88, 0xF8BC88, 0xF8BC88, 0xF8BC88, 0xF8BC88, 0xF8BC88, 0xF7BB87, 0xF8BC88, 0xF8BC88, 0xF8BC88, 0xF7BB87, 0xF6BA86, 0xFAC08E, 
0xDEA578, 0xA57C5C, 0xFFF9F0, 0xFFFFFF, 0xFFFEFB, 0xFFFDF7, 0xFFF7EF, 0x553E2E, 0x80563D, 0x925D3E, 0x905B3B, 0x905B3C, 0x8F5C3F, 0x8F5C3F, 0x8E5B3C, 0x855233, 
0x8B583D, 0x935D41, 0x915B39, 0x8E5C3B, 0x916548, 0x51351F, 0xD7CDC4, 0xFFFFFD, 0xFFFEFC, 0xFFFFFF, 0xFFFFFF, 0xFEFFFF, 0xFFFEFF, 0xFFFFFD, 0xFFFFFF, 0xFEFFFF, 
0xFFFFFF, 0xFFFFFF, 0xFFFFFF, 0xFFFFFF, 0xFFFFFF, 0xFFFFFF, 0xFFFFFF, 0xFFFFFF, 0xFFFFFF, 0xFFFFFF, 0xFFFFFF, 0xFFFFFF, 0xFFFFFF, 0xFFFFFF, 0xFFFFFF, 0xFFFFFF, 
0xFFFFFF, 0xFFFFFF, 0xFFFFFF, 0xFFFFFF, 0xFFFFFF, 0xFFFFFF, 0xFFFFFF, 0xFFFFFF, 0xFFFFFF, 0xFFFFFF, 0xFFFFFF, 0xFFFFFF, 0xFFFFFF, 0xFFFFFF, 0xFFFFFF, 0xFFFFFF, 
0xFFFFFF, 0xFFFFFF, 0xFFFFFF, 0xFFFFFF, 0xFFFFFF, 0xFFFFFF, 0xFFFFFF, 0xFFFFFF, 0xFFFFFF, 0xFFFFFF, 0xFFFFFF, 0xFFFFFF, 0xFFFFFF, 0xFFFFFF, 0xFFFFFF, 0xFFFFFF, 
0xFFFFFD, 0xFFFFFD, 0xFEFFFF, 0xFEFFFF, 0xFFFEFF, 0xFFFEFF, 0xFFFFFD, 0xFFFFFB, 0xFEFFFF, 0xFFF7EE, 0xB07F61, 0xCC8D62, 0xF8C091, 0xF1BC8A, 0xF4BF89, 0xF4BD85, 
0xF6BD88, 0xF8BC88, 0xF8BC88, 0xF8BC88, 0xF8BC88, 0xF8BC88, 0xF8BC88, 0xF8BC88, 0xF8BC88, 0xF8BC88, 0xF8BC88, 0xF8BC88, 0xF8BC88, 0xF8BC88, 0xF8BC88, 0xF8BC88, 
0xF8BC88, 0xF8BC88, 0xF8BC88, 0xF8BC88, 0xF8BC88, 0xF8BC88, 0xF8BC88, 0xF8BC88, 0xF8BC88, 0xF8BC88, 0xF8BC88, 0xF8BC88, 0xF8BC88, 0xF8BC88, 0xF8BC88, 0xF8BC88, 
0xF8BC88, 0xF7BB87, 0xF9BD89, 0xF6BA86, 0xFCC08C, 0xDEA26E, 0xC58955, 0xFCC08C, 0xF6BA86, 0xF7BB87, 0xF8BC88, 0xF8BC88, 0xF7BB87, 0xF8BC88, 0xF8BC88, 0xF8BC88, 
0xF8BC88, 0xF8BC88, 0xF8BC88, 0xF8BC88, 0xF8BC88, 0xF8BC88, 0xF8BC88, 0xF8BC88, 0xF8BC88, 0xF7BB87, 0xF8BC88, 0xF8BC88, 0xF8BC88, 0xF7BB87, 0xF6BA86, 0xFBC191, 
0xD39E72, 0xAC8868, 0xFFFBF1, 0xFFFFFD, 0xFFFDF9, 0xFFFDF6, 0xD7C6BC, 0x503522, 0x8C6045, 0x8F5A3A, 0x925D3E, 0x915C3D, 0x8E5B3E, 0x905D40, 0x8F5A3B, 0x875233, 
0x8B583D, 0x925C40, 0x90593A, 0x905E3D, 0x8C6043, 0x533722, 0xE4D9D3, 0xFFFFFF, 0xFFFDFE, 0xFFFFFF, 0xFFFFFF, 0xFEFFFF, 0xFFFEFF, 0xFFFFFD, 0xFFFFFF, 0xFEFFFF, 
0xFFFFFF, 0xFFFFFF, 0xFFFFFF, 0xFFFFFF, 0xFFFFFF, 0xFFFFFF, 0xFFFFFF, 0xFFFFFF, 0xFFFFFF, 0xFFFFFF, 0xFFFFFF, 0xFFFFFF, 0xFFFFFF, 0xFFFFFF, 0xFFFFFF, 0xFFFFFF, 
0xFFFFFF, 0xFFFFFF, 0xFFFFFF, 0xFFFFFF, 0xFFFFFF, 0xFFFFFF, 0xFFFFFF, 0xFFFFFF, 0xFFFFFF, 0xFFFFFF, 0xFFFFFF, 0xFFFFFF, 0xFFFFFF, 0xFFFFFF, 0xFFFFFF, 0xFFFFFF, 
0xFFFFFF, 0xFFFFFF, 0xFFFFFF, 0xFFFFFF, 0xFFFFFF, 0xFFFFFF, 0xFFFFFF, 0xFFFFFF, 0xFFFFFF, 0xFFFFFF, 0xFFFFFF, 0xFFFFFF, 0xFFFFFF, 0xFFFFFF, 0xFFFFFF, 0xFFFFFD, 
0xFFFFFD, 0xFEFFFD, 0xFEFFFF, 0xFEFFFF, 0xFFFEFF, 0xFFFEFF, 0xFFFFFD, 0xFFFFFD, 0xFCFEFD, 0xFFFCF6, 0xCDA48E, 0xAC7451, 0xF7BE91, 0xF4BB86, 0xF4BC83, 0xF6BE85, 
0xF8BC86, 0xF8BC88, 0xF8BC88, 0xF8BC88, 0xF8BC88, 0xF8BC88, 0xF8BC88, 0xF8BC88, 0xF8BC88, 0xF8BC88, 0xF8BC88, 0xF8BC88, 0xF8BC88, 0xF8BC88, 0xF8BC88, 0xF8BC88, 
0xF8BC88, 0xF8BC88, 0xF8BC88, 0xF8BC88, 0xF8BC88, 0xF8BC88, 0xF8BC88, 0xF8BC88, 0xF8BC88, 0xF8BC88, 0xF8BC88, 0xF8BC88, 0xF8BC88, 0xF8BC88, 0xF8BC88, 0xF8BC88, 
0xF7BB87, 0xF9BD89, 0xF8BC88, 0xF6BA86, 0xFFC38F, 0xDEA26E, 0xC48854, 0xFEC28E, 0xF6BA86, 0xF7BB87, 0xF8BC88, 0xF8BC88, 0xF7BB87, 0xF8BC88, 0xF8BC88, 0xF8BC88, 
0xF8BC88, 0xF8BC88, 0xF8BC88, 0xF8BC88, 0xF8BC88, 0xF8BC88, 0xF8BC88, 0xF8BC88, 0xF9BD89, 0xF7BB87, 0xF8BC88, 0xF8BC88, 0xF8BC88, 0xF7BB87, 0xF6BA86, 0xFAC291, 
0xC19067, 0xBC9A7E, 0xFFFDF3, 0xFEFEFC, 0xFFFCF8, 0xFFFDF4, 0x978476, 0x664733, 0x926548, 0x8D5838, 0x935E3F, 0x925D3E, 0x8D5A3D, 0x905D40, 0x8E593A, 0x875233, 
0x8B583B, 0x8F593D, 0x8E5939, 0x905F3F, 0x855C40, 0x533823, 0xF0E7E0, 0xFFFFFF, 0xFFFDFE, 0xFFFEFF, 0xFFFFFF, 0xFFFFFF, 0xFFFEFF, 0xFFFFFD, 0xFFFFFF, 0xFEFFFF, 
0xFFFFFF, 0xFFFFFF, 0xFFFFFF, 0xFFFFFF, 0xFFFFFF, 0xFFFFFF, 0xFFFFFF, 0xFFFFFF, 0xFFFFFF, 0xFFFFFF, 0xFFFFFF, 0xFFFFFF, 0xFFFFFF, 0xFFFFFF, 0xFFFFFF, 0xFFFFFF, 
0xFFFFFF, 0xFFFFFF, 0xFFFFFF, 0xFFFFFF, 0xFFFFFF, 0xFFFFFF, 0xFFFFFF, 0xFFFFFF, 0xFFFFFF, 0xFFFFFF, 0xFFFFFF, 0xFFFFFF, 0xFFFFFF, 0xFFFFFF, 0xFFFFFF, 0xFFFFFF, 
0xFFFFFF, 0xFFFFFF, 0xFFFFFF, 0xFFFFFF, 0xFFFFFF, 0xFFFFFF, 0xFFFFFF, 0xFFFFFF, 0xFFFFFF, 0xFFFFFF, 0xFFFFFF, 0xFFFFFF, 0xFFFFFF, 0xFFFFFF, 0xFFFFFF, 0xFFFFFD, 
0xFEFFFD, 0xFEFFFB, 0xFEFFFD, 0xFFFFFF, 0xFFFDFF, 0xFFFDFF, 0xFFFFFF, 0xFEFFFF, 0xFEFFFF, 0xFFFAF7, 0xFBDED0, 0x95674D, 0xD9A075, 0xFDC08A, 0xF9BB80, 0xF6BA7E, 
0xF9BD87, 0xF8BC88, 0xF9BD89, 0xF5B985, 0xFABE8A, 0xFBBF8B, 0xF4B884, 0xFBBF8B, 0xF8BC88, 0xF8BC88, 0xF8BC88, 0xF8BC88, 0xF8BC88, 0xF8BC88, 0xF8BC88, 0xF8BC88, 
0xF8BC88, 0xF8BC88, 0xF8BC88, 0xF8BC88, 0xFABE8A, 0xFABE8A, 0xF5B985, 0xFABE8A, 0xF8BC88, 0xF8BC88, 0xF8BC88, 0xF8BC88, 0xF8BC88, 0xF8BC88, 0xF8BC88, 0xF8BC88, 
0xF8BC88, 0xF9BD89, 0xF9BD89, 0xF5B985, 0xFBBF8B, 0xE9AD79, 0xBC804C, 0xFCC08C, 0xF7BB87, 0xF5B985, 0xF8BC88, 0xFABE8A, 0xF7BB87, 0xF7BB87, 0xFABE8A, 0xF6BA86, 
0xF8BC88, 0xF8BC88, 0xF8BC88, 0xF8BC88, 0xF8BC88, 0xF8BC88, 0xF8BC88, 0xF8BC88, 0xF7BB87, 0xF8BC88, 0xF8BC88, 0xF8BC88, 0xF7BB87, 0xF7BB87, 0xF7BB87, 0xF6C091, 
0xB0845D, 0xD0B298, 0xFFFDF4, 0xFFFFFB, 0xFFFCF6, 0xFFF6ED, 0x5C4535, 0x77543E, 0x8E5F43, 0x925B3C, 0x8F5A3B, 0x905A3E, 0x905D40, 0x905D40, 0x8E593A, 0x8B5637, 
0x8D573B, 0x925C40, 0x905B3B, 0x8F5E3E, 0x7F573D, 0x5E4531, 0xFEF7F1, 0xFEFEFF, 0xFFFEFF, 0xFFFEFF, 0xFFFFFF, 0xFFFFFF, 0xFFFEFF, 0xFFFFFD, 0xFFFFFF, 0xFEFFFF, 
0xFFFFFF, 0xFFFFFF, 0xFFFFFF, 0xFFFFFF, 0xFFFFFF, 0xFFFFFF, 0xFFFFFF, 0xFFFFFF, 0xFFFFFF, 0xFFFFFF, 0xFFFFFF, 0xFFFFFF, 0xFFFFFF, 0xFFFFFF, 0xFFFFFF, 0xFFFFFF, 
0xFFFFFF, 0xFFFFFF, 0xFFFFFF, 0xFFFFFF, 0xFFFFFF, 0xFFFFFF, 0xFFFFFF, 0xFFFFFF, 0xFFFFFF, 0xFFFFFF, 0xFFFFFF, 0xFFFFFF, 0xFFFFFF, 0xFFFFFF, 0xFFFFFF, 0xFFFFFF, 
0xFFFFFF, 0xFFFFFF, 0xFFFFFF, 0xFFFFFF, 0xFFFFFF, 0xFFFFFF, 0xFFFFFF, 0xFFFFFF, 0xFFFFFF, 0xFFFFFF, 0xFFFFFF, 0xFFFFFF, 0xFFFFFF, 0xFFFFFF, 0xFFFFFF, 0xFFFFFF, 
0xFEFFFD, 0xFEFFFB, 0xFFFFFD, 0xFFFFFD, 0xFFFDFF, 0xFFFDFF, 0xFFFFFF, 0xFEFFFF, 0xFDFFFE, 0xFFFDFA, 0xFFFAF4, 0xB2917E, 0xAE7A52, 0xF6B983, 0xF8BA7F, 0xFCBE83, 
0xF7BA84, 0xFBBF8B, 0xF9BD89, 0xF9BD89, 0xF7BB87, 0xF6BA86, 0xFBBF8B, 0xF8BC88, 0xF8BC88, 0xF8BC88, 0xF8BC88, 0xF8BC88, 0xF8BC88, 0xF8BC88, 0xF8BC88, 0xF8BC88, 
0xF8BC88, 0xF8BC88, 0xF7BB87, 0xF8BC88, 0xF9BD89, 0xF6BA86, 0xFABE8A, 0xF8BC88, 0xF8BC88, 0xF8BC88, 0xF8BC88, 0xF8BC88, 0xF8BC88, 0xF8BC88, 0xF8BC88, 0xF8BC88, 
0xF7BB87, 0xF8BC88, 0xF8BC88, 0xF7BB87, 0xFBBF8B, 0xEBAF7B, 0xB77B47, 0xF7BB87, 0xF7BB87, 0xF8BC88, 0xFABE8A, 0xF8BC88, 0xF7BB87, 0xF9BD89, 0xF8BC88, 0xF8BC88, 
0xF8BC88, 0xF8BC88, 0xF8BC88, 0xF8BC88, 0xF8BC88, 0xF8BC88, 0xF8BC88, 0xF8BC88, 0xF8BC88, 0xF8BC88, 0xF8BC88, 0xF9BD89, 0xF8BC88, 0xF7BB87, 0xF8BC88, 0xF2BE8F, 
0xA37B58, 0xE6CCB5, 0xFFFAF1, 0xFCFBF7, 0xFFFEF8, 0xEEE0D5, 0x4E3320, 0x845F45, 0x8E5D3F, 0x925B3C, 0x905A3E, 0x915B3F, 0x8F5C3F, 0x8F5C3D, 0x8F5A3A, 0x8D5838, 
0x8E583C, 0x915B3F, 0x905B3B, 0x8F6140, 0x7C573C, 0x6B5140, 0xFFFAF7, 0xFEFFFF, 0xFFFFFF, 0xFFFEFF, 0xFFFFFF, 0xFFFFFF, 0xFFFEFD, 0xFFFFFD, 0xFFFFFF, 0xFEFFFF, 
0xFFFFFF, 0xFFFFFF, 0xFFFFFF, 0xFFFFFF, 0xFFFFFF, 0xFFFFFF, 0xFFFFFF, 0xFFFFFF, 0xFFFFFF, 0xFFFFFF, 0xFFFFFF, 0xFFFFFF, 0xFFFFFF, 0xFFFFFF, 0xFFFFFF, 0xFFFFFF, 
0xFFFFFF, 0xFFFFFF, 0xFFFFFF, 0xFFFFFF, 0xFFFFFF, 0xFFFFFF, 0xFFFFFF, 0xFFFFFF, 0xFFFFFF, 0xFFFFFF, 0xFFFFFF, 0xFFFFFF, 0xFFFFFF, 0xFFFFFF, 0xFFFFFF, 0xFFFFFF, 
0xFFFFFF, 0xFFFFFF, 0xFFFFFF, 0xFFFFFF, 0xFFFFFF, 0xFFFFFF, 0xFFFFFF, 0xFFFFFF, 0xFFFFFF, 0xFFFFFF, 0xFFFFFF, 0xFFFFFF, 0xFFFFFF, 0xFFFFFF, 0xFFFFFF, 0xFFFFFF, 
0xFEFFFF, 0xFEFFFD, 0xFFFFFB, 0xFFFFFB, 0xFFFEFF, 0xFFFEFF, 0xFEFFFF, 0xFEFFFF, 0xFEFFFF, 0xFFFFFD, 0xFFFAF8, 0xFFE9DC, 0x936645, 0xCF9766, 0xFEC18B, 0xF5B680, 
0xF6B983, 0xF8BC88, 0xF4B884, 0xFABE8A, 0xFCC08C, 0xF4B884, 0xF5B985, 0xF7BB87, 0xF8BC88, 0xF8BC88, 0xF8BC88, 0xF8BC88, 0xF8BC88, 0xF8BC88, 0xF8BC88, 0xF8BC88, 
0xF9BD89, 0xF7BB87, 0xFABE8A, 0xF8BC88, 0xF8BC88, 0xF6BA86, 0xFBBF8B, 0xF6BA86, 0xF8BC88, 0xF8BC88, 0xF8BC88, 0xF8BC88, 0xF8BC88, 0xF8BC88, 0xF8BC88, 0xF8BC88, 
0xF9BD89, 0xF8BC88, 0xF7BB87, 0xF6BA86, 0xF9BD89, 0xF1B581, 0xB77B47, 0xF3B783, 0xF8BC88, 0xF7BB87, 0xFABE8A, 0xF7BB87, 0xF8BC88, 0xFABE8A, 0xF6BA86, 0xFABE8A, 
0xF8BC88, 0xF8BC88, 0xF8BC88, 0xF8BC88, 0xF8BC88, 0xF8BC88, 0xF8BC88, 0xF8BC88, 0xF9BD89, 0xF8BC88, 0xF7BB87, 0xF9BD89, 0xF8BC88, 0xF7BB87, 0xF9BD89, 0xECB78B, 
0x967252, 0xF0D9C7, 0xFFFAF3, 0xFFFBF8, 0xFFFDF8, 0xC4B4A7, 0x553622, 0x8F664A, 0x8E5B3C, 0x925B3C, 0x915B3F, 0x905D42, 0x8F5C3F, 0x8E5B3C, 0x8F5A3A, 0x90593A, 
0x905A3E, 0x905A3E, 0x905B3B, 0x916244, 0x775238, 0x7C6553, 0xFFFEFA, 0xFEFFFF, 0xFFFFFF, 0xFFFEFF, 0xFFFFFF, 0xFFFFFF, 0xFFFEFD, 0xFFFFFD, 0xFEFFFF, 0xFEFFFF, 
0xFFFFFF, 0xFFFFFF, 0xFFFFFF, 0xFFFFFF, 0xFFFFFF, 0xFFFFFF, 0xFFFFFF, 0xFFFFFF, 0xFFFFFF, 0xFFFFFF, 0xFFFFFF, 0xFFFFFF, 0xFFFFFF, 0xFFFFFF, 0xFFFFFF, 0xFFFFFF, 
0xFFFFFF, 0xFFFFFF, 0xFFFFFF, 0xFFFFFF, 0xFFFFFF, 0xFFFFFF, 0xFFFFFF, 0xFFFFFF, 0xFFFFFF, 0xFFFFFF, 0xFFFFFF, 0xFFFFFF, 0xFFFFFF, 0xFFFFFF, 0xFFFFFF, 0xFFFFFF, 
0xFFFFFF, 0xFFFFFF, 0xFFFFFF, 0xFFFFFF, 0xFFFFFF, 0xFFFFFF, 0xFFFFFF, 0xFFFFFF, 0xFFFFFF, 0xFFFFFF, 0xFFFFFF, 0xFFFFFF, 0xFFFFFF, 0xFFFFFF, 0xFFFFFF, 0xFFFFFF, 
0xFFFFFF, 0xFFFFFD, 0xFFFFFB, 0xFFFFFB, 0xFFFEFF, 0xFFFEFF, 0xFEFFFF, 0xFEFFFF, 0xFDFDFB, 0xFFFFFD, 0xFFFFFF, 0xFFF9F3, 0xD1B296, 0x9A6A42, 0xE4AE80, 0xFBBF8D, 
0xF9BD89, 0xF7BB87, 0xFABE8A, 0xF4B884, 0xF4B884, 0xFBBF8B, 0xF9BD89, 0xF9BD89, 0xF8BC88, 0xF8BC88, 0xF8BC88, 0xF8BC88, 0xF8BC88, 0xF8BC88, 0xF8BC88, 0xF8BC88, 
0xF8BC88, 0xF6BA86, 0xFBBF8B, 0xF7BB87, 0xF6BA86, 0xFABE8A, 0xF6BA86, 0xF7BB87, 0xF8BC88, 0xF8BC88, 0xF8BC88, 0xF8BC88, 0xF8BC88, 0xF8BC88, 0xF8BC88, 0xF8BC88, 
0xF9BD89, 0xF9BD89, 0xF8BC88, 0xF6BA86, 0xF7BB87, 0xF8BC88, 0xBB7F4B, 0xE6AA76, 0xFABE8A, 0xF4B884, 0xF8BC88, 0xF8BC88, 0xF8BC88, 0xFABE8A, 0xF6BA86, 0xF8BC88, 
0xF8BC88, 0xF8BC88, 0xF8BC88, 0xF8BC88, 0xF8BC88, 0xF8BC88, 0xF8BC88, 0xF8BC88, 0xF9BD89, 0xF8BC88, 0xF8BC88, 0xFABE8A, 0xF7BB87, 0xF7BB87, 0xFCC08C, 0xE4B184, 
0x926F53, 0xF4E1D2, 0xFFFDF8, 0xFFFEFB, 0xFFFCF7, 0x917F73, 0x6C4933, 0x916447, 0x8D5B3A, 0x915A3B, 0x925C40, 0x905D42, 0x8F5C3F, 0x8E5B3C, 0x915A3B, 0x915A3B, 
0x925D3E, 0x905B3C, 0x905B3C, 0x926345, 0x6F4A30, 0x917A6A, 0xFFFEFB, 0xFCFDFF, 0xFFFFFF, 0xFFFEFF, 0xFFFFFF, 0xFFFEFF, 0xFFFEFD, 0xFFFFFD, 0xFEFFFF, 0xFCFFFF, 
0xFFFFFF, 0xFFFFFF, 0xFFFFFF, 0xFFFFFF, 0xFFFFFF, 0xFFFFFF, 0xFFFFFF, 0xFFFFFF, 0xFFFFFF, 0xFFFFFF, 0xFFFFFF, 0xFFFFFF, 0xFFFFFF, 0xFFFFFF, 0xFFFFFF, 0xFFFFFF, 
0xFFFFFF, 0xFFFFFF, 0xFFFFFF, 0xFFFFFF, 0xFFFFFF, 0xFFFFFF, 0xFFFFFF, 0xFFFFFF, 0xFFFFFF, 0xFFFFFF, 0xFFFFFF, 0xFFFFFF, 0xFFFFFF, 0xFFFFFF, 0xFFFFFF, 0xFFFFFF, 
0xFFFFFF, 0xFFFFFF, 0xFFFFFF, 0xFFFFFF, 0xFFFFFF, 0xFFFFFF, 0xFFFFFF, 0xFFFFFF, 0xFFFFFF, 0xFFFFFF, 0xFFFFFF, 0xFFFFFF, 0xFFFFFF, 0xFFFFFF, 0xFFFFFF, 0xFFFFFF, 
0xFFFFFF, 0xFFFFFF, 0xFFFFFB, 0xFFFFFB, 0xFFFFFF, 0xFFFFFF, 0xFFFFFF, 0xFFFFFF, 0xFFFFFD, 0xFDFDFB, 0xFCFFFF, 0xFFFBF8, 0xFFF4E2, 0xA48568, 0xA97B59, 0xEAB58B, 
0xF6BC8C, 0xF3B783, 0xFBBF8B, 0xFBBF8B, 0xF5B985, 0xF8BC88, 0xF7BB87, 0xF6BA86, 0xF8BC88, 0xF8BC88, 0xF8BC88, 0xF8BC88, 0xF8BC88, 0xF8BC88, 0xF8BC88, 0xF8BC88, 
0xF6BA86, 0xFABE8A, 0xF7BB87, 0xF6BA86, 0xF7BB87, 0xF9BD89, 0xF6BA86, 0xF9BD89, 0xF8BC88, 0xF8BC88, 0xF8BC88, 0xF8BC88, 0xF8BC88, 0xF8BC88, 0xF8BC88, 0xF8BC88, 
0xF7BB87, 0xF9BD89, 0xFABE8A, 0xF7BB87, 0xF7BB87, 0xFDC18D, 0xC38753, 0xD09460, 0xFFC490, 0xF3B783, 0xF6BA86, 0xF9BD89, 0xF7BB87, 0xF9BD89, 0xF8BC88, 0xF7BB87, 
0xF8BC88, 0xF8BC88, 0xF8BC88, 0xF8BC88, 0xF8BC88, 0xF8BC88, 0xF8BC88, 0xF8BC88, 0xF8BC88, 0xF8BC88, 0xF8BC88, 0xF9BD89, 0xF6BA86, 0xF6BA86, 0xFDC18D, 0xD8A57A, 
0x95755C, 0xFFF3E7, 0xFFFEF8, 0xFFFCF9, 0xFFFDF8, 0x6A564B, 0x77533B, 0x906143, 0x8F5A3A, 0x915A3B, 0x915B3F, 0x8F5C41, 0x8F5C3F, 0x8F5C3D, 0x925B3C, 0x925B3C, 
0x925D3E, 0x8F5A3B, 0x915C3D, 0x936446, 0x67432B, 0xA79281, 0xFFFEFB, 0xF9FDFF, 0xFFFFFF, 0xFFFEFF, 0xFFFEFF, 0xFFFEFF, 0xFFFEFD, 0xFFFFFD, 0xFEFFFF, 0xFCFFFF, 
0xFFFFFF, 0xFFFFFF, 0xFFFFFF, 0xFFFFFF, 0xFFFFFF, 0xFFFFFF, 0xFFFFFF, 0xFFFFFF, 0xFFFFFF, 0xFFFFFF, 0xFFFFFF, 0xFFFFFF, 0xFFFFFF, 0xFFFFFF, 0xFFFFFF, 0xFFFFFF, 
0xFFFFFF, 0xFFFFFF, 0xFFFFFF, 0xFFFFFF, 0xFFFFFF, 0xFFFFFF, 0xFFFFFF, 0xFFFFFF, 0xFFFFFF, 0xFFFFFF, 0xFFFFFF, 0xFFFFFF, 0xFFFFFF, 0xFFFFFF, 0xFFFFFF, 0xFFFFFF, 
0xFFFFFF, 0xFFFFFF, 0xFFFFFF, 0xFFFFFF, 0xFFFFFF, 0xFFFFFF, 0xFFFFFF, 0xFFFFFF, 0xFFFFFF, 0xFFFFFF, 0xFFFFFF, 0xFFFFFF, 0xFFFFFF, 0xFFFFFF, 0xFFFFFF, 0xFFFFFF, 
0xFFFEFF, 0xFFFEFF, 0xFFFFFB, 0xFEFFFD, 0xFEFFFF, 0xFEFFFF, 0xFFFFFF, 0xFFFFFD, 0xFFFFFB, 0xFDFDFB, 0xFCFFFF, 0xFEFFFF, 0xFFFEF4, 0xF7E4D3, 0x926E54, 0xAB7B57, 
0xEFB689, 0xFDC18D, 0xF3B783, 0xF2B682, 0xFCC08C, 0xF9BD89, 0xF6BA86, 0xF8BC88, 0xF8BC88, 0xF8BC88, 0xF8BC88, 0xF8BC88, 0xF8BC88, 0xF8BC88, 0xF8BC88, 0xF8BC88, 
0xF8BC88, 0xFDC18D, 0xF5B985, 0xF9BD89, 0xFABE8A, 0xF5B985, 0xFABE8A, 0xF9BD89, 0xF8BC88, 0xF8BC88, 0xF8BC88, 0xF8BC88, 0xF8BC88, 0xF8BC88, 0xF8BC88, 0xF8BC88, 
0xF7BB87, 0xF8BC88, 0xF9BD89, 0xF5B985, 0xF6BA86, 0xFEC28E, 0xD59965, 0xC18551, 0xFEC28E, 0xF7BB87, 0xF7BB87, 0xF9BD89, 0xF7BB87, 0xF7BB87, 0xFABE8A, 0xF7BB87, 
0xF8BC88, 0xF8BC88, 0xF8BC88, 0xF8BC88, 0xF8BC88, 0xF8BC88, 0xF8BC88, 0xF8BC88, 0xF8BC88, 0xF8BC88, 0xF8BC88, 0xF8BC88, 0xF5B985, 0xF6BA86, 0xFDC18D, 0xC7966B, 
0xA88A72, 0xFFFBF1, 0xFFFBF8, 0xFFFEFB, 0xFFF8F3, 0x564335, 0x7E593F, 0x905D3E, 0x915A3B, 0x915A3B, 0x915B3F, 0x8F5C41, 0x8F5C3F, 0x8F5C3D, 0x925B3C, 0x925B3C, 
0x915C3D, 0x905A3E, 0x905B3C, 0x936446, 0x613D25, 0xBFA99B, 0xFFFEFB, 0xFAFEFF, 0xFFFFFF, 0xFFFEFF, 0xFFFEFF, 0xFFFFFD, 0xFFFEFB, 0xFFFFFD, 0xFEFFFF, 0xFCFFFF, 
0xFFFFFF, 0xFFFFFF, 0xFFFFFF, 0xFFFFFF, 0xFFFFFF, 0xFFFFFF, 0xFFFFFF, 0xFFFFFF, 0xFFFFFF, 0xFFFFFF, 0xFFFFFF, 0xFFFFFF, 0xFFFFFF, 0xFFFFFF, 0xFFFFFF, 0xFFFFFF, 
0xFFFFFF, 0xFFFFFF, 0xFFFFFF, 0xFFFFFF, 0xFFFFFF, 0xFFFFFF, 0xFFFFFF, 0xFFFFFF, 0xFFFFFF, 0xFFFFFF, 0xFFFFFF, 0xFFFFFF, 0xFFFFFF, 0xFFFFFF, 0xFFFFFF, 0xFFFFFF, 
0xFFFFFF, 0xFFFFFF, 0xFFFFFF, 0xFFFFFF, 0xFFFFFF, 0xFFFFFF, 0xFFFFFF, 0xFFFFFF, 0xFFFFFF, 0xFFFFFF, 0xFFFFFF, 0xFFFFFF, 0xFFFFFF, 0xFFFFFF, 0xFFFFFF, 0xFFFFFF, 
0xFFFEFF, 0xFFFEFF, 0xFEFFFD, 0xFCFFFF, 0xFCFFFF, 0xFEFFFF, 0xFFFEFF, 0xFFFEFB, 0xFDF9F6, 0xFFFFFD, 0xFCFFFF, 0xFAFFFF, 0xFBFFFC, 0xFFFEF6, 0xEED4C5, 0x936A4E, 
0xAE794D, 0xEDB17D, 0xFFC692, 0xFCC08C, 0xF9BD89, 0xF4B884, 0xF6BA86, 0xFBBF8B, 0xF8BC88, 0xF8BC88, 0xF8BC88, 0xF8BC88, 0xF8BC88, 0xF8BC88, 0xF8BC88, 0xF8BC88, 
0xF4B884, 0xEDB17D, 0xF8BC88, 0xF8BC88, 0xFBBF8B, 0xF6BA86, 0xFABE8A, 0xF7BB87, 0xF8BC88, 0xF8BC88, 0xF8BC88, 0xF8BC88, 0xF8BC88, 0xF8BC88, 0xF8BC88, 0xF8BC88, 
0xF9BD89, 0xF6BA86, 0xF8BC88, 0xF5B985, 0xF7BB87, 0xFCC08C, 0xE4A874, 0xB47844, 0xEFB37F, 0xFABE8A, 0xF7BB87, 0xF7BB87, 0xF8BC88, 0xF7BB87, 0xFABE8A, 0xF8BC88, 
0xF8BC88, 0xF8BC88, 0xF8BC88, 0xF8BC88, 0xF8BC88, 0xF8BC88, 0xF8BC88, 0xF8BC88, 0xF8BC88, 0xF9BD89, 0xF8BC88, 0xF8BC88, 0xF6BA86, 0xF8BC88, 0xFBBF8B, 0xB7865D, 
0xC2A690, 0xFFFCF3, 0xFFFBF7, 0xFFFEFD, 0xF6EDE8, 0x513B2E, 0x855D43, 0x8F5D3C, 0x915B39, 0x925B3C, 0x8F5C41, 0x8E5C41, 0x8F5C3F, 0x8F5C3D, 0x925B3C, 0x925B3C, 
0x915C3D, 0x915B3F, 0x8D5A3B, 0x916447, 0x5F3B23, 0xD2BCAE, 0xFFFEFB, 0xFBFFFF, 0xFEFFFF, 0xFFFFFF, 0xFFFFFD, 0xFFFFFD, 0xFFFEFB, 0xFFFFFD, 0xFEFFFF, 0xFCFFFF, 
0xFFFFFF, 0xFFFFFF, 0xFFFFFF, 0xFFFFFF, 0xFFFFFF, 0xFFFFFF, 0xFFFFFF, 0xFFFFFF, 0xFFFFFF, 0xFFFFFF, 0xFFFFFF, 0xFFFFFF, 0xFFFFFF, 0xFFFFFF, 0xFFFFFF, 0xFFFFFF, 
0xFFFFFF, 0xFFFFFF, 0xFFFFFF, 0xFFFFFF, 0xFFFFFF, 0xFFFFFF, 0xFFFFFF, 0xFFFFFF, 0xFFFFFF, 0xFFFFFF, 0xFFFFFF, 0xFFFFFF, 0xFFFFFF, 0xFFFFFF, 0xFFFFFF, 0xFFFFFF, 
0xFFFFFF, 0xFFFFFF, 0xFFFFFF, 0xFFFFFF, 0xFFFFFF, 0xFFFFFF, 0xFFFFFF, 0xFFFFFF, 0xFFFFFF, 0xFFFFFF, 0xFFFFFF, 0xFFFFFF, 0xFFFFFF, 0xFFFFFF, 0xFFFFFF, 0xFFFFFF, 
0xFFFEFF, 0xFFFEFF, 0xFEFFFF, 0xFCFFFF, 0xFCFFFF, 0xFEFFFF, 0xFFFEFF, 0xFFFEFB, 0xFFFEFD, 0xFDFCFA, 0xFEFFFF, 0xFBFFFF, 0xFBFFFF, 0xFDFDFB, 0xFFF8F0, 0xF3D4C0, 
0xA57753, 0xAC7445, 0xCE925E, 0xE9AD79, 0xF1B583, 0xF8BE8C, 0xFABE8A, 0xF5B985, 0xF9BB88, 0xF9BB88, 0xF8BC88, 0xF8BC86, 0xF8BC86, 0xF8BC88, 0xF8BC88, 0xF8BC88, 
0xEAAE7A, 0xD29662, 0xFBBF8D, 0xF3B783, 0xFABD87, 0xFCBF89, 0xF8BC88, 0xF7BB87, 0xF6BC8A, 0xF6BC8A, 0xF8BC88, 0xF8BC88, 0xF8BC88, 0xF8BC88, 0xF8BC88, 0xF8BC8A, 
0xF5BB89, 0xF3B785, 0xFABE8C, 0xFBBF8D, 0xFDC18F, 0xF9BD89, 0xE6AA76, 0xA36532, 0xDEA06D, 0xFCBE8B, 0xF7BB89, 0xF2B886, 0xF8BE8C, 0xF5BB89, 0xF8BC88, 0xF8BA87, 
0xF9BB88, 0xF9BB88, 0xF8BC88, 0xF8BC88, 0xF8BC88, 0xF8BC88, 0xF8BC88, 0xF8BC86, 0xF8BC88, 0xF9BD89, 0xF8BC88, 0xF6BD88, 0xF5BC87, 0xF9BD8B, 0xFABE8C, 0xAC7B53, 
0xD6BBA8, 0xFFFBF3, 0xFFFDFA, 0xFFFCF9, 0xF5EAE6, 0x4F392C, 0x835B42, 0x905D3E, 0x905B3B, 0x925B3C, 0x925D3E, 0x925C40, 0x8F5C3F, 0x8E5B3E, 0x915C3C, 0x935C3D, 
0x925D3E, 0x925D3E, 0x90593A, 0x926345, 0x5C3923, 0xDAC7B8, 0xFFFFFA, 0xFAFEFF, 0xFFFFFF, 0xFFFFFF, 0xFFFFFF, 0xFFFFFF, 0xFFFFFD, 0xFFFFFD, 0xFFFFFF, 0xFFFFFF, 
0xFFFFFF, 0xFFFFFF, 0xFFFFFF, 0xFFFFFF, 0xFFFFFF, 0xFFFFFF, 0xFFFFFF, 0xFFFFFF, 0xFFFFFF, 0xFFFFFF, 0xFFFFFF, 0xFFFFFF, 0xFFFFFF, 0xFFFFFF, 0xFFFFFF, 0xFFFFFF, 
0xFFFFFF, 0xFFFFFF, 0xFFFFFF, 0xFFFFFF, 0xFFFFFF, 0xFFFFFF, 0xFFFFFF, 0xFFFFFF, 0xFFFFFF, 0xFFFFFF, 0xFFFFFF, 0xFFFFFF, 0xFFFFFF, 0xFFFFFF, 0xFFFFFF, 0xFFFFFF, 
0xFFFFFF, 0xFFFFFF, 0xFFFFFF, 0xFFFFFF, 0xFFFFFF, 0xFFFFFF, 0xFFFFFF, 0xFFFFFF, 0xFFFFFF, 0xFFFFFF, 0xFFFFFF, 0xFFFFFF, 0xFFFFFF, 0xFFFFFF, 0xFFFFFF, 0xFFFFFF, 
0xFFFFFF, 0xFFFFFF, 0xFFFFFF, 0xFEFFFF, 0xFEFFFF, 0xFFFFFF, 0xFFFFFF, 0xFFFFFD, 0xFFFEFF, 0xFFFFFF, 0xFFFFFF, 0xFEFFFF, 0xFEFFFF, 0xFFFFFF, 0xFFFDFA, 0xFFFAF0, 
0xEBC7AD, 0x9D6C44, 0xA56937, 0xA1642E, 0xB67C4C, 0xF4BC8B, 0xF6BA88, 0xF7B986, 0xFABA8A, 0xFABA8A, 0xF7BE87, 0xF6BE85, 0xF9BC85, 0xF9BC86, 0xF4BA88, 0xFAC08E, 
0xE9AB78, 0xCA8C59, 0xF7BD8D, 0xF5B987, 0xFABB85, 0xF7B882, 0xF8BB85, 0xF6BA86, 0xF2BA89, 0xF3BB8A, 0xF8BC88, 0xF8BA87, 0xF6BA86, 0xF7BB89, 0xF7BD8B, 0xF9BF8F, 
0xF9C192, 0xFCC294, 0xFCBD91, 0xF3B488, 0xD99B6C, 0xB97B4A, 0xA66835, 0xAB6C37, 0xBD7B49, 0xFABA8A, 0xF5BB8D, 0xF6BD90, 0xF1BB8C, 0xF5BD8C, 0xF9BD8B, 0xFABB88, 
0xFCBA8A, 0xFABA8A, 0xF8BC8A, 0xF6BD88, 0xF6BD88, 0xF6BD86, 0xF8BC86, 0xF9BC85, 0xF9BC86, 0xFABE88, 0xF5BC87, 0xF5BE88, 0xF7BF8C, 0xF3B989, 0xF9BB8C, 0xA97754, 
0xDBC4B6, 0xFFFBF8, 0xFFFCFA, 0xFFFBF9, 0xF7EAE4, 0x4D372A, 0x825E48, 0x8B5E41, 0x8D5C3E, 0x915C3C, 0x915938, 0x945C3B, 0x925C40, 0x905D40, 0x8F593D, 0x925D3E, 
0x945D3E, 0x8D5534, 0x965A38, 0x996445, 0x563621, 0xDECCBE, 0xFFFEF8, 0xF9F9F7, 0xFFFCFB, 0xFFFEFF, 0xFCFFFF, 0xF9FEFF, 0xFBFFFF, 0xFAFCFB, 0xFFFFFD, 0xFFFEFD, 
0xFFFEFF, 0xFFFFFF, 0xFFFFFF, 0xFFFFFF, 0xFFFFFF, 0xFFFFFF, 0xFFFFFF, 0xFFFFFF, 0xFFFFFF, 0xFFFFFF, 0xFFFFFF, 0xFFFFFF, 0xFFFFFF, 0xFFFFFF, 0xFFFFFF, 0xFFFFFF, 
0xFFFFFF, 0xFFFFFF, 0xFFFFFF, 0xFFFFFF, 0xFFFFFF, 0xFFFFFF, 0xFFFFFF, 0xFFFFFF, 0xFFFFFF, 0xFFFFFF, 0xFFFFFF, 0xFFFFFF, 0xFFFFFF, 0xFFFFFF, 0xFFFFFF, 0xFFFFFF, 
0xFFFFFF, 0xFFFFFF, 0xFFFFFF, 0xFFFFFF, 0xFFFFFF, 0xFFFFFF, 0xFFFFFF, 0xFFFFFF, 0xFFFFFF, 0xFFFFFF, 0xFFFFFF, 0xFFFFFF, 0xFFFFFF, 0xFFFFFF, 0xFFFFFF, 0xFFFFFF, 
0xFFFFFF, 0xFFFFFF, 0xFFFFFF, 0xFFFFFF, 0xFFFFFF, 0xFFFFFF, 0xFFFFFF, 0xFFFFFF, 0xFFFFFF, 0xFFFFFF, 0xFFFFFF, 0xFFFFFF, 0xFFFFFF, 0xFFFFFF, 0xFEFEFE, 0xFFFCF5, 
0xEDD0BE, 0xA97C5B, 0xD09364, 0xC58651, 0xB17747, 0xEFB788, 0xFABE8C, 0xF8B986, 0xFCBA8A, 0xF9B989, 0xF7BF86, 0xF5BF83, 0xFABB85, 0xFABB86, 0xF4BA88, 0xFAC08E, 
0xE2A674, 0xCD9061, 0xFAC498, 0xF6C092, 0xFEC290, 0xFFC18E, 0xFFC391, 0xF8C091, 0xF8C598, 0xF5C295, 0xF8C091, 0xF9C190, 0xFAC194, 0xF6BD90, 0xEAB488, 0xE1AC82, 
0xD2A178, 0xCB9A72, 0xB6825D, 0xA8714A, 0xA36438, 0xB2703E, 0xD08E5A, 0xDE9C68, 0xAA6838, 0xE4A677, 0xFCBF92, 0xF0B889, 0xF6C091, 0xF2BA89, 0xF9BB88, 0xFCBA86, 
0xFDB988, 0xFCBA8A, 0xF8BC8A, 0xF6BC8A, 0xF5BE88, 0xF6BD86, 0xF8BC86, 0xF9BC85, 0xFABD87, 0xF7BB85, 0xF5BE88, 0xF3BE8A, 0xF3BB88, 0xF6BC8C, 0xF9B98B, 0xA87653, 
0xDECBBD, 0xFFFEFB, 0xFFFCF9, 0xFFFCFA, 0xF5E6DF, 0x53382D, 0x87614C, 0x885A40, 0x8B5C40, 0x915C3D, 0x965B39, 0x975C3A, 0x905B3C, 0x8F5C3F, 0x905D40, 0x8F5C3D, 
0x8D5A3B, 0x986343, 0x935836, 0x925F42, 0x593A26, 0xD8C7BD, 0xFFFCF6, 0xFFFFFD, 0xFFFEFF, 0xFDFBFE, 0xFCFFFF, 0xFBFFFF, 0xFBFFFF, 0xFEFFFF, 0xFFFEFD, 0xFFFCFB, 
0xFFFEFF, 0xFFFFFF, 0xFFFFFF, 0xFFFFFF, 0xFFFFFF, 0xFFFFFF, 0xFFFFFF, 0xFFFFFF, 0xFFFFFF, 0xFFFFFF, 0xFFFFFF, 0xFFFFFF, 0xFFFFFF, 0xFFFFFF, 0xFFFFFF, 0xFFFFFF, 
0xFFFFFF, 0xFFFFFF, 0xFFFFFF, 0xFFFFFF, 0xFFFFFF, 0xFFFFFF, 0xFFFFFF, 0xFFFFFF, 0xFFFFFF, 0xFFFFFF, 0xFFFFFF, 0xFFFFFF, 0xFFFFFF, 0xFFFFFF, 0xFFFFFF, 0xFFFFFF, 
0xFFFFFF, 0xFFFFFF, 0xFFFFFF, 0xFFFFFF, 0xFFFFFF, 0xFFFFFF, 0xFFFFFF, 0xFFFFFF, 0xFFFFFF, 0xFFFFFF, 0xFFFFFF, 0xFFFFFF, 0xFFFFFF, 0xFFFFFF, 0xFFFFFF, 0xFFFFFF, 
0xFFFFFF, 0xFFFFFF, 0xFFFFFF, 0xFFFFFF, 0xFFFFFF, 0xFFFFFF, 0xFFFFFF, 0xFFFFFF, 0xFFFFFF, 0xFFFFFF, 0xFFFFFF, 0xFFFFFF, 0xFFFFFF, 0xFFFFFF, 0xFEFEFE, 0xFFFCF7, 
0xFCE2D3, 0xA2795B, 0xDCA175, 0xDFA06B, 0xB97C4D, 0xE1A777, 0xFBBF8B, 0xF8BA87, 0xFABA8A, 0xF8BA89, 0xF6BF87, 0xF5BE85, 0xFABB86, 0xFABB86, 0xF4BA88, 0xF9C190, 
0xDEA476, 0xA76D45, 0xB3815E, 0xB88766, 0xCB9770, 0xCD9870, 0xCF9B74, 0xD19F7A, 0xC79977, 0xCA9C7A, 0xCA9A74, 0xC19068, 0xB17F5C, 0xA3734F, 0x9D6D49, 0x9A6D4C, 
0x9C7558, 0xA58368, 0xBD9F87, 0xB79071, 0xCC9264, 0xE7A26B, 0xE59E66, 0xDE9B66, 0xB97E52, 0xB0774A, 0xF9BA87, 0xF9BA85, 0xF4BA8A, 0xF8BE8E, 0xF8B983, 0xFFBC85, 
0xFDBA86, 0xFABB88, 0xF8BC8A, 0xF6BC8A, 0xF5BD8A, 0xF6BD88, 0xF8BC88, 0xF9BC86, 0xFABC89, 0xF6BA86, 0xF8BF8A, 0xF6BE8B, 0xF1B986, 0xF9BF8D, 0xF6B885, 0xA3734D, 
0xE5D5C8, 0xFFFFFD, 0xFFFDFA, 0xFFFBF6, 0xFAE7E0, 0x523527, 0x855B43, 0x8F5D42, 0x8F5D42, 0x8D5A3D, 0x945B3D, 0x945C3B, 0x905B3C, 0x8E5B3E, 0x915E41, 0x8D5C3E, 
0x8A5D3E, 0x875A3B, 0x8F5C3F, 0x8F6149, 0x553828, 0xDACCC3, 0xFFFEFB, 0xF9FAFC, 0xFFFEFF, 0xFFFEFF, 0xFFFFFF, 0xFDFFFE, 0xFBFDFA, 0xFFFFFB, 0xFFFFFD, 0xFFFEFC, 
0xFFFFFF, 0xFFFFFF, 0xFFFFFF, 0xFFFFFF, 0xFFFFFF, 0xFFFFFF, 0xFFFFFF, 0xFFFFFF, 0xFFFFFF, 0xFFFFFF, 0xFFFFFF, 0xFFFFFF, 0xFFFFFF, 0xFFFFFF, 0xFFFFFF, 0xFFFFFF, 
0xFFFFFF, 0xFFFFFF, 0xFFFFFF, 0xFFFFFF, 0xFFFFFF, 0xFFFFFF, 0xFFFFFF, 0xFFFFFF, 0xFFFFFF, 0xFFFFFF, 0xFFFFFF, 0xFFFFFF, 0xFFFFFF, 0xFFFFFF, 0xFFFFFF, 0xFFFFFF, 
0xFFFFFF, 0xFFFFFF, 0xFFFFFF, 0xFFFFFF, 0xFFFFFF, 0xFFFFFF, 0xFFFFFF, 0xFFFFFF, 0xFFFFFF, 0xFFFFFF, 0xFFFFFF, 0xFFFFFF, 0xFFFFFF, 0xFFFFFF, 0xFFFFFF, 0xFFFFFF, 
0xFFFFFF, 0xFFFFFF, 0xFFFFFF, 0xFFFFFF, 0xFFFFFF, 0xFFFFFF, 0xFFFFFF, 0xFFFFFF, 0xFFFFFF, 0xFFFFFF, 0xFFFFFF, 0xFFFFFF, 0xFFFFFF, 0xFFFFFF, 0xFFFFFF, 0xFFFCF9, 
0xFFF7E9, 0xA17D63, 0xC68F66, 0xE3A471, 0xC48655, 0xCF9361, 0xFEC18B, 0xF7B986, 0xF9BB8A, 0xF7BB89, 0xF6BF87, 0xF5BE86, 0xFABB86, 0xFABB88, 0xF4BB86, 0xF8C293, 
0xCF9A72, 0xCFA180, 0xEDC7B0, 0xD5B29C, 0xC39F87, 0xBB967C, 0xB9947A, 0xB08C72, 0xB2927B, 0xAF8F78, 0xB39176, 0xC19F84, 0xD8B69D, 0xEECEB7, 0xFFE0CA, 0xFFE9D4, 
0xFFF7E6, 0xFFF7E8, 0xFFFCEF, 0xDEC5AF, 0xAF7C51, 0xE6A36E, 0xD9925A, 0xE49E6A, 0xD59B6D, 0xA56D3E, 0xD49560, 0xFFC08A, 0xF4B886, 0xF9BD8B, 0xFEBD87, 0xFAB97F, 
0xFCBB85, 0xFABB86, 0xF8BC88, 0xF6BC8A, 0xF5BD8A, 0xF6BC8A, 0xF9BB88, 0xF9BB88, 0xF9BB88, 0xF6BA86, 0xF8BE8C, 0xF6BE8B, 0xF3BB88, 0xF7BE89, 0xF6B983, 0xA17248, 
0xE4D3C1, 0xFFFDF8, 0xFFFCF9, 0xFFFBF8, 0xFFEFE8, 0x503227, 0x865840, 0x935E3F, 0x905D42, 0x8E583C, 0x90593B, 0x925B3D, 0x915E41, 0x8D5C3E, 0x8F5C3D, 0x8D5C3C, 
0x8D6043, 0x895C3F, 0x926045, 0x8D6148, 0x573824, 0xC9B7AB, 0xFFFEFA, 0xFEFEFE, 0xFBFAFF, 0xFFFEFF, 0xFEFCFD, 0xFFFEFA, 0xFFFFFA, 0xFEFDF8, 0xFFFFFD, 0xFFFEFF, 
0xFFFFFF, 0xFFFFFF, 0xFFFFFF, 0xFFFFFF, 0xFFFFFF, 0xFFFFFF, 0xFFFFFF, 0xFFFFFF, 0xFFFFFF, 0xFFFFFF, 0xFFFFFF, 0xFFFFFF, 0xFFFFFF, 0xFFFFFF, 0xFFFFFF, 0xFFFFFF, 
0xFFFFFF, 0xFFFFFF, 0xFFFFFF, 0xFFFFFF, 0xFFFFFF, 0xFFFFFF, 0xFFFFFF, 0xFFFFFF, 0xFFFFFF, 0xFFFFFF, 0xFFFFFF, 0xFFFFFF, 0xFFFFFF, 0xFFFFFF, 0xFFFFFF, 0xFFFFFF, 
0xFFFFFF, 0xFFFFFF, 0xFFFFFF, 0xFFFFFF, 0xFFFFFF, 0xFFFFFF, 0xFFFFFF, 0xFFFFFF, 0xFFFFFF, 0xFFFFFF, 0xFFFFFF, 0xFFFFFF, 0xFFFFFF, 0xFFFFFF, 0xFFFFFF, 0xFFFFFF, 
0xFFFFFF, 0xFFFFFF, 0xFFFFFF, 0xFFFFFF, 0xFFFFFF, 0xFFFFFF, 0xFFFFFF, 0xFFFFFF, 0xFFFFFF, 0xFFFFFF, 0xFFFFFF, 0xFFFFFF, 0xFFFFFF, 0xFFFFFF, 0xFFFFFF, 0xFFFEFB, 
0xFFFCF3, 0xC2A38E, 0xB5815A, 0xE2A272, 0xCD8E5B, 0xC2834E, 0xFDC08A, 0xF6B983, 0xF8BA89, 0xF7BB89, 0xF6BF89, 0xF5BE88, 0xFABB88, 0xF9BA87, 0xF4BB86, 0xF6C394, 
0xC69D7D, 0xDFC0AC, 0xFFF9EF, 0xFFFCF6, 0xFFFCF4, 0xFFF9F0, 0xFFFBF2, 0xFFFCF3, 0xFFFBF1, 0xFFFDF3, 0xFFFCF3, 0xFFFCF3, 0xFFFCF3, 0xFFFAF3, 0xFFFBF2, 0xFFFDF4, 
0xFFF9F3, 0xFFFDF7, 0xFFFFFB, 0xFBF2E3, 0xA27A57, 0xD29566, 0xE09D68, 0xE09B64, 0xDD9E69, 0xC88C56, 0xA1642E, 0xEDAE79, 0xFFC18E, 0xF6B782, 0xF5B680, 0xFBBE85, 
0xF9BC83, 0xF9BC85, 0xF8BC88, 0xF6BC8A, 0xF6BC8C, 0xF6BC8C, 0xF9BB8A, 0xFABB88, 0xF9BA87, 0xF7B988, 0xF8BB8C, 0xF5BB8B, 0xF7BD8B, 0xF2B984, 0xFABD86, 0xAE7E4E, 
0xC5AD93, 0xFFFBF0, 0xFFFEFB, 0xFFFDFC, 0xFFF5F3, 0x61493F, 0x805039, 0x945C3B, 0x8F583A, 0x945D3F, 0x915B3F, 0x8D5A3F, 0x8E5F43, 0x8F5E40, 0x8D5B3A, 0x905B3B, 
0x8E5B3E, 0x8E5B3E, 0x8C563A, 0x926045, 0x764E35, 0x6B503B, 0xFFFAEE, 0xFFFEF9, 0xFFFFFF, 0xFEFEFE, 0xFFFBF8, 0xFFFEF8, 0xFFFEF8, 0xFFFDF8, 0xFFFEFF, 0xFFFDFF, 
0xFFFFFF, 0xFFFFFF, 0xFFFFFF, 0xFFFFFF, 0xFFFFFF, 0xFFFFFF, 0xFFFFFF, 0xFFFFFF, 0xFFFFFF, 0xFFFFFF, 0xFFFFFF, 0xFFFFFF, 0xFFFFFF, 0xFFFFFF, 0xFFFFFF, 0xFFFFFF, 
0xFFFFFF, 0xFFFFFF, 0xFFFFFF, 0xFFFFFF, 0xFFFFFF, 0xFFFFFF, 0xFFFFFF, 0xFFFFFF, 0xFFFFFF, 0xFFFFFF, 0xFFFFFF, 0xFFFFFF, 0xFFFFFF, 0xFFFFFF, 0xFFFFFF, 0xFFFFFF, 
0xFFFFFF, 0xFFFFFF, 0xFFFFFF, 0xFFFFFF, 0xFFFFFF, 0xFFFFFF, 0xFFFFFF, 0xFFFFFF, 0xFFFFFF, 0xFFFFFF, 0xFFFFFF, 0xFFFFFF, 0xFFFFFF, 0xFFFFFF, 0xFFFFFF, 0xFFFFFF, 
0xFFFFFF, 0xFFFFFF, 0xFFFFFF, 0xFFFFFF, 0xFFFFFF, 0xFFFFFF, 0xFFFFFF, 0xFFFFFF, 0xFFFFFF, 0xFFFFFF, 0xFFFFFF, 0xFFFFFF, 0xFFFFFF, 0xFFFFFF, 0xFFFFFF, 0xFFFFFB, 
0xFFFDF6, 0xE3CCBA, 0xA57453, 0xDE9F73, 0xD89664, 0xBC7B45, 0xF4B57F, 0xF9BC86, 0xF7BB89, 0xF5BB89, 0xF6BE8B, 0xF6BD88, 0xFABA8A, 0xF9BA87, 0xF4BB86, 0xF4C496, 
0xB79373, 0xDEC7B7, 0xFFF9F3, 0xFCFCFC, 0xFFFFFF, 0xFFFFFD, 0xFFFFFB, 0xFFFDFA, 0xFFFFFB, 0xFFFEFA, 0xFEFDF9, 0xFDFDFB, 0xFCFEFD, 0xFEFFFF, 0xFFFFFF, 0xFFFFFD, 
0xFFFEFD, 0xFFFEFC, 0xF7FDFB, 0xFFFFF6, 0xD6BCA5, 0xA37551, 0xE0A273, 0xE09B64, 0xDF9C65, 0xD99860, 0xB87B45, 0xAC6F39, 0xF6B482, 0xFCBD88, 0xF7BB87, 0xF5BC85, 
0xF8BD83, 0xF8BD85, 0xF6BD88, 0xF6BC8C, 0xF6BC8E, 0xF8BB8C, 0xF9BB88, 0xFABB86, 0xFBBC89, 0xF9BB88, 0xF7BA8B, 0xF4BA8A, 0xF8BE8C, 0xF3BA85, 0xFDC288, 0xCE9A68, 
0x987555, 0xFFF3E2, 0xFFFDF7, 0xFEFCFD, 0xFFFEFF, 0x8C7972, 0x70432C, 0x985F41, 0x8F5839, 0x935E3F, 0x8E5B40, 0x8B5C42, 0x8A5B41, 0x905F41, 0x905B3B, 0x925C3A, 
0x8D5A3B, 0x915E41, 0x915E41, 0x8F5E40, 0x895C3F, 0x603C22, 0x745F4E, 0xF7EDE3, 0xFCF8F5, 0xFEFDFB, 0xFFFEFA, 0xFFFEF8, 0xFFFCF8, 0xFFFEFB, 0xFFFEFF, 0xFEFDFF, 
0xFFFFFF, 0xFFFFFF, 0xFFFFFF, 0xFFFFFF, 0xFFFFFF, 0xFFFFFF, 0xFFFFFF, 0xFFFFFF, 0xFFFFFF, 0xFFFFFF, 0xFFFFFF, 0xFFFFFF, 0xFFFFFF, 0xFFFFFF, 0xFFFFFF, 0xFFFFFF, 
0xFFFFFF, 0xFFFFFF, 0xFFFFFF, 0xFFFFFF, 0xFFFFFF, 0xFFFFFF, 0xFFFFFF, 0xFFFFFF, 0xFFFFFF, 0xFFFFFF, 0xFFFFFF, 0xFFFFFF, 0xFFFFFF, 0xFFFFFF, 0xFFFFFF, 0xFFFFFF, 
0xFFFFFF, 0xFFFFFF, 0xFFFFFF, 0xFFFFFF, 0xFFFFFF, 0xFFFFFF, 0xFFFFFF, 0xFFFFFF, 0xFFFFFF, 0xFFFFFF, 0xFFFFFF, 0xFFFFFF, 0xFFFFFF, 0xFFFFFF, 0xFFFFFF, 0xFFFFFF, 
0xFFFFFF, 0xFFFFFF, 0xFFFFFF, 0xFFFFFF, 0xFFFFFF, 0xFFFFFF, 0xFFFFFF, 0xFFFFFF, 0xFFFFFF, 0xFFFFFF, 0xFFFFFF, 0xFFFFFF, 0xFFFFFF, 0xFFFFFF, 0xFFFFFF, 0xFFFFFD, 
0xFFFDF8, 0xF8E6D8, 0x9C6F50, 0xD19468, 0xE3A06C, 0xBA7740, 0xE9A872, 0xFDC08A, 0xF5BC87, 0xF4BC89, 0xF6BE8B, 0xF6BC8A, 0xFABA8C, 0xF9B989, 0xF4BB86, 0xF6C493, 
0xB28A67, 0xECD1BC, 0xFFFDF6, 0xFBFBFB, 0xFCFEFD, 0xFCFEFB, 0xFEFDF8, 0xFFFFFA, 0xFFFFFA, 0xFFFFFA, 0xFFFEF9, 0xFEFFFA, 0xFDFFFE, 0xFDFFFE, 0xFEFEFC, 0xFEFDFB, 
0xFFFFFD, 0xFDFDFB, 0xFFFFFD, 0xFEFDF8, 0xFFF5EC, 0xA98E79, 0xBE8961, 0xDF9C67, 0xDF9A61, 0xE49F64, 0xDD9C64, 0xAC6D38, 0xB67744, 0xF9BB8A, 0xF6BE8D, 0xF1B986, 
0xF5BC85, 0xF8BC86, 0xF6BC8A, 0xF6BC8E, 0xF8BB8E, 0xF8BB8C, 0xF9BB88, 0xF9BC85, 0xFABD87, 0xFABD87, 0xF9BD8B, 0xF8BB8C, 0xF6BC8A, 0xF6BD88, 0xFABF85, 0xEFB882, 
0xA2754B, 0xCCAD91, 0xFFFCF1, 0xFAF6F5, 0xFDFCFF, 0xD9CECC, 0x522F1B, 0x946345, 0x925F42, 0x855235, 0x7E4C31, 0x8D5E44, 0x8B593E, 0x915E41, 0x915A3B, 0x915C3C, 
0x8A5B3D, 0x7F5336, 0x7D5136, 0x8B5D43, 0x926141, 0x936649, 0x64442F, 0x5B4538, 0xB4A9A5, 0xFFFCFA, 0xFFFDFA, 0xFFFCF9, 0xFCFBF7, 0xFEFFFF, 0xFBFFFF, 0xFCFFFF, 
0xFEFFFF, 0xFFFFFF, 0xFFFFFF, 0xFFFFFF, 0xFFFFFF, 0xFFFFFF, 0xFFFFFF, 0xFFFFFF, 0xFFFFFF, 0xFFFFFF, 0xFFFFFF, 0xFFFFFF, 0xFFFFFF, 0xFFFFFF, 0xFFFFFF, 0xFFFFFF, 
0xFFFFFF, 0xFFFFFF, 0xFFFFFF, 0xFFFFFF, 0xFFFFFF, 0xFFFFFF, 0xFFFFFF, 0xFFFFFF, 0xFFFFFF, 0xFFFFFF, 0xFFFFFF, 0xFFFFFF, 0xFFFFFF, 0xFFFFFF, 0xFFFFFF, 0xFFFFFF, 
0xFFFFFF, 0xFFFFFF, 0xFFFFFF, 0xFFFFFF, 0xFFFFFF, 0xFFFFFF, 0xFFFFFF, 0xFFFFFF, 0xFFFFFF, 0xFFFFFF, 0xFFFFFF, 0xFFFFFF, 0xFFFFFF, 0xFFFFFF, 0xFFFFFF, 0xFFFFFF, 
0xFFFFFF, 0xFFFFFF, 0xFFFFFF, 0xFFFFFF, 0xFFFFFF, 0xFFFFFF, 0xFFFFFF, 0xFFFFFF, 0xFFFFFF, 0xFFFFFF, 0xFFFFFF, 0xFFFFFF, 0xFFFFFF, 0xFFFFFF, 0xFFFFFF, 0xFFFFFF, 
0xFEFFFD, 0xFFF9F0, 0xA47A61, 0xC2875F, 0xE8A571, 0xBA753C, 0xE3A26C, 0xFEC18B, 0xF5BC87, 0xF4BC89, 0xF6BE8D, 0xF6BC8C, 0xFABA8C, 0xF9B989, 0xF4BB86, 0xF6C493, 
0xB38865, 0xF2D6C0, 0xFFFCF6, 0xFAFAFA, 0xFEFFFF, 0xFEFFFF, 0xFEFDF9, 0xFFFEF9, 0xFFFFFA, 0xFFFFFA, 0xFFFFFB, 0xFFFFFD, 0xFEFFFF, 0xFEFFFF, 0xFFFFFF, 0xFFFFFD, 
0xFFFFFD, 0xFFFFFD, 0xFEFEFC, 0xFFFFFD, 0xFFFFFD, 0xF9EBE0, 0x9C7355, 0xCA8F63, 0xE4A16C, 0xDF9860, 0xE19E67, 0xDB9965, 0xAA6B38, 0xB47846, 0xF5BD8E, 0xF8C091, 
0xF5BC87, 0xF7BB87, 0xF6BC8C, 0xF6BC8E, 0xF8BB8E, 0xF8BC8A, 0xF9BC86, 0xF9BC85, 0xF8BB84, 0xF8BB85, 0xF9BD8B, 0xF9BC8D, 0xF3B987, 0xF8BF8A, 0xF3B880, 0xFFC68F, 
0xCA9466, 0x9C704D, 0xF8DFCB, 0xFFFCF6, 0xFFFDFF, 0xFEF9F6, 0x63493A, 0x714D35, 0x936B52, 0x6E442B, 0x693B21, 0x8F6044, 0x905B3C, 0x945D3E, 0x8F5839, 0x915C3D, 
0x8F6245, 0x5C341A, 0x502C16, 0x5E3A24, 0x7B5138, 0x7B533A, 0x704F3C, 0x483225, 0x504541, 0xFFFAF7, 0xFFFCF9, 0xFFFCF9, 0xFFFFFF, 0xFDFEFF, 0xFAFEFF, 0xFCFFFF, 
0xFEFFFF, 0xFFFFFF, 0xFFFFFF, 0xFFFFFF, 0xFFFFFF, 0xFFFFFF, 0xFFFFFF, 0xFFFFFF, 0xFFFFFF, 0xFFFFFF, 0xFFFFFF, 0xFFFFFF, 0xFFFFFF, 0xFFFFFF, 0xFFFFFF, 0xFFFFFF, 
0xFFFFFF, 0xFFFFFF, 0xFFFFFF, 0xFFFFFF, 0xFFFFFF, 0xFFFFFF, 0xFFFFFF, 0xFFFFFF, 0xFFFFFF, 0xFFFFFF, 0xFFFFFF, 0xFFFFFF, 0xFFFFFF, 0xFFFFFF, 0xFFFFFF, 0xFFFFFF, 
0xFFFFFF, 0xFFFFFF, 0xFFFFFF, 0xFFFFFF, 0xFFFFFF, 0xFFFFFF, 0xFFFFFF, 0xFFFFFF, 0xFFFFFF, 0xFFFFFF, 0xFFFFFF, 0xFFFFFF, 0xFFFFFF, 0xFFFFFF, 0xFFFFFF, 0xFFFFFF, 
0xFFFFFF, 0xFFFFFF, 0xFFFFFF, 0xFFFFFF, 0xFFFFFF, 0xFFFFFF, 0xFFFFFF, 0xFFFFFF, 0xFFFFFF, 0xFFFFFF, 0xFFFFFF, 0xFFFFFF, 0xFFFFFF, 0xFFFFFF, 0xFFFFFF, 0xFEFFFF, 
0xFCFFFF, 0xFFFBF5, 0xBA947D, 0xB67C57, 0xE9A773, 0xC27D44, 0xD1905A, 0xFFC38D, 0xF3BA85, 0xF4BC89, 0xF7BD8D, 0xF7BA8B, 0xFBBD8E, 0xF8BA89, 0xF7BB87, 0xF4C090, 
0xA97C5B, 0xFDE1CC, 0xFFFBF7, 0xFFFEFF, 0xFCFDFF, 0xFEFFFF, 0xFFFEFF, 0xFFFDFC, 0xFFFEFD, 0xFFFEFD, 0xFFFEFF, 0xFFFFFF, 0xFEFFFF, 0xFEFFFF, 0xFFFFFF, 0xFFFFFD, 
0xFFFEFB, 0xFFFFFB, 0xFCFDFF, 0xFEFFFF, 0xFEFCFD, 0xFFFCF6, 0xEED3C0, 0x976C4C, 0xC78A5D, 0xE59F6B, 0xDD9A66, 0xDF9D69, 0xD69460, 0xA96B38, 0xA96F41, 0xD79D6F, 
0xFBBF8D, 0xFABE8C, 0xF6B98A, 0xF9BC8F, 0xFABC8D, 0xF7B986, 0xFABF87, 0xF9BE84, 0xF7BC82, 0xFDC28A, 0xF5B985, 0xF9BD8B, 0xF8BB8C, 0xF8BC8A, 0xF2B984, 0xF4BB86, 
0xFABD8E, 0xB17C54, 0xA37C5F, 0xFFEEDE, 0xFFFDF7, 0xFFFEFB, 0xDCCEC3, 0x422D1C, 0x654E3C, 0x4E321D, 0x5D351C, 0x8D5E40, 0x905837, 0x965B3B, 0x925B3D, 0x8E5B40, 
0x8D5D46, 0x57311E, 0xC6AC9F, 0xB39D92, 0x594234, 0x5D4638, 0x705E52, 0xA39990, 0xFBFAF6, 0xFCFCFA, 0xFFFFFD, 0xFFFFFD, 0xFFFFFF, 0xFFFFFF, 0xFFFEFF, 0xFFFEFF, 
0xFFFFFF, 0xFFFFFF, 0xFFFFFF, 0xFFFFFF, 0xFFFFFF, 0xFFFFFF, 0xFFFFFF, 0xFFFFFF, 0xFFFFFF, 0xFFFFFF, 0xFFFFFF, 0xFFFFFF, 0xFFFFFF, 0xFFFFFF, 0xFFFFFF, 0xFFFFFF, 
0xFFFFFF, 0xFFFFFF, 0xFFFFFF, 0xFFFFFF, 0xFFFFFF, 0xFFFFFF, 0xFFFFFF, 0xFFFFFF, 0xFFFFFF, 0xFFFFFF, 0xFFFFFF, 0xFFFFFF, 0xFFFFFF, 0xFFFFFF, 0xFFFFFF, 0xFFFFFF, 
0xFFFFFF, 0xFFFFFF, 0xFFFFFF, 0xFFFFFF, 0xFFFFFF, 0xFFFFFF, 0xFFFFFF, 0xFFFFFF, 0xFFFFFF, 0xFFFFFF, 0xFFFFFF, 0xFFFFFF, 0xFFFFFF, 0xFFFFFF, 0xFFFFFF, 0xFFFFFF, 
0xFFFFFF, 0xFFFFFF, 0xFFFFFF, 0xFFFFFF, 0xFFFFFF, 0xFFFFFF, 0xFFFFFF, 0xFFFFFF, 0xFFFFFF, 0xFFFFFF, 0xFFFFFF, 0xFFFFFF, 0xFFFFFF, 0xFFFFFF, 0xFFFFFF, 0xFEFFFF, 
0xFAFEFF, 0xFFFEF8, 0xC7A28F, 0xAD7753, 0xE5A673, 0xCB864D, 0xC5834F, 0xFDBF8C, 0xF4BA88, 0xF4BC89, 0xF7BD8D, 0xF7BA8B, 0xFABC8D, 0xF8BA89, 0xF8BC88, 0xEDB98A, 
0xA57A5A, 0xFFE8D8, 0xFFFCFA, 0xFFFEFF, 0xFDFEFF, 0xFEFFFF, 0xFFFEFF, 0xFFFEFF, 0xFFFEFF, 0xFFFEFF, 0xFFFEFF, 0xFFFFFF, 0xFEFFFF, 0xFEFFFF, 0xFFFFFF, 0xFFFEFF, 
0xFFFDFA, 0xFFFFFD, 0xFEFFFF, 0xFEFEFF, 0xFEFCFF, 0xFFFEF8, 0xFFF4E7, 0xE5C6B1, 0x9C6B4A, 0xC1865C, 0xDD9D6F, 0xDF9D69, 0xDD9C66, 0xDA9864, 0xB97B4A, 0xA56738, 
0xBB7E4F, 0xEFB283, 0xFCBF90, 0xF7B98A, 0xF8BA89, 0xF7B986, 0xF8BC86, 0xF2BA81, 0xF7BC84, 0xF9BE86, 0xF6BA86, 0xFABE8C, 0xF7BA8B, 0xF7BB89, 0xF9BF8D, 0xF8BC8A, 
0xF7B988, 0xF0B589, 0xA2704B, 0x9D7B60, 0xFFF1E6, 0xFFFDF7, 0xFFFDF4, 0xD5CDC2, 0x695F55, 0xAD9B8D, 0x755642, 0x835940, 0x945F3F, 0x925A39, 0x925A3F, 0x8C593E, 
0x926047, 0x552F1C, 0xCEBAB1, 0xFFFBF7, 0xFFF6F0, 0xFFF9F2, 0xFFFBF6, 0xFFFFFA, 0xFDFDFB, 0xFDFFFE, 0xFFFFFD, 0xFFFFFF, 0xFFFFFF, 0xFFFFFF, 0xFFFEFF, 0xFFFEFF, 
0xFFFEFF, 0xFFFFFF, 0xFFFFFF, 0xFFFFFF, 0xFFFFFF, 0xFFFFFF, 0xFFFFFF, 0xFFFFFF, 0xFFFFFF, 0xFFFFFF, 0xFFFFFF, 0xFFFFFF, 0xFFFFFF, 0xFFFFFF, 0xFFFFFF, 0xFFFFFF, 
0xFFFFFF, 0xFFFFFF, 0xFFFFFF, 0xFFFFFF, 0xFFFFFF, 0xFFFFFF, 0xFFFFFF, 0xFFFFFF, 0xFFFFFF, 0xFFFFFF, 0xFFFFFF, 0xFFFFFF, 0xFFFFFF, 0xFFFFFF, 0xFFFFFF, 0xFFFFFF, 
0xFFFFFF, 0xFFFFFF, 0xFFFFFF, 0xFFFFFF, 0xFFFFFF, 0xFFFFFF, 0xFFFFFF, 0xFFFFFF, 0xFFFFFF, 0xFFFFFF, 0xFFFFFF, 0xFFFFFF, 0xFFFFFF, 0xFFFFFF, 0xFFFFFF, 0xFFFFFF, 
0xFFFFFF, 0xFFFFFF, 0xFFFFFF, 0xFFFFFF, 0xFFFFFF, 0xFFFFFF, 0xFFFFFF, 0xFFFFFF, 0xFFFFFF, 0xFFFFFF, 0xFFFFFF, 0xFFFFFF, 0xFFFFFF, 0xFFFFFF, 0xFFFFFF, 0xFEFFFF, 
0xF9FDFF, 0xFFFEF8, 0xD7B6A3, 0xA3714E, 0xDFA16E, 0xD39059, 0xB57643, 0xF8BA89, 0xF5BB89, 0xF4BB86, 0xF9BD8B, 0xF7BB89, 0xF7BA8B, 0xF7BB89, 0xFBBD8A, 0xE3AF80, 
0xA27B5E, 0xFFF4E4, 0xFFFCFA, 0xFFFFFF, 0xFFFEFF, 0xFFFFFF, 0xFEFCFD, 0xFFFEFF, 0xFFFFFF, 0xFFFFFF, 0xFFFEFF, 0xFFFFFF, 0xFEFFFF, 0xFEFFFF, 0xFFFFFF, 0xFFFEFF, 
0xFEFEFE, 0xFEFFFF, 0xFDFDFF, 0xFEFEFF, 0xFFFEFF, 0xFFFEFA, 0xFFFCF3, 0xFFFBEC, 0xE4C7B5, 0x92684F, 0xBD835D, 0xDFA06D, 0xDC9962, 0xDF9C65, 0xDD9A66, 0xD2905E, 
0xAC6C3E, 0xA46637, 0xCC8E5F, 0xF8BA89, 0xFEC08F, 0xF9BD89, 0xF7BE89, 0xF5BE86, 0xFAC18A, 0xF6BD86, 0xF7BB87, 0xF7BB87, 0xFCBE8D, 0xF8BC8A, 0xF2B886, 0xF7BB89, 
0xFBBB8B, 0xFBBD8E, 0xEEB58A, 0xA87D5B, 0xD7C4B3, 0xFFFCF4, 0xFFFCF3, 0xFFFFF8, 0xFFFEF9, 0xFFFDF5, 0xC5B3A5, 0x543521, 0x906449, 0x8D5A3D, 0x8E5B40, 0x8E5B3E, 
0x956243, 0x5A3218, 0xAC9A8C, 0xFFFDFA, 0xFFFDFE, 0xFCFCFE, 0xFFFDFF, 0xFDFBFC, 0xFFFEFF, 0xFFFFFD, 0xFFFFFD, 0xFFFEFF, 0xFFFFFF, 0xFFFFFF, 0xFFFFFF, 0xFFFFFD, 
0xFFFFFF, 0xFFFFFF, 0xFFFFFF, 0xFFFFFF, 0xFFFFFF, 0xFFFFFF, 0xFFFFFF, 0xFFFFFF, 0xFFFFFF, 0xFFFFFF, 0xFFFFFF, 0xFFFFFF, 0xFFFFFF, 0xFFFFFF, 0xFFFFFF, 0xFFFFFF, 
0xFFFFFF, 0xFFFFFF, 0xFFFFFF, 0xFFFFFF, 0xFFFFFF, 0xFFFFFF, 0xFFFFFF, 0xFFFFFF, 0xFFFFFF, 0xFFFFFF, 0xFFFFFF, 0xFFFFFF, 0xFFFFFF, 0xFFFFFF, 0xFFFFFF, 0xFFFFFF, 
0xFFFFFF, 0xFFFFFF, 0xFFFFFF, 0xFFFFFF, 0xFFFFFF, 0xFFFFFF, 0xFFFFFF, 0xFFFFFF, 0xFFFFFF, 0xFFFFFF, 0xFFFFFF, 0xFFFFFF, 0xFFFFFF, 0xFFFFFF, 0xFFFFFF, 0xFFFFFF, 
0xFFFFFF, 0xFFFFFF, 0xFFFFFF, 0xFFFFFF, 0xFFFFFF, 0xFFFFFF, 0xFFFFFF, 0xFFFFFF, 0xFFFFFF, 0xFFFFFF, 0xFFFFFF, 0xFFFFFF, 0xFFFFFF, 0xFFFFFF, 0xFFFFFF, 0xFEFFFF, 
0xF9FDFE, 0xFFFEF8, 0xE5C6B4, 0x9E6D4C, 0xD89C6A, 0xD8975F, 0xAD6D3D, 0xF2B485, 0xF9BD8B, 0xF6BA86, 0xF9BD89, 0xF8BC8A, 0xF6BA88, 0xF7BB89, 0xFDBF8C, 0xD7A276, 
0xA58368, 0xFFFBED, 0xFFFEFA, 0xFFFFFF, 0xFEFEFE, 0xFFFFFF, 0xFDFDFB, 0xFFFFFF, 0xFEFFFF, 0xFEFFFF, 0xFFFFFD, 0xFFFFFD, 0xFEFFFF, 0xFEFFFF, 0xFFFFFF, 0xFFFFFF, 
0xFEFFFF, 0xFCFFFF, 0xFDFEFF, 0xFCFDFF, 0xFFFEFF, 0xFFFEFB, 0xFFF9F2, 0xFFFBF3, 0xFFF9F2, 0xEED4C7, 0x95694E, 0xB07950, 0xDE9F6A, 0xE29D64, 0xE49D67, 0xE19B68, 
0xDB9969, 0xC9895B, 0xA66636, 0xAA6B38, 0xD49562, 0xF2B682, 0xFAC28F, 0xF3BE8C, 0xEEB987, 0xF2BA87, 0xF8BF8A, 0xF6BA86, 0xFABC89, 0xFDBF8E, 0xF5B987, 0xF9BC8D, 
0xF9BB8A, 0xF3B383, 0xFFC495, 0xC99973, 0xB6A08B, 0xFFFEF4, 0xFFFFF8, 0xFFFFFB, 0xFEFFFF, 0xFEFDFB, 0xFFF8F1, 0x735F54, 0x674633, 0x91674F, 0x8C5E46, 0x895A3E, 
0x8F5E3D, 0x744D30, 0x5F4C3B, 0xFFFDF7, 0xFCFDFF, 0xF9FCFF, 0xFEFFFF, 0xFFFEFF, 0xFFFFFD, 0xFFFFFB, 0xFFFEFC, 0xFFFDFE, 0xFFFEFF, 0xFFFFFF, 0xFFFFFD, 0xFFFFFD, 
0xFFFFFF, 0xFFFFFF, 0xFFFFFF, 0xFFFFFF, 0xFFFFFF, 0xFFFFFF, 0xFFFFFF, 0xFFFFFF, 0xFFFFFF, 0xFFFFFF, 0xFFFFFF, 0xFFFFFF, 0xFFFFFF, 0xFFFFFF, 0xFFFFFF, 0xFFFFFF, 
0xFFFFFF, 0xFFFFFF, 0xFFFFFF, 0xFFFFFF, 0xFFFFFF, 0xFFFFFF, 0xFFFFFF, 0xFFFFFF, 0xFFFFFF, 0xFFFFFF, 0xFFFFFF, 0xFFFFFF, 0xFFFFFF, 0xFFFFFF, 0xFFFFFF, 0xFFFFFF, 
0xFFFFFF, 0xFFFFFF, 0xFFFFFF, 0xFFFFFF, 0xFFFFFF, 0xFFFFFF, 0xFFFFFF, 0xFFFFFF, 0xFFFFFF, 0xFFFFFF, 0xFFFFFF, 0xFFFFFF, 0xFFFFFF, 0xFFFFFF, 0xFFFFFF, 0xFFFFFF, 
0xFFFFFF, 0xFFFFFF, 0xFFFFFF, 0xFFFFFF, 0xFFFFFF, 0xFFFFFF, 0xFFFFFF, 0xFFFFFF, 0xFFFFFF, 0xFFFFFF, 0xFFFFFF, 0xFFFFFF, 0xFFFFFF, 0xFFFFFF, 0xFFFFFF, 0xFFFFFF, 
0xFDFEFF, 0xFFFCF7, 0xEACDBB, 0x9C6F4E, 0xD09865, 0xD79862, 0xAC6E3F, 0xECAD81, 0xFBBD8C, 0xF7BA84, 0xFABD87, 0xF8BC88, 0xF6BA88, 0xF7BB89, 0xFEC08D, 0xCB986D, 
0xAD9179, 0xFFFDF1, 0xFFFEFA, 0xFEFFFF, 0xFDFDFB, 0xFFFFFB, 0xFFFFFD, 0xFEFFFF, 0xFBFFFF, 0xFBFFFF, 0xFEFFFD, 0xFEFFFD, 0xFEFFFD, 0xFEFFFF, 0xFEFFFD, 0xFEFFFF, 
0xFBFFFF, 0xFCFFFF, 0xFEFFFF, 0xFDFEFF, 0xFFFEFF, 0xFFFEFD, 0xFFFCF8, 0xFFFDFA, 0xFFFDFB, 0xFFF9F3, 0xF7E1D3, 0xA37E63, 0xA86F42, 0xDC9962, 0xDE9962, 0xDF9965, 
0xE09E6C, 0xDC9A6A, 0xDC9A66, 0xBB7A44, 0xA36431, 0xB17543, 0xCA9164, 0xEEB98D, 0xF6C195, 0xF6C092, 0xF4BA88, 0xFABE8A, 0xF9BC86, 0xF7BA84, 0xF8BC8A, 0xF8BE8C, 
0xF7BB89, 0xFBBD8C, 0xFCBE8B, 0xC7966D, 0xB9A38E, 0xFFFCF4, 0xFFFCF7, 0xFDFCF8, 0xFFFFFF, 0xFCFCFC, 0xFDFBFC, 0xF4EAE8, 0x513F33, 0x593E2D, 0x7E5B45, 0x8D634A, 
0x926345, 0x8A6145, 0x4C331F, 0xC5BBB1, 0xFFFFFF, 0xFBFFFF, 0xF9FCFF, 0xFEFFFF, 0xFEFFFB, 0xFDFFF9, 0xFDFFFC, 0xFEFEFE, 0xFFFEFF, 0xFFFEFF, 0xFFFEFD, 0xFFFFFD, 
0xFFFFFF, 0xFFFFFF, 0xFFFFFF, 0xFFFFFF, 0xFFFFFF, 0xFFFFFF, 0xFFFFFF, 0xFFFFFF, 0xFFFFFF, 0xFFFFFF, 0xFFFFFF, 0xFFFFFF, 0xFFFFFF, 0xFFFFFF, 0xFFFFFF, 0xFFFFFF, 
0xFFFFFF, 0xFFFFFF, 0xFFFFFF, 0xFFFFFF, 0xFFFFFF, 0xFFFFFF, 0xFFFFFF, 0xFFFFFF, 0xFFFFFF, 0xFFFFFF, 0xFFFFFF, 0xFFFFFF, 0xFFFFFF, 0xFFFFFF, 0xFFFFFF, 0xFFFFFF, 
0xFFFFFF, 0xFFFFFF, 0xFFFFFF, 0xFFFFFF, 0xFFFFFF, 0xFFFFFF, 0xFFFFFF, 0xFFFFFF, 0xFFFFFF, 0xFFFFFF, 0xFFFFFF, 0xFFFFFF, 0xFFFFFF, 0xFFFFFF, 0xFFFFFF, 0xFFFFFF, 
0xFFFFFF, 0xFFFFFF, 0xFFFFFF, 0xFFFFFF, 0xFFFFFF, 0xFFFFFF, 0xFFFFFF, 0xFFFFFF, 0xFFFFFF, 0xFFFFFF, 0xFFFFFF, 0xFFFFFF, 0xFFFFFF, 0xFFFFFF, 0xFFFFFF, 0xFFFFFF, 
0xFFFEFF, 0xFFFAF6, 0xEFD2C2, 0x9B7050, 0xCB9664, 0xD59963, 0xAC6D41, 0xE6A77C, 0xFCBE8B, 0xF7BA84, 0xF9BC86, 0xF8BC86, 0xF5BC87, 0xF6BA86, 0xFFC18E, 0xC39065, 
0xB79C87, 0xFFFBF2, 0xFEFDFB, 0xFEFFFF, 0xFEFDF9, 0xFFFFFA, 0xFFFFFB, 0xFCFFFF, 0xFBFFFF, 0xFBFFFF, 0xFEFFFD, 0xFFFFFB, 0xFEFFFD, 0xFEFFFD, 0xFFFFFD, 0xFFFFFD, 
0xFFFFFD, 0xFDFDFD, 0xFEFFFF, 0xFEFFFF, 0xFEFFFF, 0xFFFFFF, 0xFFFEFB, 0xFFFEFB, 0xFDFBFC, 0xFFFEFD, 0xFFFDF9, 0xFFECDE, 0xA67854, 0xC58756, 0xDD9B67, 0xDF9C67, 
0xDD9A66, 0xE09E6A, 0xE29F68, 0xE19E67, 0xD69460, 0xB47748, 0x9B643B, 0xA36F48, 0xC5916A, 0xEAB58B, 0xF7BD8D, 0xF7BB85, 0xFABD86, 0xF5B881, 0xF9BD89, 0xF3B987, 
0xF7BD8D, 0xF0B684, 0xFFC791, 0xC08D62, 0xB9A38E, 0xFFFDF5, 0xFFFEFB, 0xFFFEFF, 0xFFFEFF, 0xFFFFFF, 0xFFFEFF, 0xFFFDFE, 0xF1E8E1, 0x8C7C6F, 0x462F1F, 0x513520, 
0x603B28, 0x62412E, 0x4C3726, 0x3A3024, 0xF8F7F5, 0xFCFFFF, 0xFEFFFF, 0xFCFEFD, 0xFEFFFA, 0xFEFFFA, 0xFCFFFF, 0xFEFFFF, 0xFFFEFF, 0xFFFEFF, 0xFFFEFD, 0xFFFEFC, 
0xFFFFFF, 0xFFFFFF, 0xFFFFFF, 0xFFFFFF, 0xFFFFFF, 0xFFFFFF, 0xFFFFFF, 0xFFFFFF, 0xFFFFFF, 0xFFFFFF, 0xFFFFFF, 0xFFFFFF, 0xFFFFFF, 0xFFFFFF, 0xFFFFFF, 0xFFFFFF, 
0xFFFFFF, 0xFFFFFF, 0xFFFFFF, 0xFFFFFF, 0xFFFFFF, 0xFFFFFF, 0xFFFFFF, 0xFFFFFF, 0xFFFFFF, 0xFFFFFF, 0xFFFFFF, 0xFFFFFF, 0xFFFFFF, 0xFFFFFF, 0xFFFFFF, 0xFFFFFF, 
0xFFFFFF, 0xFFFFFF, 0xFFFFFF, 0xFFFFFF, 0xFFFFFF, 0xFFFFFF, 0xFFFFFF, 0xFFFFFF, 0xFFFFFF, 0xFFFFFF, 0xFFFFFF, 0xFFFFFF, 0xFFFFFF, 0xFFFFFF, 0xFFFFFF, 0xFFFFFF, 
0xFFFFFF, 0xFFFFFF, 0xFFFFFF, 0xFFFFFF, 0xFFFFFF, 0xFFFFFF, 0xFFFFFF, 0xFFFFFF, 0xFFFFFF, 0xFFFFFF, 0xFFFFFF, 0xFFFFFF, 0xFFFFFF, 0xFFFFFF, 0xFFFFFF, 0xFFFEFF, 
0xFFFDFE, 0xFFFCF6, 0xF1D6C5, 0x976E4E, 0xC99764, 0xD69D66, 0xA96C40, 0xE2A378, 0xFCBE8B, 0xF9BA84, 0xF8BB84, 0xF8BC86, 0xF6BD88, 0xF4BB86, 0xFFC18E, 0xBF8B63, 
0xBCA291, 0xFFFCF7, 0xFFFFFD, 0xFFFDFE, 0xFFFEFA, 0xFFFEF8, 0xFFFFFB, 0xFEFFFF, 0xFCFFFF, 0xFCFFFF, 0xFFFFFD, 0xFFFFFB, 0xFFFFFB, 0xFFFFFB, 0xFFFFFD, 0xFFFEFB, 
0xFFFEFA, 0xFFFDF7, 0xFFFFFB, 0xFEFFFF, 0xFBFFFF, 0xFBFFFF, 0xFFFDFA, 0xFFFCF9, 0xFFFFFF, 0xFCFFFF, 0xFBFFFF, 0xFFFCF6, 0xE5C5AE, 0x976540, 0xD69A68, 0xDE9B64, 
0xDE9B66, 0xDD9A65, 0xDF9A61, 0xDC9A60, 0xE8A672, 0xD19467, 0xB17B55, 0xD4A281, 0x986645, 0xBC8863, 0xF9C192, 0xF4B882, 0xF6B980, 0xFCBF86, 0xFDC18B, 0xF3BB88, 
0xF1BD8D, 0xF2BD89, 0xFBBE87, 0xB88357, 0xCDB4A0, 0xFFFEF8, 0xFFFEFF, 0xFCFBFF, 0xFEFCFF, 0xFFFDFF, 0xFFFFFF, 0xFEFCFD, 0xFFFCF7, 0xFFFAF2, 0xF6EEE3, 0xBFB2A9, 
0xA39690, 0x948781, 0x8F857B, 0xB1AAA0, 0xFBFAF8, 0xFEFEFE, 0xFFFEFF, 0xFFFFFD, 0xFFFFFA, 0xFEFFFB, 0xFBFFFF, 0xFBFFFF, 0xFFFFFF, 0xFFFEFF, 0xFFFFFD, 0xFFFFFD, 
0xFFFFFF, 0xFFFFFF, 0xFFFFFF, 0xFFFFFF, 0xFFFFFF, 0xFFFFFF, 0xFFFFFF, 0xFFFFFF, 0xFFFFFF, 0xFFFFFF, 0xFFFFFF, 0xFFFFFF, 0xFFFFFF, 0xFFFFFF, 0xFFFFFF, 0xFFFFFF, 
0xFFFFFF, 0xFFFFFF, 0xFFFFFF, 0xFFFFFF, 0xFFFFFF, 0xFFFFFF, 0xFFFFFF, 0xFFFFFF, 0xFFFFFF, 0xFFFFFF, 0xFFFFFF, 0xFFFFFF, 0xFFFFFF, 0xFFFFFF, 0xFFFFFF, 0xFFFFFF, 
0xFFFFFF, 0xFFFFFF, 0xFFFFFF, 0xFFFFFF, 0xFFFFFF, 0xFFFFFF, 0xFFFFFF, 0xFFFFFF, 0xFFFFFF, 0xFFFFFF, 0xFFFFFF, 0xFFFFFF, 0xFFFFFF, 0xFFFFFF, 0xFFFFFF, 0xFFFFFF, 
0xFFFFFF, 0xFFFFFF, 0xFFFFFF, 0xFFFFFF, 0xFFFFFF, 0xFFFFFF, 0xFFFFFF, 0xFFFFFF, 0xFFFFFF, 0xFFFFFF, 0xFFFFFF, 0xFFFFFF, 0xFFFFFF, 0xFFFFFF, 0xFFFFFF, 0xFFFFFF, 
0xFEFCFD, 0xFFFCF8, 0xF5DAC9, 0x946B4D, 0xCA9867, 0xD89F6A, 0xA6693D, 0xDFA075, 0xFDBE89, 0xF9BB82, 0xF9BA84, 0xF8BB85, 0xF7BE89, 0xF3B987, 0xFEC08F, 0xBB8A62, 
0xBBA496, 0xFFFDFA, 0xFFFEFD, 0xFCFBF9, 0xFFFEFA, 0xFFFEFA, 0xFFFCF9, 0xFFFFFF, 0xFCFFFF, 0xFCFFFF, 0xFFFFFF, 0xFFFFFD, 0xFFFFFD, 0xFFFFFD, 0xFFFEFD, 0xFFFEFB, 
0xFFFCF8, 0xFFFEF8, 0xFFFFFA, 0xFEFFFD, 0xFBFFFF, 0xFBFEFF, 0xFFFEFD, 0xFFFEFB, 0xFCFEFD, 0xFBFFFF, 0xF6FEFF, 0xFFFFFD, 0xFFECDC, 0x997052, 0xC98F61, 0xE1A06A, 
0xDD9A65, 0xDE9B64, 0xE19C63, 0xDF9C65, 0xDD9E6B, 0xC58C61, 0xCDA083, 0xFFF6DD, 0xEBBFA6, 0x9A6948, 0xE6B084, 0xFBBF8B, 0xF8BB82, 0xF9BC83, 0xF5B985, 0xF7BF8C, 
0xF0BC8A, 0xF6C18D, 0xF7BA83, 0xAD7A4D, 0xDDC6B4, 0xFFFDF9, 0xFDFDFF, 0xFFFEFF, 0xFFFEFF, 0xFFFEFF, 0xFEFEFF, 0xFEFEFE, 0xFFFFFD, 0xFFFFFA, 0xFEFBF4, 0xFFFFFA, 
0xFEFCFD, 0xFFFEFF, 0xFFFFF8, 0xFFFDF6, 0xFFFFFD, 0xFDFBFC, 0xFFFEFD, 0xFFFDFC, 0xFFFFFB, 0xFEFFFB, 0xFBFFFF, 0xFBFFFF, 0xFFFFFF, 0xFFFEFF, 0xFFFFFD, 0xFFFFFD, 
0xFFFFFF, 0xFFFFFF, 0xFFFFFF, 0xFFFFFF, 0xFFFFFF, 0xFFFFFF, 0xFFFFFF, 0xFFFFFF, 0xFFFFFF, 0xFFFFFF, 0xFFFFFF, 0xFFFFFF, 0xFFFFFF, 0xFFFFFF, 0xFFFFFF, 0xFFFFFF, 
0xFFFFFF, 0xFFFFFF, 0xFFFFFF, 0xFFFFFF, 0xFFFFFF, 0xFFFFFF, 0xFFFFFF, 0xFFFFFF, 0xFFFFFF, 0xFFFFFF, 0xFFFFFF, 0xFFFFFF, 0xFFFFFF, 0xFFFFFF, 0xFFFFFF, 0xFFFFFF, 
0xFFFFFF, 0xFFFFFF, 0xFFFFFF, 0xFFFFFF, 0xFFFFFF, 0xFFFFFF, 0xFFFFFF, 0xFFFFFF, 0xFFFFFF, 0xFFFFFF, 0xFFFFFF, 0xFFFFFF, 0xFFFFFF, 0xFFFFFF, 0xFFFFFF, 0xFFFFFF, 
0xFFFFFF, 0xFFFFFF, 0xFFFFFF, 0xFFFFFF, 0xFFFFFF, 0xFFFFFF, 0xFFFFFF, 0xFFFFFF, 0xFFFFFF, 0xFFFFFF, 0xFFFFFF, 0xFFFFFF, 0xFFFFFF, 0xFFFFFF, 0xFFFFFF, 0xFFFFFF, 
0xFDFEFF, 0xFFFCFA, 0xF2D7C6, 0x9A6E51, 0xCA9468, 0xDB9D6C, 0xAA6C3D, 0xDF9F6F, 0xFFC08A, 0xFAB97F, 0xFCBB83, 0xFABB86, 0xF7BB87, 0xF7BD8B, 0xF9BF91, 0xAD815E, 
0xC7B4A6, 0xFFFCF9, 0xFFFBF8, 0xFFFEFD, 0xFFFEFB, 0xFFFEFB, 0xFFFFFD, 0xFFFFFF, 0xFEFFFF, 0xFEFFFF, 0xFEFFFF, 0xFFFFFF, 0xFFFFFF, 0xFFFFFF, 0xFFFEFF, 0xFFFFFF, 
0xFFFFFD, 0xFFFFFD, 0xFFFFFD, 0xFFFEFF, 0xFEFFFF, 0xFEFFFF, 0xFFFEFF, 0xFFFEFF, 0xFFFFFF, 0xFDFDFB, 0xFFFFFD, 0xFFFEF8, 0xFFEBDD, 0x9E765C, 0xC38A5F, 0xE19E6A, 
0xE09D69, 0xDD9A65, 0xE19E69, 0xDC9A66, 0xDD9F70, 0xAC7C58, 0xE3C8B7, 0xFFFBED, 0xFFEED9, 0x977051, 0xD09B71, 0xFEC290, 0xF9BA84, 0xF9BC85, 0xF5BB89, 0xF5BD8C, 
0xF4BC89, 0xF7BD8B, 0xF3B783, 0xA3734B, 0xEBDACA, 0xFFFFFB, 0xFDFDFD, 0xFFFFFF, 0xFFFEFF, 0xFFFEFF, 0xFFFFFF, 0xFFFFFF, 0xFFFFFF, 0xFFFFFD, 0xFFFFFB, 0xFFFFFD, 
0xFFFDFE, 0xFEFEFE, 0xFFFFFD, 0xFFFFFD, 0xFFFFFF, 0xFFFFFF, 0xFFFEFF, 0xFFFEFF, 0xFFFFFD, 0xFFFFFD, 0xFEFFFF, 0xFEFFFF, 0xFFFFFF, 0xFFFFFF, 0xFFFFFF, 0xFFFFFF, 
0xFFFFFF, 0xFFFFFF, 0xFFFFFF, 0xFFFFFF, 0xFFFFFF, 0xFFFFFF, 0xFFFFFF, 0xFFFFFF, 0xFFFFFF, 0xFFFFFF, 0xFFFFFF, 0xFFFFFF, 0xFFFFFF, 0xFFFFFF, 0xFFFFFF, 0xFFFFFF, 
0xFFFFFF, 0xFFFFFF, 0xFFFFFF, 0xFFFFFF, 0xFFFFFF, 0xFFFFFF, 0xFFFFFF, 0xFFFFFF, 0xFFFFFF, 0xFFFFFF, 0xFFFFFF, 0xFFFFFF, 0xFFFFFF, 0xFFFFFF, 0xFFFFFF, 0xFFFFFF, 
0xFFFFFF, 0xFFFFFF, 0xFFFFFF, 0xFFFFFF, 0xFFFFFF, 0xFFFFFF, 0xFFFFFF, 0xFFFFFF, 0xFFFFFF, 0xFFFFFF, 0xFFFFFF, 0xFFFFFF, 0xFFFFFF, 0xFFFFFF, 0xFFFFFF, 0xFFFFFF, 
0xFFFFFF, 0xFFFFFF, 0xFFFFFF, 0xFFFFFF, 0xFFFFFF, 0xFFFFFF, 0xFFFFFF, 0xFFFFFF, 0xFFFFFF, 0xFFFFFF, 0xFFFFFF, 0xFFFFFF, 0xFFFFFF, 0xFFFFFF, 0xFFFFFF, 0xFFFFFF, 
0xFDFEFF, 0xFFFDFA, 0xF3D6C4, 0x996C4D, 0xCD9469, 0xDD9F6E, 0xAB6B3D, 0xDC9C6C, 0xFFC188, 0xF8BA7F, 0xFABB85, 0xFABB86, 0xF7BB87, 0xF6BC8A, 0xF7BF90, 0xAB7E5D, 
0xCAB8AC, 0xFFFEFB, 0xFFFCF9, 0xFFFEFB, 0xFFFFFD, 0xFFFFFD, 0xFFFFFF, 0xFFFFFF, 0xFEFFFF, 0xFEFFFF, 0xFEFFFF, 0xFEFFFF, 0xFFFFFF, 0xFFFFFF, 0xFFFFFF, 0xFEFFFF, 
0xFCFFFF, 0xFCFFFF, 0xFFFFFD, 0xFFFEFD, 0xFFFFFF, 0xFFFEFF, 0xFFFEFF, 0xFFFFFF, 0xFFFFFF, 0xFFFFFD, 0xFFFFFA, 0xFFF8EF, 0xFFEFDF, 0x956D53, 0xC4895F, 0xE5A170, 
0xDE9B66, 0xE09D68, 0xDC9965, 0xDB9C69, 0xD69B6F, 0xA27757, 0xF6E5DB, 0xFFFDF6, 0xFFF7E6, 0x9E7B5F, 0xCB976F, 0xFCC08E, 0xF7B883, 0xF9BC86, 0xF5BB8B, 0xF6BE8D, 
0xF5BB89, 0xF9BD89, 0xF0B482, 0x9F724B, 0xEFDFD0, 0xFFFFFD, 0xFEFEFE, 0xFEFFFF, 0xFFFEFF, 0xFFFFFD, 0xFFFFFF, 0xFFFFFF, 0xFFFFFF, 0xFFFFFF, 0xFFFFFD, 0xFFFFFD, 
0xFEFEFE, 0xFFFFFF, 0xFFFFFF, 0xFFFFFF, 0xFFFFFF, 0xFFFFFF, 0xFFFFFF, 0xFFFFFF, 0xFFFFFF, 0xFFFFFF, 0xFFFFFF, 0xFFFFFF, 0xFFFFFF, 0xFFFFFF, 0xFFFFFF, 0xFFFFFF, 
0xFFFFFF, 0xFFFFFF, 0xFFFFFF, 0xFFFFFF, 0xFFFFFF, 0xFFFFFF, 0xFFFFFF, 0xFFFFFF, 0xFFFFFF, 0xFFFFFF, 0xFFFFFF, 0xFFFFFF, 0xFFFFFF, 0xFFFFFF, 0xFFFFFF, 0xFFFFFF, 
0xFFFFFF, 0xFFFFFF, 0xFFFFFF, 0xFFFFFF, 0xFFFFFF, 0xFFFFFF, 0xFFFFFF, 0xFFFFFF, 0xFFFFFF, 0xFFFFFF, 0xFFFFFF, 0xFFFFFF, 0xFFFFFF, 0xFFFFFF, 0xFFFFFF, 0xFFFFFF, 
0xFFFFFF, 0xFFFFFF, 0xFFFFFF, 0xFFFFFF, 0xFFFFFF, 0xFFFFFF, 0xFFFFFF, 0xFFFFFF, 0xFFFFFF, 0xFFFFFF, 0xFFFFFF, 0xFFFFFF, 0xFFFFFF, 0xFFFFFF, 0xFFFFFF, 0xFFFFFF, 
0xFFFFFF, 0xFFFFFF, 0xFFFFFF, 0xFFFFFF, 0xFFFFFF, 0xFFFFFF, 0xFFFFFF, 0xFFFFFF, 0xFFFFFF, 0xFFFFFF, 0xFFFFFF, 0xFFFFFF, 0xFFFFFF, 0xFFFFFF, 0xFFFFFF, 0xFFFFFF, 
0xFEFEFE, 0xFFFCF6, 0xF5D4C1, 0x986A49, 0xCF9468, 0xDFA06D, 0xAB6D3E, 0xD89A69, 0xFEC18B, 0xF7BA83, 0xF9BB88, 0xF9BB88, 0xF7BB87, 0xF6BC8A, 0xF6BC8C, 0xAA7C5A, 
0xD1BEB0, 0xFFFEFB, 0xFFFCF9, 0xFFFEFB, 0xFFFFFD, 0xFFFFFD, 0xFEFEFE, 0xFEFEFE, 0xFEFFFF, 0xFEFFFF, 0xFEFFFF, 0xFEFFFF, 0xFFFFFF, 0xFFFFFF, 0xFFFFFF, 0xFEFFFF, 
0xFCFFFF, 0xFCFFFF, 0xFFFFFB, 0xFFFEFD, 0xFFFFFF, 0xFEFFFF, 0xFFFEFF, 0xFFFEFF, 0xFEFFFF, 0xFEFEFC, 0xFEFDF8, 0xFFFDF3, 0xF2D9C5, 0x966D4D, 0xD09367, 0xE49E6A, 
0xDF9965, 0xE19C65, 0xDC9964, 0xDE9E6E, 0xC99367, 0xA98265, 0xFFFBF1, 0xFFFBF6, 0xFFFBEC, 0xA9876C, 0xC49068, 0xFBBF8D, 0xF7B883, 0xF9BC86, 0xF5BB89, 0xF5BD8C, 
0xF5BB89, 0xF9BD89, 0xECB07E, 0x9D7049, 0xF7E7D8, 0xFFFFFD, 0xFFFFFF, 0xFDFFFE, 0xFFFEFF, 0xFFFFFD, 0xFFFFFF, 0xFFFFFF, 0xFFFFFF, 0xFFFFFF, 0xFFFFFD, 0xFFFFFD, 
0xFFFFFF, 0xFFFFFF, 0xFFFFFF, 0xFFFFFF, 0xFFFFFF, 0xFFFFFF, 0xFFFFFF, 0xFFFFFF, 0xFFFFFF, 0xFFFFFF, 0xFFFFFF, 0xFFFFFF, 0xFFFFFF, 0xFFFFFF, 0xFFFFFF, 0xFFFFFF, 
0xFFFFFF, 0xFFFFFF, 0xFFFFFF, 0xFFFFFF, 0xFFFFFF, 0xFFFFFF, 0xFFFFFF, 0xFFFFFF, 0xFFFFFF, 0xFFFFFF, 0xFFFFFF, 0xFFFFFF, 0xFFFFFF, 0xFFFFFF, 0xFFFFFF, 0xFFFFFF, 
0xFFFFFF, 0xFFFFFF, 0xFFFFFF, 0xFFFFFF, 0xFFFFFF, 0xFFFFFF, 0xFFFFFF, 0xFFFFFF, 0xFFFFFF, 0xFFFFFF, 0xFFFFFF, 0xFFFFFF, 0xFFFFFF, 0xFFFFFF, 0xFFFFFF, 0xFFFFFF, 
0xFFFFFF, 0xFFFFFF, 0xFFFFFF, 0xFFFFFF, 0xFFFFFF, 0xFFFFFF, 0xFFFFFF, 0xFFFFFF, 0xFFFFFF, 0xFFFFFF, 0xFFFFFF, 0xFFFFFF, 0xFFFFFF, 0xFFFFFF, 0xFFFFFF, 0xFFFFFF, 
0xFFFFFF, 0xFFFFFF, 0xFFFFFF, 0xFFFFFF, 0xFFFFFF, 0xFFFFFF, 0xFFFFFF, 0xFFFFFF, 0xFFFFFF, 0xFFFFFF, 0xFFFFFF, 0xFFFFFF, 0xFFFFFF, 0xFFFFFF, 0xFFFFFF, 0xFFFFFF, 
0xFFFEFC, 0xFFFCF4, 0xF3D0BC, 0x9A6A46, 0xD09668, 0xDFA06D, 0xAC6E3F, 0xD59869, 0xFDC18D, 0xF6BA84, 0xF8BC8A, 0xF8BC8A, 0xF8BC88, 0xF8BC88, 0xF7BB89, 0xAA7A54, 
0xD5C2B4, 0xFFFEFB, 0xFFFBF8, 0xFFFDFA, 0xFFFEFC, 0xFFFFFD, 0xFEFEFE, 0xFFFFFF, 0xFEFFFF, 0xFEFFFF, 0xFEFFFF, 0xFEFFFF, 0xFFFFFF, 0xFFFFFF, 0xFFFFFF, 0xFEFFFF, 
0xFCFFFF, 0xFEFFFD, 0xFFFFFB, 0xFFFFFD, 0xFEFFFF, 0xFEFFFF, 0xFFFEFF, 0xFFFEFF, 0xFEFFFF, 0xFEFFFF, 0xFAFBF6, 0xFFFDF1, 0xD4B8A0, 0xA37551, 0xDD9F70, 0xDF9A63, 
0xE09B64, 0xDE9962, 0xE19E69, 0xDFA170, 0xB9855E, 0xC7A389, 0xFFFCF3, 0xFFFAF5, 0xFFFBEF, 0xB09079, 0xBC8860, 0xFDBF8E, 0xF7BA84, 0xFABD87, 0xF6BC8A, 0xF6BC8A, 
0xF7BB87, 0xF9BD89, 0xE9AD7B, 0x9D7049, 0xFDEDDE, 0xFEFEFC, 0xFFFFFF, 0xFDFFFE, 0xFFFEFF, 0xFFFFFD, 0xFFFFFF, 0xFFFFFF, 0xFFFFFF, 0xFFFFFF, 0xFFFFFD, 0xFFFFFD, 
0xFFFFFF, 0xFFFFFF, 0xFFFFFF, 0xFFFFFF, 0xFFFFFF, 0xFFFFFF, 0xFFFFFF, 0xFFFFFF, 0xFFFFFF, 0xFFFFFF, 0xFFFFFF, 0xFFFFFF, 0xFFFFFF, 0xFFFFFF, 0xFFFFFF, 0xFFFFFF, 
0xFFFFFF, 0xFFFFFF, 0xFFFFFF, 0xFFFFFF, 0xFFFFFF, 0xFFFFFF, 0xFFFFFF, 0xFFFFFF, 0xFFFFFF, 0xFFFFFF, 0xFFFFFF, 0xFFFFFF, 0xFFFFFF, 0xFFFFFF, 0xFFFFFF, 0xFFFFFF, 
0xFFFFFF, 0xFFFFFF, 0xFFFFFF, 0xFFFFFF, 0xFFFFFF, 0xFFFFFF, 0xFFFFFF, 0xFFFFFF, 0xFFFFFF, 0xFFFFFF, 0xFFFFFF, 0xFFFFFF, 0xFFFFFF, 0xFFFFFF, 0xFFFFFF, 0xFFFFFF, 
0xFFFFFF, 0xFFFFFF, 0xFFFFFF, 0xFFFFFF, 0xFFFFFF, 0xFFFFFF, 0xFFFFFF, 0xFFFFFF, 0xFFFFFF, 0xFFFFFF, 0xFFFFFF, 0xFFFFFF, 0xFFFFFF, 0xFFFFFF, 0xFFFFFF, 0xFFFFFF, 
0xFFFFFF, 0xFFFFFF, 0xFFFFFF, 0xFFFFFF, 0xFFFFFF, 0xFFFFFF, 0xFFFFFF, 0xFFFFFF, 0xFFFFFF, 0xFFFFFF, 0xFFFFFF, 0xFFFFFF, 0xFFFFFF, 0xFFFFFF, 0xFFFFFF, 0xFFFFFF, 
0xFEFDFB, 0xFFFCF3, 0xECC9B3, 0x9E6C47, 0xD39667, 0xE09E6A, 0xAD6F40, 0xD4976A, 0xFBC18F, 0xF4BB86, 0xF6BC8C, 0xF6BC8C, 0xF8BC8A, 0xF8BC88, 0xF8B986, 0xAA7951, 
0xD9C6B7, 0xFFFEFB, 0xFFFBF8, 0xFFFDFA, 0xFFFEFC, 0xFFFFFD, 0xFEFEFE, 0xFFFFFF, 0xFEFFFF, 0xFEFFFF, 0xFFFFFF, 0xFFFFFF, 0xFFFFFF, 0xFFFFFF, 0xFFFFFF, 0xFFFFFF, 
0xFEFFFD, 0xFEFFFD, 0xFFFFFB, 0xFFFFFD, 0xFEFFFF, 0xFEFFFF, 0xFFFFFF, 0xFFFFFF, 0xFAFEFF, 0xFCFFFF, 0xFDFFFC, 0xFFFDF1, 0xC2A084, 0xB07C54, 0xDFA06D, 0xE09963, 
0xE09B64, 0xDF9A63, 0xE39D69, 0xDD9F70, 0xA97955, 0xEBCBB4, 0xFFFBF2, 0xFFFAF5, 0xFFFAF1, 0xB59983, 0xB7835C, 0xFDBF8E, 0xF8BA87, 0xF9BB88, 0xF7BE89, 0xF6BD88, 
0xF7BB87, 0xFABE8A, 0xE9AD7B, 0x9D7049, 0xFFF0E1, 0xFDFDFB, 0xFFFFFF, 0xFDFFFE, 0xFFFEFF, 0xFFFFFD, 0xFFFFFF, 0xFFFFFF, 0xFFFFFF, 0xFFFFFF, 0xFFFFFD, 0xFFFFFD, 
0xFFFFFF, 0xFFFFFF, 0xFFFFFF, 0xFFFFFF, 0xFFFFFF, 0xFFFFFF, 0xFFFFFF, 0xFFFFFF, 0xFFFFFF, 0xFFFFFF, 0xFFFFFF, 0xFFFFFF, 0xFFFFFF, 0xFFFFFF, 0xFFFFFF, 0xFFFFFF, 
0xFFFFFF, 0xFFFFFF, 0xFFFFFF, 0xFFFFFF, 0xFFFFFF, 0xFFFFFF, 0xFFFFFF, 0xFFFFFF, 0xFFFFFF, 0xFFFFFF, 0xFFFFFF, 0xFFFFFF, 0xFFFFFF, 0xFFFFFF, 0xFFFFFF, 0xFFFFFF, 
0xFFFFFF, 0xFFFFFF, 0xFFFFFF, 0xFFFFFF, 0xFFFFFF, 0xFFFFFF, 0xFFFFFF, 0xFFFFFF, 0xFFFFFF, 0xFFFFFF, 0xFFFFFF, 0xFFFFFF, 0xFFFFFF, 0xFFFFFF, 0xFFFFFF, 0xFFFFFF, 
0xFFFFFF, 0xFFFFFF, 0xFFFFFF, 0xFFFFFF, 0xFFFFFF, 0xFFFFFF, 0xFFFFFF, 0xFFFFFF, 0xFFFFFF, 0xFFFFFF, 0xFFFFFF, 0xFFFFFF, 0xFFFFFF, 0xFFFFFF, 0xFFFFFF, 0xFFFFFF, 
0xFFFFFF, 0xFFFFFF, 0xFFFFFF, 0xFFFFFF, 0xFFFFFF, 0xFFFFFF, 0xFFFFFF, 0xFFFFFF, 0xFFFFFF, 0xFFFFFF, 0xFFFFFF, 0xFFFFFF, 0xFFFFFF, 0xFFFFFF, 0xFFFFFF, 0xFFFFFF, 
0xFDFCFA, 0xFFFCF3, 0xE2C0A7, 0xA2704B, 0xD79968, 0xE09E6A, 0xAE7041, 0xD39669, 0xFCC290, 0xF3BB88, 0xF5BD8C, 0xF5BD8C, 0xF8BC8A, 0xF9BB88, 0xF8B984, 0xA97850, 
0xDDCABB, 0xFFFEFB, 0xFFFDFA, 0xFFFEFB, 0xFFFEFC, 0xFFFFFD, 0xFDFDFD, 0xFFFFFF, 0xFEFFFF, 0xFEFFFF, 0xFFFFFF, 0xFFFFFF, 0xFFFFFF, 0xFFFFFF, 0xFFFFFF, 0xFFFFFF, 
0xFEFFFD, 0xFFFFFD, 0xFFFFFD, 0xFFFFFD, 0xFFFFFF, 0xFEFFFF, 0xFEFFFF, 0xFEFFFF, 0xFBFFFF, 0xFCFFFF, 0xFEFFFD, 0xFFFCF0, 0xAC8564, 0xBF8659, 0xDE9D67, 0xE19A62, 
0xDF9A63, 0xE39E67, 0xDF9965, 0xD6996C, 0xA07555, 0xFFE6D3, 0xFFF9F1, 0xFFFCF9, 0xFFFCF4, 0xBBA08D, 0xB4835B, 0xFEC08F, 0xF7B986, 0xF7BB87, 0xFABE8A, 0xF8BC88, 
0xF7BB87, 0xFABE8A, 0xEAAE7C, 0x9E714A, 0xFFEFE0, 0xFDFDFB, 0xFFFFFF, 0xFEFFFF, 0xFFFEFF, 0xFFFFFD, 0xFFFFFF, 0xFFFFFF, 0xFFFFFF, 0xFFFFFF, 0xFFFFFD, 0xFFFFFD, 
0xFFFFFF, 0xFFFFFF, 0xFFFFFF, 0xFFFFFF, 0xFFFFFF, 0xFFFFFF, 0xFFFFFF, 0xFFFFFF, 0xFFFFFF, 0xFFFFFF, 0xFFFFFF, 0xFFFFFF, 0xFFFFFF, 0xFFFFFF, 0xFFFFFF, 0xFFFFFF, 
0xFFFFFF, 0xFFFFFF, 0xFFFFFF, 0xFFFFFF, 0xFFFFFF, 0xFFFFFF, 0xFFFFFF, 0xFFFFFF, 0xFFFFFF, 0xFFFFFF, 0xFFFFFF, 0xFFFFFF, 0xFFFFFF, 0xFFFFFF, 0xFFFFFF, 0xFFFFFF, 
0xFFFFFF, 0xFFFFFF, 0xFFFFFF, 0xFFFFFF, 0xFFFFFF, 0xFFFFFF, 0xFFFFFF, 0xFFFFFF, 0xFFFFFF, 0xFFFFFF, 0xFFFFFF, 0xFFFFFF, 0xFFFFFF, 0xFFFFFF, 0xFFFFFF, 0xFFFFFF, 
0xFFFFFF, 0xFFFFFF, 0xFFFFFF, 0xFFFFFF, 0xFFFFFF, 0xFFFFFF, 0xFFFFFF, 0xFFFFFF, 0xFFFFFF, 0xFFFFFF, 0xFFFFFF, 0xFFFFFF, 0xFFFFFF, 0xFFFFFF, 0xFFFFFF, 0xFFFFFF, 
0xFFFFFF, 0xFFFFFF, 0xFFFFFF, 0xFFFFFF, 0xFFFFFF, 0xFFFFFF, 0xFFFFFF, 0xFFFFFF, 0xFFFFFF, 0xFFFFFF, 0xFFFFFF, 0xFFFFFF, 0xFFFFFF, 0xFFFFFF, 0xFFFFFF, 0xFFFFFF, 
0xFDFDFD, 0xFFFDF4, 0xD5B59E, 0xA5734E, 0xDA9C6B, 0xE09E6A, 0xB07042, 0xD39667, 0xFCC290, 0xF3BB88, 0xF5BD8E, 0xF5BD8E, 0xF8BC8A, 0xF9BB88, 0xFAB884, 0xAB7750, 
0xDECBBC, 0xFFFDFA, 0xFFFEFC, 0xFFFFFD, 0xFFFEFC, 0xFFFFFD, 0xFDFDFD, 0xFFFFFF, 0xFFFFFF, 0xFFFFFF, 0xFFFFFF, 0xFFFFFF, 0xFFFFFF, 0xFFFFFF, 0xFFFFFF, 0xFFFFFF, 
0xFFFFFD, 0xFFFFFD, 0xFFFFFF, 0xFFFFFF, 0xFFFFFF, 0xFFFFFF, 0xFCFFFF, 0xFCFFFF, 0xFEFFFF, 0xFBFDFC, 0xFEFEFC, 0xF8EADD, 0x9D714E, 0xD29463, 0xE19C65, 0xE09961, 
0xE09B64, 0xE29D66, 0xE09A66, 0xCA8F63, 0x9D785D, 0xFFF3E5, 0xFFFCF7, 0xFFFDFA, 0xFFFDF6, 0xBAA391, 0xB4835B, 0xFEC08D, 0xF7BB87, 0xF7BB87, 0xFABE88, 0xF7BB85, 
0xF8BC88, 0xF8BC88, 0xEBAF7D, 0x9F724B, 0xFEEEDF, 0xFFFFFD, 0xFFFFFF, 0xFEFFFF, 0xFFFEFF, 0xFFFFFD, 0xFFFFFF, 0xFFFFFF, 0xFFFFFF, 0xFFFFFF, 0xFFFFFD, 0xFFFFFD, 
0xFFFFFF, 0xFFFFFF, 0xFFFFFF, 0xFFFFFF, 0xFFFFFF, 0xFFFFFF, 0xFFFFFF, 0xFFFFFF, 0xFFFFFF, 0xFFFFFF, 0xFFFFFF, 0xFFFFFF, 0xFFFFFF, 0xFFFFFF, 0xFFFFFF, 0xFFFFFF, 
0xFFFFFF, 0xFFFFFF, 0xFFFFFF, 0xFFFFFF, 0xFFFFFF, 0xFFFFFF, 0xFFFFFF, 0xFFFFFF, 0xFFFFFF, 0xFFFFFF, 0xFFFFFF, 0xFFFFFF, 0xFFFFFF, 0xFFFFFF, 0xFFFFFF, 0xFFFFFF, 
0xFFFFFF, 0xFFFFFF, 0xFFFFFF, 0xFFFFFF, 0xFFFFFF, 0xFFFFFF, 0xFFFFFF, 0xFFFFFF, 0xFFFFFF, 0xFFFFFF, 0xFFFFFF, 0xFFFFFF, 0xFFFFFF, 0xFFFFFF, 0xFFFFFF, 0xFFFFFF, 
0xFFFFFF, 0xFFFFFF, 0xFFFFFF, 0xFFFFFF, 0xFFFFFF, 0xFFFFFF, 0xFFFFFF, 0xFFFFFF, 0xFFFFFF, 0xFFFFFF, 0xFFFFFF, 0xFFFFFF, 0xFFFFFF, 0xFFFFFF, 0xFFFFFF, 0xFFFFFF, 
0xFFFFFF, 0xFFFFFF, 0xFFFFFF, 0xFFFFFF, 0xFFFFFF, 0xFFFFFF, 0xFFFFFF, 0xFFFFFF, 0xFFFFFF, 0xFFFFFF, 0xFFFFFF, 0xFFFFFF, 0xFFFFFF, 0xFFFFFF, 0xFFFFFF, 0xFFFFFF, 
0xFCFEFD, 0xFFFDF6, 0xCEAE97, 0xA77751, 0xDB9F6D, 0xE09F69, 0xB17141, 0xD39566, 0xFDC48F, 0xF3BC86, 0xF6BC8E, 0xF6BC8E, 0xF6BC8A, 0xFABC89, 0xFBB987, 0xAB7750, 
0xDDCABB, 0xFFFBF8, 0xFEFDFB, 0xFFFFFD, 0xFFFEFC, 0xFFFFFD, 0xFDFDFD, 0xFFFFFF, 0xFFFFFF, 0xFFFFFF, 0xFFFFFF, 0xFFFFFF, 0xFFFFFF, 0xFFFFFF, 0xFFFFFF, 0xFFFFFF, 
0xFFFFFD, 0xFFFFFF, 0xFFFFFF, 0xFEFFFF, 0xFFFFFF, 0xFFFFFF, 0xFCFFFF, 0xFCFFFF, 0xFEFFFF, 0xFEFDFB, 0xFFFDFA, 0xDBC8B9, 0xA2724C, 0xDE9C68, 0xE29B63, 0xE09A5F, 
0xE29B65, 0xDE9962, 0xE6A06C, 0xC1885D, 0x9C7C65, 0xFFF7ED, 0xFFFCF9, 0xFFFCF9, 0xFFFEF8, 0xB9A491, 0xB4835B, 0xFFC18E, 0xF8BC88, 0xF7BB87, 0xFBBE88, 0xF6B983, 
0xF8BC88, 0xF7BB87, 0xEBAF7D, 0xA0734C, 0xFCECDD, 0xFFFFFD, 0xFFFFFF, 0xFEFFFF, 0xFFFEFF, 0xFFFFFD, 0xFFFFFF, 0xFFFFFF, 0xFFFFFF, 0xFFFFFF, 0xFFFFFD, 0xFFFFFD, 
0xFFFFFF, 0xFFFFFF, 0xFFFFFF, 0xFFFFFF, 0xFFFFFF, 0xFFFFFF, 0xFFFFFF, 0xFFFFFF, 0xFFFFFF, 0xFFFFFF, 0xFFFFFF, 0xFFFFFF, 0xFFFFFF, 0xFFFFFF, 0xFFFFFF, 0xFFFFFF, 
0xFFFFFF, 0xFFFFFF, 0xFFFFFF, 0xFFFFFF, 0xFFFFFF, 0xFFFFFF, 0xFFFFFF, 0xFFFFFF, 0xFFFFFF, 0xFFFFFF, 0xFFFFFF, 0xFFFFFF, 0xFFFFFF, 0xFFFFFF, 0xFFFFFF, 0xFFFFFF, 
0xFFFFFF, 0xFFFFFF, 0xFFFFFF, 0xFFFFFF, 0xFFFFFF, 0xFFFFFF, 0xFFFFFF, 0xFFFFFF, 0xFFFFFF, 0xFFFFFF, 0xFFFFFF, 0xFFFFFF, 0xFFFFFF, 0xFFFFFF, 0xFFFFFF, 0xFFFFFF, 
0xFFFFFF, 0xFFFFFF, 0xFFFFFF, 0xFFFFFF, 0xFFFFFF, 0xFFFFFF, 0xFFFFFF, 0xFFFFFF, 0xFFFFFF, 0xFFFFFF, 0xFFFFFF, 0xFFFFFF, 0xFFFFFF, 0xFFFFFF, 0xFFFFFF, 0xFFFFFF, 
0xFFFFFF, 0xFFFFFF, 0xFFFFFF, 0xFFFFFF, 0xFFFFFF, 0xFFFFFF, 0xFFFFFF, 0xFFFFFF, 0xFFFFFF, 0xFFFFFF, 0xFCFCFC, 0xFFFFFF, 0xFFFFFF, 0xFFFFFF, 0xFFFFFF, 0xFEFEFE, 
0xFCFDFF, 0xFFFDF7, 0xC6A792, 0xAB7B57, 0xDFA371, 0xE2A16B, 0xAE6E3E, 0xD29463, 0xFEC28C, 0xF4BB84, 0xF8BB8C, 0xF6BC8C, 0xF5BB89, 0xF8BC88, 0xF8B986, 0xA97752, 
0xDCCABC, 0xFEFDF9, 0xFFFEFC, 0xFFFFFD, 0xFFFFFD, 0xFFFFFD, 0xFEFEFE, 0xFFFFFF, 0xFFFFFF, 0xFFFFFF, 0xFFFFFF, 0xFFFFFF, 0xFFFFFF, 0xFFFFFF, 0xFFFFFF, 0xFFFFFF, 
0xFFFDFE, 0xFEFEFE, 0xFFFFFF, 0xFEFFFF, 0xFEFFFF, 0xFEFFFF, 0xFEFFFF, 0xFEFFFF, 0xFFFFFF, 0xFFFEFD, 0xFFFDF4, 0xB39883, 0xB8845C, 0xE19E6A, 0xE39C64, 0xE29C61, 
0xE19A64, 0xDE9962, 0xE3A06B, 0xB78057, 0xAF947F, 0xFFFDF4, 0xFFFEFA, 0xFFFAF7, 0xFFFBF8, 0xBDA897, 0xB5835E, 0xFDBF8E, 0xF5B985, 0xFABE8A, 0xF6B983, 0xFBBE88, 
0xF7BB87, 0xF7BB87, 0xF0B482, 0x9E714A, 0xF9E9DA, 0xFFFFFD, 0xFFFFFF, 0xFDFFFE, 0xFFFEFF, 0xFFFFFD, 0xFFFFFF, 0xFFFFFF, 0xFFFFFF, 0xFFFFFF, 0xFFFFFD, 0xFFFFFD, 
0xFFFFFF, 0xFFFFFF, 0xFFFFFF, 0xFFFFFF, 0xFFFFFF, 0xFFFFFF, 0xFFFFFF, 0xFFFFFF, 0xFFFFFF, 0xFFFFFF, 0xFFFFFF, 0xFFFFFF, 0xFFFFFF, 0xFFFFFF, 0xFFFFFF, 0xFFFFFF, 
0xFFFFFF, 0xFFFFFF, 0xFFFFFF, 0xFFFFFF, 0xFFFFFF, 0xFFFFFF, 0xFFFFFF, 0xFFFFFF, 0xFFFFFF, 0xFFFFFF, 0xFFFFFF, 0xFFFFFF, 0xFFFFFF, 0xFFFFFF, 0xFFFFFF, 0xFFFFFF, 
0xFFFFFF, 0xFFFFFF, 0xFFFFFF, 0xFFFFFF, 0xFFFFFF, 0xFFFFFF, 0xFFFFFF, 0xFFFFFF, 0xFFFFFF, 0xFFFFFF, 0xFFFFFF, 0xFFFFFF, 0xFFFFFF, 0xFFFFFF, 0xFFFFFF, 0xFFFFFF, 
0xFFFFFF, 0xFFFFFF, 0xFFFFFF, 0xFFFFFF, 0xFFFFFF, 0xFFFFFF, 0xFFFFFF, 0xFFFFFF, 0xFFFFFF, 0xFFFFFF, 0xFFFFFF, 0xFFFFFF, 0xFFFFFF, 0xFFFFFF, 0xFFFFFF, 0xFFFFFF, 
0xFFFFFF, 0xFFFFFF, 0xFFFFFF, 0xFFFFFF, 0xFFFFFF, 0xFFFFFF, 0xFFFFFF, 0xFFFFFF, 0xFFFFFF, 0xFEFEFE, 0xFFFFFF, 0xFDFDFD, 0xFAFAFA, 0xFEFEFE, 0xFFFFFF, 0xFFFFFF, 
0xF9F9F9, 0xFFFCF6, 0xC8A893, 0xB58561, 0xDDA16F, 0xDE9D67, 0xB67444, 0xCF8F5F, 0xFFC28C, 0xF7BB85, 0xF9BB8A, 0xF8BC8A, 0xF7BB87, 0xF8BC88, 0xF7B988, 0xA77753, 
0xDFCDBF, 0xFFFEFA, 0xFFFEFC, 0xFFFFFD, 0xFFFFFD, 0xFFFFFD, 0xFEFEFE, 0xFFFFFF, 0xFFFFFF, 0xFFFFFF, 0xFFFFFF, 0xFFFFFF, 0xFFFFFF, 0xFFFFFF, 0xFFFFFF, 0xFFFFFF, 
0xFFFEFF, 0xFFFEFF, 0xFEFEFF, 0xFDFEFF, 0xFBFFFF, 0xFBFFFF, 0xFEFEFE, 0xFFFEFC, 0xFEFCFD, 0xFFFDFA, 0xFFEDDF, 0x9B785C, 0xCC956C, 0xE09E6A, 0xDE975F, 0xE19B60, 
0xE29B65, 0xE09A66, 0xE29F6B, 0xAD7951, 0xC1AA98, 0xFFFEF8, 0xFFFCF9, 0xFFFCF9, 0xFFFDF8, 0xC0A999, 0xB98963, 0xFFC190, 0xF5B985, 0xFABE8A, 0xF8BB85, 0xFABD87, 
0xF7BB87, 0xF8BC88, 0xF0B482, 0xA1744D, 0xF3E3D4, 0xFFFFFD, 0xFFFFFF, 0xFEFFFF, 0xFFFEFF, 0xFFFFFD, 0xFFFFFF, 0xFFFFFF, 0xFFFFFF, 0xFFFFFF, 0xFFFFFD, 0xFFFFFD, 
0xFFFFFF, 0xFFFFFF, 0xFFFFFF, 0xFFFFFF, 0xFFFFFF, 0xFFFFFF, 0xFFFFFF, 0xFFFFFF, 0xFFFFFF, 0xFFFFFF, 0xFFFFFF, 0xFFFFFF, 0xFFFFFF, 0xFFFFFF, 0xFFFFFF, 0xFFFFFF, 
0xFFFFFF, 0xFFFFFF, 0xFFFFFF, 0xFFFFFF, 0xFFFFFF, 0xFFFFFF, 0xFFFFFF, 0xFFFFFF, 0xFFFFFF, 0xFFFFFF, 0xFFFFFF, 0xFFFFFF, 0xFFFFFF, 0xFFFFFF, 0xFFFFFF, 0xFFFFFF, 
0xFFFFFF, 0xFFFFFF, 0xFFFFFF, 0xFFFFFF, 0xFFFFFF, 0xFFFFFF, 0xFFFFFF, 0xFFFFFF, 0xFFFFFF, 0xFFFFFF, 0xFFFFFF, 0xFFFFFF, 0xFFFFFF, 0xFFFFFF, 0xFFFFFF, 0xFFFFFF, 
0xFFFFFF, 0xFFFFFF, 0xFFFFFF, 0xFFFFFF, 0xFFFFFF, 0xFFFFFF, 0xFFFFFF, 0xFFFFFF, 0xFFFFFF, 0xFFFFFF, 0xFFFFFF, 0xFFFFFF, 0xFFFFFF, 0xFFFFFF, 0xFFFFFF, 0xFFFFFF, 
0xFFFFFF, 0xFFFFFF, 0xFFFFFF, 0xFFFFFF, 0xFFFFFF, 0xFFFFFF, 0xFFFFFF, 0xFFFFFF, 0xFFFFFF, 0xFFFFFF, 0xFFFFFF, 0xFDFDFD, 0xFFFFFF, 0xFFFFFF, 0xFBFBFB, 0xFEFDFB, 
0xFFFEFB, 0xFFFCF1, 0xB18D73, 0xC4936B, 0xDC9E6D, 0xE3A26C, 0xAF6D3D, 0xD39363, 0xFFC18B, 0xF8BB84, 0xFABB88, 0xF8BA87, 0xF8BC88, 0xF8BC8A, 0xF5B889, 0xA37553, 
0xE2D2C5, 0xFFFFFD, 0xFFFEFC, 0xFFFFFD, 0xFFFEFF, 0xFFFEFF, 0xFEFEFE, 0xFFFFFF, 0xFFFFFF, 0xFFFFFF, 0xFFFFFF, 0xFFFFFF, 0xFFFFFF, 0xFFFFFF, 0xFFFFFD, 0xFFFFFF, 
0xFFFEFF, 0xFFFEFF, 0xFFFDFF, 0xFDFEFF, 0xF9FFFF, 0xFBFFFF, 0xFFFEFD, 0xFFFEFB, 0xFFFDFC, 0xFFFCF4, 0xDBBBA4, 0xA47652, 0xDBA277, 0xDB9C69, 0xDF9A63, 0xE29C61, 
0xE29B65, 0xE09D68, 0xDE9C6A, 0xA2704B, 0xDAC7B8, 0xFFFEFB, 0xFEFAF9, 0xFFFEFB, 0xFFFDF8, 0xC3AC9A, 0xBA8A62, 0xFFC391, 0xF5B784, 0xF9BC86, 0xF8BC88, 0xF7BB87, 
0xF6BA86, 0xF9BD89, 0xF1B583, 0xA47750, 0xECDCCD, 0xFFFFFD, 0xFDFDFD, 0xFEFFFF, 0xFFFEFF, 0xFFFFFD, 0xFFFFFF, 0xFFFFFF, 0xFFFFFF, 0xFFFFFF, 0xFFFFFD, 0xFFFFFD, 
0xFFFFFF, 0xFFFFFF, 0xFFFFFF, 0xFFFFFF, 0xFFFFFF, 0xFFFFFF, 0xFFFFFF, 0xFFFFFF, 0xFFFFFF, 0xFFFFFF, 0xFFFFFF, 0xFFFFFF, 0xFFFFFF, 0xFFFFFF, 0xFFFFFF, 0xFFFFFF, 
0xFFFFFF, 0xFFFFFF, 0xFFFFFF, 0xFFFFFF, 0xFFFFFF, 0xFFFFFF, 0xFFFFFF, 0xFFFFFF, 0xFFFFFF, 0xFFFFFF, 0xFFFFFF, 0xFFFFFF, 0xFFFFFF, 0xFFFFFF, 0xFFFFFF, 0xFFFFFF, 
0xFFFFFF, 0xFFFFFF, 0xFFFFFF, 0xFFFFFF, 0xFFFFFF, 0xFFFFFF, 0xFFFFFF, 0xFFFFFF, 0xFFFFFF, 0xFFFFFF, 0xFFFFFF, 0xFFFFFF, 0xFFFFFF, 0xFFFFFF, 0xFFFFFF, 0xFFFFFF, 
0xFFFFFF, 0xFFFFFF, 0xFFFFFF, 0xFFFFFF, 0xFFFFFF, 0xFFFFFF, 0xFFFFFF, 0xFFFFFF, 0xFFFFFF, 0xFFFFFF, 0xFFFFFF, 0xFFFFFF, 0xFFFFFF, 0xFFFFFF, 0xFFFFFF, 0xFFFFFF, 
0xFFFFFF, 0xFFFFFF, 0xFFFFFF, 0xFFFFFF, 0xFFFFFF, 0xFFFFFF, 0xFFFFFF, 0xFFFFFF, 0xFEFEFE, 0xFFFFFF, 0xFCFCFC, 0xFFFFFF, 0xFFFFFF, 0xFCFCFC, 0xFFFFFF, 0xFFFEFB, 
0xFFF9EF, 0xF6DFCD, 0x9E7555, 0xD59E75, 0xDA9B68, 0xE19E69, 0xB47444, 0xCF8F5F, 0xFFC18C, 0xF9BA84, 0xFABB86, 0xF9BA87, 0xF9BB88, 0xF8BC8A, 0xF4B788, 0xA07250, 
0xE6D6C9, 0xFFFFFD, 0xFEFDFB, 0xFFFFFD, 0xFFFEFF, 0xFFFEFF, 0xFFFFFF, 0xFEFEFE, 0xFFFFFF, 0xFFFFFF, 0xFFFFFF, 0xFFFFFF, 0xFFFFFF, 0xFFFFFF, 0xFFFFFD, 0xFFFFFF, 
0xFFFDFF, 0xFFFEFF, 0xFFFEFF, 0xFEFFFF, 0xF9FFFF, 0xFBFFFF, 0xFFFEFD, 0xFFFDF7, 0xFFFCF7, 0xFFFAEC, 0xAD8262, 0xC99065, 0xD99E72, 0xDA9A6A, 0xE39E67, 0xE29C61, 
0xE09B64, 0xE09D68, 0xD69764, 0x996B47, 0xEDDBCD, 0xFFFFFD, 0xFDFBFC, 0xFFFDFA, 0xFFFCF6, 0xCCB39F, 0xB98961, 0xFFC391, 0xF5B882, 0xF8BB85, 0xF9BD89, 0xF8BC88, 
0xF7BB87, 0xF8BC88, 0xF4B886, 0xA67952, 0xE6D6C7, 0xFFFFFD, 0xFDFDFD, 0xFEFFFF, 0xFFFEFF, 0xFFFFFD, 0xFFFFFF, 0xFFFFFF, 0xFFFFFF, 0xFFFFFF, 0xFFFFFD, 0xFFFFFD, 
0xFFFFFF, 0xFFFFFF, 0xFFFFFF, 0xFFFFFF, 0xFFFFFF, 0xFFFFFF, 0xFFFFFF, 0xFFFFFF, 0xFFFFFF, 0xFFFFFF, 0xFFFFFF, 0xFFFFFF, 0xFFFFFF, 0xFFFFFF, 0xFFFFFF, 0xFFFFFF, 
0xFFFFFF, 0xFFFFFF, 0xFFFFFF, 0xFFFFFF, 0xFFFFFF, 0xFFFFFF, 0xFFFFFF, 0xFFFFFF, 0xFFFFFF, 0xFFFFFF, 0xFFFFFF, 0xFFFFFF, 0xFFFFFF, 0xFFFFFF, 0xFFFFFF, 0xFFFFFF, 
0xFFFFFF, 0xFFFFFF, 0xFFFFFF, 0xFFFFFF, 0xFFFFFF, 0xFFFFFF, 0xFFFFFF, 0xFFFFFF, 0xFFFFFF, 0xFFFFFF, 0xFFFFFF, 0xFFFFFF, 0xFFFFFF, 0xFFFFFF, 0xFFFFFF, 0xFFFFFF, 
0xFFFFFF, 0xFFFFFF, 0xFFFFFF, 0xFFFFFF, 0xFFFFFF, 0xFFFFFF, 0xFFFFFF, 0xFFFFFF, 0xFFFFFF, 0xFFFFFF, 0xFFFFFF, 0xFFFFFF, 0xFFFFFF, 0xFFFFFF, 0xFFFFFF, 0xFFFFFF, 
0xFFFFFF, 0xFFFFFF, 0xFFFFFF, 0xFFFFFF, 0xFFFFFF, 0xFFFFFF, 0xFFFFFF, 0xFFFFFF, 0xFFFFFF, 0xFEFEFE, 0xFFFFFF, 0xFFFFFF, 0xFBFBFB, 0xFFFFFF, 0xFFFFFF, 0xFFF9F3, 
0xFFFBEA, 0xBE9B7F, 0xB6855D, 0xDB9E6F, 0xDF9E68, 0xE19E69, 0xB27244, 0xD19364, 0xFEC18B, 0xF8B983, 0xFABB86, 0xF9BA85, 0xF9BB88, 0xF9BB8A, 0xF3B689, 0x9E704F, 
0xE9D9CC, 0xFFFFFD, 0xFEFDFB, 0xFFFFFD, 0xFFFEFF, 0xFFFEFF, 0xFFFEFF, 0xFFFDFE, 0xFFFEFF, 0xFFFEFF, 0xFFFFFF, 0xFFFFFF, 0xFFFFFD, 0xFFFFFD, 0xFFFFFD, 0xFFFFFF, 
0xFFFDFF, 0xFFFEFF, 0xFFFFFF, 0xFEFFFF, 0xFBFFFF, 0xFBFFFF, 0xFFFEFC, 0xFFFCF6, 0xFFFCF1, 0xEECFBA, 0xAA754D, 0xDA9A6A, 0xD89A6B, 0xDC9E6D, 0xDF9C65, 0xE09B60, 
0xDF9A63, 0xE09D68, 0xD09261, 0x9A6E4B, 0xF6E6D9, 0xFFFEFF, 0xFFFEFF, 0xFFFBF8, 0xFFFCF3, 0xD1B6A1, 0xBB8B65, 0xFFC492, 0xF9BA85, 0xF9BA85, 0xF9BD89, 0xF6BC8A, 
0xF7BB87, 0xF7BB87, 0xF8BC8A, 0xA77A53, 0xE2D2C3, 0xFFFFFD, 0xFEFEFE, 0xFDFFFE, 0xFFFEFF, 0xFFFFFD, 0xFFFFFF, 0xFFFFFF, 0xFFFFFF, 0xFFFFFF, 0xFFFFFD, 0xFFFFFD, 
0xFFFFFF, 0xFFFFFF, 0xFFFFFF, 0xFFFFFF, 0xFFFFFF, 0xFFFFFF, 0xFFFFFF, 0xFFFFFF, 0xFFFFFF, 0xFFFFFF, 0xFFFFFF, 0xFFFFFF, 0xFFFFFF, 0xFFFFFF, 0xFFFFFF, 0xFFFFFF, 
0xFFFFFF, 0xFFFFFF, 0xFFFFFF, 0xFFFFFF, 0xFFFFFF, 0xFFFFFF, 0xFFFFFF, 0xFFFFFF, 0xFFFFFF, 0xFFFFFF, 0xFFFFFF, 0xFFFFFF, 0xFFFFFF, 0xFFFFFF, 0xFFFFFF, 0xFFFFFF, 
0xFFFFFF, 0xFFFFFF, 0xFFFFFF, 0xFFFFFF, 0xFFFFFF, 0xFFFFFF, 0xFFFFFF, 0xFFFFFF, 0xFFFFFF, 0xFFFFFF, 0xFFFFFF, 0xFFFFFF, 0xFFFFFF, 0xFFFFFF, 0xFFFFFF, 0xFFFFFF, 
0xFFFFFF, 0xFFFFFF, 0xFFFFFF, 0xFFFFFF, 0xFFFFFF, 0xFFFFFF, 0xFFFFFF, 0xFFFFFF, 0xFFFFFF, 0xFFFFFF, 0xFFFFFF, 0xFFFFFF, 0xFFFFFF, 0xFFFFFF, 0xFFFFFF, 0xFFFFFF, 
0xFFFFFF, 0xFFFFFF, 0xFFFFFF, 0xFFFFFF, 0xFFFFFF, 0xFFFFFF, 0xFFFFFF, 0xFFFFFF, 0xFFFFFF, 0xFDFDFD, 0xFFFFFF, 0xFCFCFC, 0xFFFFFF, 0xFFFFFF, 0xFAFAFA, 0xFFFDF4, 
0xF5D7BF, 0xA67854, 0xD89E70, 0xDC9A66, 0xE49F68, 0xE29F6A, 0xA7693A, 0xDC9F72, 0xFCC08C, 0xF7BA83, 0xFABB86, 0xF9BA85, 0xFABB88, 0xF9BB8A, 0xF2B588, 0x9D6F4E, 
0xEBDBCE, 0xFFFFFD, 0xFEFDFB, 0xFFFFFD, 0xFFFDFE, 0xFFFEFF, 0xFFFEFF, 0xFFFEFF, 0xFFFEFF, 0xFFFEFF, 0xFFFFFF, 0xFFFFFF, 0xFFFFFD, 0xFFFFFD, 0xFFFFFD, 0xFFFFFD, 
0xFFFEFF, 0xFFFEFF, 0xFEFFFF, 0xFBFFFF, 0xFDFFFE, 0xFFFFFD, 0xFEFFFF, 0xFFFEF8, 0xFFF8E7, 0xB38C6F, 0xCC8F62, 0xDE9B67, 0xDA9A6A, 0xDB9D6A, 0xDF9C65, 0xE09B62, 
0xE09B64, 0xE09E6A, 0xCA8D5E, 0xA07451, 0xFDECE2, 0xFFFFFF, 0xFFFFFF, 0xFFFBF8, 0xFFFCF1, 0xC9AD97, 0xC2926C, 0xFEC192, 0xF9BA85, 0xF8B984, 0xF7BB87, 0xF5BB89, 
0xF8BC88, 0xF6BA86, 0xFBBF8D, 0xA87B54, 0xDCCCBD, 0xFFFFFD, 0xFEFEFE, 0xFDFFFE, 0xFFFEFF, 0xFFFFFD, 0xFFFFFF, 0xFFFFFF, 0xFFFFFF, 0xFFFFFF, 0xFFFFFD, 0xFFFFFD, 
0xFFFFFF, 0xFFFFFF, 0xFFFFFF, 0xFFFFFF, 0xFFFFFF, 0xFFFFFF, 0xFFFFFF, 0xFFFFFF, 0xFFFFFF, 0xFFFFFF, 0xFFFFFF, 0xFFFFFF, 0xFFFFFF, 0xFFFFFF, 0xFFFFFF, 0xFFFFFF, 
0xFFFFFF, 0xFFFFFF, 0xFFFFFF, 0xFFFFFF, 0xFFFFFF, 0xFFFFFF, 0xFFFFFF, 0xFFFFFF, 0xFFFFFF, 0xFFFFFF, 0xFFFFFF, 0xFFFFFF, 0xFFFFFF, 0xFFFFFF, 0xFFFFFF, 0xFFFFFF, 
0xFFFFFF, 0xFFFFFF, 0xFFFFFF, 0xFFFFFF, 0xFFFFFF, 0xFFFFFF, 0xFFFFFF, 0xFFFFFF, 0xFFFFFF, 0xFFFFFF, 0xFFFFFF, 0xFFFFFF, 0xFFFFFF, 0xFFFFFF, 0xFFFFFF, 0xFFFFFF, 
0xFFFFFF, 0xFFFFFF, 0xFFFFFF, 0xFFFFFF, 0xFFFFFF, 0xFFFFFF, 0xFFFFFF, 0xFFFFFF, 0xFFFFFF, 0xFFFFFF, 0xFFFFFF, 0xFFFFFF, 0xFFFFFF, 0xFFFFFF, 0xFFFFFF, 0xFFFFFF, 
0xFFFFFF, 0xFFFFFF, 0xFFFFFF, 0xFFFFFF, 0xFFFFFF, 0xFFFFFF, 0xFFFFFF, 0xFFFFFF, 0xFDFDFD, 0xFFFFFF, 0xFFFFFF, 0xFBFBFB, 0xFFFFFF, 0xFEFEFE, 0xFFFFFF, 0xFFF2E9, 
0xA58161, 0xC69062, 0xE3A16D, 0xE39C64, 0xE19B60, 0xD9965F, 0xAE7144, 0xE2A77B, 0xF9C08B, 0xF6BA84, 0xFBBC87, 0xFABB86, 0xFABB86, 0xF9BB88, 0xF2B586, 0x9C6E4C, 
0xEBDBCE, 0xFFFFFD, 0xFCFCFA, 0xFFFFFD, 0xFFFDFE, 0xFFFDFE, 0xFFFEFF, 0xFFFEFF, 0xFFFEFF, 0xFFFEFF, 0xFFFEFF, 0xFFFEFF, 0xFFFFFD, 0xFFFFFD, 0xFFFFFD, 0xFFFFFD, 
0xFFFEFD, 0xFFFEFF, 0xFAFFFF, 0xFAFFFF, 0xFFFFFA, 0xFFFFFA, 0xFBFFFF, 0xFEFBF6, 0xDDC1AB, 0xA97953, 0xE0A070, 0xE29D66, 0xDF9D69, 0xD89964, 0xE09F67, 0xDF9D63, 
0xDF9C65, 0xE19F6B, 0xC6895A, 0xA57A58, 0xFFF5EC, 0xFEFEFF, 0xFFFEFF, 0xFFFDFA, 0xFFFAF0, 0xB69880, 0xCE9E76, 0xFAC090, 0xF7B883, 0xF9BA84, 0xF5BB89, 0xF5BB89, 
0xF7BB87, 0xF6BA86, 0xFBBF8D, 0xAA7D56, 0xD3C3B4, 0xFFFFFD, 0xFCFCFC, 0xFEFFFF, 0xFFFEFF, 0xFFFFFD, 0xFFFFFF, 0xFFFFFF, 0xFFFFFF, 0xFFFFFF, 0xFFFFFD, 0xFFFFFD, 
0xFFFFFF, 0xFFFFFF, 0xFFFFFF, 0xFFFFFF, 0xFFFFFF, 0xFFFFFF, 0xFFFFFF, 0xFFFFFF, 0xFFFFFF, 0xFFFFFF, 0xFFFFFF, 0xFFFFFF, 0xFFFFFF, 0xFFFFFF, 0xFFFFFF, 0xFFFFFF, 
0xFFFFFF, 0xFFFFFF, 0xFFFFFF, 0xFFFFFF, 0xFFFFFF, 0xFFFFFF, 0xFFFFFF, 0xFFFFFF, 0xFFFFFF, 0xFFFFFF, 0xFFFFFF, 0xFFFFFF, 0xFFFFFF, 0xFFFFFF, 0xFFFFFF, 0xFFFFFF, 
0xFFFFFF, 0xFFFFFF, 0xFFFFFF, 0xFFFFFF, 0xFFFFFF, 0xFFFFFF, 0xFFFFFF, 0xFFFFFF, 0xFFFFFF, 0xFFFFFF, 0xFFFFFF, 0xFFFFFF, 0xFFFFFF, 0xFFFFFF, 0xFFFFFF, 0xFFFFFF, 
0xFFFFFF, 0xFFFFFF, 0xFFFFFF, 0xFFFFFF, 0xFFFFFF, 0xFFFFFF, 0xFFFFFF, 0xFFFFFF, 0xFFFFFF, 0xFFFFFF, 0xFFFFFF, 0xFFFFFF, 0xFFFFFF, 0xFFFFFF, 0xFFFFFF, 0xFFFFFF, 
0xFFFFFF, 0xFFFFFF, 0xFFFFFF, 0xFFFFFF, 0xFEFFFF, 0xFEFFFF, 0xFFFFFF, 0xFFFFFF, 0xFFFFFD, 0xFCFCFC, 0xFEFFFF, 0xFEFFFF, 0xFEFFFF, 0xFFFBF8, 0xFFFCF6, 0xB39A86, 
0xAD8057, 0xDD9F6C, 0xE09963, 0xE1995F, 0xE19B60, 0xD6955F, 0xA96C3F, 0xEDB487, 0xF8BE8C, 0xF5B983, 0xFBBC86, 0xFABB85, 0xF8BB85, 0xF8BA87, 0xF2B586, 0x9C6E4C, 
0xEBDBCE, 0xFEFEFC, 0xFCFCFA, 0xFFFFFD, 0xFFFDFE, 0xFFFDFE, 0xFFFEFF, 0xFFFEFF, 0xFFFEFF, 0xFFFEFF, 0xFFFEFF, 0xFFFEFF, 0xFFFFFD, 0xFFFFFD, 0xFFFFFD, 0xFFFFFD, 
0xFFFEFB, 0xFFFFFD, 0xFAFFFF, 0xFAFFFF, 0xFFFFFA, 0xFFFFFA, 0xF7F9F8, 0xF8EFE6, 0x9A775B, 0xD09A6E, 0xDE9B66, 0xE29A60, 0xE09D66, 0xDC9B63, 0xDC9E65, 0xDB9D64, 
0xDF9E66, 0xDFA06B, 0xC0875A, 0xA67D5D, 0xFFFBF0, 0xFCFCFE, 0xFEFFFF, 0xFFFEFB, 0xFFF9EB, 0xA7856A, 0xDCA880, 0xFCC08E, 0xF7B883, 0xFABD87, 0xF7BF8E, 0xF6BE8D, 
0xF5BB89, 0xF7BB89, 0xFABE8C, 0xAB7E55, 0xCFBCAB, 0xFFFFFA, 0xFAFAFA, 0xFFFFFF, 0xFFFEFF, 0xFFFEFF, 0xFFFFFF, 0xFFFFFF, 0xFFFFFF, 0xFFFFFD, 0xFFFEFF, 0xFFFEFF, 
0xFFFFFF, 0xFFFFFF, 0xFFFFFF, 0xFFFFFF, 0xFFFFFF, 0xFFFFFF, 0xFFFFFF, 0xFFFFFF, 0xFFFFFF, 0xFFFFFF, 0xFFFFFF, 0xFFFFFF, 0xFFFFFF, 0xFFFFFF, 0xFFFFFF, 0xFFFFFF, 
0xFFFFFF, 0xFFFFFF, 0xFFFFFF, 0xFFFFFF, 0xFFFFFF, 0xFFFFFF, 0xFFFFFF, 0xFFFFFF, 0xFFFFFF, 0xFFFFFF, 0xFFFFFF, 0xFFFFFF, 0xFFFFFF, 0xFFFFFF, 0xFFFFFF, 0xFFFFFF, 
0xFFFFFF, 0xFFFFFF, 0xFFFFFF, 0xFFFFFF, 0xFFFFFF, 0xFFFFFF, 0xFFFFFF, 0xFFFFFF, 0xFFFFFF, 0xFFFFFF, 0xFFFFFF, 0xFFFFFF, 0xFFFFFF, 0xFFFFFF, 0xFFFFFF, 0xFFFFFF, 
0xFFFFFF, 0xFFFFFF, 0xFFFFFF, 0xFFFFFF, 0xFFFFFF, 0xFFFFFF, 0xFFFFFF, 0xFFFFFF, 0xFFFFFF, 0xFFFFFF, 0xFFFFFF, 0xFFFFFF, 0xFFFFFF, 0xFFFFFF, 0xFFFFFF, 0xFFFFFF, 
0xFFFFFD, 0xFFFFFD, 0xFFFEFF, 0xFFFEFF, 0xFCFFFF, 0xFCFFFF, 0xFEFFFF, 0xFFFFFD, 0xFFFEFB, 0xFFFFFD, 0xF9FEFF, 0xF9FFFF, 0xF9FDFC, 0xFFFDF4, 0xDBBCA7, 0xA17351, 
0xD39B6A, 0xDE9D65, 0xE19861, 0xE39A63, 0xE19B67, 0xC68754, 0xB17747, 0xF7BF90, 0xF7BB87, 0xFABD86, 0xF9BB82, 0xF8BA81, 0xFBBE87, 0xF8BC88, 0xF1B384, 0x9D6F4E, 
0xEAD9CF, 0xFEFEFE, 0xFDFDFD, 0xFFFFFF, 0xFEFEFE, 0xFFFFFF, 0xFBFBFB, 0xFFFFFF, 0xFFFFFF, 0xFFFFFF, 0xFFFFFF, 0xFFFFFF, 0xFFFFFF, 0xFFFFFF, 0xFFFFFF, 0xFFFFFD, 
0xFFFEF8, 0xFFFCF7, 0xFEFFFF, 0xFCFFFF, 0xFEFFFF, 0xFEFAF7, 0xFFFDF6, 0xC7B09E, 0xB08461, 0xDFA273, 0xE49E63, 0xE89E5F, 0xE19B5D, 0xDA985C, 0xDC9F66, 0xD99E66, 
0xD89963, 0xDFA371, 0xBC895E, 0xAE896C, 0xFFF7ED, 0xFFFEFD, 0xFEFFFF, 0xFFFEFB, 0xFAE3D3, 0xA2795B, 0xECB68A, 0xFCBE8B, 0xF7BA84, 0xF4BB86, 0xF2BE8E, 0xF2BE8F, 
0xF6BC8C, 0xF6B887, 0xFABE8C, 0xB6875D, 0xC8B098, 0xFFFBF1, 0xFFFCF9, 0xFEFCFF, 0xFFFEFF, 0xFFFEFF, 0xFEFFFF, 0xFEFFFF, 0xFFFFFD, 0xFFFFFD, 0xFFFEFF, 0xFFFEFF, 
0xFFFFFF, 0xFFFFFF, 0xFFFFFF, 0xFFFFFF, 0xFFFFFF, 0xFFFFFF, 0xFFFFFF, 0xFFFFFF, 0xFFFFFF, 0xFFFFFF, 0xFFFFFF, 0xFFFFFF, 0xFFFFFF, 0xFFFFFF, 0xFFFFFF, 0xFFFFFF, 
0xFFFFFF, 0xFFFFFF, 0xFFFFFF, 0xFFFFFF, 0xFFFFFF, 0xFFFFFF, 0xFFFFFF, 0xFFFFFF, 0xFFFFFF, 0xFFFFFF, 0xFFFFFF, 0xFFFFFF, 0xFFFFFF, 0xFFFFFF, 0xFFFFFF, 0xFFFFFF, 
0xFFFFFF, 0xFFFFFF, 0xFFFFFF, 0xFFFFFF, 0xFFFFFF, 0xFFFFFF, 0xFFFFFF, 0xFFFFFF, 0xFFFFFF, 0xFFFFFF, 0xFFFFFF, 0xFFFFFF, 0xFFFFFF, 0xFFFFFF, 0xFFFFFF, 0xFFFFFF, 
0xFFFFFF, 0xFFFFFF, 0xFFFFFF, 0xFFFFFF, 0xFFFFFF, 0xFFFFFF, 0xFFFFFF, 0xFFFFFF, 0xFFFFFF, 0xFFFFFF, 0xFFFFFF, 0xFFFFFF, 0xFFFFFF, 0xFFFFFF, 0xFFFFFF, 0xFFFFFD, 
0xFFFFFB, 0xFFFFFD, 0xFFFEFF, 0xFFFEFF, 0xFCFFFF, 0xFBFFFF, 0xFEFFFF, 0xFFFFFD, 0xFFFDFA, 0xFFFEFD, 0xFBFFFF, 0xF8FFFF, 0xFEFFFD, 0xF6E8DB, 0x976E52, 0xC38C65, 
0xE2A674, 0xDD9C66, 0xE19A64, 0xE69D6A, 0xE39D6A, 0xB47542, 0xC68C5C, 0xF9C190, 0xF5B985, 0xF6B983, 0xFBBD84, 0xFDBF86, 0xF9BC85, 0xF9BD89, 0xF3B488, 0x9E704F, 
0xEAD9CF, 0xFFFFFF, 0xFEFEFE, 0xFFFFFF, 0xFEFEFE, 0xFFFFFF, 0xFDFDFD, 0xFFFFFF, 0xFFFFFF, 0xFFFFFF, 0xFFFFFF, 0xFFFFFF, 0xFFFFFF, 0xFFFFFF, 0xFFFFFF, 0xFFFFFD, 
0xFFFEFB, 0xFFFDFA, 0xFEFEFE, 0xFDFEFF, 0xFDFEFF, 0xFDF9F6, 0xC7B9AE, 0x6E523D, 0x9D704F, 0xB37A4D, 0xC98852, 0xD79257, 0xE09E64, 0xE3A26A, 0xDCA06C, 0xD89E6C, 
0xE2A471, 0xD2986A, 0xB2825C, 0xA28065, 0xFFF8EE, 0xFFFBF8, 0xFFFEFF, 0xFFFDF8, 0xE8CCB7, 0xAD815E, 0xF8BE90, 0xF8B984, 0xF8BB85, 0xF7BE89, 0xF6C18F, 0xF4BF8D, 
0xFABD8E, 0xF5B786, 0xFFC390, 0xB8855A, 0xB6987C, 0xFFFCED, 0xFFFBF8, 0xFFFEFF, 0xFFFEFF, 0xFFFFFF, 0xFEFFFF, 0xFEFFFF, 0xFFFFFD, 0xFFFFFD, 0xFFFEFF, 0xFFFEFF, 
0xFFFFFF, 0xFFFFFF, 0xFFFFFF, 0xFFFFFF, 0xFFFFFF, 0xFFFFFF, 0xFFFFFF, 0xFFFFFF, 0xFFFFFF, 0xFFFFFF, 0xFFFFFF, 0xFFFFFF, 0xFFFFFF, 0xFFFFFF, 0xFFFFFF, 0xFFFFFF, 
0xFFFFFF, 0xFFFFFF, 0xFFFFFF, 0xFFFFFF, 0xFFFFFF, 0xFFFFFF, 0xFFFFFF, 0xFFFFFF, 0xFFFFFF, 0xFFFFFF, 0xFFFFFF, 0xFFFFFF, 0xFFFFFF, 0xFFFFFF, 0xFFFFFF, 0xFFFFFF, 
0xFFFFFF, 0xFFFFFF, 0xFFFFFF, 0xFFFFFF, 0xFFFFFF, 0xFFFFFF, 0xFFFFFF, 0xFFFFFF, 0xFFFFFF, 0xFFFFFF, 0xFFFFFF, 0xFFFFFF, 0xFFFFFF, 0xFFFFFF, 0xFFFFFF, 0xFFFFFF, 
0xFFFFFF, 0xFFFFFF, 0xFFFFFF, 0xFFFFFF, 0xFFFFFF, 0xFFFFFF, 0xFFFFFF, 0xFFFFFF, 0xFFFFFF, 0xFFFFFF, 0xFFFFFF, 0xFFFFFF, 0xFFFFFF, 0xFFFFFF, 0xFFFFFF, 0xFFFFFD, 
0xFFFFFB, 0xFFFFFB, 0xFFFFFF, 0xFFFEFF, 0xFCFFFF, 0xFCFFFF, 0xFEFFFF, 0xFFFFFB, 0xFFFEFA, 0xFFFEFB, 0xF8F9FB, 0xFCFFFF, 0xFFFFF8, 0xAB9A8A, 0x956C50, 0xBB835E, 
0xC78E61, 0xD89C6A, 0xDF9B6A, 0xE09A69, 0xE6A06D, 0xAC6A38, 0xD99B6A, 0xFFC593, 0xF3B987, 0xF7BB87, 0xF9BD87, 0xF8BB84, 0xF5B983, 0xFABE8A, 0xF3B689, 0x9B6C4E, 
0xE6D5CB, 0xFFFFFF, 0xFEFEFE, 0xFEFEFE, 0xFFFFFF, 0xFFFFFF, 0xFFFFFF, 0xFFFFFF, 0xFFFFFF, 0xFFFFFF, 0xFFFFFF, 0xFFFFFF, 0xFFFFFF, 0xFFFFFF, 0xFFFFFF, 0xFFFFFF, 
0xFCFBFF, 0xFFFEFF, 0xFFFEFF, 0xFDFCFF, 0xFFFEFF, 0xAEA6A3, 0x423429, 0x77604E, 0x916D53, 0x906342, 0x9E6A43, 0xA66D42, 0xB57A4E, 0xC4875B, 0xCF9168, 0xD4976B, 
0xC7895A, 0xAC7348, 0x9B6E4D, 0xC0A18C, 0xFFFCF4, 0xFFFEFB, 0xFFFAF7, 0xFFFAF0, 0xBE9C81, 0xC99870, 0xFEC192, 0xF5B680, 0xF6B982, 0xF7BA83, 0xF8BD85, 0xF6BB83, 
0xF8BC88, 0xF6B887, 0xFEBF8C, 0xCD976B, 0xA38064, 0xFFFAE9, 0xFFFBF3, 0xFFFFFD, 0xFFFFFF, 0xFEFFFF, 0xFCFFFF, 0xFCFFFF, 0xFFFEFF, 0xFFFEFD, 0xFFFFFD, 0xFFFEFF, 
0xFFFFFF, 0xFFFFFF, 0xFFFFFF, 0xFFFFFF, 0xFFFFFF, 0xFFFFFF, 0xFFFFFF, 0xFFFFFF, 0xFFFFFF, 0xFFFFFF, 0xFFFFFF, 0xFFFFFF, 0xFFFFFF, 0xFFFFFF, 0xFFFFFF, 0xFFFFFF, 
0xFFFFFF, 0xFFFFFF, 0xFFFFFF, 0xFFFFFF, 0xFFFFFF, 0xFFFFFF, 0xFFFFFF, 0xFFFFFF, 0xFFFFFF, 0xFFFFFF, 0xFFFFFF, 0xFFFFFF, 0xFFFFFF, 0xFFFFFF, 0xFFFFFF, 0xFFFFFF, 
0xFFFFFF, 0xFFFFFF, 0xFFFFFF, 0xFFFFFF, 0xFFFFFF, 0xFFFFFF, 0xFFFFFF, 0xFFFFFF, 0xFFFFFF, 0xFFFFFF, 0xFFFFFF, 0xFFFFFF, 0xFFFFFF, 0xFFFFFF, 0xFFFFFF, 0xFFFFFF, 
0xFFFFFF, 0xFFFFFF, 0xFFFFFF, 0xFFFFFF, 0xFFFFFF, 0xFFFFFF, 0xFFFFFF, 0xFFFFFF, 0xFFFFFF, 0xFFFFFF, 0xFFFFFF, 0xFFFFFF, 0xFFFFFF, 0xFFFFFF, 0xFFFFFF, 0xFFFFFD, 
0xFFFFFB, 0xFFFFFB, 0xFFFFFF, 0xFEFFFF, 0xFEFFFF, 0xFEFFFF, 0xFFFFFD, 0xFFFFFB, 0xFFFEFB, 0xFFFCF9, 0xFFFFFF, 0xFFFEFC, 0xA29990, 0x513C2B, 0x9B6F56, 0x996444, 
0x9F6E46, 0xA77248, 0xAF744A, 0xB8784C, 0xB97747, 0xB67442, 0xF4B685, 0xF8BC8A, 0xF5BB8B, 0xF9BF8F, 0xF6BC8A, 0xF7BB87, 0xF8BC86, 0xF8BC8A, 0xF4B78B, 0xA07354, 
0xE1D3C8, 0xFFFFFF, 0xFEFEFE, 0xFEFEFE, 0xFFFFFF, 0xFFFFFF, 0xFFFFFF, 0xFEFEFE, 0xFFFFFF, 0xFFFFFF, 0xFFFFFF, 0xFFFFFF, 0xFFFFFF, 0xFFFFFF, 0xFFFFFF, 0xFFFFFF, 
0xFEFEFF, 0xFEFEFF, 0xFFFEFF, 0xFFFEFF, 0xDAD2CF, 0x3C2F27, 0x7A685C, 0x896F60, 0x8A6B57, 0x8E6A52, 0x92694D, 0x956648, 0x9C6747, 0x9C6644, 0xA66B49, 0xA06843, 
0xA16C44, 0x885C39, 0xDBBBA2, 0xFFFAEB, 0xFFFEFA, 0xFDFCFA, 0xFFFBF6, 0xFFF2E4, 0x9A7153, 0xE6B187, 0xFABC8B, 0xFABB86, 0xFDC08A, 0xFABD86, 0xFBBD84, 0xFBBD84, 
0xF9BC86, 0xF8BA87, 0xFDBE8B, 0xD9A075, 0x957053, 0xFFEDDC, 0xFFFEF6, 0xFBFBF9, 0xFCFFFF, 0xFCFFFF, 0xFCFFFF, 0xFEFFFF, 0xFFFEFF, 0xFFFEFD, 0xFFFFFD, 0xFFFFFF, 
0xFFFFFF, 0xFFFFFF, 0xFFFFFF, 0xFFFFFF, 0xFFFFFF, 0xFFFFFF, 0xFFFFFF, 0xFFFFFF, 0xFFFFFF, 0xFFFFFF, 0xFFFFFF, 0xFFFFFF, 0xFFFFFF, 0xFFFFFF, 0xFFFFFF, 0xFFFFFF, 
0xFFFFFF, 0xFFFFFF, 0xFFFFFF, 0xFFFFFF, 0xFFFFFF, 0xFFFFFF, 0xFFFFFF, 0xFFFFFF, 0xFFFFFF, 0xFFFFFF, 0xFFFFFF, 0xFFFFFF, 0xFFFFFF, 0xFFFFFF, 0xFFFFFF, 0xFFFFFF, 
0xFFFFFF, 0xFFFFFF, 0xFFFFFF, 0xFFFFFF, 0xFFFFFF, 0xFFFFFF, 0xFFFFFF, 0xFFFFFF, 0xFFFFFF, 0xFFFFFF, 0xFFFFFF, 0xFFFFFF, 0xFFFFFF, 0xFFFFFF, 0xFFFFFF, 0xFFFFFF, 
0xFFFFFF, 0xFFFFFF, 0xFFFFFF, 0xFFFFFF, 0xFFFFFF, 0xFFFFFF, 0xFFFFFF, 0xFFFFFF, 0xFFFFFF, 0xFFFFFF, 0xFFFFFF, 0xFFFFFF, 0xFFFFFF, 0xFFFFFF, 0xFFFFFF, 0xFFFFFD, 
0xFEFFFB, 0xFEFFFB, 0xFEFFFF, 0xFEFFFF, 0xFEFFFF, 0xFFFFFD, 0xFFFFFB, 0xFFFEFB, 0xFFFEFB, 0xFFFDFC, 0xFFFBFA, 0xC7BFBC, 0x433228, 0x8A6F5C, 0x946A52, 0x95664A, 
0x8E6547, 0x906747, 0x9A6948, 0xA16946, 0x985B2F, 0xCC8C5E, 0xFBBD8C, 0xF6BA88, 0xF5BC8F, 0xF0BA8C, 0xF4BC8B, 0xF8BE8C, 0xF8BC88, 0xF5B987, 0xF1B38A, 0x9E7154, 
0xEADCD3, 0xFFFFFF, 0xFFFFFF, 0xFEFEFE, 0xFFFFFF, 0xFEFEFE, 0xFFFFFF, 0xFDFDFD, 0xFFFFFF, 0xFFFFFF, 0xFFFFFF, 0xFFFFFF, 0xFFFFFF, 0xFFFFFF, 0xFFFFFF, 0xFEFFFF, 
0xFBFEFF, 0xFCFFFF, 0xFEFCFD, 0xFFFCFA, 0x806F67, 0x624C3F, 0x8D7163, 0x8A6A5B, 0x8A6958, 0x906D5A, 0x8C6754, 0x916852, 0x94684F, 0x97684C, 0x9C694C, 0x996A4C, 
0x836044, 0x472E18, 0xF9EDE1, 0xFFFFFA, 0xF8FDFF, 0xFEFFFF, 0xFFFCF4, 0xC2A691, 0xBA8A66, 0xFEC397, 0xF4B685, 0xF5B786, 0xF7BA8B, 0xF5B987, 0xF9BA87, 0xFABB86, 
0xF8BB85, 0xF8BA87, 0xFDBD8D, 0xDAA37A, 0x967156, 0xFFEADC, 0xFFFDF5, 0xFEFFFD, 0xFCFFFF, 0xFCFFFF, 0xFEFFFF, 0xFFFEFF, 0xFFFEFF, 0xFFFEFF, 0xFEFFFF, 0xFCFFFF, 
0xFFFFFF, 0xFFFFFF, 0xFFFFFF, 0xFFFFFF, 0xFFFFFF, 0xFFFFFF, 0xFFFFFF, 0xFFFFFF, 0xFFFFFF, 0xFFFFFF, 0xFFFFFF, 0xFFFFFF, 0xFFFFFF, 0xFFFFFF, 0xFFFFFF, 0xFFFFFF, 
0xFFFFFF, 0xFFFFFF, 0xFFFFFF, 0xFFFFFF, 0xFFFFFF, 0xFFFFFF, 0xFFFFFF, 0xFFFFFF, 0xFFFFFF, 0xFFFFFF, 0xFFFFFF, 0xFFFFFF, 0xFFFFFF, 0xFFFFFF, 0xFFFFFF, 0xFFFFFF, 
0xFFFFFF, 0xFFFFFF, 0xFFFFFF, 0xFFFFFF, 0xFFFFFF, 0xFFFFFF, 0xFFFFFF, 0xFFFFFF, 0xFFFFFF, 0xFFFFFF, 0xFFFFFF, 0xFFFFFF, 0xFFFFFF, 0xFFFFFF, 0xFFFFFF, 0xFFFFFF, 
0xFFFFFF, 0xFFFFFF, 0xFFFFFF, 0xFFFFFF, 0xFFFFFF, 0xFFFFFF, 0xFFFFFF, 0xFFFFFF, 0xFFFFFF, 0xFFFFFF, 0xFFFFFF, 0xFFFFFF, 0xFFFFFF, 0xFFFFFF, 0xFFFFFF, 0xFFFFFD, 
0xFEFFFB, 0xFEFFFB, 0xFEFFFF, 0xFEFFFF, 0xFFFFFD, 0xFFFFFB, 0xFFFFFA, 0xFFFEFB, 0xFCFBF9, 0xFFFEFD, 0xF9F4F1, 0x4C413B, 0x736052, 0x8C6F5D, 0x8A644D, 0x936B52, 
0x8F6D54, 0x8C6A51, 0x8E644B, 0x99684A, 0xA96F49, 0xF1B286, 0xFABC8B, 0xF7BB89, 0xF8BF92, 0xF1BB8D, 0xF7BD8D, 0xF7BB87, 0xF5B882, 0xFDBF8C, 0xE4A67D, 0x976A4D, 
0xFAECE3, 0xFFFFFF, 0xFFFFFF, 0xFFFFFF, 0xFFFFFF, 0xFEFEFE, 0xFFFFFF, 0xFEFEFE, 0xFFFFFF, 0xFFFFFF, 0xFFFFFF, 0xFFFFFF, 0xFFFFFF, 0xFFFFFF, 0xFFFFFF, 0xFEFFFF, 
0xFAFEFF, 0xFDFEFF, 0xFFFEFB, 0xF7EDE4, 0x574539, 0x7C6253, 0x896C5C, 0x886756, 0x886758, 0x8A695A, 0x8B6A59, 0x8D6A57, 0x8B6653, 0x8F6952, 0x8D634A, 0x936F55, 
0x644B37, 0x665A4C, 0xFBFAF6, 0xFBFFFF, 0xF9FFFF, 0xF9F9F9, 0xFFF2E5, 0x9B795E, 0xE5B088, 0xFABC8D, 0xF7B988, 0xF7BA8B, 0xF8C091, 0xF6BE8F, 0xFABC8B, 0xF8B986, 
0xF9BC86, 0xF5B784, 0xFFC295, 0xC08E69, 0x9E7E67, 0xFFF5E9, 0xFFFFFA, 0xFAFEFD, 0xFCFFFF, 0xFEFFFF, 0xFFFFFF, 0xFFFEFF, 0xFFFDFF, 0xFFFEFF, 0xFCFFFF, 0xFBFFFF, 
0xFEFFFF, 0xFFFFFF, 0xFFFFFF, 0xFFFFFF, 0xFFFFFF, 0xFFFFFF, 0xFFFFFF, 0xFFFFFF, 0xFFFFFF, 0xFFFFFF, 0xFFFFFF, 0xFFFFFF, 0xFFFFFF, 0xFFFFFF, 0xFFFFFF, 0xFFFFFF, 
0xFFFFFF, 0xFFFFFF, 0xFFFFFF, 0xFFFFFF, 0xFFFFFF, 0xFFFFFF, 0xFFFFFF, 0xFFFFFF, 0xFFFFFF, 0xFFFFFF, 0xFFFFFF, 0xFFFFFF, 0xFFFFFF, 0xFFFFFF, 0xFFFFFF, 0xFFFFFF, 
0xFFFFFF, 0xFFFFFF, 0xFFFFFF, 0xFFFFFF, 0xFFFFFF, 0xFFFFFF, 0xFFFFFF, 0xFFFFFF, 0xFFFFFF, 0xFFFFFF, 0xFFFFFF, 0xFFFFFF, 0xFFFFFF, 0xFFFFFF, 0xFFFFFF, 0xFFFFFF, 
0xFFFFFF, 0xFFFFFF, 0xFFFFFF, 0xFFFFFF, 0xFFFFFF, 0xFFFFFF, 0xFFFFFF, 0xFFFFFF, 0xFFFFFF, 0xFFFFFF, 0xFFFFFF, 0xFFFFFF, 0xFFFFFF, 0xFFFFFF, 0xFFFFFF, 0xFFFFFF, 
0xFEFFFD, 0xFEFFFD, 0xFCFFFF, 0xFEFFFF, 0xFFFFFD, 0xFFFEFB, 0xFFFFFA, 0xFFFFFB, 0xFFFFFF, 0xFCFAFB, 0xC2BDBA, 0x4E443B, 0x8A7466, 0x846755, 0x8F6C58, 0x8D6A56, 
0x876B55, 0x82634E, 0x916C59, 0x91654C, 0xA46E4A, 0xE1A478, 0xF6B686, 0xFFC190, 0xF6BC8E, 0xF7BD8F, 0xFBBD8C, 0xF8B984, 0xFBBA84, 0xFFC18D, 0xC98B62, 0xB88C71, 
0xFFFAF1, 0xFFFFFF, 0xFFFFFF, 0xFFFFFF, 0xFFFFFF, 0xFFFFFF, 0xFFFFFF, 0xFFFFFF, 0xFFFFFF, 0xFFFFFF, 0xFFFFFF, 0xFFFFFF, 0xFFFFFF, 0xFFFFFF, 0xFFFFFF, 0xFFFFFF, 
0xFEFFFD, 0xFDFEF9, 0xFFFEF8, 0xF4EAE0, 0x433123, 0x846D5D, 0x896E5D, 0x8E6E5F, 0x8B6C5A, 0x8B6C5A, 0x8C6D5B, 0x8A6D5B, 0x876B56, 0x8B6F5A, 0x8B6F59, 0x866D59, 
0x483429, 0xA99E98, 0xFFFFFF, 0xF9FEFF, 0xF6F9FE, 0xFFFEFB, 0xE1C7B6, 0xA37A5A, 0xF7BE93, 0xFABB88, 0xFCBE8D, 0xF3B989, 0xEFB98A, 0xF0BA8B, 0xF5BD8A, 0xF8BC88, 
0xF3B680, 0xFFC492, 0xDDA880, 0x946B4D, 0xD7C0B0, 0xFFFBF5, 0xFFFFFF, 0xFBFFFF, 0xFEFFFF, 0xFFFFFD, 0xFFFEFB, 0xFFFDFB, 0xFFFDFD, 0xFFFEFF, 0xFBFFFF, 0xF9FFFF, 
0xFEFFFF, 0xFFFFFF, 0xFFFFFF, 0xFFFFFF, 0xFFFFFF, 0xFFFFFF, 0xFFFFFF, 0xFFFFFF, 0xFFFFFF, 0xFFFFFF, 0xFFFFFF, 0xFFFFFF, 0xFFFFFF, 0xFFFFFF, 0xFFFFFF, 0xFFFFFF, 
0xFFFFFF, 0xFFFFFF, 0xFFFFFF, 0xFFFFFF, 0xFFFFFF, 0xFFFFFF, 0xFFFFFF, 0xFFFFFF, 0xFFFFFF, 0xFFFFFF, 0xFFFFFF, 0xFFFFFF, 0xFFFFFF, 0xFFFFFF, 0xFFFFFF, 0xFFFFFF, 
0xFFFFFF, 0xFFFFFF, 0xFFFFFF, 0xFFFFFF, 0xFFFFFF, 0xFFFFFF, 0xFFFFFF, 0xFFFFFF, 0xFFFFFF, 0xFFFFFF, 0xFFFFFF, 0xFFFFFF, 0xFFFFFF, 0xFFFFFF, 0xFFFFFF, 0xFFFFFF, 
0xFFFFFF, 0xFFFFFF, 0xFFFFFF, 0xFFFFFF, 0xFFFFFF, 0xFFFFFF, 0xFFFFFF, 0xFFFFFF, 0xFFFFFF, 0xFFFFFF, 0xFFFFFF, 0xFFFFFF, 0xFFFFFF, 0xFFFFFF, 0xFFFFFF, 0xFFFFFF, 
0xFFFFFF, 0xFEFFFF, 0xFCFFFF, 0xFEFFFF, 0xFFFFFD, 0xFFFEFB, 0xFFFFFA, 0xFFFFFB, 0xFAFBFD, 0xFFFFFF, 0xBEBAB7, 0x4B4138, 0x826F60, 0x8D7362, 0x886D5C, 0x876C5B, 
0x846A59, 0x8A6F5C, 0x8B6B5C, 0x6B4530, 0x8B5A3A, 0xA06942, 0xB3794B, 0xCE9164, 0xE3AA7F, 0xECB388, 0xF0B386, 0xF8BA89, 0xFCBD8A, 0xF0B386, 0xA36F4A, 0xECC8B0, 
0xFFFCF4, 0xFBFBFB, 0xFFFFFF, 0xFFFFFF, 0xFFFFFF, 0xFFFFFF, 0xFFFFFF, 0xFFFFFF, 0xFFFFFF, 0xFFFFFF, 0xFFFFFF, 0xFFFFFF, 0xFFFFFF, 0xFFFFFF, 0xFFFFFF, 0xFFFFFD, 
0xFFFFFB, 0xFFFFFA, 0xFFFFF8, 0xFDF6EC, 0x6E6256, 0x4F3F32, 0x715E50, 0x7B6456, 0x7E6757, 0x826857, 0x7C6555, 0x806959, 0x7E6B5A, 0x766553, 0x746353, 0x4E3E2F, 
0x5D5047, 0xFBF3F0, 0xFEFFFF, 0xF9FEFF, 0xFEFFFF, 0xFFFDF8, 0xE0C6B5, 0x865D3F, 0xAE794F, 0xD79A6D, 0xEFB587, 0xFAC293, 0xFAC496, 0xFAC495, 0xF7BD8B, 0xF7BE89, 
0xFFC391, 0xDBA577, 0x986C49, 0xC5A78F, 0xFFFAEF, 0xFFFBF8, 0xFCFFFF, 0xFAFFFF, 0xFEFFFF, 0xFFFEFB, 0xFFFDFA, 0xFFFDFA, 0xFFFEFB, 0xFFFEFF, 0xFBFFFF, 0xF9FFFF, 
0xFEFFFF, 0xFFFFFF, 0xFFFFFF, 0xFFFFFF, 0xFFFFFF, 0xFFFFFF, 0xFFFFFF, 0xFFFFFF, 0xFFFFFF, 0xFFFFFF, 0xFFFFFF, 0xFFFFFF, 0xFFFFFF, 0xFFFFFF, 0xFFFFFF, 0xFFFFFF, 
0xFFFFFF, 0xFFFFFF, 0xFFFFFF, 0xFFFFFF, 0xFFFFFF, 0xFFFFFF, 0xFFFFFF, 0xFFFFFF, 0xFFFFFF, 0xFFFFFF, 0xFFFFFF, 0xFFFFFF, 0xFFFFFF, 0xFFFFFF, 0xFFFFFF, 0xFFFFFF, 
0xFFFFFF, 0xFFFFFF, 0xFFFFFF, 0xFFFFFF, 0xFFFFFF, 0xFFFFFF, 0xFFFFFF, 0xFFFFFF, 0xFFFFFF, 0xFFFFFF, 0xFFFFFF, 0xFFFFFF, 0xFFFFFF, 0xFFFFFF, 0xFFFFFF, 0xFFFFFF, 
0xFFFFFF, 0xFFFFFF, 0xFFFFFF, 0xFFFFFF, 0xFFFFFF, 0xFFFFFF, 0xFFFFFF, 0xFFFFFF, 0xFFFFFF, 0xFFFFFF, 0xFFFFFF, 0xFFFFFF, 0xFFFFFF, 0xFFFFFF, 0xFFFFFF, 0xFFFFFF, 
0xFFFFFF, 0xFFFFFF, 0xFEFFFF, 0xFEFFFF, 0xFFFFFD, 0xFFFEFB, 0xFFFFFB, 0xFFFFFD, 0xFCFFFF, 0xFBFFFF, 0xFCF8F5, 0x908780, 0x4E3C2E, 0x675143, 0x7B685A, 0x837062, 
0x867160, 0x877060, 0x644A3D, 0x624331, 0x8F674E, 0x956746, 0x9C6B43, 0x98643D, 0x996744, 0xA36F4A, 0xA8734B, 0xAC754C, 0xB78258, 0xA87A56, 0xA7816A, 0xFFF6E8, 
0xFFFEF8, 0xFFFFFF, 0xFFFFFF, 0xFFFFFF, 0xFFFFFF, 0xFFFFFF, 0xFFFFFF, 0xFFFFFF, 0xFFFFFF, 0xFFFFFF, 0xFFFFFF, 0xFFFFFF, 0xFFFFFF, 0xFFFFFF, 0xFFFFFF, 0xFFFFFF, 
0xFFFFFD, 0xFDFCFA, 0xFFFFFD, 0xFFFFFB, 0xF1EEE7, 0x9A968D, 0x575046, 0x473F32, 0x463A2C, 0x483C2C, 0x443629, 0x45392B, 0x473D31, 0x3D352A, 0x50473E, 0x7D766C, 
0xF2EBE1, 0xFFFFF8, 0xFBFFFF, 0xFAFFFF, 0xFDFEFF, 0xFFFAF4, 0x725F50, 0x76563D, 0x996C4B, 0x9B6742, 0xA8734B, 0xBE875E, 0xD0976C, 0xDDA276, 0xEBAD7E, 0xF1B485, 
0xD9A075, 0xA0704A, 0xBD9B80, 0xFFFBEC, 0xFFFBF5, 0xFDFEFF, 0xFCFFFF, 0xFBFEFF, 0xFFFFFF, 0xFFFEFD, 0xFFFEF8, 0xFFFEF8, 0xFFFEFB, 0xFFFFFF, 0xFCFFFF, 0xFCFFFF, 
0xFEFFFF, 0xFFFFFF, 0xFFFFFF, 0xFFFFFF, 0xFFFFFF, 0xFFFFFF, 0xFFFFFF, 0xFFFFFF, 0xFFFFFF, 0xFFFFFF, 0xFFFFFF, 0xFFFFFF, 0xFFFFFF, 0xFFFFFF, 0xFFFFFF, 0xFFFFFF, 
0xFFFFFF, 0xFFFFFF, 0xFFFFFF, 0xFFFFFF, 0xFFFFFF, 0xFFFFFF, 0xFFFFFF, 0xFFFFFF, 0xFFFFFF, 0xFFFFFF, 0xFFFFFF, 0xFFFFFF, 0xFFFFFF, 0xFFFFFF, 0xFFFFFF, 0xFFFFFF, 
0xFFFFFF, 0xFFFFFF, 0xFFFFFF, 0xFFFFFF, 0xFFFFFF, 0xFFFFFF, 0xFFFFFF, 0xFFFFFF, 0xFFFFFF, 0xFFFFFF, 0xFFFFFF, 0xFFFFFF, 0xFFFFFF, 0xFFFFFF, 0xFFFFFF, 0xFFFFFF, 
0xFFFFFF, 0xFFFFFF, 0xFFFFFF, 0xFFFFFF, 0xFFFFFF, 0xFFFFFF, 0xFFFFFF, 0xFFFFFF, 0xFFFFFF, 0xFFFFFF, 0xFFFFFF, 0xFFFFFF, 0xFFFFFF, 0xFFFFFF, 0xFFFFFF, 0xFFFFFF, 
0xFFFEFF, 0xFFFFFF, 0xFEFFFF, 0xFEFFFF, 0xFFFFFD, 0xFFFFFB, 0xFFFFFB, 0xFFFFFF, 0xFAFFFF, 0xFCFFFF, 0xFFFFFD, 0xFFFEF8, 0xE0D2C7, 0x8F7F72, 0x4E4236, 0x514338, 
0x685546, 0x604939, 0x5A4236, 0x876B5D, 0x8F6C58, 0x916C51, 0x926747, 0x966B49, 0x966A4D, 0x966A4D, 0x986A49, 0x946845, 0x8D6444, 0x7C5A3F, 0xD8C2B5, 0xFFFCF6, 
0xFFFEFB, 0xFFFFFF, 0xFFFFFF, 0xFFFFFF, 0xFFFFFF, 0xFFFFFF, 0xFFFFFF, 0xFFFFFF, 0xFFFFFF, 0xFFFFFF, 0xFFFFFF, 0xFFFFFF, 0xFFFFFF, 0xFFFFFF, 0xFFFFFF, 0xFFFFFF, 
0xFFFDFF, 0xFFFEFF, 0xFFFFFF, 0xF9F9F9, 0xFFFFFD, 0xFDFEF9, 0xF9F8F3, 0xF7F4ED, 0xEBE7DC, 0xECE8DD, 0xEBE4DA, 0xE9E5DC, 0xEAE7E0, 0xE8E5E0, 0xEFEEE9, 0xFFFFFA, 
0xFFFFF8, 0xFAF9F4, 0xFCFFFF, 0xFCFFFF, 0xFCFCFA, 0xB2ADA7, 0x4A382A, 0x8B705D, 0x916D55, 0x906749, 0x926443, 0x976542, 0x9B653F, 0x9D663F, 0xA36941, 0xA46D46, 
0xA4724F, 0xAF8A6D, 0xFFFAE8, 0xFFFAF0, 0xFFFFFB, 0xFCFFFF, 0xFCFFFF, 0xFDFEFF, 0xFFFEFF, 0xFFFEFF, 0xFFFFFA, 0xFFFFFA, 0xFFFFFD, 0xFFFFFF, 0xFFFEFF, 0xFFFEFF, 
0xFFFFFF, 0xFFFFFF, 0xFFFFFF, 0xFFFFFF, 0xFFFFFF, 0xFFFFFF, 0xFFFFFF, 0xFFFFFF, 0xFFFFFF, 0xFFFFFF, 0xFFFFFF, 0xFFFFFF, 0xFFFFFF, 0xFFFFFF, 0xFFFFFF, 0xFFFFFF, 
0xFFFFFF, 0xFFFFFF, 0xFFFFFF, 0xFFFFFF, 0xFFFFFF, 0xFFFFFF, 0xFFFFFF, 0xFFFFFF, 0xFFFFFF, 0xFFFFFF, 0xFFFFFF, 0xFFFFFF, 0xFFFFFF, 0xFFFFFF, 0xFFFFFF, 0xFFFFFF, 
0xFFFFFF, 0xFFFFFF, 0xFFFFFF, 0xFFFFFF, 0xFFFFFF, 0xFFFFFF, 0xFFFFFF, 0xFFFFFF, 0xFFFFFF, 0xFFFFFF, 0xFFFFFF, 0xFFFFFF, 0xFFFFFF, 0xFFFFFF, 0xFFFFFF, 0xFFFFFF, 
0xFFFFFF, 0xFFFFFF, 0xFFFFFF, 0xFFFFFF, 0xFFFFFF, 0xFFFFFF, 0xFFFFFF, 0xFFFFFF, 0xFFFFFF, 0xFFFFFF, 0xFFFFFF, 0xFFFFFF, 0xFFFFFF, 0xFFFFFF, 0xFFFFFF, 0xFFFFFF, 
0xFFFEFF, 0xFFFEFF, 0xFEFFFF, 0xFEFFFF, 0xFFFFFD, 0xFFFFFD, 0xFFFFFD, 0xFFFFFF, 0xFBFFFF, 0xFAFFFF, 0xFFFFFD, 0xFFFFFA, 0xFFF7F0, 0xFFFDF4, 0xF5EEE6, 0xCCC4B9, 
0x554233, 0x523827, 0x7F6558, 0x896D5F, 0x8B6C58, 0x8A6A53, 0x8B694E, 0x8A684D, 0x8C6A51, 0x8E6A52, 0x8C6850, 0x8F6D54, 0x8C705A, 0x453223, 0xCCC4C1, 0xFEFCFF, 
0xFFFFFF, 0xFFFFFF, 0xFFFFFF, 0xFFFFFF, 0xFFFFFF, 0xFFFFFF, 0xFFFFFF, 0xFFFFFF, 0xFFFFFF, 0xFFFFFF, 0xFFFFFF, 0xFFFFFF, 0xFFFFFF, 0xFFFFFF, 0xFFFFFF, 0xFFFFFF, 
0xFFFEFF, 0xFCFBFF, 0xFFFEFF, 0xFFFEFF, 0xFFFEFF, 0xFEFCFD, 0xFEFDFB, 0xFDFCF8, 0xFFFEFB, 0xFFFEF9, 0xFFFFFB, 0xFFFFFB, 0xFDFDFB, 0xFFFFFD, 0xFFFFFD, 0xFFFFFD, 
0xFFFFFD, 0xFFFFFD, 0xFFFFFF, 0xFFFFFF, 0xECE8E5, 0x453C35, 0x6F5D51, 0x897262, 0x856A57, 0x8B6B54, 0x8F6B51, 0x916A4D, 0x936A4A, 0x966B49, 0x986D4B, 0x9A7151, 
0x785338, 0x846954, 0xFFFDF1, 0xFFFFF8, 0xFDFDFB, 0xFEFFFF, 0xFFFFFF, 0xFFFEFF, 0xFFFEFF, 0xFFFFFF, 0xFFFFFF, 0xFEFFFD, 0xFEFFFF, 0xFFFFFF, 0xFFFEFF, 0xFFFEFF, 
0xFFFEFF, 0xFFFFFF, 0xFFFFFF, 0xFFFFFF, 0xFFFFFF, 0xFFFFFF, 0xFFFFFF, 0xFFFFFF, 0xFFFFFF, 0xFFFFFF, 0xFFFFFF, 0xFFFFFF, 0xFFFFFF, 0xFFFFFF, 0xFFFFFF, 0xFFFFFF, 
0xFFFFFF, 0xFFFFFF, 0xFFFFFF, 0xFFFFFF, 0xFFFFFF, 0xFFFFFF, 0xFFFFFF, 0xFFFFFF, 0xFFFFFF, 0xFFFFFF, 0xFFFFFF, 0xFFFFFF, 0xFFFFFF, 0xFFFFFF, 0xFFFFFF, 0xFFFFFF, 
0xFFFFFF, 0xFFFFFF, 0xFFFFFF, 0xFFFFFF, 0xFFFFFF, 0xFFFFFF, 0xFFFFFF, 0xFFFFFF, 0xFFFFFF, 0xFFFFFF, 0xFFFFFF, 0xFFFFFF, 0xFFFFFF, 0xFFFFFF, 0xFFFFFF, 0xFFFFFF, 
0xFFFFFF, 0xFFFFFF, 0xFFFFFF, 0xFFFFFF, 0xFFFFFF, 0xFFFFFF, 0xFFFFFF, 0xFFFFFF, 0xFFFFFF, 0xFFFFFF, 0xFFFFFF, 0xFFFFFF, 0xFFFFFF, 0xFFFFFF, 0xFFFFFF, 0xFFFFFF, 
0xFFFDFF, 0xFFFEFF, 0xFEFFFF, 0xFCFFFF, 0xFEFFFF, 0xFFFFFD, 0xFFFFFF, 0xFFFFFF, 0xFCFFFF, 0xFCFFFF, 0xFEFFFF, 0xFCFBF9, 0xFFFEFB, 0xFFFCF8, 0xFBFAF5, 0xDDD6CC, 
0x463322, 0x876E5A, 0x8E7362, 0x7E6352, 0x8B6F5A, 0x886C56, 0x886C54, 0x8C6E56, 0x876853, 0x876854, 0x8B6C57, 0x836853, 0x867160, 0x44372E, 0xC9C7C8, 0xFDFEFF, 
0xFFFFFF, 0xFFFFFF, 0xFFFFFF, 0xFFFFFF, 0xFFFFFF, 0xFFFFFF, 0xFFFFFF, 0xFFFFFF, 0xFFFFFF, 0xFFFFFF, 0xFFFFFF, 0xFFFFFF, 0xFFFFFF, 0xFFFFFF, 0xFFFFFF, 0xFFFFFF, 
0xFEFFFF, 0xFCFDFF, 0xFDFCFF, 0xFFFEFF, 0xFDFBFE, 0xFFFEFF, 0xFFFEFF, 0xFFFEFF, 0xFFFEFD, 0xFDFCFA, 0xFFFEFF, 0xFFFFFF, 0xFDFDFD, 0xFCFEFD, 0xFEFFFF, 0xFCFCFC, 
0xFFFFFF, 0xFEFEFE, 0xFFFFFF, 0xFFFFFD, 0xA29994, 0x4B3D32, 0x877163, 0x846A59, 0x836855, 0x896D58, 0x8B6D55, 0x8D6B50, 0x8F6C50, 0x8D684B, 0x8A674B, 0x8B6B52, 
0x674C37, 0x645244, 0xFFFEF8, 0xFDFFFC, 0xFDFFFC, 0xFFFFFD, 0xFFFEFF, 0xFEFCFF, 0xFFFEFF, 0xFEFFFF, 0xFEFFFF, 0xFCFFFF, 0xFCFFFF, 0xFFFFFF, 0xFFFEFD, 0xFFFEFB, 
0xFFFEFF, 0xFFFFFF, 0xFFFFFF, 0xFFFFFF, 0xFFFFFF, 0xFFFFFF, 0xFFFFFF, 0xFFFFFF, 0xFFFFFF, 0xFFFFFF, 0xFFFFFF, 0xFFFFFF, 0xFFFFFF, 0xFFFFFF, 0xFFFFFF, 0xFFFFFF, 
0xFFFFFF, 0xFFFFFF, 0xFFFFFF, 0xFFFFFF, 0xFFFFFF, 0xFFFFFF, 0xFFFFFF, 0xFFFFFF, 0xFFFFFF, 0xFFFFFF, 0xFFFFFF, 0xFFFFFF, 0xFFFFFF, 0xFFFFFF, 0xFFFFFF, 0xFFFFFF, 
0xFFFFFF, 0xFFFFFF, 0xFFFFFF, 0xFFFFFF, 0xFFFFFF, 0xFFFFFF, 0xFFFFFF, 0xFFFFFF, 0xFFFFFF, 0xFFFFFF, 0xFFFFFF, 0xFFFFFF, 0xFFFFFF, 0xFFFFFF, 0xFFFFFF, 0xFFFFFF, 
0xFFFFFF, 0xFFFFFF, 0xFFFFFF, 0xFFFFFF, 0xFFFFFF, 0xFFFFFF, 0xFFFFFF, 0xFFFFFF, 0xFFFFFF, 0xFFFFFF, 0xFFFFFF, 0xFFFFFF, 0xFFFFFF, 0xFFFFFF, 0xFFFFFF, 0xFFFFFF, 
0xFFFEFF, 0xFFFEFF, 0xFEFFFF, 0xFCFFFF, 0xFCFFFF, 0xFEFFFF, 0xFFFFFF, 0xFFFFFF, 0xFBFDFC, 0xFEFFFF, 0xFEFEFE, 0xFDFDFD, 0xFFFDFF, 0xFCFAFB, 0xFEFFFA, 0xA5A196, 
0x554432, 0x8F745F, 0x896D58, 0x8B6C58, 0x8A6C54, 0x876B53, 0x856951, 0x856953, 0x8D6E5A, 0x886955, 0x8D6E5A, 0x876E5A, 0x867364, 0x493D31, 0xC7C2BF, 0xFDFBFC, 
0xFFFFFF, 0xFFFFFF, 0xFFFFFF, 0xFFFFFF, 0xFFFFFF, 0xFFFFFF, 0xFFFFFF, 0xFFFFFF, 0xFFFFFF, 0xFFFFFF, 0xFFFFFF, 0xFFFFFF, 0xFFFFFF, 0xFFFFFF, 0xFFFFFF, 0xFFFFFF, 
0xFCFDFF, 0xFEFFFF, 0xFFFFFF, 0xFFFEFF, 0xFFFBFD, 0xFFFDFF, 0xFFF9FC, 0xFFF8FB, 0xFFFCFE, 0xFFFCFE, 0xFFFDFF, 0xFFFEFF, 0xFFFFFF, 0xFDFDFD, 0xFEFEFC, 0xFEFFFD, 
0xFDFFFE, 0xFBFFFE, 0xFAFCFB, 0xFBF8F3, 0x5B4F43, 0x6B5645, 0x8E725C, 0x8A6A53, 0x896A55, 0x8B6C57, 0x896952, 0x8B6950, 0x8E6A50, 0x8C6850, 0x8C6953, 0x8D705E, 
0x624C3E, 0x665950, 0xFCFCFA, 0xF8FCFD, 0xFFFFFD, 0xFFFEFA, 0xFFFEFD, 0xFFFEFF, 0xFFFFFF, 0xFEFFFF, 0xFEFFFF, 0xFEFFFF, 0xFEFFFF, 0xFFFFFF, 0xFFFEFD, 0xFFFEFB, 
0xFFFEFF, 0xFFFFFF, 0xFFFFFF, 0xFFFFFF, 0xFFFFFF, 0xFFFFFF, 0xFFFFFF, 0xFFFFFF, 0xFFFFFF, 0xFFFFFF, 0xFFFFFF, 0xFFFFFF, 0xFFFFFF, 0xFFFFFF, 0xFFFFFF, 0xFFFFFF, 
0xFFFFFF, 0xFFFFFF, 0xFFFFFF, 0xFFFFFF, 0xFFFFFF, 0xFFFFFF, 0xFFFFFF, 0xFFFFFF, 0xFFFFFF, 0xFFFFFF, 0xFFFFFF, 0xFFFFFF, 0xFFFFFF, 0xFFFFFF, 0xFFFFFF, 0xFFFFFF, 
0xFFFFFF, 0xFFFFFF, 0xFFFFFF, 0xFFFFFF, 0xFFFFFF, 0xFFFFFF, 0xFFFFFF, 0xFFFFFF, 0xFFFFFF, 0xFFFFFF, 0xFFFFFF, 0xFFFFFF, 0xFFFFFF, 0xFFFFFF, 0xFFFFFF, 0xFFFFFF, 
0xFFFFFF, 0xFFFFFF, 0xFFFFFF, 0xFFFFFF, 0xFFFFFF, 0xFFFFFF, 0xFFFFFF, 0xFFFFFF, 0xFFFFFF, 0xFFFFFF, 0xFFFFFF, 0xFFFFFF, 0xFFFFFF, 0xFFFFFF, 0xFFFFFF, 0xFFFFFF, 
0xFFFEFF, 0xFFFFFD, 0xFEFFFD, 0xFCFFFD, 0xFCFFFF, 0xFCFFFF, 0xFEFFFF, 0xFFFFFF, 0xFFFFFD, 0xFFFFFD, 0xFEFEFE, 0xFFFFFF, 0xFFFEFF, 0xFAF9FE, 0xFFFFFD, 0xE1DED7, 
0x504438, 0x4D3A2B, 0x705645, 0x816653, 0x886F59, 0x8A715B, 0x8C7661, 0x897260, 0x896F5E, 0x8B7160, 0x866C5B, 0x796453, 0x69594A, 0x41372D, 0xD2CDC9, 0xFFFEFD, 
0xFFFEFF, 0xFFFFFF, 0xFFFFFF, 0xFFFFFF, 0xFFFFFF, 0xFFFFFF, 0xFFFFFF, 0xFFFFFF, 0xFFFFFF, 0xFFFFFF, 0xFFFFFF, 0xFFFFFF, 0xFFFFFF, 0xFFFFFF, 0xFFFFFF, 0xFFFFFF, 
0xFEFFFF, 0xFEFFFF, 0xFAFAFA, 0xFFFEFF, 0xFFFEFF, 0xFFFEFF, 0xFFFAFE, 0xFFFDFF, 0xFFFDFF, 0xFFFEFF, 0xFFFDFF, 0xFEFCFF, 0xFFFEFF, 0xFFFFFF, 0xFFFFFD, 0xFFFFFD, 
0xFBFFFE, 0xFCFFFF, 0xFEFFFF, 0xE1DED9, 0x46382D, 0x816A58, 0x8A6C54, 0x8E6E55, 0x8C6D58, 0x896D58, 0x876B56, 0x8A6B57, 0x8C6C57, 0x8B6B56, 0x8A6B59, 0x896F60, 
0x635145, 0x615851, 0xFDFEFF, 0xFBFFFF, 0xFBFBFB, 0xFFFEFB, 0xFFFEFB, 0xFAF9F7, 0xFEFFFF, 0xFEFFFF, 0xFFFFFF, 0xFFFFFF, 0xFFFFFF, 0xFFFFFF, 0xFFFFFD, 0xFFFFFD, 
0xFFFFFF, 0xFFFFFF, 0xFFFFFF, 0xFFFFFF, 0xFFFFFF, 0xFFFFFF, 0xFFFFFF, 0xFFFFFF, 0xFFFFFF, 0xFFFFFF, 0xFFFFFF, 0xFFFFFF, 0xFFFFFF, 0xFFFFFF, 0xFFFFFF, 0xFFFFFF, 
0xFFFFFF, 0xFFFFFF, 0xFFFFFF, 0xFFFFFF, 0xFFFFFF, 0xFFFFFF, 0xFFFFFF, 0xFFFFFF, 0xFFFFFF, 0xFFFFFF, 0xFFFFFF, 0xFFFFFF, 0xFFFFFF, 0xFFFFFF, 0xFFFFFF, 0xFFFFFF, 
0xFFFFFF, 0xFFFFFF, 0xFFFFFF, 0xFFFFFF, 0xFFFFFF, 0xFFFFFF, 0xFFFFFF, 0xFFFFFF, 0xFFFFFF, 0xFFFFFF, 0xFFFFFF, 0xFFFFFF, 0xFFFFFF, 0xFFFFFF, 0xFFFFFF, 0xFFFFFF, 
0xFFFFFF, 0xFFFFFF, 0xFFFFFF, 0xFFFFFF, 0xFFFFFF, 0xFFFFFF, 0xFFFFFF, 0xFFFFFF, 0xFFFFFF, 0xFFFFFF, 0xFFFFFF, 0xFFFFFF, 0xFFFFFF, 0xFFFFFF, 0xFFFFFF, 0xFFFFFF, 
0xFFFEFD, 0xFFFFFD, 0xFCFFFB, 0xFBFFFB, 0xFBFFFD, 0xFBFFFF, 0xFEFFFF, 0xFFFFFD, 0xFDFCF8, 0xFFFEFA, 0xFFFEFF, 0xFEFCFF, 0xFFFEFF, 0xFFFEFF, 0xFCFCFC, 0xFFFFFB, 
0xF4F3EF, 0xB8B3AD, 0x6C5F57, 0x4A392F, 0x4A3A2B, 0x4B3E2E, 0x4B3F33, 0x4C4034, 0x4F3E34, 0x4B3A30, 0x47362C, 0x44362B, 0x564C42, 0x8C857D, 0xFFFDF9, 0xFEFAF7, 
0xFFFFFD, 0xFFFFFF, 0xFFFFFF, 0xFFFFFF, 0xFFFFFF, 0xFFFFFF, 0xFFFFFF, 0xFFFFFF, 0xFFFFFF, 0xFFFFFF, 0xFFFFFF, 0xFFFFFF, 0xFFFFFF, 0xFFFFFF, 0xFFFFFF, 0xFFFFFF, 
0xFFFFFD, 0xFFFFFD, 0xFEFEFE, 0xFCFEFD, 0xFAFEFF, 0xFCFFFF, 0xFBFFFF, 0xFDFEFF, 0xFEFFFF, 0xFFFFFF, 0xFFFFFF, 0xFEFCFD, 0xFFFEFF, 0xFFFEFF, 0xFFFDFF, 0xFDFDFF, 
0xFFFFFF, 0xFAFCFB, 0xFCFDFF, 0xE9E8E6, 0x392C24, 0x614E3F, 0x7B604B, 0x80644E, 0x846A59, 0x816B5D, 0x846E60, 0x856F61, 0x886E5D, 0x896E5D, 0x866C5D, 0x7F695B, 
0x544437, 0x5E574F, 0xF9FDFF, 0xFBFFFF, 0xFFFFFF, 0xFFFDFC, 0xFFFBF8, 0xFFFFFB, 0xFEFFFF, 0xFFFFFF, 0xFFFEFD, 0xFFFDFD, 0xFFFEFF, 0xFFFFFF, 0xFEFFFF, 0xFEFFFF, 
0xFFFFFF, 0xFFFFFF, 0xFFFFFF, 0xFFFFFF, 0xFFFFFF, 0xFFFFFF, 0xFFFFFF, 0xFFFFFF, 0xFFFFFF, 0xFFFFFF, 0xFFFFFF, 0xFFFFFF, 0xFFFFFF, 0xFFFFFF, 0xFFFFFF, 0xFFFFFF, 
0xFFFFFF, 0xFFFFFF, 0xFFFFFF, 0xFFFFFF, 0xFFFFFF, 0xFFFFFF, 0xFFFFFF, 0xFFFFFF, 0xFFFFFF, 0xFFFFFF, 0xFFFFFF, 0xFFFFFF, 0xFFFFFF, 0xFFFFFF, 0xFFFFFF, 0xFFFFFF, 
0xFFFFFF, 0xFFFFFF, 0xFFFFFF, 0xFFFFFF, 0xFFFFFF, 0xFFFFFF, 0xFFFFFF, 0xFFFFFF, 0xFFFFFF, 0xFFFFFF, 0xFFFFFF, 0xFFFFFF, 0xFFFFFF, 0xFFFFFF, 0xFFFFFF, 0xFFFFFF, 
0xFFFFFF, 0xFFFFFF, 0xFFFFFF, 0xFFFFFF, 0xFFFFFF, 0xFFFFFF, 0xFFFFFF, 0xFFFFFF, 0xFFFFFF, 0xFFFFFF, 0xFFFFFF, 0xFFFFFF, 0xFFFFFF, 0xFFFFFF, 0xFFFFFF, 0xFFFFFF, 
0xFFFFFD, 0xFFFFFD, 0xFEFFFB, 0xFCFFFB, 0xFBFFFD, 0xFCFFFF, 0xFEFFFF, 0xFFFFFD, 0xFFFFFB, 0xFFFFFB, 0xFFFDFE, 0xFFFEFF, 0xFEFDFF, 0xFEFDFF, 0xFFFEFF, 0xFDFDFD, 
0xFDFEFF, 0xFCFEFD, 0xFFFEFB, 0xF6EFE9, 0xDBD2CB, 0xCCC5BD, 0xBEB9B3, 0xB9B4AE, 0xB9B0AB, 0xC4BBB6, 0xDAD1CC, 0xEDE6E0, 0xFCF7F1, 0xFFFFFA, 0xFFFFFA, 0xFFFEFB, 
0xFFFFFD, 0xFFFFFF, 0xFFFFFF, 0xFFFFFF, 0xFFFFFF, 0xFFFFFF, 0xFFFFFF, 0xFFFFFF, 0xFFFFFF, 0xFFFFFF, 0xFFFFFF, 0xFFFFFF, 0xFFFFFF, 0xFFFFFF, 0xFFFFFF, 0xFFFFFF, 
0xFFFFFD, 0xFEFEFC, 0xFFFFFF, 0xFEFFFF, 0xFBFFFF, 0xFBFFFF, 0xFBFFFF, 0xFAFFFF, 0xFCFFFF, 0xFCFDFF, 0xFFFFFF, 0xFFFFFF, 0xFFFEFF, 0xFFFDFF, 0xFFFEFF, 0xFFFEFF, 
0xFFFFFF, 0xFFFFFF, 0xFEFFFF, 0xFEFCFD, 0xC3BAB5, 0x65574C, 0x4B382A, 0x483526, 0x47372A, 0x46382F, 0x483B33, 0x483B32, 0x49382E, 0x4C3A2E, 0x4B392F, 0x423127, 
0x5A5046, 0xD5D0CA, 0xFDFEFF, 0xFCFFFF, 0xFEFEFF, 0xFFFEFC, 0xFFFFFB, 0xFDFEF9, 0xFFFFFD, 0xFFFFFD, 0xFFFEFB, 0xFFFDFD, 0xFFFEFF, 0xFFFFFF, 0xFEFFFF, 0xFEFFFF, 
0xFFFFFF, 0xFFFFFF, 0xFFFFFF, 0xFFFFFF, 0xFFFFFF, 0xFFFFFF, 0xFFFFFF, 0xFFFFFF, 0xFFFFFF, 0xFFFFFF, 0xFFFFFF, 0xFFFFFF, 0xFFFFFF, 0xFFFFFF, 0xFFFFFF, 0xFFFFFF, 
0xFFFFFF, 0xFFFFFF, 0xFFFFFF, 0xFFFFFF, 0xFFFFFF, 0xFFFFFF, 0xFFFFFF, 0xFFFFFF, 0xFFFFFF, 0xFFFFFF, 0xFFFFFF, 0xFFFFFF, 0xFFFFFF, 0xFFFFFF, 0xFFFFFF, 0xFFFFFF, 
0xFFFFFF, 0xFFFFFF, 0xFFFFFF, 0xFFFFFF, 0xFFFFFF, 0xFFFFFF, 0xFFFFFF, 0xFFFFFF, 0xFFFFFF, 0xFFFFFF, 0xFFFFFF, 0xFFFFFF, 0xFFFFFF, 0xFFFFFF, 0xFFFFFF, 0xFFFFFF, 
0xFFFFFF, 0xFFFFFF, 0xFFFFFF, 0xFFFFFF, 0xFFFFFF, 0xFFFFFF, 0xFFFFFF, 0xFFFFFF, 0xFFFFFF, 0xFFFFFF, 0xFFFFFF, 0xFFFFFF, 0xFFFFFF, 0xFFFFFF, 0xFFFFFF, 0xFFFFFF, 
0xFFFFFF, 0xFFFFFF, 0xFFFFFD, 0xFEFFFD, 0xFEFFFF, 0xFEFFFF, 0xFFFFFF, 0xFFFFFF, 0xFFFFFD, 0xFFFFFD, 0xFFFFFF, 0xFFFFFF, 0xFFFFFF, 0xFFFFFF, 0xFFFFFF, 0xFFFFFF, 
0xFFFFFF, 0xFFFFFF, 0xFFFFFD, 0xFFFFFD, 0xFFFEFB, 0xFFFEFA, 0xFFFEFC, 0xFFFEFC, 0xFFFDFC, 0xFFFDFC, 0xFFFEFD, 0xFFFFFD, 0xFFFFFD, 0xFFFFFD, 0xFFFFFD, 0xFFFFFD, 
0xFFFFFF, 0xFFFFFF, 0xFFFFFF, 0xFFFFFF, 0xFFFFFF, 0xFFFFFF, 0xFFFFFF, 0xFFFFFF, 0xFFFFFF, 0xFFFFFF, 0xFFFFFF, 0xFFFFFF, 0xFFFFFF, 0xFFFFFF, 0xFFFFFF, 0xFFFFFF, 
0xFFFFFF, 0xFFFFFF, 0xFFFFFF, 0xFFFFFF, 0xFEFFFF, 0xFEFFFF, 0xFEFFFF, 0xFEFFFF, 0xFEFFFF, 0xFFFFFF, 0xFFFFFF, 0xFFFFFF, 0xFFFFFF, 0xFFFFFF, 0xFFFFFF, 0xFFFFFF, 
0xFEFEFE, 0xFFFFFF, 0xFFFFFF, 0xFFFFFF, 0xFFFEFD, 0xFFFBF7, 0xF1E9E6, 0xDFD8D2, 0xD1CCC8, 0xC8C3C0, 0xBFBBB8, 0xBDB9B6, 0xBDB8B4, 0xBBB6B2, 0xC6C1BD, 0xD8D3CF, 
0xFFFDFA, 0xFFFEFC, 0xFFFFFF, 0xFEFFFF, 0xFFFFFF, 0xFFFFFF, 0xFFFFFD, 0xFFFFFD, 0xFFFFFF, 0xFFFFFF, 0xFFFFFD, 0xFFFEFF, 0xFFFFFF, 0xFFFFFF, 0xFFFFFF, 0xFFFFFF, 
0xFFFFFF, 0xFFFFFF, 0xFFFFFF, 0xFFFFFF, 0xFFFFFF, 0xFFFFFF, 0xFFFFFF, 0xFFFFFF, 0xFFFFFF, 0xFFFFFF, 0xFFFFFF, 0xFFFFFF, 0xFFFFFF, 0xFFFFFF, 0xFFFFFF, 0xFFFFFF, 
0xFFFFFF, 0xFFFFFF, 0xFFFFFF, 0xFFFFFF, 0xFFFFFF, 0xFFFFFF, 0xFFFFFF, 0xFFFFFF, 0xFFFFFF, 0xFFFFFF, 0xFFFFFF, 0xFFFFFF, 0xFFFFFF, 0xFFFFFF, 0xFFFFFF, 0xFFFFFF, 
0xFFFFFF, 0xFFFFFF, 0xFFFFFF, 0xFFFFFF, 0xFFFFFF, 0xFFFFFF, 0xFFFFFF, 0xFFFFFF, 0xFFFFFF, 0xFFFFFF, 0xFFFFFF, 0xFFFFFF, 0xFFFFFF, 0xFFFFFF, 0xFFFFFF, 0xFFFFFF, 
0xFFFFFF, 0xFFFFFF, 0xFFFFFF, 0xFFFFFF, 0xFFFFFF, 0xFFFFFF, 0xFFFFFF, 0xFFFFFF, 0xFFFFFF, 0xFFFFFF, 0xFFFFFF, 0xFFFFFF, 0xFFFFFF, 0xFFFFFF, 0xFFFFFF, 0xFFFFFF, 
0xFFFFFF, 0xFFFFFF, 0xFFFFFF, 0xFFFFFF, 0xFFFFFF, 0xFFFFFF, 0xFFFFFF, 0xFFFFFF, 0xFFFFFF, 0xFFFFFF, 0xFFFFFF, 0xFFFFFF, 0xFFFFFF, 0xFFFFFF, 0xFFFFFF, 0xFFFFFF, 
0xFFFFFF, 0xFFFFFF, 0xFFFFFF, 0xFFFFFF, 0xFFFFFF, 0xFEFEFE, 0xFEFEFE, 0xFEFEFE, 0xFEFEFE, 0xFFFFFF, 0xFFFFFF, 0xFFFFFF, 0xFFFFFF, 0xFFFFFF, 0xFFFFFF, 0xFFFFFF, 
0xFFFFFF, 0xFFFFFF, 0xFFFFFF, 0xFFFFFF, 0xFFFFFF, 0xFFFFFF, 0xFFFFFF, 0xFFFFFF, 0xFFFFFF, 0xFFFFFF, 0xFFFFFF, 0xFFFFFF, 0xFFFFFF, 0xFFFFFF, 0xFFFFFF, 0xFFFFFF, 
0xFFFFFF, 0xFFFFFF, 0xFFFFFF, 0xFFFFFF, 0xFFFFFF, 0xFFFFFF, 0xFFFFFF, 0xFFFFFF, 0xFFFFFF, 0xFFFFFF, 0xFFFFFF, 0xFFFFFF, 0xFFFFFF, 0xFFFFFF, 0xFFFFFF, 0xFFFFFF, 
0xFFFFFF, 0xFFFFFF, 0xFFFFFF, 0xFCFCFC, 0xFDFDFD, 0xFFFFFF, 0xFFFFFF, 0xFFFFFF, 0xFDFDFD, 0xFEFEFE, 0xFFFFFF, 0xFFFFFF, 0xFFFFFF, 0xFCFCFC, 0xFCFCFC, 0xFFFFFF, 
0xFEFEFE, 0xFEFEFE, 0xFFFFFF, 0xFFFFFF, 0xFFFFFF, 0xFFFFFF, 0xFFFFFF, 0xFFFFFF, 0xFFFFFF, 0xFFFFFF, 0xFFFFFF, 0xFFFFFF, 0xFFFFFF, 0xFFFFFF, 0xFFFFFF, 0xFFFFFF, 
0xFFFFFF, 0xFFFFFF, 0xFFFFFF, 0xFFFFFF, 0xFFFFFF, 0xFFFFFF, 0xFFFFFF, 0xFFFFFF, 0xFFFFFF, 0xFFFFFF, 0xFFFFFF, 0xFFFFFF, 0xFFFFFF, 0xFFFFFF, 0xFFFFFF, 0xFFFFFF, 
0xFFFFFF, 0xFFFFFF, 0xFFFFFF, 0xFFFFFF, 0xFFFFFF, 0xFFFFFF, 0xFFFFFF, 0xFFFFFF, 0xFFFFFF, 0xFFFFFF, 0xFFFFFF, 0xFFFFFF, 0xFFFFFF, 0xFFFFFF, 0xFFFFFF, 0xFFFFFF, 
0xFFFFFF, 0xFFFFFF, 0xFFFFFF, 0xFFFFFF, 0xFFFFFF, 0xFFFFFF, 0xFFFFFF, 0xFFFFFF, 0xFFFFFF, 0xFFFFFF, 0xFFFFFF, 0xFFFFFF, 0xFFFFFF, 0xFFFFFF, 0xFFFFFF, 0xFFFFFF, 
0xFFFFFF, 0xFFFFFF, 0xFFFFFF, 0xFFFFFF, 0xFFFFFF, 0xFFFFFF, 0xFFFFFF, 0xFFFFFF, 0xFFFFFF, 0xFFFFFF, 0xFFFFFF, 0xFFFFFF, 0xFFFFFF, 0xFFFFFF, 0xFFFFFF, 0xFFFFFF, 
0xFFFFFF, 0xFFFFFF, 0xFFFFFF, 0xFFFFFF, 0xFFFFFF, 0xFFFFFF, 0xFFFFFF, 0xFFFFFF, 0xFFFFFF, 0xFFFFFF, 0xFFFFFF, 0xFFFFFF, 0xFFFFFF, 0xFFFFFF, 0xFFFFFF, 0xFFFFFF, 
0xFFFFFF, 0xFFFFFF, 0xFFFFFF, 0xFFFFFF, 0xFFFFFF, 0xFFFFFF, 0xFFFFFF, 0xFFFFFF, 0xFFFFFF, 0xFFFFFF, 0xFFFFFF, 0xFFFFFF, 0xFFFFFF, 0xFFFFFF, 0xFFFFFF, 0xFFFFFF, 
0xFFFFFF, 0xFFFFFF, 0xFFFFFF, 0xFFFFFF, 0xFFFFFF, 0xFFFFFF, 0xFFFFFF, 0xFFFFFF, 0xFFFFFF, 0xFFFFFF, 0xFFFFFF, 0xFFFFFF, 0xFFFFFF, 0xFFFFFF, 0xFFFFFF, 0xFFFFFF, 
0xFFFFFF, 0xFFFFFF, 0xFFFFFF, 0xFFFFFF, 0xFFFFFF, 0xFFFFFF, 0xFFFFFF, 0xFFFFFF, 0xFFFFFF, 0xFFFFFF, 0xFFFFFF, 0xFFFFFF, 0xFFFFFF, 0xFFFFFF, 0xFFFFFF, 0xFFFFFF, 
0xFDFDFD, 0xFFFFFF, 0xFFFFFF, 0xFFFFFF, 0xFEFEFE, 0xFEFEFE, 0xFFFFFF, 0xFFFFFF, 0xFDFDFD, 0xFEFEFE, 0xFDFDFD, 0xFBFBFB, 0xFCFCFC, 0xFDFDFD, 0xFDFDFD, 0xFEFEFE, 
0xFEFEFE, 0xFFFFFF, 0xFFFFFF, 0xFFFFFF, 0xFFFFFF, 0xFFFFFF, 0xFFFFFF, 0xFFFFFF, 0xFFFFFF, 0xFFFFFF, 0xFFFFFF, 0xFFFFFF, 0xFFFFFF, 0xFFFFFF, 0xFFFFFF, 0xFFFFFF, 
0xFFFFFF, 0xFFFFFF, 0xFFFFFF, 0xFFFFFF, 0xFFFFFF, 0xFFFFFF, 0xFFFFFF, 0xFFFFFF, 0xFFFFFF, 0xFFFFFF, 0xFFFFFF, 0xFFFFFF, 0xFFFFFF, 0xFFFFFF, 0xFFFFFF, 0xFFFFFF, 
0xFFFFFF, 0xFFFFFF, 0xFFFFFF, 0xFFFFFF, 0xFFFFFF, 0xFFFFFF, 0xFFFFFF, 0xFFFFFF, 0xFFFFFF, 0xFFFFFF, 0xFFFFFF, 0xFFFFFF, 0xFFFFFF, 0xFFFFFF, 0xFFFFFF, 0xFFFFFF, 
0xFFFFFF, 0xFFFFFF, 0xFFFFFF, 0xFFFFFF, 0xFFFFFF, 0xFFFFFF, 0xFFFFFF, 0xFFFFFF, 0xFFFFFF, 0xFFFFFF, 0xFFFFFF, 0xFFFFFF, 0xFFFFFF, 0xFFFFFF, 0xFFFFFF, 0xFFFFFF, 
0xFFFFFF, 0xFFFFFF, 0xFFFFFF, 0xFFFFFF, 0xFFFFFF, 0xFFFFFF, 0xFFFFFF, 0xFFFFFF, 0xFFFFFF, 0xFFFFFF, 0xFFFFFF, 0xFFFFFF, 0xFFFFFF, 0xFFFFFF, 0xFFFFFF, 0xFFFFFF, 
0xFFFFFF, 0xFFFFFF, 0xFFFFFF, 0xFFFFFF, 0xFFFFFF, 0xFFFFFF, 0xFFFFFF, 0xFFFFFF, 0xFFFFFF, 0xFFFFFF, 0xFFFFFF, 0xFFFFFF, 0xFFFFFF, 0xFFFFFF, 0xFFFFFF, 0xFFFFFF, 
0xFFFFFF, 0xFFFFFF, 0xFFFFFF, 0xFFFFFF, 0xFFFFFF, 0xFFFFFF, 0xFFFFFF, 0xFFFFFF, 0xFFFFFF, 0xFFFFFF, 0xFFFFFF, 0xFFFFFF, 0xFFFFFF, 0xFFFFFF, 0xFFFFFF, 0xFFFFFF, 
0xFFFFFF, 0xFFFFFF, 0xFFFFFF, 0xFFFFFF, 0xFFFFFF, 0xFFFFFF, 0xFFFFFF, 0xFFFFFF, 0xFFFFFF, 0xFFFFFF, 0xFFFFFF, 0xFFFFFF, 0xFFFFFF, 0xFFFFFF, 0xFFFFFF, 0xFFFFFF, 
0xFFFFFF, 0xFFFFFF, 0xFFFFFF, 0xFFFFFF, 0xFFFFFF, 0xFFFFFF, 0xFFFFFF, 0xFFFFFF, 0xFFFFFF, 0xFFFFFF, 0xFFFFFF, 0xFFFFFF, 0xFFFFFF, 0xFFFFFF, 0xFFFFFF, 0xFFFFFF, 
0xFFFFFF, 0xFFFFFF, 0xFFFFFF, 0xFFFFFF, 0xFFFFFF, 0xFEFEFE, 0xFEFEFE, 0xFEFEFE, 0xFEFEFE, 0xFFFFFF, 0xFFFFFF, 0xFDFDFD, 0xFFFFFF, 0xFFFFFF, 0xFFFFFF, 0xFFFFFF, 
0xFFFFFF, 0xFFFFFF, 0xFFFFFF, 0xFFFFFF, 0xFFFFFF, 0xFFFFFF, 0xFFFFFF, 0xFFFFFF, 0xFFFFFF, 0xFFFFFF, 0xFFFFFF, 0xFFFFFF, 0xFFFFFF, 0xFFFFFF, 0xFFFFFF, 0xFFFFFF, 
0xFFFFFF, 0xFFFFFF, 0xFFFFFF, 0xFFFFFF, 0xFFFFFF, 0xFFFFFF, 0xFFFFFF, 0xFFFFFF, 0xFFFFFF, 0xFFFFFF, 0xFFFFFF, 0xFFFFFF, 0xFFFFFF, 0xFFFFFF, 0xFFFFFF, 0xFFFFFF, 
0xFFFFFF, 0xFFFFFF, 0xFFFFFF, 0xFFFFFF, 0xFFFFFF, 0xFFFFFF, 0xFFFFFF, 0xFFFFFF, 0xFFFFFF, 0xFFFFFF, 0xFFFFFF, 0xFFFFFF, 0xFFFFFF, 0xFFFFFF, 0xFFFFFF, 0xFFFFFF, 
0xFFFFFF, 0xFFFFFF, 0xFFFFFF, 0xFFFFFF, 0xFFFFFF, 0xFFFFFF, 0xFFFFFF, 0xFFFFFF, 0xFFFFFF, 0xFFFFFF, 0xFFFFFF, 0xFFFFFF, 0xFFFFFF, 0xFFFFFF, 0xFFFFFF, 0xFFFFFF, 
0xFFFFFF, 0xFFFFFF, 0xFFFFFF, 0xFFFFFF, 0xFFFFFF, 0xFFFFFF, 0xFFFFFF, 0xFFFFFF, 0xFFFFFF, 0xFFFFFF, 0xFFFFFF, 0xFFFFFF, 0xFFFFFF, 0xFFFFFF, 0xFFFFFF, 0xFFFFFF, 
0xFFFFFF, 0xFFFFFF, 0xFFFFFF, 0xFFFFFF, 0xFFFFFF, 0xFFFFFF, 0xFFFFFF, 0xFFFFFF, 0xFFFFFF, 0xFFFFFF, 0xFFFFFF, 0xFFFFFF, 0xFFFFFF, 0xFFFFFF, 0xFFFFFF, 0xFFFFFF, 
0xFFFFFF, 0xFFFFFF, 0xFFFFFF, 0xFFFFFF, 0xFFFFFF, 0xFFFFFF, 0xFFFFFF, 0xFFFFFF, 0xFFFFFF, 0xFFFFFF, 0xFFFFFF, 0xFFFFFF, 0xFFFFFF, 0xFFFFFF, 0xFFFFFF, 0xFFFFFF, 
0xFFFFFF, 0xFFFFFF, 0xFFFFFF, 0xFFFFFF, 0xFFFFFF, 0xFFFFFF, 0xFFFFFF, 0xFFFFFF, 0xFFFFFF, 0xFFFFFF, 0xFFFFFF, 0xFFFFFF, 0xFFFFFF, 0xFFFFFF, 0xFFFFFF, 0xFFFFFF, 
0xFFFFFF, 0xFFFFFF, 0xFFFFFF, 0xFFFFFF, 0xFFFFFF, 0xFFFFFF, 0xFFFFFF, 0xFFFFFF, 0xFFFFFF, 0xFFFFFF, 0xFFFFFF, 0xFFFFFF, 0xFFFFFF, 0xFFFFFF, 0xFFFFFF, 0xFFFFFF, 
0xFFFFFF, 0xFEFEFE, 0xFDFDFD, 0xFEFEFE, 0xFFFFFF, 0xFFFFFF, 0xFFFFFF, 0xFFFFFF, 0xFDFDFD, 0xFFFFFF, 0xFFFFFF, 0xFFFFFF, 0xFFFFFF, 0xFFFFFF, 0xFEFEFE, 0xFFFFFF, 
0xFFFFFF, 0xFFFFFF, 0xFFFFFF, 0xFFFFFF, 0xFFFFFF, 0xFFFFFF, 0xFFFFFF, 0xFFFFFF, 0xFFFFFF, 0xFFFFFF, 0xFFFFFF, 0xFFFFFF, 0xFFFFFF, 0xFFFFFF, 0xFFFFFF, 0xFFFFFF, 
0xFFFFFF, 0xFFFFFF, 0xFFFFFF, 0xFFFFFF, 0xFFFFFF, 0xFFFFFF, 0xFFFFFF, 0xFFFFFF, 0xFFFFFF, 0xFFFFFF, 0xFFFFFF, 0xFFFFFF, 0xFFFFFF, 0xFFFFFF, 0xFFFFFF, 0xFFFFFF, 
0xFFFFFF, 0xFFFFFF, 0xFFFFFF, 0xFFFFFF, 0xFFFFFF, 0xFFFFFF, 0xFFFFFF, 0xFFFFFF, 0xFFFFFF, 0xFFFFFF, 0xFFFFFF, 0xFFFFFF, 0xFFFFFF, 0xFFFFFF, 0xFFFFFF, 0xFFFFFF, 
0xFFFFFF, 0xFFFFFF, 0xFFFFFF, 0xFFFFFF, 0xFFFFFF, 0xFFFFFF, 0xFFFFFF, 0xFFFFFF, 0xFFFFFF, 0xFFFFFF, 0xFFFFFF, 0xFFFFFF, 0xFFFFFF, 0xFFFFFF, 0xFFFFFF, 0xFFFFFF, 
0xFFFFFF, 0xFFFFFF, 0xFFFFFF, 0xFFFFFF, 0xFFFFFF, 0xFFFFFF, 0xFFFFFF, 0xFFFFFF, 0xFFFFFF, 0xFFFFFF, 0xFFFFFF, 0xFFFFFF, 0xFFFFFF, 0xFFFFFF, 0xFFFFFF, 0xFFFFFF, 
0xFFFFFF, 0xFFFFFF, 0xFFFFFF, 0xFFFFFF, 0xFFFFFF, 0xFFFFFF, 0xFFFFFF, 0xFFFFFF, 0xFFFFFF, 0xFFFFFF, 0xFFFFFF, 0xFFFFFF, 0xFFFFFF, 0xFFFFFF, 0xFFFFFF, 0xFFFFFF, 
0xFFFFFF, 0xFFFFFF, 0xFFFFFF, 0xFFFFFF, 0xFFFFFF, 0xFFFFFF, 0xFFFFFF, 0xFFFFFF, 0xFFFFFF, 0xFFFFFF, 0xFFFFFF, 0xFFFFFF, 0xFFFFFF, 0xFFFFFF, 0xFFFFFF, 0xFFFFFF, 
0xFFFFFF, 0xFFFFFF, 0xFFFFFF, 0xFFFFFF, 0xFFFFFF, 0xFFFFFF, 0xFFFFFF, 0xFFFFFF, 0xFFFFFF, 0xFFFFFF, 0xFFFFFF, 0xFFFFFF, 0xFFFFFF, 0xFFFFFF, 0xFFFFFF, 0xFFFFFF, 
0xFFFFFF, 0xFFFFFF, 0xFFFFFF, 0xFFFFFF, 0xFFFFFF, 0xFFFFFF, 0xFFFFFF, 0xFFFFFF, 0xFFFFFF, 0xFFFFFF, 0xFFFFFF, 0xFFFFFF, 0xFFFFFF, 0xFFFFFF, 0xFFFFFF, 0xFFFFFF, 
0xFFFFFF, 0xFFFFFF, 0xFFFFFF, 0xFFFFFF, 0xFFFFFF, 0xFDFDFD, 0xFCFCFC, 0xFCFCFC, 0xFFFFFF, 0xFFFFFF, 0xFEFEFE, 0xFEFEFE, 0xFFFFFF, 0xFEFEFE, 0xFEFEFE, 0xFFFFFF, 
0xFFFFFF, 0xFFFFFF, 0xFFFFFF, 0xFFFFFF, 0xFFFFFF, 0xFFFFFF, 0xFFFFFF, 0xFFFFFF, 0xFFFFFF, 0xFFFFFF, 0xFFFFFF, 0xFFFFFF, 0xFFFFFF, 0xFFFFFF, 0xFFFFFF, 0xFFFFFF, 
0xFFFFFF, 0xFFFFFF, 0xFFFFFF, 0xFFFFFF, 0xFFFFFF, 0xFFFFFF, 0xFFFFFF, 0xFFFFFF, 0xFFFFFF, 0xFFFFFF, 0xFFFFFF, 0xFFFFFF, 0xFFFFFF, 0xFFFFFF, 0xFFFFFF, 0xFFFFFF, 
0xFFFFFF, 0xFFFFFF, 0xFFFFFF, 0xFFFFFF, 0xFFFFFF, 0xFFFFFF, 0xFFFFFF, 0xFFFFFF, 0xFFFFFF, 0xFFFFFF, 0xFFFFFF, 0xFFFFFF, 0xFFFFFF, 0xFFFFFF, 0xFFFFFF, 0xFFFFFF, 
0xFFFFFF, 0xFFFFFF, 0xFFFFFF, 0xFFFFFF, 0xFFFFFF, 0xFFFFFF, 0xFFFFFF, 0xFFFFFF, 0xFFFFFF, 0xFFFFFF, 0xFFFFFF, 0xFFFFFF, 0xFFFFFF, 0xFFFFFF, 0xFFFFFF, 0xFFFFFF, 
0xFFFFFF, 0xFFFFFF, 0xFFFFFF, 0xFFFFFF, 0xFFFFFF, 0xFFFFFF, 0xFFFFFF, 0xFFFFFF, 0xFFFFFF, 0xFFFFFF, 0xFFFFFF, 0xFFFFFF, 0xFFFFFF, 0xFFFFFF, 0xFFFFFF, 0xFFFFFF, 
0xFFFFFF, 0xFFFFFF, 0xFFFFFF, 0xFFFFFF, 0xFFFFFF, 0xFFFFFF, 0xFFFFFF, 0xFFFFFF, 0xFFFFFF, 0xFFFFFF, 0xFFFFFF, 0xFFFFFF, 0xFFFFFF, 0xFFFFFF, 0xFFFFFF, 0xFFFFFF, 
0xFFFFFF, 0xFFFFFF, 0xFFFFFF, 0xFFFFFF, 0xFFFFFF, 0xFFFFFF, 0xFFFFFF, 0xFFFFFF, 0xFFFFFF, 0xFFFFFF, 0xFFFFFF, 0xFFFFFF, 0xFFFFFF, 0xFFFFFF, 0xFFFFFF, 0xFFFFFF, 
0xFFFFFF, 0xFFFFFF, 0xFFFFFF, 0xFFFFFF, 0xFFFFFF, 0xFFFFFF, 0xFFFFFF, 0xFFFFFF, 0xFFFFFF, 0xFFFFFF, 0xFFFFFF, 0xFFFFFF, 0xFFFFFF, 0xFFFFFF, 0xFFFFFF, 0xFFFFFF, 
0xFFFFFF, 0xFFFFFF, 0xFFFFFF, 0xFFFFFF, 0xFFFFFF, 0xFFFFFF, 0xFFFFFF, 0xFFFFFF, 0xFFFFFF, 0xFFFFFF, 0xFFFFFF, 0xFFFFFF, 0xFFFFFF, 0xFFFFFF, 0xFFFFFF, 0xFFFFFF, 
0xFFFFFF, 0xFFFFFF, 0xFFFFFF, 0xFEFEFE, 0xFEFEFE, 0xFFFFFF, 0xFFFFFF, 0xFFFFFF, 0xFDFDFD, 0xFFFFFF, 0xFFFFFF, 0xFFFFFF, 0xFFFFFF, 0xFFFFFF, 0xFEFEFE, 0xFFFFFF, 
0xFFFFFF, 0xFFFFFF, 0xFFFFFF, 0xFFFFFF, 0xFFFFFF, 0xFFFFFF, 0xFFFFFF, 0xFFFFFF, 0xFFFFFF, 0xFFFFFF, 0xFFFFFF, 0xFFFFFF, 0xFFFFFF, 0xFFFFFF, 0xFFFFFF, 0xFFFFFF, 
0xFFFFFF, 0xFFFFFF, 0xFFFFFF, 0xFFFFFF, 0xFFFFFF, 0xFFFFFF, 0xFFFFFF, 0xFFFFFF, 0xFFFFFF, 0xFFFFFF, 0xFFFFFF, 0xFFFFFF, 0xFFFFFF, 0xFFFFFF, 0xFFFFFF, 0xFFFFFF, 
0xFFFFFF, 0xFFFFFF, 0xFFFFFF, 0xFFFFFF, 0xFFFFFF, 0xFFFFFF, 0xFFFFFF, 0xFFFFFF, 0xFFFFFF, 0xFFFFFF, 0xFFFFFF, 0xFFFFFF, 0xFFFFFF, 0xFFFFFF, 0xFFFFFF, 0xFFFFFF, 
0xFFFFFF, 0xFFFFFF, 0xFFFFFF, 0xFFFFFF, 0xFFFFFF, 0xFFFFFF, 0xFFFFFF, 0xFFFFFF, 0xFFFFFF, 0xFFFFFF, 0xFFFFFF, 0xFFFFFF, 0xFFFFFF, 0xFFFFFF, 0xFFFFFF, 0xFFFFFF, 
0xFFFFFF, 0xFFFFFF, 0xFFFFFF, 0xFFFFFF, 0xFFFFFF, 0xFFFFFF, 0xFFFFFF, 0xFFFFFF, 0xFFFFFF, 0xFFFFFF, 0xFFFFFF, 0xFFFFFF, 0xFFFFFF, 0xFFFFFF, 0xFFFFFF, 0xFFFFFF, 
0xFFFFFF, 0xFFFFFF, 0xFFFFFF, 0xFFFFFF, 0xFFFFFF, 0xFFFFFF, 0xFFFFFF, 0xFFFFFF, 0xFFFFFF, 0xFFFFFF, 0xFFFFFF, 0xFFFFFF, 0xFFFFFF, 0xFFFFFF, 0xFFFFFF, 0xFFFFFF, 
0xFFFFFF, 0xFFFFFF, 0xFFFFFF, 0xFFFFFF, 0xFFFFFF, 0xFFFFFF, 0xFFFFFF, 0xFFFFFF, 0xFFFFFF, 0xFFFFFF, 0xFFFFFF, 0xFFFFFF, 0xFFFFFF, 0xFFFFFF, 0xFFFFFF, 0xFFFFFF, 
0xFFFFFF, 0xFFFFFF, 0xFFFFFF, 0xFFFFFF, 0xFFFFFF, 0xFFFFFF, 0xFFFFFF, 0xFFFFFF, 0xFFFFFF, 0xFFFFFF, 0xFFFFFF, 0xFFFFFF, 0xFFFFFF, 0xFFFFFF, 0xFFFFFF, 0xFFFFFF, 
0xFFFFFF, 0xFFFFFF, 0xFFFFFF, 0xFFFFFF, 0xFFFFFF, 0xFFFFFF, 0xFFFFFF, 0xFFFFFF, 0xFFFFFF, 0xFFFFFF, 0xFFFFFF, 0xFFFFFF, 0xFFFFFF, 0xFFFFFF, 0xFFFFFF, 0xFFFFFF, 
0xFEFEFE, 0xFFFFFF, 0xFFFFFF, 0xFEFEFE, 0xFFFFFF, 0xFFFFFF, 0xFFFFFF, 0xFDFDFD, 0xFEFEFE, 0xFFFFFF, 0xFEFEFE, 0xFCFCFC, 0xFEFEFE, 0xFFFFFF, 0xFEFEFE, 0xFFFFFF, 
0xFFFFFF, 0xFFFFFF, 0xFFFFFF, 0xFFFFFF, 0xFFFFFF, 0xFFFFFF, 0xFFFFFF, 0xFFFFFF, 0xFFFFFF, 0xFFFFFF, 0xFFFFFF, 0xFFFFFF, 0xFFFFFF, 0xFFFFFF, 0xFFFFFF, 0xFFFFFF, 
0xFFFFFF, 0xFFFFFF, 0xFFFFFF, 0xFFFFFF, 0xFFFFFF, 0xFFFFFF, 0xFFFFFF, 0xFFFFFF, 0xFFFFFF, 0xFFFFFF, 0xFFFFFF, 0xFFFFFF, 0xFFFFFF, 0xFFFFFF, 0xFFFFFF, 0xFFFFFF, 
0xFFFFFF, 0xFFFFFF, 0xFFFFFF, 0xFFFFFF, 0xFFFFFF, 0xFFFFFF, 0xFFFFFF, 0xFFFFFF, 0xFFFFFF, 0xFFFFFF, 0xFFFFFF, 0xFFFFFF, 0xFFFFFF, 0xFFFFFF, 0xFFFFFF, 0xFFFFFF, 
0xFFFFFF, 0xFFFFFF, 0xFFFFFF, 0xFFFFFF, 0xFFFFFF, 0xFFFFFF, 0xFFFFFF, 0xFFFFFF, 0xFFFFFF, 0xFFFFFF, 0xFFFFFF, 0xFFFFFF, 0xFFFFFF, 0xFFFFFF, 0xFFFFFF, 0xFFFFFF, 
0xFFFFFF, 0xFFFFFF, 0xFFFFFF, 0xFFFFFF, 0xFFFFFF, 0xFFFFFF, 0xFFFFFF, 0xFFFFFF, 0xFFFFFF, 0xFFFFFF, 0xFFFFFF, 0xFFFFFF, 0xFFFFFF, 0xFFFFFF, 0xFFFFFF, 0xFFFFFF, 
0xFFFFFF, 0xFFFFFF, 0xFFFFFF, 0xFFFFFF, 0xFFFFFF, 0xFFFFFF, 0xFFFFFF, 0xFFFFFF, 0xFFFFFF, 0xFFFFFF, 0xFFFFFF, 0xFFFFFF, 0xFFFFFF, 0xFFFFFF, 0xFFFFFF, 0xFFFFFF, 
0xFFFFFF, 0xFFFFFF, 0xFFFFFF, 0xFFFFFF, 0xFFFFFF, 0xFFFFFF, 0xFFFFFF, 0xFFFFFF, 0xFFFFFF, 0xFFFFFF, 0xFFFFFF, 0xFFFFFF, 0xFFFFFF, 0xFFFFFF, 0xFFFFFF, 0xFFFFFF, 
0xFFFFFF, 0xFFFFFF, 0xFFFFFF, 0xFFFFFF, 0xFFFFFF, 0xFFFFFF, 0xFFFFFF, 0xFFFFFF, 0xFFFFFF, 0xFFFFFF, 0xFFFFFF, 0xFFFFFF, 0xFFFFFF, 0xFFFFFF, 0xFFFFFF, 0xFFFFFF, 
0xFFFFFF, 0xFFFFFF, 0xFFFFFF, 0xFFFFFF, 0xFFFFFF, 0xFFFFFF, 0xFFFFFF, 0xFFFFFF, 0xFFFFFF, 0xFFFFFF, 0xFFFFFF, 0xFFFFFF, 0xFFFFFF, 0xFFFFFF, 0xFFFFFF, 0xFFFFFF, 
0xFFFFFF, 0xFFFFFF, 0xFFFFFF, 0xFFFFFF, 0xFFFFFF, 0xFFFFFF, 0xFFFFFF, 0xFFFFFF, 0xFFFFFF, 0xFFFFFF, 0xFFFFFF, 0xFFFFFF, 0xFFFFFF, 0xFFFFFF, 0xFFFFFF, 0xFFFFFF, 
0xFFFFFF, 0xFFFFFF, 0xFFFFFF, 0xFFFFFF, 0xFFFFFF, 0xFFFFFF, 0xFFFFFF, 0xFFFFFF, 0xFFFFFF, 0xFFFFFF, 0xFFFFFF, 0xFFFFFF, 0xFFFFFF, 0xFFFFFF, 0xFFFFFF, 0xFFFFFF, 
0xFFFFFF, 0xFFFFFF, 0xFFFFFF, 0xFFFFFF, 0xFFFFFF, 0xFFFFFF, 0xFFFFFF, 0xFFFFFF, 0xFFFFFF, 0xFFFFFF, 0xFFFFFF, 0xFFFFFF, 0xFFFFFF, 0xFFFFFF, 0xFFFFFF, 0xFFFFFF, 
0xFFFFFF, 0xFFFFFF, 0xFFFFFF, 0xFFFFFF, 0xFFFFFF, 0xFFFFFF, 0xFFFFFF, 0xFFFFFF, 0xFFFFFF, 0xFFFFFF, 0xFFFFFF, 0xFFFFFF, 0xFFFFFF, 0xFFFFFF, 0xFFFFFF, 0xFFFFFF, 
0xFFFFFF, 0xFFFFFF, 0xFFFFFF, 0xFFFFFF, 0xFFFFFF, 0xFFFFFF, 0xFFFFFF, 0xFFFFFF, 0xFFFFFF, 0xFFFFFF, 0xFFFFFF, 0xFFFFFF, 0xFFFFFF, 0xFFFFFF, 0xFFFFFF, 0xFFFFFF, 
0xFFFFFF, 0xFFFFFF, 0xFFFFFF, 0xFFFFFF, 0xFFFFFF, 0xFFFFFF, 0xFFFFFF, 0xFFFFFF, 0xFFFFFF, 0xFFFFFF, 0xFFFFFF, 0xFFFFFF, 0xFFFFFF, 0xFFFFFF, 0xFFFFFF, 0xFFFFFF, 
0xFFFFFF, 0xFFFFFF, 0xFFFFFF, 0xFFFFFF, 0xFFFFFF, 0xFFFFFF, 0xFFFFFF, 0xFFFFFF, 0xFFFFFF, 0xFFFFFF, 0xFFFFFF, 0xFFFFFF, 0xFFFFFF, 0xFFFFFF, 0xFFFFFF, 0xFFFFFF, 
0xFFFFFF, 0xFFFFFF, 0xFFFFFF, 0xFFFFFF, 0xFFFFFF, 0xFFFFFF, 0xFFFFFF, 0xFFFFFF, 0xFFFFFF, 0xFFFFFF, 0xFFFFFF, 0xFFFFFF, 0xFFFFFF, 0xFFFFFF, 0xFFFFFF, 0xFFFFFF, 
0xFFFFFF, 0xFFFFFF, 0xFFFFFF, 0xFFFFFF, 0xFFFFFF, 0xFFFFFF, 0xFFFFFF, 0xFFFFFF, 0xFFFFFF, 0xFFFFFF, 0xFFFFFF, 0xFFFFFF, 0xFFFFFF, 0xFFFFFF, 0xFFFFFF, 0xFFFFFF, 
0xFFFFFF, 0xFFFFFF, 0xFFFFFF, 0xFFFFFF, 0xFFFFFF, 0xFFFFFF, 0xFFFFFF, 0xFFFFFF, 0xFFFFFF, 0xFFFFFF, 0xFFFFFF, 0xFFFFFF, 0xFFFFFF, 0xFFFFFF, 0xFFFFFF, 0xFFFFFF, 
0xFFFFFF, 0xFFFFFF, 0xFFFFFF, 0xFFFFFF, 0xFFFFFF, 0xFFFFFF, 0xFFFFFF, 0xFFFFFF, 0xFFFFFF, 0xFFFFFF, 0xFFFFFF, 0xFFFFFF, 0xFFFFFF, 0xFFFFFF, 0xFFFFFF, 0xFFFFFF, 
0xFFFFFF, 0xFFFFFF, 0xFFFFFF, 0xFFFFFF, 0xFFFFFF, 0xFFFFFF, 0xFFFFFF, 0xFFFFFF, 0xFFFFFF, 0xFFFFFF, 0xFFFFFF, 0xFFFFFF, 0xFFFFFF, 0xFFFFFF, 0xFFFFFF, 0xFFFFFF, 
0xFFFFFF, 0xFFFFFF, 0xFFFFFF, 0xFFFFFF, 0xFFFFFF, 0xFFFFFF, 0xFFFFFF, 0xFFFFFF, 0xFFFFFF, 0xFFFFFF, 0xFFFFFF, 0xFFFFFF, 0xFFFFFF, 0xFFFFFF, 0xFFFFFF, 0xFFFFFF, 
0xFFFFFF, 0xFFFFFF, 0xFFFFFF, 0xFFFFFF, 0xFFFFFF, 0xFFFFFF, 0xFFFFFF, 0xFFFFFF, 0xFFFFFF, 0xFFFFFF, 0xFFFFFF, 0xFFFFFF, 0xFFFFFF, 0xFFFFFF, 0xFFFFFF, 0xFFFFFF, 
0xFFFFFF, 0xFFFFFF, 0xFFFFFF, 0xFFFFFF, 0xFFFFFF, 0xFFFFFF, 0xFFFFFF, 0xFFFFFF, 0xFFFFFF, 0xFFFFFF, 0xFFFFFF, 0xFFFFFF, 0xFFFFFF, 0xFFFFFF, 0xFFFFFF, 0xFFFFFF, 
0xFFFFFF, 0xFFFFFF, 0xFFFFFF, 0xFFFFFF, 0xFFFFFF, 0xFFFFFF, 0xFFFFFF, 0xFFFFFF, 0xFFFFFF, 0xFFFFFF, 0xFFFFFF, 0xFFFFFF, 0xFFFFFF, 0xFFFFFF, 0xFFFFFF, 0xFFFFFF, 
0xFFFFFF, 0xFFFFFF, 0xFFFFFF, 0xFFFFFF, 0xFFFFFF, 0xFFFFFF, 0xFFFFFF, 0xFFFFFF, 0xFFFFFF, 0xFFFFFF, 0xFFFFFF, 0xFFFFFF, 0xFFFFFF, 0xFFFFFF, 0xFFFFFF, 0xFFFFFF, 
0xFFFFFF, 0xFFFFFF, 0xFFFFFF, 0xFFFFFF, 0xFFFFFF, 0xFFFFFF, 0xFFFFFF, 0xFFFFFF, 0xFFFFFF, 0xFFFFFF, 0xFFFFFF, 0xFFFFFF, 0xFFFFFF, 0xFFFFFF, 0xFFFFFF, 0xFFFFFF, 
0xFFFFFF, 0xFFFFFF, 0xFFFFFF, 0xFFFFFF, 0xFFFFFF, 0xFFFFFF, 0xFFFFFF, 0xFFFFFF, 0xFFFFFF, 0xFFFFFF, 0xFFFFFF, 0xFFFFFF, 0xFFFFFF, 0xFFFFFF, 0xFFFFFF, 0xFFFFFF, 
0xFFFFFF, 0xFFFFFF, 0xFFFFFF, 0xFFFFFF, 0xFFFFFF, 0xFFFFFF, 0xFFFFFF, 0xFFFFFF, 0xFFFFFF, 0xFFFFFF, 0xFFFFFF, 0xFFFFFF, 0xFFFFFF, 0xFFFFFF, 0xFFFFFF, 0xFFFFFF, 
0xFFFFFF, 0xFFFFFF, 0xFFFFFF, 0xFFFFFF, 0xFFFFFF, 0xFFFFFF, 0xFFFFFF, 0xFFFFFF, 0xFFFFFF, 0xFFFFFF, 0xFFFFFF, 0xFFFFFF, 0xFFFFFF, 0xFFFFFF, 0xFFFFFF, 0xFFFFFF, 
0xFFFFFF, 0xFFFFFF, 0xFFFFFF, 0xFFFFFF, 0xFFFFFF, 0xFFFFFF, 0xFFFFFF, 0xFFFFFF, 0xFFFFFF, 0xFFFFFF, 0xFFFFFF, 0xFFFFFF, 0xFFFFFF, 0xFFFFFF, 0xFFFFFF, 0xFFFFFF, 
0xFFFFFF, 0xFFFFFF, 0xFFFFFF, 0xFFFFFF, 0xFFFFFF, 0xFFFFFF, 0xFFFFFF, 0xFFFFFF, 0xFFFFFF, 0xFFFFFF, 0xFFFFFF, 0xFFFFFF, 0xFFFFFF, 0xFFFFFF, 0xFFFFFF, 0xFFFFFF, 
0xFFFFFF, 0xFFFFFF, 0xFFFFFF, 0xFFFFFF, 0xFFFFFF, 0xFFFFFF, 0xFFFFFF, 0xFFFFFF, 0xFFFFFF, 0xFFFFFF, 0xFFFFFF, 0xFFFFFF, 0xFFFFFF, 0xFFFFFF, 0xFFFFFF, 0xFFFFFF, 
0xFFFFFF, 0xFFFFFF, 0xFFFFFF, 0xFFFFFF, 0xFFFFFF, 0xFFFFFF, 0xFFFFFF, 0xFFFFFF, 0xFFFFFF, 0xFFFFFF, 0xFFFFFF, 0xFFFFFF, 0xFFFFFF, 0xFFFFFF, 0xFFFFFF, 0xFFFFFF, 
0xFFFFFF, 0xFFFFFF, 0xFFFFFF, 0xFFFFFF, 0xFFFFFF, 0xFFFFFF, 0xFFFFFF, 0xFFFFFF, 0xFFFFFF, 0xFFFFFF, 0xFFFFFF, 0xFFFFFF, 0xFFFFFF, 0xFFFFFF, 0xFFFFFF, 0xFFFFFF, 
0xFFFFFF, 0xFFFFFF, 0xFFFFFF, 0xFFFFFF, 0xFFFFFF, 0xFFFFFF, 0xFFFFFF, 0xFFFFFF, 0xFFFFFF, 0xFFFFFF, 0xFFFFFF, 0xFFFFFF, 0xFFFFFF, 0xFFFFFF, 0xFFFFFF, 0xFFFFFF, 
0xFFFFFF, 0xFFFFFF, 0xFFFFFF, 0xFFFFFF, 0xFFFFFF, 0xFFFFFF, 0xFFFFFF, 0xFFFFFF, 0xFFFFFF, 0xFFFFFF, 0xFFFFFF, 0xFFFFFF, 0xFFFFFF, 0xFFFFFF, 0xFFFFFF, 0xFFFFFF, 
0xFFFFFF, 0xFFFFFF, 0xFFFFFF, 0xFFFFFF, 0xFFFFFF, 0xFFFFFF, 0xFFFFFF, 0xFFFFFF, 0xFFFFFF, 0xFFFFFF, 0xFFFFFF, 0xFFFFFF, 0xFFFFFF, 0xFFFFFF, 0xFFFFFF, 0xFFFFFF, 
0xFFFFFF, 0xFFFFFF, 0xFFFFFF, 0xFFFFFF, 0xFFFFFF, 0xFFFFFF, 0xFFFFFF, 0xFFFFFF, 0xFFFFFF, 0xFFFFFF, 0xFFFFFF, 0xFFFFFF, 0xFFFFFF, 0xFFFFFF, 0xFFFFFF, 0xFFFFFF, 
0xFFFFFF, 0xFFFFFF, 0xFFFFFF, 0xFFFFFF, 0xFFFFFF, 0xFFFFFF, 0xFFFFFF, 0xFFFFFF, 0xFFFFFF, 0xFFFFFF, 0xFFFFFF, 0xFFFFFF, 0xFFFFFF, 0xFFFFFF, 0xFFFFFF, 0xFFFFFF, 
0xFFFFFF, 0xFFFFFF, 0xFFFFFF, 0xFFFFFF, 0xFFFFFF, 0xFFFFFF, 0xFFFFFF, 0xFFFFFF, 0xFFFFFF, 0xFFFFFF, 0xFFFFFF, 0xFFFFFF, 0xFFFFFF, 0xFFFFFF, 0xFFFFFF, 0xFFFFFF, 
0xFFFFFF, 0xFFFFFF, 0xFFFFFF, 0xFFFFFF, 0xFFFFFF, 0xFFFFFF, 0xFFFFFF, 0xFFFFFF, 0xFFFFFF, 0xFFFFFF, 0xFFFFFF, 0xFFFFFF, 0xFFFFFF, 0xFFFFFF, 0xFFFFFF, 0xFFFFFF, 
0xFFFFFF, 0xFFFFFF, 0xFFFFFF, 0xFFFFFF, 0xFFFFFF, 0xFFFFFF, 0xFFFFFF, 0xFFFFFF, 0xFFFFFF, 0xFFFFFF, 0xFFFFFF, 0xFFFFFF, 0xFFFFFF, 0xFFFFFF, 0xFFFFFF, 0xFFFFFF, 
0xFFFFFF, 0xFFFFFF, 0xFFFFFF, 0xFFFFFF, 0xFFFFFF, 0xFFFFFF, 0xFFFFFF, 0xFFFFFF, 0xFFFFFF, 0xFFFFFF, 0xFFFFFF, 0xFFFFFF, 0xFFFFFF, 0xFFFFFF, 0xFFFFFF, 0xFFFFFF, 
0xFFFFFF, 0xFFFFFF, 0xFFFFFF, 0xFFFFFF, 0xFFFFFF, 0xFFFFFF, 0xFFFFFF, 0xFFFFFF, 0xFFFFFF, 0xFFFFFF, 0xFFFFFF, 0xFFFFFF, 0xFFFFFF, 0xFFFFFF, 0xFFFFFF, 0xFFFFFF, 
0xFFFFFF, 0xFFFFFF, 0xFFFFFF, 0xFFFFFF, 0xFFFFFF, 0xFFFFFF, 0xFFFFFF, 0xFFFFFF, 0xFFFFFF, 0xFFFFFF, 0xFFFFFF, 0xFFFFFF, 0xFFFFFF, 0xFFFFFF, 0xFFFFFF, 0xFFFFFF, 
0xFFFFFF, 0xFFFFFF, 0xFFFFFF, 0xFFFFFF, 0xFFFFFF, 0xFFFFFF, 0xFFFFFF, 0xFFFFFF, 0xFFFFFF, 0xFFFFFF, 0xFFFFFF, 0xFFFFFF, 0xFFFFFF, 0xFFFFFF, 0xFFFFFF, 0xFFFFFF, 
0xFFFFFF, 0xFFFFFF, 0xFFFFFF, 0xFFFFFF, 0xFFFFFF, 0xFFFFFF, 0xFFFFFF, 0xFFFFFF, 0xFFFFFF, 0xFFFFFF, 0xFFFFFF, 0xFFFFFF, 0xFFFFFF, 0xFFFFFF, 0xFFFFFF, 0xFFFFFF, 
0xFFFFFF, 0xFFFFFF, 0xFFFFFF, 0xFFFFFF, 0xFFFFFF, 0xFFFFFF, 0xFFFFFF, 0xFFFFFF, 0xFFFFFF, 0xFFFFFF, 0xFFFFFF, 0xFFFFFF, 0xFFFFFF, 0xFFFFFF, 0xFFFFFF, 0xFFFFFF, 
0xFFFFFF, 0xFFFFFF, 0xFFFFFF, 0xFFFFFF, 0xFFFFFF, 0xFFFFFF, 0xFFFFFF, 0xFFFFFF, 0xFFFFFF, 0xFFFFFF, 0xFFFFFF, 0xFFFFFF, 0xFFFFFF, 0xFFFFFF, 0xFFFFFF, 0xFFFFFF, 
0xFFFFFF, 0xFFFFFF, 0xFFFFFF, 0xFFFFFF, 0xFFFFFF, 0xFFFFFF, 0xFFFFFF, 0xFFFFFF, 0xFFFFFF, 0xFFFFFF, 0xFFFFFF, 0xFFFFFF, 0xFFFFFF, 0xFFFFFF, 0xFFFFFF, 0xFFFFFF, 
0xFFFFFF, 0xFFFFFF, 0xFFFFFF, 0xFFFFFF, 0xFFFFFF, 0xFFFFFF, 0xFFFFFF, 0xFFFFFF, 0xFFFFFF, 0xFFFFFF, 0xFFFFFF, 0xFFFFFF, 0xFFFFFF, 0xFFFFFF, 0xFFFFFF, 0xFFFFFF, 
0xFFFFFF, 0xFFFFFF, 0xFFFFFF, 0xFFFFFF, 0xFFFFFF, 0xFFFFFF, 0xFFFFFF, 0xFFFFFF, 0xFFFFFF, 0xFFFFFF, 0xFFFFFF, 0xFFFFFF, 0xFFFFFF, 0xFFFFFF, 0xFFFFFF, 0xFFFFFF, 
0xFFFFFF, 0xFFFFFF, 0xFFFFFF, 0xFFFFFF, 0xFFFFFF, 0xFFFFFF, 0xFFFFFF, 0xFFFFFF, 0xFFFFFF, 0xFFFFFF, 0xFFFFFF, 0xFFFFFF, 0xFFFFFF, 0xFFFFFF, 0xFFFFFF, 0xFFFFFF, 
0xFFFFFF, 0xFFFFFF, 0xFFFFFF, 0xFFFFFF, 0xFFFFFF, 0xFFFFFF, 0xFFFFFF, 0xFFFFFF, 0xFFFFFF, 0xFFFFFF, 0xFFFFFF, 0xFFFFFF, 0xFFFFFF, 0xFFFFFF, 0xFFFFFF, 0xFFFFFF, 
0xFFFFFF, 0xFFFFFF, 0xFFFFFF, 0xFFFFFF, 0xFFFFFF, 0xFFFFFF, 0xFFFFFF, 0xFFFFFF, 0xFFFFFF, 0xFFFFFF, 0xFFFFFF, 0xFFFFFF, 0xFFFFFF, 0xFFFFFF, 0xFFFFFF, 0xFFFFFF, 
0xFFFFFF, 0xFFFFFF, 0xFFFFFF, 0xFFFFFF, 0xFFFFFF, 0xFFFFFF, 0xFFFFFF, 0xFFFFFF, 0xFFFFFF, 0xFFFFFF, 0xFFFFFF, 0xFFFFFF, 0xFFFFFF, 0xFFFFFF, 0xFFFFFF, 0xFFFFFF, 
0xFFFFFF, 0xFFFFFF, 0xFFFFFF, 0xFFFFFF, 0xFFFFFF, 0xFFFFFF, 0xFFFFFF, 0xFFFFFF, 0xFFFFFF, 0xFFFFFF, 0xFFFFFF, 0xFFFFFF, 0xFFFFFF, 0xFFFFFF, 0xFFFFFF, 0xFFFFFF, 
0xFFFFFF, 0xFFFFFF, 0xFFFFFF, 0xFFFFFF, 0xFFFFFF, 0xFFFFFF, 0xFFFFFF, 0xFFFFFF, 0xFFFFFF, 0xFFFFFF, 0xFFFFFF, 0xFFFFFF, 0xFFFFFF, 0xFFFFFF, 0xFFFFFF, 0xFFFFFF, 
0xFFFFFF, 0xFFFFFF, 0xFFFFFF, 0xFFFFFF, 0xFFFFFF, 0xFFFFFF, 0xFFFFFF, 0xFFFFFF, 0xFFFFFF, 0xFFFFFF, 0xFFFFFF, 0xFFFFFF, 0xFFFFFF, 0xFFFFFF, 0xFFFFFF, 0xFFFFFF, 
0xFFFFFF, 0xFFFFFF, 0xFFFFFF, 0xFFFFFF, 0xFFFFFF, 0xFFFFFF, 0xFFFFFF, 0xFFFFFF, 0xFFFFFF, 0xFFFFFF, 0xFFFFFF, 0xFFFFFF, 0xFFFFFF, 0xFFFFFF, 0xFFFFFF, 0xFFFFFF, 
0xFFFFFF, 0xFFFFFF, 0xFFFFFF, 0xFFFFFF, 0xFFFFFF, 0xFFFFFF, 0xFFFFFF, 0xFFFFFF, 0xFFFFFF, 0xFFFFFF, 0xFFFFFF, 0xFFFFFF, 0xFFFFFF, 0xFFFFFF, 0xFFFFFF, 0xFFFFFF, 
0xFFFFFF, 0xFFFFFF, 0xFFFFFF, 0xFFFFFF, 0xFFFFFF, 0xFFFFFF, 0xFFFFFF, 0xFFFFFF, 0xFFFFFF, 0xFFFFFF, 0xFFFFFF, 0xFFFFFF, 0xFFFFFF, 0xFFFFFF, 0xFFFFFF, 0xFFFFFF, 
0xFFFFFF, 0xFFFFFF, 0xFFFFFF, 0xFFFFFF, 0xFFFFFF, 0xFFFFFF, 0xFFFFFF, 0xFFFFFF, 0xFFFFFF, 0xFFFFFF, 0xFFFFFF, 0xFFFFFF, 0xFFFFFF, 0xFFFFFF, 0xFFFFFF, 0xFFFFFF, 
0xFFFFFF, 0xFFFFFF, 0xFFFFFF, 0xFFFFFF, 0xFFFFFF, 0xFFFFFF, 0xFFFFFF, 0xFFFFFF, 0xFFFFFF, 0xFFFFFF, 0xFFFFFF, 0xFFFFFF, 0xFFFFFF, 0xFFFFFF, 0xFFFFFF, 0xFFFFFF, 
0xFFFFFF, 0xFFFFFF, 0xFFFFFF, 0xFFFFFF, 0xFFFFFF, 0xFFFFFF, 0xFFFFFF, 0xFFFFFF, 0xFFFFFF, 0xFFFFFF, 0xFFFFFF, 0xFFFFFF, 0xFFFFFF, 0xFFFFFF, 0xFFFFFF, 0xFFFFFF, 
0xFFFFFF, 0xFFFFFF, 0xFFFFFF, 0xFFFFFF, 0xFFFFFF, 0xFFFFFF, 0xFFFFFF, 0xFFFFFF, 0xFFFFFF, 0xFFFFFF, 0xFFFFFF, 0xFFFFFF, 0xFFFFFF, 0xFFFFFF, 0xFFFFFF, 0xFFFFFF, 
0xFFFFFF, 0xFFFFFF, 0xFFFFFF, 0xFFFFFF, 0xFFFFFF, 0xFFFFFF, 0xFFFFFF, 0xFFFFFF, 0xFFFFFF, 0xFFFFFF, 0xFFFFFF, 0xFFFFFF, 0xFFFFFF, 0xFFFFFF, 0xFFFFFF, 0xFFFFFF, 
0xFFFFFF, 0xFFFFFF, 0xFFFFFF, 0xFFFFFF, 0xFFFFFF, 0xFFFFFF, 0xFFFFFF, 0xFFFFFF, 0xFFFFFF, 0xFFFFFF, 0xFFFFFF, 0xFFFFFF, 0xFFFFFF, 0xFFFFFF, 0xFFFFFF, 0xFFFFFF, 
0xFFFFFF, 0xFFFFFF, 0xFFFFFF, 0xFFFFFF, 0xFFFFFF, 0xFFFFFF, 0xFFFFFF, 0xFFFFFF, 0xFFFFFF, 0xFFFFFF, 0xFFFFFF, 0xFFFFFF, 0xFFFFFF, 0xFFFFFF, 0xFFFFFF, 0xFFFFFF, 
0xFFFFFF, 0xFFFFFF, 0xFFFFFF, 0xFFFFFF, 0xFFFFFF, 0xFFFFFF, 0xFFFFFF, 0xFFFFFF, 0xFFFFFF, 0xFFFFFF, 0xFFFFFF, 0xFFFFFF, 0xFFFFFF, 0xFFFFFF, 0xFFFFFF, 0xFFFFFF, 
0xFFFFFF, 0xFFFFFF, 0xFFFFFF, 0xFFFFFF, 0xFFFFFF, 0xFFFFFF, 0xFFFFFF, 0xFFFFFF, 0xFFFFFF, 0xFFFFFF, 0xFFFFFF, 0xFFFFFF, 0xFFFFFF, 0xFFFFFF, 0xFFFFFF, 0xFFFFFF, 
0xFFFFFF, 0xFFFFFF, 0xFFFFFF, 0xFFFFFF, 0xFFFFFF, 0xFFFFFF, 0xFFFFFF, 0xFFFFFF, 0xFFFFFF, 0xFFFFFF, 0xFFFFFF, 0xFFFFFF, 0xFFFFFF, 0xFFFFFF, 0xFFFFFF, 0xFFFFFF, 
0xFFFFFF, 0xFFFFFF, 0xFFFFFF, 0xFFFFFF, 0xFFFFFF, 0xFFFFFF, 0xFFFFFF, 0xFFFFFF, 0xFFFFFF, 0xFFFFFF, 0xFFFFFF, 0xFFFFFF, 0xFFFFFF, 0xFFFFFF, 0xFFFFFF, 0xFFFFFF, 
0xFFFFFF, 0xFFFFFF, 0xFFFFFF, 0xFFFFFF, 0xFFFFFF, 0xFFFFFF, 0xFFFFFF, 0xFFFFFF, 0xFFFFFF, 0xFFFFFF, 0xFFFFFF, 0xFFFFFF, 0xFFFFFF, 0xFFFFFF, 0xFFFFFF, 0xFFFFFF, 
0xFFFFFF, 0xFFFFFF, 0xFFFFFF, 0xFFFFFF, 0xFFFFFF, 0xFFFFFF, 0xFFFFFF, 0xFFFFFF, 0xFFFFFF, 0xFFFFFF, 0xFFFFFF, 0xFFFFFF, 0xFFFFFF, 0xFFFFFF, 0xFFFFFF, 0xFFFFFF, 
0xFFFFFF, 0xFFFFFF, 0xFFFFFF, 0xFFFFFF, 0xFFFFFF, 0xFFFFFF, 0xFFFFFF, 0xFFFFFF, 0xFFFFFF, 0xFFFFFF, 0xFFFFFF, 0xFFFFFF, 0xFFFFFF, 0xFFFFFF, 0xFFFFFF, 0xFFFFFF, 
0xFFFFFF, 0xFFFFFF, 0xFFFFFF, 0xFFFFFF, 0xFFFFFF, 0xFFFFFF, 0xFFFFFF, 0xFFFFFF, 0xFFFFFF, 0xFFFFFF, 0xFFFFFF, 0xFFFFFF, 0xFFFFFF, 0xFFFFFF, 0xFFFFFF, 0xFFFFFF, 
0xFFFFFF, 0xFFFFFF, 0xFFFFFF, 0xFFFFFF, 0xFFFFFF, 0xFFFFFF, 0xFFFFFF, 0xFFFFFF, 0xFFFFFF, 0xFFFFFF, 0xFFFFFF, 0xFFFFFF, 0xFFFFFF, 0xFFFFFF, 0xFFFFFF, 0xFFFFFF, 
0xFFFFFF, 0xFFFFFF, 0xFFFFFF, 0xFFFFFF, 0xFFFFFF, 0xFFFFFF, 0xFFFFFF, 0xFFFFFF, 0xFFFFFF, 0xFFFFFF, 0xFFFFFF, 0xFFFFFF, 0xFFFFFF, 0xFFFFFF, 0xFFFFFF, 0xFFFFFF, 
0xFFFFFF, 0xFFFFFF, 0xFFFFFF, 0xFFFFFF, 0xFFFFFF, 0xFFFFFF, 0xFFFFFF, 0xFFFFFF, 0xFFFFFF, 0xFFFFFF, 0xFFFFFF, 0xFFFFFF, 0xFFFFFF, 0xFFFFFF, 0xFFFFFF, 0xFFFFFF, 
0xFFFFFF, 0xFFFFFF, 0xFFFFFF, 0xFFFFFF, 0xFFFFFF, 0xFFFFFF, 0xFFFFFF, 0xFFFFFF, 0xFFFFFF, 0xFFFFFF, 0xFFFFFF, 0xFFFFFF, 0xFFFFFF, 0xFFFFFF, 0xFFFFFF, 0xFFFFFF, 
0xFFFFFF, 0xFFFFFF, 0xFFFFFF, 0xFFFFFF, 0xFFFFFF, 0xFFFFFF, 0xFFFFFF, 0xFFFFFF, 0xFFFFFF, 0xFFFFFF, 0xFFFFFF, 0xFFFFFF, 0xFFFFFF, 0xFFFFFF, 0xFFFFFF, 0xFFFFFF, 
};