const uint16_t Image_horse_rgb565[160][160] = {
0xFFFF, 0xFFFF, 0xFFFF, 0xFFFF, 0xFFFF, 0xFFFF, 0xFFFF, 0xFFFF, 0xFFFF, 0xFFFF, 0xFFFF, 0xFFFF, 0xFFFF, 0xFFFF, 0xFFFF, 0xFFFF, 
0xFFFF, 0xFFFF, 0xFFFF, 0xFFFF, 0xFFFF, 0xFFFF, 0xFFFF, 0xFFFF, 0xFFFF, 0xFFFF, 0xFFFF, 0xFFFF, 0xFFFF, 0xFFFF, 0xFFFF, 0xFFFF, 
0xFFFF, 0xFFFF, 0xFFFF, 0xFFFF, 0xFFFF, 0xFFFF, 0xFFFF, 0xFFFF, 0xFFFF, 0xFFFF, 0xFFFF, 0xFFFF, 0xFFFF, 0xFFFF, 0xFFFF, 0xFFFF, 
0xFFFF, 0xFFFF, 0xFFFF, 0xFFFF, 0xFFFF, 0xFFFF, 0xFFFF, 0xFFFF, 0xFFFF, 0xFFFF, 0xFFFF, 0xFFFF, 0xFFFF, 0xFFFF, 0xFFFF, 0xFFFF, 
0xFFFF, 0xFFFF, 0xFFFF, 0xFFFF, 0xFFFF, 0xFFFF, 0xFFFF, 0xFFFF, 0xFFFF, 0xFFFF, 0xFFFF, 0xFFFF, 0xFFFF, 0xFFFF, 0xFFFF, 0xFFFF, 
0xFFFF, 0xFFFF, 0xFFFF, 0xFFFF, 0xFFFF, 0xFFFF, 0xFFFF, 0xFFFF, 0xFFFF, 0xFFFF, 0xFFFF, 0xFFFF, 0xFFFF, 0xFFFF, 0xFFFF, 0xFFFF, 
0xFFFF, 0xFFFF, 0xFFFF, 0xFFFF, 0xFFFF, 0xFFFF, 0xFFFF, 0xFFFF, 0xFFFF, 0xFFFF, 0xFFFF, 0xFFFF, 0xFFFF, 0xFFFF, 0xFFFF, 0xFFFF, 
0xFFFF, 0xFFFF, 0xFFFF, 0xFFFF, 0xFFFF, 0xFFFF, 0xFFFF, 0xFFFF, 0xFFFF, 0xFFFF, 0xFFFF, 0xFFFF, 0xFFFF, 0xFFFF, 0xFFFF, 0xFFFF, 
0xFFFF, 0xFFFF, 0xFFFF, 0xFFFF, 0xFFFF, 0xFFFF, 0xFFFF, 0xFFFF, 0xFFFF, 0xFFFF, 0xFFFF, 0xFFFF, 0xFFFF, 0xFFFF, 0xFFFF, 0xFFFF, 
0xFFFF, 0xFFFF, 0xFFFF, 0xFFFF, 0xFFFF, 0xFFFF, 0xFFFF, 0xFFFF, 0xFFFF, 0xFFFF, 0xFFFF, 0xFFFF, 0xFFFF, 0xFFFF, 0xFFFF, 0xFFFF, 
0xFFFF, 0xFFFF, 0xFFFF, 0xFFFF, 0xFFFF, 0xFFFF, 0xFFFF, 0xFFFF, 0xFFFF, 0xFFFF, 0xFFFF, 0xFFFF, 0xFFFF, 0xFFFF, 0xFFFF, 0xFFFF, 
0xFFFF, 0xFFFF, 0xFFFF, 0xFFFF, 0xFFFF, 0xFFFF, 0xFFFF, 0xFFFF, 0xFFFF, 0xFFFF, 0xFFFF, 0xFFFF, 0xFFFF, 0xFFFF, 0xFFFF, 0xFFFF, 
0xFFFF, 0xFFFF, 0xFFFF, 0xFFFF, 0xFFFF, 0xFFFF, 0xFFFF, 0xFFFF, 0xFFFF, 0xFFFF, 0xFFFF, 0xFFFF, 0xFFFF, 0xFFFF, 0xFFFF, 0xFFFF, 
0xFFFF, 0xFFFF, 0xFFFF, 0xFFFF, 0xFFFF, 0xFFFF, 0xFFFF, 0xFFFF, 0xFFFF, 0xFFFF, 0xFFFF, 0xFFFF, 0xFFFF, 0xFFFF, 0xFFFF, 0xFFFF, 
0xFFFF, 0xFFFF, 0xFFFF, 0xFFFF, 0xFFFF, 0xFFFF, 0xFFFF, 0xFFFF, 0xFFFF, 0xFFFF, 0xFFFF, 0xFFFF, 0xFFFF, 0xFFFF, 0xFFFF, 0xFFFF, 
0xFFFF, 0xFFFF, 0xFFFF, 0xFFFF, 0xFFFF, 0xFFFF, 0xFFFF, 0xFFFF, 0xFFFF, 0xFFFF, 0xFFFF, 0xFFFF, 0xFFFF, 0xFFFF, 0xFFFF, 0xFFFF, 
0xFFFF, 0xFFFF, 0xFFFF, 0xFFFF, 0xFFFF, 0xFFFF, 0xFFFF, 0xFFFF, 0xFFFF, 0xFFFF, 0xFFFF, 0xFFFF, 0xFFFF, 0xFFFF, 0xFFFF, 0xFFFF, 
0xFFFF, 0xFFFF, 0xFFFF, 0xFFFF, 0xFFFF, 0xFFFF, 0xFFFF, 0xFFFF, 0xFFFF, 0xFFFF, 0xFFFF, 0xFFFF, 0xFFFF, 0xFFFF, 0xFFFF, 0xFFFF, 
0xFFFF, 0xFFFF, 0xFFFF, 0xFFFF, 0xFFFF, 0xFFFF, 0xFFFF, 0xFFFF, 0xFFFF, 0xFFFF, 0xFFFF, 0xFFFF, 0xFFFF, 0xFFFF, 0xFFFF, 0xFFFF, 
0xFFFF, 0xFFFF, 0xFFFF, 0xFFFF, 0xFFFF, 0xFFFF, 0xFFFF, 0xFFFF, 0xFFFF, 0xFFFF, 0xFFFF, 0xFFFF, 0xFFFF, 0xFFFF, 0xFFFF, 0xFFFF, 
0xFFFF, 0xFFFF, 0xFFFF, 0xFFFF, 0xFFFF, 0xFFFF, 0xFFFF, 0xFFFF, 0xFFFF, 0xFFFF, 0xFFFF, 0xFFFF, 0xFFFF, 0xFFFF, 0xFFFF, 0xFFFF, 
0xFFFF, 0xFFFF, 0xFFFF, 0xFFFF, 0xFFFF, 0xFFFF, 0xFFFF, 0xFFFF, 0xFFFF, 0xFFFF, 0xFFFF, 0xFFFF, 0xFFFF, 0xFFFF, 0xFFFF, 0xFFFF, 
0xFFFF, 0xFFFF, 0xFFFF, 0xFFFF, 0xFFFF, 0xFFFF, 0xFFFF, 0xFFFF, 0xFFFF, 0xFFFF, 0xFFFF, 0xFFFF, 0xFFFF, 0xFFFF, 0xFFFF, 0xFFFF, 
0xFFFF, 0xFFFF, 0xFFFF, 0xFFFF, 0xFFFF, 0xFFFF, 0xFFFF, 0xFFFF, 0xFFFF, 0xFFFF, 0xFFFF, 0xFFFF, 0xFFFF, 0xFFFF, 0xFFFF, 0xFFFF, 
0xFFFF, 0xFFFF, 0xFFFF, 0xFFFF, 0xFFFF, 0xFFFF, 0xFFFF, 0xFFFF, 0xFFFF, 0xFFFF, 0xFFFF, 0xFFFF, 0xFFFF, 0xFFFF, 0xFFFF, 0xFFFF, 
0xFFFF, 0xFFFF, 0xFFFF, 0xFFFF, 0xFFFF, 0xFFFF, 0xFFFF, 0xFFFF, 0xFFFF, 0xFFFF, 0xFFFF, 0xFFFF, 0xFFFF, 0xFFFF, 0xFFFF, 0xFFFF, 
0xFFFF, 0xFFFF, 0xFFFF, 0xFFFF, 0xFFFF, 0xFFFF, 0xFFFF, 0xFFFF, 0xFFFF, 0xFFFF, 0xFFFF, 0xFFFF, 0xFFFF, 0xFFFF, 0xFFFF, 0xFFFF, 
0xFFFF, 0xFFFF, 0xFFFF, 0xFFFF, 0xFFFF, 0xFFFF, 0xFFFF, 0xFFFF, 0xFFFF, 0xFFFF, 0xFFFF, 0xFFFF, 0xFFFF, 0xFFFF, 0xFFFF, 0xFFFF, 
0xFFFF, 0xFFFF, 0xFFFF, 0xFFFF, 0xFFFF, 0xFFFF, 0xFFFF, 0xFFFF, 0xFFFF, 0xFFFF, 0xFFFF, 0xFFFF, 0xFFFF, 0xFFFF, 0xFFFF, 0xFFFF, 
0xFFFF, 0xFFFF, 0xFFFF, 0xFFFF, 0xFFFF, 0xFFFF, 0xFFFF, 0xFFFF, 0xFFFF, 0xFFFF, 0xFFFF, 0xFFFF, 0xFFFF, 0xFFFF, 0xFFFF, 0xFFFF, 
0xFFFF, 0xFFFF, 0xFFFF, 0xFFFF, 0xFFFF, 0xFFFF, 0xFFFF, 0xFFFF, 0xFFFF, 0xFFFF, 0xFFFF, 0xFFFF, 0xFFFF, 0xFFFF, 0xFFFF, 0xFFFF, 
0xFFFF, 0xFFFF, 0xFFFF, 0xFFFF, 0xFFFF, 0xFFFF, 0xFFFF, 0xFFFF, 0xFFFF, 0xFFFF, 0xFFFF, 0xFFFF, 0xFFFF, 0xFFFF, 0xFFFF, 0xFFFF, 
0xFFFF, 0xFFFF, 0xFFFF, 0xFFFF, 0xFFFF, 0xFFFF, 0xFFFF, 0xFFFF, 0xFFFF, 0xFFFF, 0xFFFF, 0xFFFF, 0xFFFF, 0xFFFF, 0xFFFF, 0xFFFF, 
0xFFFF, 0xFFFF, 0xFFFF, 0xFFFF, 0xFFFF, 0xFFFF, 0xFFFF, 0xFFFF, 0xFFFF, 0xFFFF, 0xFFFF, 0xFFFF, 0xFFFF, 0xFFFF, 0xFFFF, 0xFFFF, 
0xFFFF, 0xFFFF, 0xFFFF, 0xFFFF, 0xFFFF, 0xFFFF, 0xFFFF, 0xFFFF, 0xFFFF, 0xFFFF, 0xFFFF, 0xFFFF, 0xFFFF, 0xFFFF, 0xFFFF, 0xFFFF, 
0xFFFF, 0xFFFF, 0xFFFF, 0xFFFF, 0xFFFF, 0xFFFF, 0xFFFF, 0xFFFF, 0xFFFF, 0xFFFF, 0xFFFF, 0xFFFF, 0xFFFF, 0xFFFF, 0xFFFF, 0xFFFF, 
0xFFFF, 0xFFFF, 0xFFFF, 0xFFFF, 0xFFFF, 0xFFFF, 0xFFFF, 0xFFFF, 0xFFFF, 0xFFFF, 0xFFFF, 0xFFFF, 0xFFFF, 0xFFFF, 0xFFFF, 0xFFFF, 
0xFFFF, 0xFFFF, 0xFFFF, 0xFFFF, 0xFFFF, 0xFFFF, 0xFFFF, 0xFFFF, 0xFFFF, 0xFFFF, 0xFFFF, 0xFFFF, 0xFFFF, 0xFFFF, 0xFFFF, 0xFFFF, 
0xFFFF, 0xFFFF, 0xFFFF, 0xFFFF, 0xFFFF, 0xFFFF, 0xFFFF, 0xFFFF, 0xFFFF, 0xFFFF, 0xFFFF, 0xFFFF, 0xFFFF, 0xFFFF, 0xFFFF, 0xFFFF, 
0xFFFF, 0xFFFF, 0xFFFF, 0xFFFF, 0xFFFF, 0xFFFF, 0xFFFF, 0xFFFF, 0xFFFF, 0xFFFF, 0xFFFF, 0xFFFF, 0xFFFF, 0xFFFF, 0xFFFF, 0xFFFF, 
0xFFFF, 0xFFFF, 0xFFFF, 0xFFFF, 0xFFFF, 0xFFFF, 0xFFFF, 0xFFFF, 0xFFFF, 0xFFFF, 0xFFFF, 0xFFFF, 0xFFFF, 0xFFFF, 0xFFFF, 0xFFFF, 
0xFFFF, 0xFFFF, 0xFFFF, 0xFFFF, 0xFFFF, 0xFFFF, 0xFFFF, 0xFFFF, 0xFFFF, 0xFFFF, 0xFFFF, 0xFFFF, 0xFFFF, 0xFFFF, 0xFFFF, 0xFFFF, 
0xFFFF, 0xFFFF, 0xFFFF, 0xFFFF, 0xFFFF, 0xFFFF, 0xFFFF, 0xFFFF, 0xFFFF, 0xFFFF, 0xFFFF, 0xFFFF, 0xFFFF, 0xFFFF, 0xFFFF, 0xFFFF, 
0xFFFF, 0xFFFF, 0xFFFF, 0xFFFF, 0xFFFF, 0xFFFF, 0xFFFF, 0xFFFF, 0xFFFF, 0xFFFF, 0xFFFF, 0xFFFF, 0xFFFF, 0xFFFF, 0xFFFF, 0xFFFF, 
0xFFFF, 0xFFFF, 0xFFFF, 0xFFFF, 0xFFFF, 0xFFFF, 0xFFFF, 0xFFFF, 0xFFFF, 0xFFFF, 0xFFFF, 0xFFFF, 0xFFFF, 0xFFFF, 0xFFFF, 0xFFFF, 
0xFFFF, 0xFFFF, 0xFFFF, 0xFFFF, 0xFFFF, 0xFFFF, 0xFFFF, 0xFFFF, 0xFFFF, 0xFFFF, 0xFFFF, 0xFFFF, 0xFFFF, 0xFFFF, 0xFFFF, 0xFFFF, 
0xFFFF, 0xFFFF, 0xFFFF, 0xFFFF, 0xFFFF, 0xFFFF, 0xFFFF, 0xFFFF, 0xFFFF, 0xFFFF, 0xFFFF, 0xFFFF, 0xFFFF, 0xFFFF, 0xFFFF, 0xFFFF, 
0xFFFF, 0xFFFF, 0xFFFF, 0xFFFF, 0xFFFF, 0xFFFF, 0xFFFF, 0xFFFF, 0xFFFF, 0xFFFF, 0xFFFF, 0xFFFF, 0xFFFF, 0xFFFF, 0xFFFF, 0xFFFF, 
0xFFFF, 0xFFFF, 0xFFFF, 0xFFFF, 0xFFFF, 0xFFFF, 0xFFFF, 0xFFFF, 0xFFFF, 0xFFFF, 0xFFFF, 0xFFFF, 0xFFFF, 0xFFFF, 0xFFFF, 0xFFFF, 
0xFFFF, 0xFFFF, 0xFFFF, 0xFFFF, 0xFFFF, 0xFFFF, 0xFFFF, 0xFFFF, 0xFFFF, 0xFFFF, 0xFFFF, 0xFFFF, 0xFFFF, 0xFFFF, 0xFFFF, 0xFFFF, 
0xFFFF, 0xFFFF, 0xFFFF, 0xFFFF, 0xFFFF, 0xFFFF, 0xFFFF, 0xFFFF, 0xFFFF, 0xFFFF, 0xFFFF, 0xFFFF, 0xFFFF, 0xFFFF, 0xFFFF, 0xFFFF, 
0xFFFF, 0xFFFF, 0xFFFF, 0xFFFF, 0xFFFF, 0xFFFF, 0xFFFF, 0xFFFF, 0xFFFF, 0xFFFF, 0xFFFF, 0xFFFF, 0xFFFF, 0xFFFF, 0xFFFF, 0xFFFF, 
0xFFFF, 0xFFFF, 0xFFFF, 0xFFFF, 0xFFFF, 0xFFFF, 0xFFFF, 0xFFFF, 0xFFFF, 0xFFFF, 0xFFFF, 0xFFFF, 0xFFFF, 0xFFFF, 0xFFFF, 0xFFFF, 
0xFFFF, 0xFFFF, 0xFFFF, 0xFFFF, 0xFFFF, 0xFFFF, 0xFFFF, 0xFFFF, 0xFFFF, 0xFFFF, 0xFFFF, 0xFFFF, 0xFFFF, 0xFFFF, 0xFFFF, 0xFFFF, 
0xFFFF, 0xFFFF, 0xFFFF, 0xFFFF, 0xFFFF, 0xFFFF, 0xFFFF, 0xFFFF, 0xFFFF, 0xFFFF, 0xFFFF, 0xFFFF, 0xFFFF, 0xFFFF, 0xFFFF, 0xFFFF, 
0xFFFF, 0xFFFF, 0xFFFF, 0xFFFF, 0xFFFF, 0xFFFF, 0xFFFF, 0xFFFF, 0xFFFF, 0xFFFF, 0xFFFF, 0xFFFF, 0xFFFF, 0xFFFF, 0xFFFF, 0xFFFF, 
0xFFFF, 0xFFFF, 0xFFFF, 0xFFFF, 0xFFFF, 0xFFFF, 0xFFFF, 0xFFFF, 0xFFFF, 0xFFFF, 0xFFFF, 0xFFFF, 0xFFFF, 0xFFFF, 0xFFFF, 0xFFFF, 
0xFFFF, 0xFFFF, 0xFFFF, 0xFFFF, 0xFFFF, 0xFFFF, 0xFFFF, 0xFFFF, 0xFFFF, 0xFFFF, 0xFFFF, 0xFFFF, 0xFFFF, 0xFFFF, 0xFFFF, 0xFFFF, 
0xFFFF, 0xFFFF, 0xFFFF, 0xFFFF, 0xFFFF, 0xFFFF, 0xFFFF, 0xFFFF, 0xFFFF, 0xFFFF, 0xFFFF, 0xFFFF, 0xFFFF, 0xFFFF, 0xFFFF, 0xFFFF, 
0xFFFF, 0xFFFF, 0xFFFF, 0xFFFF, 0xFFFF, 0xFFFF, 0xFFFF, 0xFFFF, 0xFFFF, 0xFFFF, 0xFFFF, 0xFFFF, 0xFFFF, 0xFFFF, 0xFFFF, 0xFFFF, 
0xFFFF, 0xFFFF, 0xFFFF, 0xFFFF, 0xFFFF, 0xFFFF, 0xFFFF, 0xFFFF, 0xFFFF, 0xFFFF, 0xFFFF, 0xFFFF, 0xFFFF, 0xFFFF, 0xFFFF, 0xFFFF, 
0xFFFF, 0xFFFF, 0xFFFF, 0xFFFF, 0xFFFF, 0xFFFF, 0xFFFF, 0xFFFF, 0xFFFF, 0xFFFF, 0xFFFF, 0xFFFF, 0xFFFF, 0xFFFF, 0xFFFF, 0xFFFF, 
0xFFFF, 0xFFFF, 0xFFFF, 0xFFFF, 0xFFFF, 0xFFFF, 0xFFFF, 0xFFFF, 0xFFFF, 0xFFFF, 0xFFFF, 0xFFFF, 0xFFFF, 0xFFFF, 0xFFFF, 0xFFFF, 
0xFFFF, 0xFFFF, 0xFFFF, 0xFFFF, 0xFFFF, 0xFFFF, 0xFFFF, 0xFFFF, 0xFFFF, 0xFFFF, 0xFFFF, 0xFFFF, 0xFFFF, 0xFFFF, 0xFFFF, 0xFFFF, 
0xFFFF, 0xFFFF, 0xFFFF, 0xFFFF, 0xFFFF, 0xFFFF, 0xFFFF, 0xFFFF, 0xFFFF, 0xFFFF, 0xFFFF, 0xFFFF, 0xFFFF, 0xFFFF, 0xFFFF, 0xFFFF, 
0xFFFF, 0xFFFF, 0xFFFF, 0xFFFF, 0xFFFF, 0xFFFF, 0xFFFF, 0xFFFF, 0xFFFF, 0xFFFF, 0xFFFF, 0xFFFF, 0xFFFF, 0xFFFF, 0xFFFF, 0xFFFF, 
0xFFFF, 0xFFFF, 0xFFFF, 0xFFFF, 0xFFFF, 0xFFFF, 0xFFFF, 0xFFFF, 0xFFFF, 0xFFFF, 0xFFFF, 0xFFFF, 0xFFFF, 0xFFFF, 0xFFFF, 0xFFFF, 
0xFFFF, 0xFFFF, 0xFFFF, 0xFFFF, 0xFFFF, 0xFFFF, 0xFFFF, 0xFFFF, 0xFFFF, 0xFFFF, 0xFFFF, 0xFFFF, 0xFFFF, 0xFFFF, 0xFFFF, 0xFFFF, 
0xFFFF, 0xFFFF, 0xFFFF, 0xFFFF, 0xFFFF, 0xFFFF, 0xFFFF, 0xFFFF, 0xFFFF, 0xFFFF, 0xFFFF, 0xFFFF, 0xFFFF, 0xFFFF, 0xFFFF, 0xFFFF, 
0xFFFF, 0xFFFF, 0xFFFF, 0xFFFF, 0xFFFF, 0xFFFF, 0xFFFF, 0xFFFF, 0xFFFF, 0xFFFF, 0xFFFF, 0xFFFF, 0xFFFF, 0xFFFF, 0xFFFF, 0xFFFF, 
0xFFFF, 0xFFFF, 0xFFFF, 0xFFFF, 0xFFFF, 0xFFFF, 0xFFFF, 0xFFFF, 0xFFFF, 0xFFFF, 0xFFFF, 0xFFFF, 0xFFFF, 0xFFFF, 0xFFFF, 0xFFFF, 
0xFFFF, 0xFFFF, 0xFFFF, 0xFFFF, 0xFFFF, 0xFFFF, 0xFFFF, 0xFFFF, 0xFFFF, 0xFFFF, 0xFFFF, 0xFFFF, 0xFFFF, 0xFFFF, 0xFFFF, 0xFFFF, 
0xFFFF, 0xFFFF, 0xFFFF, 0xFFFF, 0xFFFF, 0xFFFF, 0xFFFF, 0xFFFF, 0xFFFF, 0xFFFF, 0xFFFF, 0xFFFF, 0xFFFF, 0xFFFF, 0xFFFF, 0xFFFF, 
0xFFFF, 0xFFFF, 0xFFFF, 0xFFFF, 0xFFFF, 0xFFFF, 0xFFFF, 0xFFFF, 0xFFFF, 0xFFFF, 0xFFFF, 0xFFFF, 0xFFFF, 0xFFFF, 0xFFFF, 0xFFFF, 
0xFFFF, 0xFFFF, 0xFFFF, 0xFFFF, 0xFFFF, 0xFFFF, 0xFFFF, 0xFFFF, 0xFFFF, 0xFFFF, 0xFFFF, 0xFFFF, 0xFFFF, 0xFFFF, 0xFFFF, 0xFFFF, 
0xFFFF, 0xFFFF, 0xFFFF, 0xFFFF, 0xFFFF, 0xFFFF, 0xFFFF, 0xFFFF, 0xFFFF, 0xFFFF, 0xFFFF, 0xFFFF, 0xFFFF, 0xFFFF, 0xFFFF, 0xFFFF, 
0xFFFF, 0xFFFF, 0xFFFF, 0xFFFF, 0xFFFF, 0xFFFF, 0xFFFF, 0xFFFF, 0xFFFF, 0xFFFF, 0xFFFF, 0xFFFF, 0xFFFF, 0xFFFF, 0xFFFF, 0xFFFF, 
0xFFFF, 0xFFFF, 0xFFFF, 0xFFFF, 0xFFFF, 0xFFFF, 0xFFFF, 0xFFFF, 0xFFFF, 0xFFFF, 0xFFFF, 0xFFFF, 0xFFFF, 0xFFFF, 0xFFFF, 0xFFFF, 
0xFFFF, 0xFFFF, 0xFFFF, 0xFFFF, 0xFFFF, 0xFFFF, 0xFFFF, 0xFFFF, 0xFFFF, 0xFFFF, 0xFFFF, 0xFFFF, 0xFFFF, 0xFFFF, 0xFFFF, 0xFFFF, 
0xFFFF, 0xFFFF, 0xFFFF, 0xFFFF, 0xFFFF, 0xFFFF, 0xFFFF, 0xFFFF, 0xFFFF, 0xFFFF, 0xFFFF, 0xFFFF, 0xFFFF, 0xFFFF, 0xFFFF, 0xFFFF, 
0xFFFF, 0xFFFF, 0xFFFF, 0xFFFF, 0xFFFF, 0xFFFF, 0xFFFF, 0xFFFF, 0xFFFF, 0xFFFF, 0xFFFF, 0xFFFF, 0xFFFF, 0xFFFF, 0xFFFF, 0xFFFF, 
0xFFFF, 0xFFFF, 0xFFFF, 0xFFFF, 0xFFFF, 0xFFFF, 0xFFFF, 0xFFFF, 0xFFFF, 0xFFFF, 0xFFFF, 0xFFFF, 0xFFFF, 0xFFFF, 0xFFFF, 0xFFFF, 
0xFFFF, 0xFFFF, 0xFFFF, 0xFFFF, 0xFFFF, 0xFFFF, 0xFFFF, 0xFFFF, 0xFFFF, 0xFFFF, 0xFFFF, 0xFFFF, 0xFFFF, 0xFFFF, 0xFFFF, 0xFFFF, 
0xFFFF, 0xFFFF, 0xFFFF, 0xFFFF, 0xFFFF, 0xFFFF, 0xFFFF, 0xFFFF, 0xFFFF, 0xFFFF, 0xFFFF, 0xFFFF, 0xFFFF, 0xFFFF, 0xFFFF, 0xFFFF, 
0xFFFF, 0xFFFF, 0xFFFF, 0xFFFF, 0xFFFF, 0xFFFF, 0xFFFF, 0xFFFF, 0xFFFF, 0xFFFF, 0xFFFF, 0xFFFF, 0xFFFF, 0xFFFF, 0xFFFF, 0xFFFF, 
0xFFFF, 0xFFFF, 0xFFFF, 0xFFFF, 0xFFFF, 0xFFFF, 0xFFFF, 0xFFFF, 0xFFFF, 0xFFFF, 0xFFFF, 0xFFFF, 0xFFFF, 0xFFFF, 0xFFFF, 0xFFFF, 
0xFFFF, 0xFFFF, 0xFFFF, 0xFFFF, 0xFFFF, 0xFFFF, 0xFFFF, 0xFFFF, 0xFFFF, 0xFFFF, 0xFFFF, 0xFFFF, 0xFFFF, 0xFFFF, 0xFFFF, 0xFFFF, 
0xFFFF, 0xFFFF, 0xFFFF, 0xFFFF, 0xFFFF, 0xFFFF, 0xFFFF, 0xFFFF, 0xFFFF, 0xFFFF, 0xFFFF, 0xFFFF, 0xFFFF, 0xFFFF, 0xFFFF, 0xFFFF, 
0xFFFF, 0xFFFF, 0xFFFF, 0xFFFF, 0xFFFF, 0xFFFF, 0xFFFF, 0xFFFF, 0xFFFF, 0xFFFF, 0xFFFF, 0xFFFF, 0xFFFF, 0xFFFF, 0xFFFF, 0xFFFF, 
0xFFFF, 0xFFFF, 0xFFFF, 0xFFFF, 0xFFFF, 0xFFFF, 0xFFFF, 0xFFFF, 0xFFFF, 0xFFFF, 0xFFFF, 0xFFFF, 0xFFFF, 0xFFFF, 0xFFFF, 0xFFFF, 
0xFFFF, 0xFFFF, 0xFFFF, 0xFFFF, 0xFFFF, 0xFFFF, 0xFFFF, 0xFFFF, 0xFFFF, 0xFFFF, 0xFFFF, 0xFFFF, 0xFFFF, 0xFFFF, 0xFFFF, 0xFFFF, 
0xFFFF, 0xFFFF, 0xFFFF, 0xFFFF, 0xFFFF, 0xFFFF, 0xFFFF, 0xFFFF, 0xFFFF, 0xFFFF, 0xFFFF, 0xFFFF, 0xFFFF, 0xFFFF, 0xFFFF, 0xFFFF, 
0xFFFF, 0xFFFF, 0xFFFF, 0xFFFF, 0xFFFF, 0xFFFF, 0xFFFF, 0xFFFF, 0xFFFF, 0xFFFF, 0xFFFF, 0xFFFF, 0xFFFF, 0xFFFF, 0xFFFF, 0xFFFF, 
0xFFFF, 0xFFFF, 0xFFFF, 0xFFFF, 0xFFFF, 0xFFFF, 0xFFFF, 0xFFFF, 0xFFFF, 0xFFFF, 0xFFFF, 0xFFFF, 0xFFFF, 0xFFFF, 0xFFFF, 0xFFFF, 
0xFFFF, 0xFFFF, 0xFFFF, 0xFFFF, 0xFFFF, 0xFFFF, 0xFFFF, 0xFFFF, 0xFFFF, 0xFFFF, 0xFFFF, 0xFFFF, 0xFFFF, 0xFFFF, 0xFFFF, 0xFFFF, 
0xFFFF, 0xFFFF, 0xFFFF, 0xFFFF, 0xFFFF, 0xFFFF, 0xFFFF, 0xFFFF, 0xFFFF, 0xFFFF, 0xFFFF, 0xFFFF, 0xFFFF, 0xFFFF, 0xFFFF, 0xFFFF, 
0xFFFF, 0xFFFF, 0xFFFF, 0xFFFF, 0xFFFF, 0xFFFF, 0xFFFF, 0xFFFF, 0xFFFF, 0xFFFF, 0xFFFF, 0xFFFF, 0xFFFF, 0xFFFF, 0xFFFF, 0xFFFF, 
0xFFFF, 0xFFFF, 0xFFFF, 0xFFFF, 0xFFFF, 0xFFFF, 0xFFFF, 0xFFFF, 0xFFFF, 0xFFFF, 0xFFFF, 0xFFFF, 0xFFFF, 0xFFFF, 0xFFFF, 0xFFFF, 
0xFFFF, 0xFFFF, 0xFFFF, 0xFFFF, 0xFFFF, 0xFFFF, 0xFFFF, 0xFFFF, 0xFFFF, 0xFFFF, 0xFFFF, 0xFFFF, 0xFFFF, 0xFFFF, 0xFFFF, 0xFFFF, 
0xFFFF, 0xFFFF, 0xFFFF, 0xFFFF, 0xFFFF, 0xFFFF, 0xFFFF, 0xFFFF, 0xFFFF, 0xFFFF, 0xFFFF, 0xFFFF, 0xFFFF, 0xFFFF, 0xFFFF, 0xFFFF, 
0xFFFF, 0xFFFF, 0xFFFF, 0xFFFF, 0xFFFF, 0xFFFF, 0xFFFF, 0xFFFF, 0xFFFF, 0xFFFF, 0xFFFF, 0xFFFF, 0xFFFF, 0xFFFF, 0xFFFF, 0xFFFF, 
0xFFFF, 0xFFFF, 0xFFFF, 0xFFFF, 0xFFFF, 0xFFFF, 0xFFFF, 0xFFFF, 0xFFFF, 0xFFFF, 0xFFFF, 0xFFFF, 0xFFFF, 0xFFFF, 0xFFFF, 0xFFFF, 
0xFFFF, 0xFFFF, 0xFFFF, 0xFFFF, 0xFFFF, 0xFFFF, 0xFFFF, 0xFFFF, 0xFFFF, 0xFFFF, 0xFFFF, 0xFFFF, 0xFFFF, 0xFFFF, 0xFFFF, 0xFFFF, 
0xFFFF, 0xFFFF, 0xFFFF, 0xFFFF, 0xFFFF, 0xFFFF, 0xFFFF, 0xFFFF, 0xFFFF, 0xFFFF, 0xFFFF, 0xFFFF, 0xFFFF, 0xFFFF, 0xFFFF, 0xFFFF, 
0xFFFF, 0xFFFF, 0xFFFF, 0xFFFF, 0xFFFF, 0xFFFF, 0xFFFF, 0xFFFF, 0xFFFF, 0xFFFF, 0xFFFF, 0xFFFF, 0xFFFF, 0xFFFF, 0xFFFF, 0xFFFF, 
0xFFFF, 0xFFFF, 0xFFFF, 0xFFFF, 0xFFFF, 0xFFFF, 0xFFFF, 0xFFFF, 0xFFFF, 0xFFFF, 0xFFFF, 0xFFFF, 0xFFFF, 0xFFFF, 0xFFFF, 0xFFFF, 
0xFFFF, 0xFFFF, 0xFFFF, 0xFFFF, 0xFFFF, 0xFFFF, 0xFFFF, 0xFFFF, 0xFFFF, 0xFFFF, 0xFFFF, 0xFFFF, 0xFFFF, 0xFFFF, 0xFFFF, 0xFFFF, 
0xFFFF, 0xFFFF, 0xFFFF, 0xFFFF, 0xFFFF, 0xFFFF, 0xFFFF, 0xFFFF, 0xFFFF, 0xFFFF, 0xFFFF, 0xFFFF, 0xFFFF, 0xFFFF, 0xFFFF, 0xFFFF, 
0xFFFF, 0xFFFF, 0xFFFF, 0xFFFF, 0xFFFF, 0xFFFF, 0xFFFF, 0xFFFF, 0xFFFF, 0xFFFF, 0xFFFF, 0xFFFF, 0xFFFF, 0xFFFF, 0xFFFF, 0xFFFF, 
0xFFFF, 0xFFFF, 0xFFFF, 0xFFFF, 0xFFFF, 0xFFFF, 0xFFFF, 0xFFFF, 0xFFFF, 0xFFFF, 0xFFFF, 0xFFFF, 0xFFFF, 0xFFFF, 0xFFFF, 0xFFFF, 
0xFFFF, 0xFFFF, 0xFFFF, 0xFFFF, 0xFFFF, 0xFFFF, 0xFFFF, 0xFFFF, 0xFFFF, 0xFFFF, 0xFFFF, 0xFFFF, 0xFFFF, 0xFFFF, 0xFFFF, 0xFFFF, 
0xFFFF, 0xFFFF, 0xFFFF, 0xFFFF, 0xFFFF, 0xFFFF, 0xFFFF, 0xFFFF, 0xFFFF, 0xFFFF, 0xFFFF, 0xFFFF, 0xFFFF, 0xFFFF, 0xFFFF, 0xFFFF, 
0xFFFF, 0xFFFF, 0xFFFF, 0xFFFF, 0xFFFF, 0xFFFF, 0xFFFF, 0xFFFF, 0xFFFF, 0xFFFF, 0xFFFF, 0xFFFF, 0xFFFF, 0xFFFF, 0xFFFF, 0xFFFF, 
0xFFFF, 0xFFFF, 0xFFFF, 0xFFFF, 0xFFFF, 0xFFFF, 0xFFFF, 0xFFFF, 0xFFFF, 0xFFFF, 0xFFFF, 0xFFFF, 0xFFFF, 0xFFFF, 0xFFFF, 0xFFFF, 
0xFFFF, 0xFFFF, 0xFFFF, 0xFFFF, 0xFFFF, 0xFFFF, 0xFFFF, 0xFFFF, 0xFFFF, 0xFFFF, 0xFFFF, 0xFFFF, 0xFFFF, 0xFFFF, 0xFFFF, 0xFFFF, 
0xFFFF, 0xFFFF, 0xFFFF, 0xFFFF, 0xFFFF, 0xFFFF, 0xFFFF, 0xFFFF, 0xFFFF, 0xFFFF, 0xFFFF, 0xFFFF, 0xFFFF, 0xFFFF, 0xFFFF, 0xFFFF, 
0xFFFF, 0xFFFF, 0xFFFF, 0xFFFF, 0xFFFF, 0xFFFF, 0xFFFF, 0xFFFF, 0xFFFF, 0xFFFF, 0xFFFF, 0xFFFF, 0xFFFF, 0xFFFF, 0xFFFF, 0xFFFF, 
0xFFFF, 0xFFFF, 0xFFFF, 0xFFFF, 0xFFFF, 0xFFFF, 0xFFFF, 0xFFFF, 0xFFFF, 0xFFFF, 0xFFFF, 0xFFFF, 0xFFFF, 0xFFFF, 0xFFFF, 0xFFFF, 
0xFFFF, 0xFFFF, 0xFFFF, 0xFFFF, 0xFFFF, 0xFFFF, 0xFFFF, 0xFFFF, 0xFFFF, 0xFFFF, 0xFFFF, 0xFFFF, 0xFFFF, 0xFFFF, 0xFFFF, 0xFFFF, 
0xFFFF, 0xFFFF, 0xFFFF, 0xFFFF, 0xFFFF, 0xFFFF, 0xFFFF, 0xFFFF, 0xFFFF, 0xFFFF, 0xFFFF, 0xFFFF, 0xFFFF, 0xFFFF, 0xFFFF, 0xFFFF, 
0xFFFF, 0xFFFF, 0xFFFF, 0xFFFF, 0xFFFF, 0xFFFF, 0xFFFF, 0xFFFF, 0xFFFF, 0xFFFF, 0xFFFF, 0xFFFF, 0xFFFF, 0xFFFF, 0xFFFF, 0xFFFF, 
0xFFFF, 0xFFFF, 0xFFFF, 0xFFFF, 0xFFFF, 0xFFFF, 0xFFFF, 0xFFFF, 0xFFFF, 0xFFFF, 0xFFFF, 0xFFFF, 0xFFFF, 0xFFFF, 0xFFFF, 0xFFFF, 
0xFFFF, 0xFFFF, 0xFFFF, 0xFFFF, 0xFFFF, 0xFFFF, 0xFFFF, 0xFFFF, 0xFFFF, 0xFFDF, 0xFFFF, 0xFFFF, 0xFFFF, 0xFFFF, 0xFFFF, 0xFFFF, 
0xFFFF, 0xFFFF, 0xFFFF, 0xFFFF, 0xFFFF, 0xFFFF, 0xFFFF, 0xFFFF, 0xFFFF, 0xFFFF, 0xFFFF, 0xFFFF, 0xFFFF, 0xFFFF, 0xFFFF, 0xFFFF, 
0xFFFF, 0xFFFF, 0xFFFF, 0xFFFF, 0xFFFF, 0xFFFF, 0xFFFF, 0xFFFF, 0xFFFF, 0xFFFF, 0xFFFF, 0xFFFF, 0xFFFF, 0xFFFF, 0xFFFF, 0xFFFF, 
0xFFFF, 0xFFFF, 0xFFFF, 0xFFFF, 0xFFFF, 0xFFFF, 0xFFFF, 0xFFFF, 0xFFFF, 0xFFFF, 0xFFFF, 0xFFFF, 0xFFFF, 0xFFFF, 0xFFFF, 0xFFFF, 
0xFFFF, 0xFFFF, 0xFFFF, 0xFFFF, 0xFFFF, 0xFFFF, 0xFFFF, 0xFFFF, 0xFFFF, 0xFFFF, 0xFFFF, 0xFFFF, 0xFFFF, 0xFFFF, 0xFFFF, 0xFFFF, 
0xFFFF, 0xFFFF, 0xFFFF, 0xFFFF, 0xFFFF, 0xFFFF, 0xFFFF, 0xFFFF, 0xFFFF, 0xFFFF, 0xFFFF, 0xFFFF, 0xFFFF, 0xFFFF, 0xFFFF, 0xFFFF, 
0xFFFF, 0xFFFF, 0xFFFF, 0xFFFF, 0xFFFF, 0xFFFF, 0xFFFF, 0xFFFF, 0xFFFF, 0xFFFF, 0xFFFF, 0xFFFF, 0xFFFF, 0xFFFF, 0xFFFF, 0xFFFF, 
0xFFFF, 0xFFFF, 0xFFFF, 0xFFFF, 0xFFFF, 0xFFFF, 0xFFFF, 0xFFFF, 0xFFFF, 0xFFFF, 0xFFFF, 0xFFFF, 0xFFFF, 0xFFFF, 0xFFFF, 0xFFFF, 
0xFFFF, 0xFFFF, 0xFFFF, 0xFFFF, 0xFFFF, 0xFFFF, 0xFFFF, 0xFFFF, 0xFFFF, 0xFFFF, 0xFFFF, 0xFFFF, 0xFFFF, 0xFFFF, 0xFFFF, 0xFFFF, 
0xFFFF, 0xFFFF, 0xFFFF, 0xFFFF, 0xFFFF, 0xFFFF, 0xFFFF, 0xFFFF, 0xFFFF, 0xFFFF, 0xFFFF, 0xFFFF, 0xFFFF, 0xFFFF, 0xFFFF, 0xFFFF, 
0xFFFF, 0xFFFF, 0xFFFF, 0xFFFF, 0xFFFF, 0xFFFF, 0xFFFF, 0xFFFF, 0xFFFF, 0xFFFF, 0xFFFF, 0xFFDE, 0xFFFF, 0xFFDF, 0xFFDE, 0xFFFF, 
0xFFFF, 0xFFFF, 0xFFFF, 0xFFFF, 0xFFFF, 0xFFFF, 0xFFFF, 0xFFFF, 0xFFFF, 0xFFFF, 0xFFFF, 0xFFFF, 0xFFFF, 0xFFFF, 0xFFFF, 0xFFFF, 
0xFFFF, 0xFFFF, 0xFFFF, 0xFFFF, 0xFFFF, 0xFFFF, 0xFFFF, 0xFFFF, 0xFFFF, 0xFFFF, 0xFFFF, 0xFFFF, 0xFFFF, 0xFFFF, 0xFFFF, 0xFFFF, 
0xFFFF, 0xFFFF, 0xFFFF, 0xFFFF, 0xFFFF, 0xFFFF, 0xFFFF, 0xFFFF, 0xFFFF, 0xFFFF, 0xFFFF, 0xFFFF, 0xFFFF, 0xFFFF, 0xFFFF, 0xFFFF, 
0xFFFF, 0xFFFF, 0xFFFF, 0xFFFF, 0xFFFF, 0xFFFF, 0xFFFF, 0xFFFF, 0xFFFF, 0xFFFF, 0xFFFF, 0xFFFF, 0xFFFF, 0xFFFF, 0xFFFF, 0xFFFF, 
0xFFFF, 0xFFFF, 0xFFFF, 0xFFFF, 0xFFFF, 0xFFFF, 0xFFFF, 0xFFFF, 0xFFFF, 0xFFFF, 0xFFFF, 0xFFFF, 0xFFFF, 0xFFFF, 0xFFFF, 0xFFFF, 
0xFFFF, 0xFFFF, 0xFFFF, 0xFFFF, 0xFFFF, 0xFFFF, 0xFFFF, 0xFFFF, 0xFFFF, 0xFFFF, 0xFFFF, 0xFFFF, 0xFFFF, 0xFFFF, 0xFFFF, 0xFFFF, 
0xFFFF, 0xFFFF, 0xFFFF, 0xFFFF, 0xFFFF, 0xFFFF, 0xFFFF, 0xFFFF, 0xFFFF, 0xFFFF, 0xFFFF, 0xFFFF, 0xFFFF, 0xFFFF, 0xFFFF, 0xFFFF, 
0xFFFF, 0xFFFF, 0xFFFF, 0xFFFF, 0xFFFF, 0xFFFF, 0xFFFF, 0xFFFF, 0xFFFF, 0xFFFF, 0xFFFF, 0xFFFF, 0xFFFF, 0xFFFF, 0xFFFF, 0xFFFF, 
0xFFFF, 0xFFFF, 0xFFFF, 0xFFFF, 0xFFFF, 0xFFFF, 0xFFFF, 0xFFFF, 0xFFFF, 0xFFFF, 0xFFFF, 0xFFFF, 0xFFFF, 0xFFFF, 0xFFFF, 0xFFFF, 
0xFFFF, 0xFFFF, 0xFFFF, 0xFFFF, 0xFFFF, 0xFFFF, 0xFFFF, 0xFFFF, 0xFFFF, 0xFFFF, 0xFFFF, 0xFFBE, 0xFFFF, 0xFFFF, 0xFFDE, 0xFFFF, 
0xFFFF, 0xFFFF, 0xFFFF, 0xFFFF, 0xFFFF, 0xFFFF, 0xFFFF, 0xFFFF, 0xFFFF, 0xFFFF, 0xFFFF, 0xFFFF, 0xFFFF, 0xFFFF, 0xFFFF, 0xFFFF, 
0xFFFF, 0xFFFF, 0xFFFF, 0xFFFF, 0xFFFF, 0xFFFF, 0xFFFF, 0xFFFF, 0xFFFF, 0xFFFF, 0xFFFF, 0xFFFF, 0xFFFF, 0xFFFF, 0xFFFF, 0xFFFF, 
0xFFFF, 0xFFFF, 0xFFFF, 0xFFFF, 0xFFFF, 0xFFFF, 0xFFFF, 0xFFFF, 0xFFFF, 0xFFFF, 0xFFFF, 0xFFFF, 0xFFFF, 0xFFFF, 0xFFFF, 0xFFFF, 
0xFFFF, 0xFFFF, 0xFFFF, 0xFFFF, 0xFFFF, 0xFFFF, 0xFFFF, 0xFFFF, 0xFFFF, 0xFFFF, 0xFFFF, 0xFFFF, 0xFFFF, 0xFFFF, 0xFFFF, 0xFFFF, 
0xFFFF, 0xFFFF, 0xFFFF, 0xFFFF, 0xFFFF, 0xFFFF, 0xFFFF, 0xFFFF, 0xFFFF, 0xFFFF, 0xFFFF, 0xFFFF, 0xFFFF, 0xFFFF, 0xFFFF, 0xFFFF, 
0xFFFF, 0xFFFF, 0xFFFF, 0xFFFF, 0xFFFF, 0xFFFF, 0xFFFF, 0xFFFF, 0xFFFF, 0xFFFF, 0xFFFF, 0xFFFF, 0xFFFF, 0xFFFF, 0xFFFF, 0xFFFF, 
0xFFFF, 0xFFFF, 0xFFFF, 0xFFFF, 0xFFFF, 0xFFFF, 0xFFFF, 0xFFFF, 0xFFFF, 0xFFFF, 0xFFFF, 0xFFFF, 0xFFFF, 0xFFFF, 0xFFFF, 0xFFFF, 
0xFFFF, 0xFFFF, 0xFFFF, 0xFFFF, 0xFFFF, 0xFFFF, 0xFFFF, 0xFFFF, 0xFFFF, 0xFFFF, 0xFFFF, 0xFFFF, 0xFFFF, 0xFFFF, 0xFFFF, 0xFFFF, 
0xFFFF, 0xFFFF, 0xFFFF, 0xFFFF, 0xFFFF, 0xFFFF, 0xFFFF, 0xFFFF, 0xFFFF, 0xFFFF, 0xFFFF, 0xFFFF, 0xFFFF, 0xFFFF, 0xFFFF, 0xFFFF, 
0xFFFF, 0xFFFF, 0xFFFF, 0xFFFF, 0xFFFF, 0xFFFF, 0xFFFF, 0xFFFF, 0xFFFE, 0xD616, 0xB4F1, 0xA46F, 0xA4B0, 0xEEF9, 0xFFFE, 0xFFFF, 
0xFFFF, 0xFFFF, 0xFFFF, 0xFFFF, 0xFFFF, 0xFFFF, 0xFFFF, 0xFFFF, 0xFFFF, 0xFFFF, 0xFFFF, 0xFFFF, 0xFFFF, 0xFFFF, 0xFFFF, 0xFFFF, 
0xFFFF, 0xFFFF, 0xFFFF, 0xFFFF, 0xFFFF, 0xFFFF, 0xFFFF, 0xFFFF, 0xFFFF, 0xFFFF, 0xFFFF, 0xFFFF, 0xFFFF, 0xFFFF, 0xFFFF, 0xFFFF, 
0xFFFF, 0xFFFF, 0xFFFF, 0xFFFF, 0xFFFF, 0xFFFF, 0xFFFF, 0xFFFF, 0xFFFF, 0xFFFF, 0xFFFF, 0xFFFF, 0xFFFF, 0xFFFF, 0xFFFF, 0xFFFF, 
0xFFFF, 0xFFFF, 0xFFFF, 0xFFFF, 0xFFFF, 0xFFFF, 0xFFFF, 0xFFFF, 0xFFFF, 0xFFFF, 0xFFFF, 0xFFFF, 0xFFFF, 0xFFFF, 0xFFFF, 0xFFFF, 
0xFFFF, 0xFFFF, 0xFFFF, 0xFFFF, 0xFFFF, 0xFFFF, 0xFFFF, 0xFFFF, 0xFFFF, 0xFFFF, 0xFFFF, 0xFFFF, 0xFFFF, 0xFFFF, 0xFFFF, 0xFFFF, 
0xFFFF, 0xFFFF, 0xFFFF, 0xFFFF, 0xFFFF, 0xFFFF, 0xFFFF, 0xFFFF, 0xFFFF, 0xFFFF, 0xFFFF, 0xFFFF, 0xFFFF, 0xFFFF, 0xFFFF, 0xFFFF, 
0xFFFF, 0xFFFF, 0xFFFF, 0xFFFF, 0xFFFF, 0xFFFF, 0xFFFF, 0xFFFF, 0xFFFF, 0xFFFF, 0xFFFF, 0xFFFF, 0xFFFF, 0xFFFF, 0xFFFF, 0xFFFF, 
0xFFFF, 0xFFFF, 0xFFFF, 0xFFFF, 0xFFFF, 0xFFFF, 0xFFFF, 0xFFFF, 0xFFFF, 0xFFFF, 0xFFFF, 0xFFFF, 0xFFFF, 0xFFFF, 0xFFFF, 0xFFFF, 
0xFFFF, 0xFFFF, 0xFFFF, 0xFFFF, 0xFFFF, 0xFFFF, 0xFFFF, 0xFFFF, 0xFFFF, 0xFFFF, 0xFFFF, 0xFFFF, 0xFFFF, 0xFFDF, 0xFFFF, 0xFFFF, 
0xFFFF, 0xFFFF, 0xFFFF, 0xFFFF, 0xFFDF, 0xFFFF, 0xFFDF, 0xFFFF, 0xF6D7, 0xAC0B, 0xDD90, 0xEDF2, 0xD550, 0x9BCB, 0xEED9, 0xFFFF, 
0xFFFF, 0xFFFF, 0xFFFF, 0xFFFF, 0xFFFF, 0xFFFF, 0xFFFF, 0xFFFF, 0xFFFF, 0xFFFF, 0xFFFF, 0xFFFF, 0xFFFF, 0xFFFF, 0xFFFF, 0xFFFF, 
0xFFFF, 0xFFFF, 0xFFFF, 0xFFFF, 0xFFFF, 0xFFFF, 0xFFFF, 0xFFFF, 0xFFFF, 0xFFFF, 0xFFFF, 0xFFFF, 0xFFFF, 0xFFFF, 0xFFFF, 0xFFFF, 
0xFFFF, 0xFFFF, 0xFFFF, 0xFFFF, 0xFFFF, 0xFFFF, 0xFFFF, 0xFFFF, 0xFFFF, 0xFFFF, 0xFFFF, 0xFFFF, 0xFFFF, 0xFFFF, 0xFFFF, 0xFFFF, 
0xFFFF, 0xFFFF, 0xFFFF, 0xFFFF, 0xFFFF, 0xFFFF, 0xFFFF, 0xFFFF, 0xFFFF, 0xFFFF, 0xFFFF, 0xFFFF, 0xFFFF, 0xFFFF, 0xFFFF, 0xFFFF, 
0xFFFF, 0xFFFF, 0xFFFF, 0xFFFF, 0xFFFF, 0xFFFF, 0xFFFF, 0xFFFF, 0xFFFF, 0xFFFF, 0xFFFF, 0xFFFF, 0xFFFF, 0xFFFF, 0xFFFF, 0xFFFF, 
0xFFFF, 0xFFFF, 0xFFFF, 0xFFFF, 0xFFFF, 0xFFFF, 0xFFFF, 0xFFFF, 0xFFFF, 0xFFFF, 0xFFFF, 0xFFFF, 0xFFFF, 0xFFFF, 0xFFFF, 0xFFFF, 
0xFFFF, 0xFFFF, 0xFFFF, 0xFFFF, 0xFFFF, 0xFFFF, 0xFFFF, 0xFFFF, 0xFFFF, 0xFFFF, 0xFFFF, 0xFFFF, 0xFFFF, 0xFFFF, 0xFFFF, 0xFFFF, 
0xFFFF, 0xFFFF, 0xFFFF, 0xFFFF, 0xFFFF, 0xFFFF, 0xFFFF, 0xFFFF, 0xFFFF, 0xFFFF, 0xFFFF, 0xFFFF, 0xFFFF, 0xFFFF, 0xFFFF, 0xFFFF, 
0xFFFF, 0xFFFF, 0xFFFF, 0xFFFF, 0xFFFF, 0xFFFF, 0xFFFF, 0xFFFF, 0xFFFF, 0xFFDF, 0xFF7C, 0xD5D5, 0xC594, 0xCDD5, 0xE678, 0xFF7C, 
0xFFFE, 0xFFDE, 0xFFFF, 0xFFDF, 0xFFFF, 0xFFFF, 0xFFFF, 0xFFDE, 0xB46D, 0xE590, 0xFE32, 0xFDD1, 0xFE11, 0xDD4F, 0x93AB, 0xEEB9, 
0xFFFF, 0xFFFF, 0xFFFF, 0xFFDF, 0xFFFF, 0xFFFF, 0xFFFF, 0xFFFF, 0xFFFF, 0xFFFF, 0xFFFF, 0xFFFF, 0xFFFF, 0xFFFF, 0xFFFF, 0xFFFF, 
0xFFFF, 0xFFFF, 0xFFFF, 0xFFFF, 0xFFFF, 0xFFFF, 0xFFFF, 0xFFFF, 0xFFFF, 0xFFFF, 0xFFFF, 0xFFFF, 0xFFFF, 0xFFFF, 0xFFFF, 0xFFFF, 
0xFFFF, 0xFFFF, 0xFFFF, 0xFFFF, 0xFFFF, 0xFFFF, 0xFFFF, 0xFFFF, 0xFFFF, 0xFFFF, 0xFFFF, 0xFFFF, 0xFFFF, 0xFFFF, 0xFFFF, 0xFFFF, 
0xFFFF, 0xFFFF, 0xFFFF, 0xFFFF, 0xFFFF, 0xFFFF, 0xFFFF, 0xFFFF, 0xFFFF, 0xFFFF, 0xFFFF, 0xFFFF, 0xFFFF, 0xFFFF, 0xFFFF, 0xFFFF, 
0xFFFF, 0xFFFF, 0xFFFF, 0xFFFF, 0xFFFF, 0xFFFF, 0xFFFF, 0xFFFF, 0xFFFF, 0xFFFF, 0xFFFF, 0xFFFF, 0xFFFF, 0xFFFF, 0xFFFF, 0xFFFF, 
0xFFFF, 0xFFFF, 0xFFFF, 0xFFFF, 0xFFFF, 0xFFFF, 0xFFFF, 0xFFFF, 0xFFFF, 0xFFFF, 0xFFFF, 0xFFFF, 0xFFFF, 0xFFFF, 0xFFFF, 0xFFFF, 
0xFFFF, 0xFFFF, 0xFFFF, 0xFFFF, 0xFFFF, 0xFFFF, 0xFFFF, 0xFFFF, 0xFFFF, 0xFFFF, 0xFFFF, 0xFFFF, 0xFFFF, 0xFFFF, 0xFFFF, 0xFFFF, 
0xFFFF, 0xFFFF, 0xFFFF, 0xFFFF, 0xFFFF, 0xFFFF, 0xFFFF, 0xFFFF, 0xFFFF, 0xFFFF, 0xFFFF, 0xFFFF, 0xFFFF, 0xFFFF, 0xFFFF, 0xFFFF, 
0xFFFF, 0xFFFF, 0xFFFF, 0xFFFF, 0xFFFF, 0xFFFF, 0xFFFF, 0xFFFF, 0xFFFF, 0xFFFE, 0xAC4E, 0xABCB, 0xBC4C, 0xB40B, 0xB40B, 0xA3CA, 
0xD572, 0xFFBC, 0xFFFF, 0xFFFF, 0xFFFF, 0xFFFF, 0xFFFF, 0xFF5B, 0xAC0B, 0xF612, 0xF5D1, 0xF5F1, 0xFDF1, 0xFE12, 0xE591, 0x9B8A, 
0xFF5B, 0xFFFF, 0xFFDE, 0xFFFF, 0xFFFF, 0xFFFF, 0xFFFF, 0xFFFF, 0xFFFF, 0xFFFF, 0xFFFF, 0xFFFF, 0xFFFF, 0xFFFF, 0xFFFF, 0xFFFF, 
0xFFFF, 0xFFFF, 0xFFFF, 0xFFFF, 0xFFFF, 0xFFFF, 0xFFFF, 0xFFFF, 0xFFFF, 0xFFFF, 0xFFFF, 0xFFFF, 0xFFFF, 0xFFFF, 0xFFFF, 0xFFFF, 
0xFFFF, 0xFFFF, 0xFFFF, 0xFFFF, 0xFFFF, 0xFFFF, 0xFFFF, 0xFFFF, 0xFFFF, 0xFFFF, 0xFFFF, 0xFFFF, 0xFFFF, 0xFFFF, 0xFFFF, 0xFFFF, 
0xFFFF, 0xFFFF, 0xFFFF, 0xFFFF, 0xFFFF, 0xFFFF, 0xFFFF, 0xFFFF, 0xFFFF, 0xFFFF, 0xFFFF, 0xFFFF, 0xFFFF, 0xFFFF, 0xFFFF, 0xFFFF, 
0xFFFF, 0xFFFF, 0xFFFF, 0xFFFF, 0xFFFF, 0xFFFF, 0xFFFF, 0xFFFF, 0xFFFF, 0xFFFF, 0xFFFF, 0xFFFF, 0xFFFF, 0xFFFF, 0xFFFF, 0xFFFF, 
0xFFFF, 0xFFFF, 0xFFFF, 0xFFFF, 0xFFFF, 0xFFFF, 0xFFFF, 0xFFFF, 0xFFFF, 0xFFFF, 0xFFFF, 0xFFFF, 0xFFFF, 0xFFFF, 0xFFFF, 0xFFFF, 
0xFFFF, 0xFFFF, 0xFFFF, 0xFFFF, 0xFFFF, 0xFFFF, 0xFFFF, 0xFFFF, 0xFFFF, 0xFFFF, 0xFFFF, 0xFFFF, 0xFFFF, 0xFFFF, 0xFFFF, 0xFFFF, 
0xFFFF, 0xFFFF, 0xFFFF, 0xFFFF, 0xFFFF, 0xFFFF, 0xFFFF, 0xFFFF, 0xFFFF, 0xFFFF, 0xFFFF, 0xFFFF, 0xFFFF, 0xFFFF, 0xFFFF, 0xFFFF, 
0xFFFF, 0xFFFF, 0xFFFF, 0xFFFF, 0xFFFF, 0xFFFF, 0xFFFF, 0xFFFF, 0xFFDE, 0xFFFD, 0xA3CB, 0xCC6C, 0xDD2E, 0xE50D, 0xDCED, 0xD4CD, 
0xB44C, 0xAC6E, 0xF73B, 0xFFFE, 0xFFBD, 0xFFBD, 0xFFDE, 0xDDF5, 0xC48D, 0xF612, 0xEDB1, 0xF5F2, 0xF5B1, 0xF5B0, 0xFE12, 0xCCAD, 
0xAC6E, 0xFFDD, 0xFFFE, 0xFFFF, 0xFFFF, 0xFFFF, 0xFFFF, 0xFFFF, 0xFFFF, 0xFFFF, 0xFFFF, 0xFFFF, 0xFFDF, 0xFFDF, 0xFFFF, 0xFFFF, 
0xFFFF, 0xFFFF, 0xFFFF, 0xFFFF, 0xFFFF, 0xFFFF, 0xFFFF, 0xFFFF, 0xFFFF, 0xFFFF, 0xFFFF, 0xFFFF, 0xFFFF, 0xFFFF, 0xFFFF, 0xFFFF, 
0xFFFF, 0xFFFF, 0xFFFF, 0xFFFF, 0xFFFF, 0xFFFF, 0xFFFF, 0xFFFF, 0xFFFF, 0xFFFF, 0xFFFF, 0xFFFF, 0xFFFF, 0xFFFF, 0xFFFF, 0xFFFF, 
0xFFFF, 0xFFFF, 0xFFFF, 0xFFFF, 0xFFFF, 0xFFFF, 0xFFFF, 0xFFFF, 0xFFFF, 0xFFFF, 0xFFFF, 0xFFFF, 0xFFFF, 0xFFFF, 0xFFFF, 0xFFFF, 
0xFFFF, 0xFFFF, 0xFFFF, 0xFFFF, 0xFFFF, 0xFFFF, 0xFFFF, 0xFFFF, 0xFFFF, 0xFFFF, 0xFFFF, 0xFFFF, 0xFFFF, 0xFFFF, 0xFFFF, 0xFFFF, 
0xFFFF, 0xFFFF, 0xFFFF, 0xFFFF, 0xFFFF, 0xFFFF, 0xFFFF, 0xFFFF, 0xFFFF, 0xFFFF, 0xFFFF, 0xFFFF, 0xFFFF, 0xFFFF, 0xFFFF, 0xFFFF, 
0xFFFF, 0xFFFF, 0xFFFF, 0xFFFF, 0xFFFF, 0xFFFF, 0xFFFF, 0xFFFF, 0xFFFF, 0xFFFF, 0xFFFF, 0xFFFF, 0xFFFF, 0xFFFF, 0xFFFF, 0xFFFF, 
0xFFFF, 0xFFFF, 0xFFFF, 0xFFFF, 0xFFFF, 0xFFFF, 0xFFFF, 0xFFFF, 0xFFFF, 0xFFFF, 0xFFFF, 0xFFFF, 0xFFFF, 0xFFFF, 0xFFFF, 0xFFFF, 
0xFFFF, 0xFFFF, 0xFFFF, 0xFFFF, 0xFFFF, 0xFFFF, 0xFFFF, 0xFFFF, 0xFFFF, 0xFFDD, 0xAC2D, 0xBC4C, 0xDD2E, 0xE54E, 0xCCCD, 0xC48D, 
0xABAA, 0x7AA7, 0x7B09, 0x6267, 0x62A7, 0x5A46, 0x72A8, 0x934A, 0xDD2F, 0xFE12, 0xF5D1, 0xF5F2, 0xF5D0, 0xFDF0, 0xFDF0, 0xF5F1, 
0xA3EB, 0xE656, 0xFFFE, 0xFFFE, 0xFFDF, 0xFFFF, 0xFFFF, 0xFFFF, 0xFFFF, 0xFFFF, 0xFFFF, 0xFFFF, 0xFFFF, 0xFFFF, 0xFFFF, 0xFFFF, 
0xFFFF, 0xFFFF, 0xFFFF, 0xFFFF, 0xFFFF, 0xFFFF, 0xFFFF, 0xFFFF, 0xFFFF, 0xFFFF, 0xFFFF, 0xFFFF, 0xFFFF, 0xFFFF, 0xFFFF, 0xFFFF, 
0xFFFF, 0xFFFF, 0xFFFF, 0xFFFF, 0xFFFF, 0xFFFF, 0xFFFF, 0xFFFF, 0xFFFF, 0xFFFF, 0xFFFF, 0xFFFF, 0xFFFF, 0xFFFF, 0xFFFF, 0xFFFF, 
0xFFFF, 0xFFFF, 0xFFFF, 0xFFFF, 0xFFFF, 0xFFFF, 0xFFFF, 0xFFFF, 0xFFFF, 0xFFFF, 0xFFFF, 0xFFFF, 0xFFFF, 0xFFFF, 0xFFFF, 0xFFFF, 
0xFFFF, 0xFFFF, 0xFFFF, 0xFFFF, 0xFFFF, 0xFFFF, 0xFFFF, 0xFFFF, 0xFFFF, 0xFFFF, 0xFFFF, 0xFFFF, 0xFFFF, 0xFFFF, 0xFFFF, 0xFFFF, 
0xFFFF, 0xFFFF, 0xFFFF, 0xFFFF, 0xFFFF, 0xFFFF, 0xFFFF, 0xFFFF, 0xFFFF, 0xFFFF, 0xFFFF, 0xFFFF, 0xFFFF, 0xFFFF, 0xFFFF, 0xFFFF, 
0xFFFF, 0xFFFF, 0xFFFF, 0xFFFF, 0xFFFF, 0xFFFF, 0xFFFF, 0xFFFF, 0xFFFF, 0xFFFF, 0xFFFF, 0xFFFF, 0xFFFF, 0xFFFF, 0xFFFF, 0xFFFF, 
0xFFFF, 0xFFFF, 0xFFFF, 0xFFFF, 0xFFFF, 0xFFFF, 0xFFFF, 0xFFFF, 0xFFFF, 0xFFFF, 0xFFFF, 0xFFFF, 0xFFFF, 0xFFFF, 0xFFFF, 0xFFFF, 
0xFFFF, 0xFFFF, 0xFFFF, 0xFFFF, 0xFFFF, 0xFFFF, 0xFFFF, 0xFFFF, 0xFFFF, 0xFFFE, 0xC531, 0xAC0B, 0xBC4B, 0x8AC5, 0x69E2, 0x6181, 
0x6162, 0x7204, 0x7246, 0x7AA7, 0x7AA7, 0x7265, 0x7A86, 0x9B28, 0xED90, 0xFDD1, 0xF5D1, 0xFDF1, 0xFDF0, 0xF5F0, 0xF5CF, 0xFE32, 
0xD50E, 0xAC4D, 0xFFDD, 0xFFFE, 0xFFFF, 0xFFFF, 0xFFFF, 0xFFFF, 0xFFFF, 0xFFFF, 0xFFFF, 0xFFFF, 0xFFFF, 0xFFFF, 0xFFFF, 0xFFFF, 
0xFFFF, 0xFFFF, 0xFFFF, 0xFFFF, 0xFFFF, 0xFFFF, 0xFFFF, 0xFFFF, 0xFFFF, 0xFFFF, 0xFFFF, 0xFFFF, 0xFFFF, 0xFFFF, 0xFFFF, 0xFFFF, 
0xFFFF, 0xFFFF, 0xFFFF, 0xFFFF, 0xFFFF, 0xFFFF, 0xFFFF, 0xFFFF, 0xFFFF, 0xFFFF, 0xFFFF, 0xFFFF, 0xFFFF, 0xFFFF, 0xFFFF, 0xFFFF, 
0xFFFF, 0xFFFF, 0xFFFF, 0xFFFF, 0xFFFF, 0xFFFF, 0xFFFF, 0xFFFF, 0xFFFF, 0xFFFF, 0xFFFF, 0xFFFF, 0xFFFF, 0xFFFF, 0xFFFF, 0xFFFF, 
0xFFFF, 0xFFFF, 0xFFFF, 0xFFFF, 0xFFFF, 0xFFFF, 0xFFFF, 0xFFFF, 0xFFFF, 0xFFFF, 0xFFFF, 0xFFFF, 0xFFFF, 0xFFFF, 0xFFFF, 0xFFFF, 
0xFFFF, 0xFFFF, 0xFFFF, 0xFFFF, 0xFFFF, 0xFFFF, 0xFFFF, 0xFFFF, 0xFFFF, 0xFFFF, 0xFFFF, 0xFFFF, 0xFFFF, 0xFFFF, 0xFFFF, 0xFFFF, 
0xFFFF, 0xFFFF, 0xFFFF, 0xFFFF, 0xFFFF, 0xFFFF, 0xFFFF, 0xFFFF, 0xFFFF, 0xFFFF, 0xFFFF, 0xFFFF, 0xFFFF, 0xFFFF, 0xFFFF, 0xFFFF, 
0xFFFF, 0xFFFF, 0xFFFF, 0xFFFF, 0xFFFF, 0xFFFF, 0xFFFF, 0xFFFF, 0xFFFF, 0xFFFF, 0xFFFF, 0xFFFF, 0xFFFF, 0xFFFF, 0xFFFF, 0xFFFF, 
0xFFFF, 0xFFFF, 0xFFFF, 0xFFFF, 0xFFFF, 0xFFFF, 0xFFFF, 0xFFFF, 0xFFFF, 0xFFDF, 0xCD94, 0x7266, 0x61A2, 0x6981, 0x7A45, 0x8AE7, 
0x9308, 0x92E8, 0x9309, 0x8AC8, 0x9308, 0x9B27, 0x92E6, 0xA348, 0xED6F, 0xFE11, 0xF5B0, 0xFDF1, 0xFDD0, 0xF5F0, 0xF5F0, 0xF611, 
0xE590, 0xA3AA, 0xF6F9, 0xFF9C, 0xF75B, 0xFF7C, 0xFFFE, 0xFFFE, 0xFFDE, 0xFFFF, 0xFFFF, 0xFFDE, 0xFFFF, 0xFFFF, 0xFFFF, 0xFFFF, 
0xFFFF, 0xFFFF, 0xFFFF, 0xFFFF, 0xFFFF, 0xFFFF, 0xFFFF, 0xFFFF, 0xFFFF, 0xFFFF, 0xFFFF, 0xFFFF, 0xFFFF, 0xFFFF, 0xFFFF, 0xFFFF, 
0xFFFF, 0xFFFF, 0xFFFF, 0xFFFF, 0xFFFF, 0xFFFF, 0xFFFF, 0xFFFF, 0xFFFF, 0xFFFF, 0xFFFF, 0xFFFF, 0xFFFF, 0xFFFF, 0xFFFF, 0xFFFF, 
0xFFFF, 0xFFFF, 0xFFFF, 0xFFFF, 0xFFFF, 0xFFFF, 0xFFFF, 0xFFFF, 0xFFFF, 0xFFFF, 0xFFFF, 0xFFFF, 0xFFFF, 0xFFFF, 0xFFFF, 0xFFFF, 
0xFFFF, 0xFFFF, 0xFFFF, 0xFFFF, 0xFFFF, 0xFFFF, 0xFFFF, 0xFFFF, 0xFFFF, 0xFFFF, 0xFFFF, 0xFFFF, 0xFFFF, 0xFFFF, 0xFFFF, 0xFFFF, 
0xFFFF, 0xFFFF, 0xFFFF, 0xFFFF, 0xFFFF, 0xFFFF, 0xFFFF, 0xFFFF, 0xFFFF, 0xFFFF, 0xFFFF, 0xFFFF, 0xFFFF, 0xFFFF, 0xFFFF, 0xFFFF, 
0xFFFF, 0xFFFF, 0xFFFF, 0xFFFF, 0xFFFF, 0xFFFF, 0xFFFF, 0xFFFF, 0xFFFF, 0xFFFF, 0xFFFF, 0xFFFF, 0xFFFF, 0xFFFF, 0xFFFF, 0xFFFF, 
0xFFFF, 0xFFFF, 0xFFFF, 0xFFFF, 0xFFFF, 0xFFFF, 0xFFFF, 0xFFFF, 0xFFFF, 0xFFFF, 0xFFFF, 0xFFFF, 0xFFFF, 0xFFFF, 0xFFFF, 0xFFFF, 
0xFFFF, 0xFFFF, 0xFFFF, 0xFFFF, 0xFFFF, 0xFFFF, 0xFFFF, 0xFFFF, 0xFF9E, 0x940F, 0x4964, 0x7246, 0x8AC7, 0x9B08, 0x92E8, 0x8AC8, 
0x8AC8, 0x8AC7, 0x92C8, 0x92E7, 0x92A6, 0x92C6, 0x92C6, 0xA348, 0xF5B0, 0xF5D0, 0xFDF1, 0xFDD0, 0xFDF0, 0xFDF0, 0xF5F1, 0xF5F1, 
0xFE11, 0xB3EA, 0x72A7, 0x5A06, 0x5A06, 0x5A26, 0x62A8, 0x9C4F, 0xEF1A, 0xFFDE, 0xFFFE, 0xFFFF, 0xFFFF, 0xFFFF, 0xFFFF, 0xFFFF, 
0xFFFF, 0xFFFF, 0xFFFF, 0xFFFF, 0xFFFF, 0xFFFF, 0xFFFF, 0xFFFF, 0xFFFF, 0xFFFF, 0xFFFF, 0xFFFF, 0xFFFF, 0xFFFF, 0xFFFF, 0xFFFF, 
0xFFFF, 0xFFFF, 0xFFFF, 0xFFFF, 0xFFFF, 0xFFFF, 0xFFFF, 0xFFFF, 0xFFFF, 0xFFFF, 0xFFFF, 0xFFFF, 0xFFFF, 0xFFFF, 0xFFFF, 0xFFFF, 
0xFFFF, 0xFFFF, 0xFFFF, 0xFFFF, 0xFFFF, 0xFFFF, 0xFFFF, 0xFFFF, 0xFFFF, 0xFFFF, 0xFFFF, 0xFFFF, 0xFFFF, 0xFFFF, 0xFFFF, 0xFFFF, 
0xFFFF, 0xFFFF, 0xFFFF, 0xFFFF, 0xFFFF, 0xFFFF, 0xFFFF, 0xFFFF, 0xFFFF, 0xFFFF, 0xFFFF, 0xFFFF, 0xFFFF, 0xFFFF, 0xFFFF, 0xFFFF, 
0xFFFF, 0xFFFF, 0xFFFF, 0xFFFF, 0xFFFF, 0xFFFF, 0xFFFF, 0xFFFF, 0xFFFF, 0xFFFF, 0xFFFF, 0xFFFF, 0xFFFF, 0xFFFF, 0xFFFF, 0xFFFF, 
0xFFFF, 0xFFFF, 0xFFFF, 0xFFFF, 0xFFFF, 0xFFFF, 0xFFFF, 0xFFFF, 0xFFFF, 0xFFFF, 0xFFFF, 0xFFFF, 0xFFFF, 0xFFFF, 0xFFFF, 0xFFFF, 
0xFFFF, 0xFFFF, 0xFFFF, 0xFFFF, 0xFFFF, 0xFFFF, 0xFFFF, 0xFFFF, 0xFFFF, 0xFFFF, 0xFFFF, 0xFFFF, 0xFFFF, 0xFFFF, 0xFFFF, 0xFFFF, 
0xFFFF, 0xFFFF, 0xFFFF, 0xFFFF, 0xFFFF, 0xFFFF, 0xFFFF, 0xF73B, 0x6AA9, 0x5A06, 0x82C8, 0x9329, 0x92E8, 0x92C7, 0x92C7, 0x8A86, 
0x7A65, 0x8AC7, 0x8AC7, 0x92C7, 0x92E7, 0x8A86, 0x92E7, 0xA348, 0xED90, 0xF5F1, 0xFDD1, 0xFDD0, 0xFDF0, 0xFDD0, 0xFDD1, 0xFDD1, 
0xFDF1, 0xC42B, 0x9308, 0x8AE9, 0x8309, 0x8309, 0x7AE8, 0x6A66, 0x51A5, 0xBD33, 0xFFDE, 0xFFFF, 0xFFFF, 0xFFFF, 0xFFFF, 0xFFFF, 
0xFFFF, 0xFFFF, 0xFFFF, 0xFFFF, 0xFFFF, 0xFFFF, 0xFFFF, 0xFFFF, 0xFFFF, 0xFFFF, 0xFFFF, 0xFFFF, 0xFFFF, 0xFFFF, 0xFFFF, 0xFFFF, 
0xFFFF, 0xFFFF, 0xFFFF, 0xFFFF, 0xFFFF, 0xFFFF, 0xFFFF, 0xFFFF, 0xFFFF, 0xFFFF, 0xFFFF, 0xFFFF, 0xFFFF, 0xFFFF, 0xFFFF, 0xFFFF, 
0xFFFF, 0xFFFF, 0xFFFF, 0xFFFF, 0xFFFF, 0xFFFF, 0xFFFF, 0xFFFF, 0xFFFF, 0xFFFF, 0xFFFF, 0xFFFF, 0xFFFF, 0xFFFF, 0xFFFF, 0xFFFF, 
0xFFFF, 0xFFFF, 0xFFFF, 0xFFFF, 0xFFFF, 0xFFFF, 0xFFFF, 0xFFFF, 0xFFFF, 0xFFFF, 0xFFFF, 0xFFFF, 0xFFFF, 0xFFFF, 0xFFFF, 0xFFFF, 
0xFFFF, 0xFFFF, 0xFFFF, 0xFFFF, 0xFFFF, 0xFFFF, 0xFFFF, 0xFFFF, 0xFFFF, 0xFFFF, 0xFFFF, 0xFFFF, 0xFFFF, 0xFFFF, 0xFFFF, 0xFFFF, 
0xFFFF, 0xFFFF, 0xFFFF, 0xFFFF, 0xFFFF, 0xFFFF, 0xFFFF, 0xFFFF, 0xFFFF, 0xFFFF, 0xFFFF, 0xFFFF, 0xFFFF, 0xFFFF, 0xFFFF, 0xFFFF, 
0xFFFF, 0xFFFF, 0xFFFF, 0xFFFF, 0xFFFF, 0xFFFF, 0xFFFF, 0xFFFF, 0xFFFF, 0xFFFF, 0xFFFF, 0xFFFF, 0xFFFF, 0xFFFF, 0xFFFF, 0xFFFF, 
0xFFFF, 0xFFFF, 0xF7DF, 0xFFFF, 0xFFFF, 0xFFFF, 0xFF7C, 0x6226, 0x6A26, 0x8B29, 0x8B09, 0x8AC7, 0x8AC8, 0x92C8, 0x8245, 0x8265, 
0x8AC7, 0x8AC7, 0x92E7, 0x92C7, 0x7A44, 0x8AC6, 0x8245, 0x92C7, 0xED91, 0xF5F1, 0xF5D0, 0xFDD0, 0xFDD0, 0xFDF0, 0xFDD1, 0xFDB1, 
0xFDF1, 0xCC2B, 0x92C7, 0x92C8, 0x8AE8, 0x8AE8, 0x8AE8, 0x9349, 0x8B29, 0x59A5, 0xACB1, 0xFFFE, 0xFFFF, 0xFFFF, 0xFFFF, 0xFFFF, 
0xFFFF, 0xFFFF, 0xFFFF, 0xFFFF, 0xFFFF, 0xFFFF, 0xFFFF, 0xFFFF, 0xFFFF, 0xFFFF, 0xFFFF, 0xFFFF, 0xFFFF, 0xFFFF, 0xFFFF, 0xFFFF, 
0xFFFF, 0xFFFF, 0xFFFF, 0xFFFF, 0xFFFF, 0xFFFF, 0xFFFF, 0xFFFF, 0xFFFF, 0xFFFF, 0xFFFF, 0xFFFF, 0xFFFF, 0xFFFF, 0xFFFF, 0xFFFF, 
0xFFFF, 0xFFFF, 0xFFFF, 0xFFFF, 0xFFFF, 0xFFFF, 0xFFFF, 0xFFFF, 0xFFFF, 0xFFFF, 0xFFFF, 0xFFFF, 0xFFFF, 0xFFFF, 0xFFFF, 0xFFFF, 
0xFFFF, 0xFFFF, 0xFFFF, 0xFFFF, 0xFFFF, 0xFFFF, 0xFFFF, 0xFFFF, 0xFFFF, 0xFFFF, 0xFFFF, 0xFFFF, 0xFFFF, 0xFFFF, 0xFFFF, 0xFFFF, 
0xFFFF, 0xFFFF, 0xFFFF, 0xFFFF, 0xFFFF, 0xFFFF, 0xFFFF, 0xFFFF, 0xFFFF, 0xFFFF, 0xFFFF, 0xFFFF, 0xFFFF, 0xFFFF, 0xFFFF, 0xFFFF, 
0xFFFF, 0xFFFF, 0xFFFF, 0xFFFF, 0xFFFF, 0xFFFF, 0xFFFF, 0xFFFF, 0xFFFF, 0xFFFF, 0xFFFF, 0xFFFF, 0xFFFF, 0xFFFF, 0xFFFF, 0xFFFF, 
0xFFFF, 0xFFFF, 0xFFFF, 0xFFFF, 0xFFFF, 0xFFFF, 0xFFFF, 0xFFFF, 0xFFFF, 0xFFFF, 0xFFFF, 0xFFFF, 0xFFFF, 0xFFFF, 0xFFFF, 0xFFFF, 
0xFFFF, 0xFFFF, 0xFFFF, 0xFFFF, 0xFFFF, 0xFFDD, 0x7AE9, 0x69E4, 0x9328, 0x8AC7, 0x8AC7, 0x8AE7, 0x8AE8, 0x8286, 0x8265, 0x8AC7, 
0x9308, 0x8AA7, 0x8AA6, 0x7A24, 0x8A86, 0x92C7, 0x69A3, 0x9B08, 0xDD2F, 0xFE32, 0xF5D1, 0xF5D0, 0xFDF0, 0xFDF0, 0xFDD1, 0xFDB1, 
0xFDF2, 0xCC6C, 0x9AE7, 0x92C7, 0x92C7, 0x92C7, 0x92E7, 0x8AA6, 0x8AC8, 0x932A, 0x5184, 0xD637, 0xFFFE, 0xFFFF, 0xFFFF, 0xFFFF, 
0xFFFF, 0xFFFF, 0xFFFF, 0xFFFF, 0xFFFF, 0xFFFF, 0xFFFF, 0xFFFF, 0xFFFF, 0xFFFF, 0xFFFF, 0xFFFF, 0xFFFF, 0xFFFF, 0xFFFF, 0xFFFF, 
0xFFFF, 0xFFFF, 0xFFFF, 0xFFFF, 0xFFFF, 0xFFFF, 0xFFFF, 0xFFFF, 0xFFFF, 0xFFFF, 0xFFFF, 0xFFFF, 0xFFFF, 0xFFFF, 0xFFFF, 0xFFFF, 
0xFFFF, 0xFFFF, 0xFFFF, 0xFFFF, 0xFFFF, 0xFFFF, 0xFFFF, 0xFFFF, 0xFFFF, 0xFFFF, 0xFFFF, 0xFFFF, 0xFFFF, 0xFFFF, 0xFFFF, 0xFFFF, 
0xFFFF, 0xFFFF, 0xFFFF, 0xFFFF, 0xFFFF, 0xFFFF, 0xFFFF, 0xFFFF, 0xFFFF, 0xFFFF, 0xFFFF, 0xFFFF, 0xFFFF, 0xFFFF, 0xFFFF, 0xFFFF, 
0xFFFF, 0xFFFF, 0xFFFF, 0xFFFF, 0xFFFF, 0xFFFF, 0xFFFF, 0xFFFF, 0xFFFF, 0xFFFF, 0xFFFF, 0xFFFF, 0xFFFF, 0xFFFF, 0xFFFF, 0xFFFF, 
0xFFFF, 0xFFFF, 0xFFFF, 0xFFFF, 0xFFFF, 0xFFFF, 0xFFFF, 0xFFFF, 0xFFFF, 0xFFFF, 0xFFFF, 0xFFFF, 0xFFFF, 0xFFFF, 0xFFFF, 0xFFFF, 
0xFFFF, 0xFFFF, 0xFFFF, 0xFFFF, 0xFFFF, 0xFFFF, 0xFFFF, 0xFFFF, 0xFFFF, 0xFFFF, 0xFFFF, 0xFFFF, 0xFFFF, 0xFFFF, 0xFFFF, 0xFFFF, 
0xFFFF, 0xFFFF, 0xFFFF, 0xFFFF, 0xFFFF, 0xC5B4, 0x5963, 0x9B49, 0x8AE7, 0x9307, 0x92E7, 0x8AC7, 0x8AE7, 0x7A45, 0x8AC7, 0x92E7, 
0x8AC7, 0x6182, 0x7204, 0x8245, 0x9308, 0x7A45, 0x92C7, 0xD4CE, 0xB3EA, 0xF612, 0xF5F1, 0xF5F0, 0xFDF1, 0xF5D0, 0xFDD1, 0xFDD1, 
0xFDF1, 0xC44B, 0x8A85, 0x8AA6, 0x92C6, 0x92E7, 0x92E7, 0x92E7, 0x92C7, 0x9329, 0x7AC8, 0x5A26, 0xFFFE, 0xFFDE, 0xFFFF, 0xFFFF, 
0xFFFF, 0xFFFF, 0xFFFF, 0xFFFF, 0xFFFF, 0xFFFF, 0xFFFF, 0xFFFF, 0xFFFF, 0xFFFF, 0xFFFF, 0xFFFF, 0xFFFF, 0xFFFF, 0xFFFF, 0xFFFF, 
0xFFFF, 0xFFFF, 0xFFFF, 0xFFFF, 0xFFFF, 0xFFFF, 0xFFFF, 0xFFFF, 0xFFFF, 0xFFFF, 0xFFFF, 0xFFFF, 0xFFFF, 0xFFFF, 0xFFFF, 0xFFFF, 
0xFFFF, 0xFFFF, 0xFFFF, 0xFFFF, 0xFFFF, 0xFFFF, 0xFFFF, 0xFFFF, 0xFFFF, 0xFFFF, 0xFFFF, 0xFFFF, 0xFFFF, 0xFFFF, 0xFFFF, 0xFFFF, 
0xFFFF, 0xFFFF, 0xFFFF, 0xFFFF, 0xFFFF, 0xFFFF, 0xFFFF, 0xFFFF, 0xFFFF, 0xFFFF, 0xFFFF, 0xFFFF, 0xFFFF, 0xFFFF, 0xFFFF, 0xFFFF, 
0xFFFF, 0xFFFF, 0xFFFF, 0xFFFF, 0xFFFF, 0xFFFF, 0xFFFF, 0xFFFF, 0xFFFF, 0xFFFF, 0xFFFF, 0xFFFF, 0xFFFF, 0xFFFF, 0xFFFF, 0xFFFF, 
0xFFFF, 0xFFFF, 0xFFFF, 0xFFFF, 0xFFFF, 0xFFFF, 0xFFFF, 0xFFFF, 0xFFFF, 0xFFFF, 0xFFFF, 0xFFFF, 0xFFFF, 0xFFFF, 0xFFFF, 0xFFFF, 
0xFFFF, 0xFFFF, 0xFFFF, 0xFFFF, 0xFFFF, 0xFFFF, 0xFFFF, 0xFFFF, 0xFFFF, 0xFFFF, 0xFFFF, 0xFFFF, 0xFFFF, 0xFFFF, 0xFFFF, 0xFFFF, 
0xFFFF, 0xFFFF, 0xFFDF, 0xFFDF, 0xFFFF, 0x8BCD, 0x7267, 0x9308, 0x8AC7, 0x92C7, 0x92C6, 0x92A6, 0x92C7, 0x92C7, 0x92C7, 0x92C7, 
0x7245, 0x5962, 0x8267, 0x8287, 0x92E8, 0x6161, 0xCCAD, 0xEDB1, 0xC4AB, 0xF611, 0xF5D1, 0xF5D1, 0xF5F1, 0xF5F1, 0xF5F1, 0xF5D1, 
0xFDF1, 0xCC8B, 0xA368, 0x69A2, 0x92E7, 0x92C6, 0x8AA6, 0x8AE7, 0x8AE7, 0x82A7, 0x8B29, 0x5A05, 0xBD95, 0xFFFF, 0xFFFF, 0xFFFF, 
0xFFFF, 0xFFFF, 0xFFFF, 0xFFFF, 0xFFFF, 0xFFFF, 0xFFFF, 0xFFFF, 0xFFFF, 0xFFFF, 0xFFFF, 0xFFFF, 0xFFFF, 0xFFFF, 0xFFFF, 0xFFFF, 
0xFFFF, 0xFFFF, 0xFFFF, 0xFFFF, 0xFFFF, 0xFFFF, 0xFFFF, 0xFFFF, 0xFFFF, 0xFFFF, 0xFFFF, 0xFFFF, 0xFFFF, 0xFFFF, 0xFFFF, 0xFFFF, 
0xFFFF, 0xFFFF, 0xFFFF, 0xFFFF, 0xFFFF, 0xFFFF, 0xFFFF, 0xFFFF, 0xFFFF, 0xFFFF, 0xFFFF, 0xFFFF, 0xFFFF, 0xFFFF, 0xFFFF, 0xFFFF, 
0xFFFF, 0xFFFF, 0xFFFF, 0xFFFF, 0xFFFF, 0xFFFF, 0xFFFF, 0xFFFF, 0xFFFF, 0xFFFF, 0xFFFF, 0xFFFF, 0xFFFF, 0xFFFF, 0xFFFF, 0xFFFF, 
0xFFFF, 0xFFFF, 0xFFFF, 0xFFFF, 0xFFFF, 0xFFFF, 0xFFFF, 0xFFFF, 0xFFFF, 0xFFFF, 0xFFFF, 0xFFFF, 0xFFFF, 0xFFFF, 0xFFFF, 0xFFFF, 
0xFFFF, 0xFFFF, 0xFFFF, 0xFFFF, 0xFFFF, 0xFFFF, 0xFFFF, 0xFFFF, 0xFFFF, 0xFFFF, 0xFFFF, 0xFFFF, 0xFFFF, 0xFFFF, 0xFFFF, 0xFFFF, 
0xFFFF, 0xFFFF, 0xFFFF, 0xFFFF, 0xFFFF, 0xFFFF, 0xFFFF, 0xFFFF, 0xFFFF, 0xFFFF, 0xFFFF, 0xFFFF, 0xFFFF, 0xFFFF, 0xFFFF, 0xFFFF, 
0xFFFF, 0xFFDF, 0xFFFF, 0xFFFF, 0xFFBE, 0x730A, 0x7A87, 0x92E8, 0x8AC7, 0x8AC7, 0x92E7, 0x92C6, 0x9AE7, 0x92C7, 0x8AC7, 0x8AA7, 
0x4920, 0x61E4, 0x8AE8, 0x9309, 0x7204, 0x7A23, 0xF5D1, 0xFE11, 0xFE31, 0xF5F0, 0xFDF1, 0xF5D1, 0xEDB0, 0xFE32, 0xF5F1, 0xF5F0, 
0xF5F0, 0xEDB0, 0xF653, 0x7A85, 0x7A44, 0x8AC6, 0x92E7, 0x8AC7, 0x8AC7, 0x92E7, 0x9328, 0x7AA7, 0x730A, 0xFFFF, 0xFFFF, 0xFFFF, 
0xFFFF, 0xFFFF, 0xFFFF, 0xFFFF, 0xFFFF, 0xFFFF, 0xFFFF, 0xFFFF, 0xFFFF, 0xFFFF, 0xFFFF, 0xFFFF, 0xFFFF, 0xFFFF, 0xFFFF, 0xFFFF, 
0xFFFF, 0xFFFF, 0xFFFF, 0xFFFF, 0xFFFF, 0xFFFF, 0xFFFF, 0xFFFF, 0xFFFF, 0xFFFF, 0xFFFF, 0xFFFF, 0xFFFF, 0xFFFF, 0xFFFF, 0xFFFF, 
0xFFFF, 0xFFFF, 0xFFFF, 0xFFFF, 0xFFFF, 0xFFFF, 0xFFFF, 0xFFFF, 0xFFFF, 0xFFFF, 0xFFFF, 0xFFFF, 0xFFFF, 0xFFFF, 0xFFFF, 0xFFFF, 
0xFFFF, 0xFFFF, 0xFFFF, 0xFFFF, 0xFFFF, 0xFFFF, 0xFFFF, 0xFFFF, 0xFFFF, 0xFFFF, 0xFFFF, 0xFFFF, 0xFFFF, 0xFFFF, 0xFFFF, 0xFFFF, 
0xFFFF, 0xFFFF, 0xFFFF, 0xFFFF, 0xFFFF, 0xFFFF, 0xFFFF, 0xFFFF, 0xFFFF, 0xFFFF, 0xFFFF, 0xFFFF, 0xFFFF, 0xFFFF, 0xFFFF, 0xFFFF, 
0xFFFF, 0xFFFF, 0xFFFF, 0xFFFF, 0xFFFF, 0xFFFF, 0xFFFF, 0xFFFF, 0xFFFF, 0xFFFF, 0xFFFF, 0xFFFF, 0xFFFF, 0xFFFF, 0xFFFF, 0xFFFF, 
0xFFFF, 0xFFFF, 0xFFFF, 0xFFFF, 0xFFFF, 0xFFFF, 0xFFFF, 0xFFFF, 0xFFFF, 0xFFFF, 0xFFFF, 0xFFFF, 0xFFFF, 0xFFFF, 0xFFFF, 0xFFFF, 
0xFFFF, 0xFFFF, 0xFFDF, 0xFFFF, 0xFFDE, 0x5A26, 0x82C7, 0x8AE8, 0x8AC8, 0x92E8, 0x8AE7, 0x92E7, 0x92A7, 0x92C7, 0x8AE8, 0x5983, 
0x59A4, 0x6A46, 0x934A, 0x82E7, 0x4940, 0xC48D, 0xFE33, 0xF590, 0xFDF1, 0xF5AF, 0xFDF1, 0xFE11, 0xF5D0, 0xF5F1, 0xF5D0, 0xFDF1, 
0xFDF1, 0xF5D0, 0xF632, 0xB44B, 0x6181, 0x9328, 0x92E8, 0x8AC7, 0x92E7, 0x8AC6, 0x8AC7, 0x8AE8, 0x51C5, 0xF71B, 0xFFFF, 0xFFFF, 
0xFFFF, 0xFFFF, 0xFFFF, 0xFFFF, 0xFFFF, 0xFFFF, 0xFFFF, 0xFFFF, 0xFFFF, 0xFFFF, 0xFFFF, 0xFFFF, 0xFFFF, 0xFFFF, 0xFFFF, 0xFFFF, 
0xFFFF, 0xFFFF, 0xFFFF, 0xFFFF, 0xFFFF, 0xFFFF, 0xFFFF, 0xFFFF, 0xFFFF, 0xFFFF, 0xFFFF, 0xFFFF, 0xFFFF, 0xFFFF, 0xFFFF, 0xFFFF, 
0xFFFF, 0xFFFF, 0xFFFF, 0xFFFF, 0xFFFF, 0xFFFF, 0xFFFF, 0xFFFF, 0xFFFF, 0xFFFF, 0xFFFF, 0xFFFF, 0xFFFF, 0xFFFF, 0xFFFF, 0xFFFF, 
0xFFFF, 0xFFFF, 0xFFFF, 0xFFFF, 0xFFFF, 0xFFFF, 0xFFFF, 0xFFFF, 0xFFFF, 0xFFFF, 0xFFFF, 0xFFFF, 0xFFFF, 0xFFFF, 0xFFFF, 0xFFFF, 
0xFFFF, 0xFFFF, 0xFFFF, 0xFFFF, 0xFFFF, 0xFFFF, 0xFFFF, 0xFFFF, 0xFFFF, 0xFFFF, 0xFFFF, 0xFFFF, 0xFFFF, 0xFFFF, 0xFFFF, 0xFFFF, 
0xFFFF, 0xFFFF, 0xFFFF, 0xFFFF, 0xFFFF, 0xFFFF, 0xFFFF, 0xFFFF, 0xFFFF, 0xFFFF, 0xFFFF, 0xFFFF, 0xFFFF, 0xFFFF, 0xFFFF, 0xFFFF, 
0xFFFF, 0xFFFF, 0xFFFF, 0xFFFF, 0xFFFF, 0xFFFF, 0xFFFF, 0xFFFF, 0xFFFF, 0xFFFF, 0xFFFF, 0xFFFF, 0xFFFF, 0xFFFF, 0xFFFF, 0xFFFF, 
0xFFFF, 0xFFFF, 0xFFFF, 0xFFFF, 0xF75C, 0x51E6, 0x82C8, 0x8AE8, 0x92E8, 0x8AC7, 0x92E7, 0x8AC7, 0x92C7, 0x9309, 0x5183, 0x832A, 
0xB46F, 0x4921, 0x7265, 0x4920, 0x9B68, 0xF633, 0xF5D1, 0xFDF1, 0xF5D0, 0xFDF1, 0xF5D0, 0xFDD0, 0xFE11, 0xF5D0, 0xFDF1, 0xFDD1, 
0xFDD0, 0xF5D0, 0xF5F1, 0xEDD1, 0x61C2, 0x8AC7, 0x8AA7, 0x92C8, 0x92C7, 0x92E7, 0x92C7, 0x9329, 0x61E5, 0xC574, 0xFFFE, 0xFFFF, 
0xFFFF, 0xFFFF, 0xFFFF, 0xFFFF, 0xFFFF, 0xFFFF, 0xFFFF, 0xFFFF, 0xFFFF, 0xFFFF, 0xFFFF, 0xFFFF, 0xFFFF, 0xFFFF, 0xFFFF, 0xFFFF, 
0xFFFF, 0xFFFF, 0xFFFF, 0xFFFF, 0xFFFF, 0xFFFF, 0xFFFF, 0xFFFF, 0xFFFF, 0xFFFF, 0xFFFF, 0xFFFF, 0xFFFF, 0xFFFF, 0xFFFF, 0xFFFF, 
0xFFFF, 0xFFFF, 0xFFFF, 0xFFFF, 0xFFFF, 0xFFFF, 0xFFFF, 0xFFFF, 0xFFFF, 0xFFFF, 0xFFFF, 0xFFFF, 0xFFFF, 0xFFFF, 0xFFFF, 0xFFFF, 
0xFFFF, 0xFFFF, 0xFFFF, 0xFFFF, 0xFFFF, 0xFFFF, 0xFFFF, 0xFFFF, 0xFFFF, 0xFFFF, 0xFFFF, 0xFFFF, 0xFFFF, 0xFFFF, 0xFFFF, 0xFFFF, 
0xFFFF, 0xFFFF, 0xFFFF, 0xFFFF, 0xFFFF, 0xFFFF, 0xFFFF, 0xFFFF, 0xFFFF, 0xFFFF, 0xFFFF, 0xFFFF, 0xFFFF, 0xFFFF, 0xFFFF, 0xFFFF, 
0xFFFF, 0xFFFF, 0xFFFF, 0xFFFF, 0xFFFF, 0xFFFF, 0xFFFF, 0xFFFF, 0xFFFF, 0xFFFF, 0xFFFF, 0xFFFF, 0xFFFF, 0xFFFF, 0xFFFF, 0xFFFF, 
0xFFFF, 0xFFFF, 0xFFFF, 0xFFFF, 0xFFFF, 0xFFFF, 0xFFFF, 0xFFFF, 0xFFFF, 0xFFFF, 0xFFFF, 0xFFFF, 0xFFFF, 0xFFFF, 0xFFFF, 0xFFFF, 
0xFFFF, 0xFFFF, 0xFFFF, 0xFFFF, 0xFFBE, 0x5A27, 0x82C9, 0x8AE8, 0x8AE7, 0x8AC7, 0x8AE7, 0x8AE8, 0x9309, 0x6204, 0x51C4, 0xFED8, 
0xFE76, 0xA369, 0x7A64, 0xA389, 0xFE33, 0xF5F1, 0xF5F1, 0xF5D1, 0xF5F1, 0xFDF0, 0xFDF0, 0xFDF0, 0xFDF0, 0xFDF1, 0xFDD1, 0xFDD1, 
0xFDF1, 0xFDF1, 0xF5D0, 0xFE33, 0x82C7, 0x7225, 0x92E8, 0x92C7, 0x92C8, 0x92C7, 0x92A7, 0x9B28, 0x7246, 0x9C0E, 0xFFFE, 0xFFFF, 
0xFFFF, 0xFFFF, 0xFFFF, 0xFFFF, 0xFFFF, 0xFFFF, 0xFFFF, 0xFFFF, 0xFFFF, 0xFFFF, 0xFFFF, 0xFFFF, 0xFFFF, 0xFFFF, 0xFFFF, 0xFFFF, 
0xFFFF, 0xFFFF, 0xFFFF, 0xFFFF, 0xFFFF, 0xFFFF, 0xFFFF, 0xFFFF, 0xFFFF, 0xFFFF, 0xFFFF, 0xFFFF, 0xFFFF, 0xFFFF, 0xFFFF, 0xFFFF, 
0xFFFF, 0xFFFF, 0xFFFF, 0xFFFF, 0xFFFF, 0xFFFF, 0xFFFF, 0xFFFF, 0xFFFF, 0xFFFF, 0xFFFF, 0xFFFF, 0xFFFF, 0xFFFF, 0xFFFF, 0xFFFF, 
0xFFFF, 0xFFFF, 0xFFFF, 0xFFFF, 0xFFFF, 0xFFFF, 0xFFFF, 0xFFFF, 0xFFFF, 0xFFFF, 0xFFFF, 0xFFFF, 0xFFFF, 0xFFFF, 0xFFFF, 0xFFFF, 
0xFFFF, 0xFFFF, 0xFFFF, 0xFFFF, 0xFFFF, 0xFFFF, 0xFFFF, 0xFFFF, 0xFFFF, 0xFFFF, 0xFFFF, 0xFFFF, 0xFFFF, 0xFFFF, 0xFFFF, 0xFFFF, 
0xFFFF, 0xFFFF, 0xFFFF, 0xFFFF, 0xFFFF, 0xFFFF, 0xFFFF, 0xFFFF, 0xFFFF, 0xFFFF, 0xFFFF, 0xFFFF, 0xFFFF, 0xFFFF, 0xFFFF, 0xFFFF, 
0xFFFF, 0xFFFF, 0xFFFF, 0xFFFF, 0xFFFF, 0xFFFF, 0xFFFF, 0xFFFF, 0xFFFF, 0xFFFF, 0xFFFF, 0xFFFF, 0xFFFF, 0xFFFF, 0xFFFF, 0xFFFF, 
0xFFFF, 0xFFFF, 0xFFDF, 0xFFFF, 0xFFDF, 0xBD54, 0x5183, 0x8AC8, 0x9308, 0x8B07, 0x8AE8, 0x82C8, 0x5182, 0x59C4, 0xE656, 0xFF39, 
0xEE13, 0xF5F2, 0xFE33, 0xFE32, 0xEDB0, 0xF5F1, 0xF5F1, 0xF5F1, 0xF5F0, 0xFDF0, 0xFDF0, 0xFDF0, 0xFDF1, 0xFDF1, 0xFDF1, 0xFDF1, 
0xFDD0, 0xFDD0, 0xF5D0, 0xFE32, 0xA3AA, 0x61E4, 0x9308, 0x92C7, 0x92C7, 0x92E8, 0x92C7, 0x8AC7, 0x7AA7, 0x6225, 0x9C4F, 0xF75C, 
0xFFFF, 0xFFFF, 0xFFFF, 0xFFFF, 0xFFFF, 0xFFFF, 0xFFFF, 0xFFFF, 0xFFFF, 0xFFFF, 0xFFFF, 0xFFFF, 0xFFFF, 0xFFFF, 0xFFFF, 0xFFFF, 
0xFFFF, 0xFFFF, 0xFFFF, 0xFFFF, 0xFFFF, 0xFFFF, 0xFFFF, 0xFFFF, 0xFFFF, 0xFFFF, 0xFFFF, 0xFFFF, 0xFFFF, 0xFFFF, 0xFFFF, 0xFFFF, 
0xFFFF, 0xFFFF, 0xFFFF, 0xFFFF, 0xFFFF, 0xFFFF, 0xFFFF, 0xFFFF, 0xFFFF, 0xFFFF, 0xFFFF, 0xFFFF, 0xFFFF, 0xFFFF, 0xFFFF, 0xFFFF, 
0xFFFF, 0xFFFF, 0xFFFF, 0xFFFF, 0xFFFF, 0xFFFF, 0xFFFF, 0xFFFF, 0xFFFF, 0xFFFF, 0xFFFF, 0xFFFF, 0xFFFF, 0xFFFF, 0xFFFF, 0xFFFF, 
0xFFFF, 0xFFFF, 0xFFFF, 0xFFFF, 0xFFFF, 0xFFFF, 0xFFFF, 0xFFFF, 0xFFFF, 0xFFFF, 0xFFFF, 0xFFFF, 0xFFFF, 0xFFFF, 0xFFFF, 0xFFFF, 
0xFFFF, 0xFFFF, 0xFFFF, 0xFFFF, 0xFFFF, 0xFFFF, 0xFFFF, 0xFFFF, 0xFFFF, 0xFFFF, 0xFFFF, 0xFFFF, 0xFFFF, 0xFFFF, 0xFFFF, 0xFFFF, 
0xFFFF, 0xFFFF, 0xFFFF, 0xFFFF, 0xFFFF, 0xFFFF, 0xFFFF, 0xFFFF, 0xFFFF, 0xFFFF, 0xFFFF, 0xFFFF, 0xFFFF, 0xFFFF, 0xFFFF, 0xFFFF, 
0xFFFF, 0xFFFF, 0xFFFF, 0xFFFF, 0xFFFF, 0xFFFF, 0xA42E, 0x61E3, 0x5161, 0x5182, 0x5162, 0x4942, 0x8B8B, 0xFEF8, 0xFF79, 0xFEB6, 
0xF5F1, 0xFDF1, 0xF5D0, 0xF5D1, 0xFE11, 0xF5D0, 0xFDD0, 0xF5D0, 0xFDF0, 0xFDF0, 0xFDF0, 0xF5F1, 0xFDF1, 0xFDF1, 0xF5F1, 0xFDF1, 
0xFDD1, 0xFDD1, 0xF5D0, 0xFE12, 0xBC8D, 0x61A2, 0x9307, 0x92C7, 0x8AC7, 0x8AA7, 0x92E7, 0x8AE7, 0x7A66, 0x59C4, 0x6A67, 0x51E6, 
0xBD94, 0xFFFE, 0xFFFF, 0xFFDF, 0xFFFF, 0xFFFF, 0xFFFF, 0xFFFF, 0xFFFF, 0xFFFF, 0xFFFF, 0xFFFF, 0xFFFF, 0xFFFF, 0xFFFF, 0xFFFF, 
0xFFFF, 0xFFFF, 0xFFFF, 0xFFFF, 0xFFFF, 0xFFFF, 0xFFFF, 0xFFFF, 0xFFFF, 0xFFFF, 0xFFFF, 0xFFFF, 0xFFFF, 0xFFFF, 0xFFFF, 0xFFFF, 
0xFFFF, 0xFFFF, 0xFFFF, 0xFFFF, 0xFFFF, 0xFFFF, 0xFFFF, 0xFFFF, 0xFFFF, 0xFFFF, 0xFFFF, 0xFFFF, 0xFFFF, 0xFFFF, 0xFFFF, 0xFFFF, 
0xFFFF, 0xFFFF, 0xFFFF, 0xFFFF, 0xFFFF, 0xFFFF, 0xFFFF, 0xFFFF, 0xFFFF, 0xFFFF, 0xFFFF, 0xFFFF, 0xFFFF, 0xFFFF, 0xFFFF, 0xFFFF, 
0xFFFF, 0xFFFF, 0xFFFF, 0xFFFF, 0xFFFF, 0xFFFF, 0xFFFF, 0xFFFF, 0xFFFF, 0xFFFF, 0xFFFF, 0xFFFF, 0xFFFF, 0xFFFF, 0xFFFF, 0xFFFF, 
0xFFFF, 0xFFFF, 0xFFFF, 0xFFFF, 0xFFFF, 0xFFFF, 0xFFFF, 0xFFFF, 0xFFFF, 0xFFFF, 0xFFFF, 0xFFFF, 0xFFFF, 0xFFFF, 0xFFFF, 0xFFFF, 
0xFFFF, 0xFFFF, 0xFFFF, 0xFFFF, 0xFFFF, 0xFFFF, 0xFFFF, 0xFFFF, 0xFFFF, 0xFFFF, 0xFFFF, 0xFFFF, 0xFFFF, 0xFFFF, 0xFFFF, 0xFFFF, 
0xFFFF, 0xFFFE, 0xFFFF, 0xFFFF, 0xFFFF, 0xFFDE, 0xBD11, 0xCD51, 0xD5B2, 0xCD51, 0xCD72, 0xE676, 0xFFBB, 0xF6F8, 0xFF38, 0xF633, 
0xF5D0, 0xFDF0, 0xF5D0, 0xF5B0, 0xFDF1, 0xFDF1, 0xFDD0, 0xFDF0, 0xFDD0, 0xFDF1, 0xF5F1, 0xF5F1, 0xFDF1, 0xFDF1, 0xF5F1, 0xF5F1, 
0xFDF1, 0xFDD1, 0xF5D0, 0xFE32, 0xCD0E, 0x61C2, 0x8AE7, 0x92E7, 0x92E8, 0x92E8, 0x92C7, 0x9308, 0x7A65, 0x61A3, 0x8B2A, 0x830A, 
0x49C5, 0x9C6F, 0xFFDE, 0xFFFF, 0xFFDF, 0xFFFF, 0xFFFF, 0xFFFF, 0xFFFF, 0xFFFF, 0xFFFF, 0xFFFF, 0xFFFF, 0xFFFF, 0xFFFF, 0xFFFF, 
0xFFFF, 0xFFFF, 0xFFFF, 0xFFFF, 0xFFFF, 0xFFFF, 0xFFFF, 0xFFFF, 0xFFFF, 0xFFFF, 0xFFFF, 0xFFFF, 0xFFFF, 0xFFFF, 0xFFFF, 0xFFFF, 
0xFFFF, 0xFFFF, 0xFFFF, 0xFFFF, 0xFFFF, 0xFFFF, 0xFFFF, 0xFFFF, 0xFFFF, 0xFFFF, 0xFFFF, 0xFFFF, 0xFFFF, 0xFFFF, 0xFFFF, 0xFFFF, 
0xFFFF, 0xFFFF, 0xFFFF, 0xFFFF, 0xFFFF, 0xFFFF, 0xFFFF, 0xFFFF, 0xFFFF, 0xFFFF, 0xFFFF, 0xFFFF, 0xFFFF, 0xFFFF, 0xFFFF, 0xFFFF, 
0xFFFF, 0xFFFF, 0xFFFF, 0xFFFF, 0xFFFF, 0xFFFF, 0xFFFF, 0xFFFF, 0xFFFF, 0xFFFF, 0xFFFF, 0xFFFF, 0xFFFF, 0xFFFF, 0xFFFF, 0xFFFF, 
0xFFFF, 0xFFFF, 0xFFFF, 0xFFFF, 0xFFFF, 0xFFFF, 0xFFFF, 0xFFFF, 0xFFFF, 0xFFFF, 0xFFFF, 0xFFFF, 0xFFFF, 0xFFFF, 0xFFFF, 0xFFFF, 
0xFFFF, 0xFFFF, 0xFFFF, 0xFFFF, 0xFFFF, 0xFFFF, 0xFFFF, 0xFFFF, 0xFFFF, 0xFFFF, 0xFFFF, 0xFFFF, 0xFFFF, 0xFFFF, 0xFFFF, 0xFFFF, 
0xFFFF, 0xFFFF, 0xFFFF, 0xFFFF, 0xFFFF, 0xFFDE, 0x93EC, 0xF6D6, 0xFF9A, 0xFF59, 0xFF59, 0xFF39, 0xF6F8, 0xFF59, 0xFEF6, 0xEE11, 
0xF5F0, 0xF5F0, 0xFE32, 0xF612, 0xF5D1, 0xFDF1, 0xFDB0, 0xFDD0, 0xFDD0, 0xFDF1, 0xF5F1, 0xF5F1, 0xFDF1, 0xFDF0, 0xF5F1, 0xF5F1, 
0xFDF1, 0xF5D0, 0xFDD0, 0xFE11, 0xD52F, 0x61C2, 0x8AC6, 0x92E7, 0x8AE7, 0x8AC7, 0x92E8, 0x92E8, 0x8286, 0x7A25, 0x8AC8, 0x82C8, 
0x8B4A, 0x51C5, 0xA470, 0xFFFF, 0xFFDF, 0xFFFF, 0xFFFF, 0xFFFF, 0xFFFF, 0xFFFF, 0xFFFF, 0xFFFF, 0xFFFF, 0xFFFF, 0xFFFF, 0xFFFF, 
0xFFFF, 0xFFFF, 0xFFFF, 0xFFFF, 0xFFFF, 0xFFFF, 0xFFFF, 0xFFFF, 0xFFFF, 0xFFFF, 0xFFFF, 0xFFFF, 0xFFFF, 0xFFFF, 0xFFFF, 0xFFFF, 
0xFFFF, 0xFFFF, 0xFFFF, 0xFFFF, 0xFFFF, 0xFFFF, 0xFFFF, 0xFFFF, 0xFFFF, 0xFFFF, 0xFFFF, 0xFFFF, 0xFFFF, 0xFFFF, 0xFFFF, 0xFFFF, 
0xFFFF, 0xFFFF, 0xFFFF, 0xFFFF, 0xFFFF, 0xFFFF, 0xFFFF, 0xFFFF, 0xFFFF, 0xFFFF, 0xFFFF, 0xFFFF, 0xFFFF, 0xFFFF, 0xFFFF, 0xFFFF, 
0xFFFF, 0xFFFF, 0xFFFF, 0xFFFF, 0xFFFF, 0xFFFF, 0xFFFF, 0xFFFF, 0xFFFF, 0xFFFF, 0xFFFF, 0xFFFF, 0xFFFF, 0xFFFF, 0xFFFF, 0xFFFF, 
0xFFFF, 0xFFFF, 0xFFFF, 0xFFFF, 0xFFFF, 0xFFFF, 0xFFFF, 0xFFFF, 0xFFFF, 0xFFFF, 0xFFFF, 0xFFFF, 0xFFFF, 0xFFFF, 0xFFFF, 0xFFFF, 
0xFFFF, 0xFFFF, 0xFFFF, 0xFFFF, 0xFFFF, 0xFFFF, 0xFFFF, 0xFFFF, 0xFFFF, 0xFFFF, 0xFFFF, 0xFFFF, 0xFFFF, 0xFFFF, 0xFFFF, 0xFFFF, 
0xFFDE, 0xFFFF, 0xFFFF, 0xF7DF, 0xFFFF, 0xE6D9, 0xA46E, 0xFF59, 0xF6F8, 0xFF39, 0xFF39, 0xFF39, 0xFF3A, 0xFF59, 0xF653, 0xEDD0, 
0xFE11, 0xEDB0, 0xCD2F, 0xDD90, 0xF613, 0xFE11, 0xFDB0, 0xFDD0, 0xFDD1, 0xFDD1, 0xF5F1, 0xF5F1, 0xFDF1, 0xFDF0, 0xFDF0, 0xFDF1, 
0xFDF1, 0xF5B0, 0xFDF1, 0xFDF1, 0xDD70, 0x69E2, 0x8AC6, 0x8AC7, 0x8AE8, 0x8AE7, 0x8AC7, 0x8AC7, 0x92C7, 0x9AE8, 0x92C8, 0x92E8, 
0x8AE8, 0x8B29, 0x4984, 0xCDD6, 0xFFDF, 0xFFFF, 0xFFFF, 0xFFFF, 0xFFFF, 0xFFFF, 0xFFFF, 0xFFFF, 0xFFFF, 0xFFFF, 0xFFFF, 0xFFFF, 
0xFFFF, 0xFFFF, 0xFFFF, 0xFFFF, 0xFFFF, 0xFFFF, 0xFFFF, 0xFFFF, 0xFFFF, 0xFFFF, 0xFFFF, 0xFFFF, 0xFFFF, 0xFFFF, 0xFFFF, 0xFFFF, 
0xFFFF, 0xFFFF, 0xFFFF, 0xFFFF, 0xFFFF, 0xFFFF, 0xFFFF, 0xFFFF, 0xFFFF, 0xFFFF, 0xFFFF, 0xFFFF, 0xFFFF, 0xFFFF, 0xFFFF, 0xFFFF, 
0xFFFF, 0xFFFF, 0xFFFF, 0xFFFF, 0xFFFF, 0xFFFF, 0xFFFF, 0xFFFF, 0xFFFF, 0xFFFF, 0xFFFF, 0xFFFF, 0xFFFF, 0xFFFF, 0xFFFF, 0xFFFF, 
0xFFFF, 0xFFFF, 0xFFFF, 0xFFFF, 0xFFFF, 0xFFFF, 0xFFFF, 0xFFFF, 0xFFFF, 0xFFFF, 0xFFFF, 0xFFFF, 0xFFFF, 0xFFFF, 0xFFFF, 0xFFFF, 
0xFFFF, 0xFFFF, 0xFFFF, 0xFFFF, 0xFFFF, 0xFFFF, 0xFFFF, 0xFFFF, 0xFFFF, 0xFFFF, 0xFFFF, 0xFFFF, 0xFFFF, 0xFFFF, 0xFFFF, 0xFFFF, 
0xFFFF, 0xFFFF, 0xFFFF, 0xFFFF, 0xFFFF, 0xFFFF, 0xFFFF, 0xFFFF, 0xFFFF, 0xFFFF, 0xFFFF, 0xFFFF, 0xFFFF, 0xFFFF, 0xFFFF, 0xFFFF, 
0xFFFF, 0xFFFF, 0xFFFF, 0xFFFF, 0xFFFF, 0xBD33, 0xC572, 0xFF58, 0xFF18, 0xFF39, 0xFF39, 0xFF19, 0xFF19, 0xFEF7, 0xF5F2, 0xF5F0, 
0xE5B0, 0x6A23, 0x4100, 0x4962, 0x9348, 0xEDD1, 0xFDF1, 0xFDD0, 0xFDD1, 0xF5F1, 0xF5F1, 0xF5F1, 0xFDF1, 0xFDF0, 0xFDF0, 0xFDF0, 
0xFDD1, 0xF5D1, 0xFDF0, 0xF5F1, 0xE5B1, 0x69E2, 0x8AC6, 0x8AE7, 0x8AE7, 0x8AE8, 0x8AC7, 0x92E7, 0x92C6, 0x92A6, 0x92C7, 0x92C7, 
0x8AC7, 0x8B08, 0x82E9, 0x51C5, 0xF73C, 0xFFFF, 0xFFDF, 0xFFFF, 0xFFFF, 0xFFFF, 0xFFFF, 0xFFFF, 0xFFFF, 0xFFFF, 0xFFFF, 0xFFFF, 
0xFFFF, 0xFFFF, 0xFFFF, 0xFFFF, 0xFFFF, 0xFFFF, 0xFFFF, 0xFFFF, 0xFFFF, 0xFFFF, 0xFFFF, 0xFFFF, 0xFFFF, 0xFFFF, 0xFFFF, 0xFFFF, 
0xFFFF, 0xFFFF, 0xFFFF, 0xFFFF, 0xFFFF, 0xFFFF, 0xFFFF, 0xFFFF, 0xFFFF, 0xFFFF, 0xFFFF, 0xFFFF, 0xFFFF, 0xFFFF, 0xFFFF, 0xFFFF, 
0xFFFF, 0xFFFF, 0xFFFF, 0xFFFF, 0xFFFF, 0xFFFF, 0xFFFF, 0xFFFF, 0xFFFF, 0xFFFF, 0xFFFF, 0xFFFF, 0xFFFF, 0xFFFF, 0xFFFF, 0xFFFF, 
0xFFFF, 0xFFFF, 0xFFFF, 0xFFFF, 0xFFFF, 0xFFFF, 0xFFFF, 0xFFFF, 0xFFFF, 0xFFFF, 0xFFFF, 0xFFFF, 0xFFFF, 0xFFFF, 0xFFFF, 0xFFFF, 
0xFFFF, 0xFFFF, 0xFFFF, 0xFFFF, 0xFFFF, 0xFFFF, 0xFFFF, 0xFFFF, 0xFFFF, 0xFFFF, 0xFFFF, 0xFFFF, 0xFFFF, 0xFFFF, 0xFFFF, 0xFFFF, 
0xFFFF, 0xFFFF, 0xFFFF, 0xFFFF, 0xFFFF, 0xFFFF, 0xFFFF, 0xFFFF, 0xFFFF, 0xFFFF, 0xFFFF, 0xFFFF, 0xFFFF, 0xFFFF, 0xFFFF, 0xFFFF, 
0xFFFF, 0xFFFF, 0xFFFF, 0xFFFF, 0xFFBD, 0x9BED, 0xE676, 0xFF59, 0xFF39, 0xFF19, 0xFF39, 0xFF19, 0xFF19, 0xFEB6, 0xEDB0, 0xFE32, 
0x9B68, 0x59C3, 0xFEF9, 0x7B2A, 0x3080, 0xAC0B, 0xFE12, 0xFDD0, 0xFDF1, 0xF5F1, 0xF5F1, 0xF5F1, 0xFDF0, 0xFDD0, 0xFDF0, 0xFDF0, 
0xF5D1, 0xFDF1, 0xF5B0, 0xFDF1, 0xE5B1, 0x6A03, 0x82A6, 0x92E7, 0x8AC7, 0x8AC7, 0x8AE7, 0x92E7, 0x92C6, 0x92C7, 0x92C7, 0x92C7, 
0x9307, 0x8AC7, 0x8B09, 0x6226, 0x8BAD, 0xFFDE, 0xFFFF, 0xFFFF, 0xFFFF, 0xFFFF, 0xFFFF, 0xFFFF, 0xFFFF, 0xFFFF, 0xFFFF, 0xFFFF, 
0xFFFF, 0xFFFF, 0xFFFF, 0xFFFF, 0xFFFF, 0xFFFF, 0xFFFF, 0xFFFF, 0xFFFF, 0xFFFF, 0xFFFF, 0xFFFF, 0xFFFF, 0xFFFF, 0xFFFF, 0xFFFF, 
0xFFFF, 0xFFFF, 0xFFFF, 0xFFFF, 0xFFFF, 0xFFFF, 0xFFFF, 0xFFFF, 0xFFFF, 0xFFFF, 0xFFFF, 0xFFFF, 0xFFFF, 0xFFFF, 0xFFFF, 0xFFFF, 
0xFFFF, 0xFFFF, 0xFFFF, 0xFFFF, 0xFFFF, 0xFFFF, 0xFFFF, 0xFFFF, 0xFFFF, 0xFFFF, 0xFFFF, 0xFFFF, 0xFFFF, 0xFFFF, 0xFFFF, 0xFFFF, 
0xFFFF, 0xFFFF, 0xFFFF, 0xFFFF, 0xFFFF, 0xFFFF, 0xFFFF, 0xFFFF, 0xFFFF, 0xFFFF, 0xFFFF, 0xFFFF, 0xFFFF, 0xFFFF, 0xFFFF, 0xFFFF, 
0xFFFF, 0xFFFF, 0xFFFF, 0xFFFF, 0xFFFF, 0xFFFF, 0xFFFF, 0xFFFF, 0xFFFF, 0xFFFF, 0xFFFF, 0xFFFF, 0xFFFF, 0xFFFF, 0xFFFF, 0xFFFF, 
0xFFFF, 0xFFFF, 0xFFFF, 0xFFFF, 0xFFFF, 0xFFFF, 0xFFFF, 0xFFFF, 0xFFFF, 0xFFFF, 0xFFFF, 0xFFFF, 0xFFFF, 0xFFFF, 0xFFFF, 0xFFFF, 
0xFFFF, 0xFFFF, 0xFFDF, 0xFFFF, 0xEE98, 0xA42D, 0xFF59, 0xFF38, 0xFF18, 0xFF18, 0xFF18, 0xFF18, 0xFF38, 0xF613, 0xF5D1, 0xF612, 
0x7265, 0x51A4, 0xD616, 0x730A, 0x38E0, 0x9369, 0xFE12, 0xFDD0, 0xF5D1, 0xF5D1, 0xF5F1, 0xF5F1, 0xFDF1, 0xFDD0, 0xFDD0, 0xFDD0, 
0xFDD1, 0xF5D0, 0xFDF1, 0xF5D1, 0xEDD2, 0x69E3, 0x82A6, 0x8AC8, 0x8AA7, 0x92E8, 0x8AC7, 0x8AC7, 0x92E7, 0x8244, 0x8AA6, 0x8AC7, 
0x92C6, 0x92C7, 0x8AE7, 0x8B29, 0x4964, 0xE698, 0xFFFF, 0xFFFF, 0xFFFF, 0xFFFF, 0xFFFF, 0xFFFF, 0xFFFF, 0xFFFF, 0xFFFF, 0xFFFF, 
0xFFFF, 0xFFFF, 0xFFFF, 0xFFFF, 0xFFFF, 0xFFFF, 0xFFFF, 0xFFFF, 0xFFFF, 0xFFFF, 0xFFFF, 0xFFFF, 0xFFFF, 0xFFFF, 0xFFFF, 0xFFFF, 
0xFFFF, 0xFFFF, 0xFFFF, 0xFFFF, 0xFFFF, 0xFFFF, 0xFFFF, 0xFFFF, 0xFFFF, 0xFFFF, 0xFFFF, 0xFFFF, 0xFFFF, 0xFFFF, 0xFFFF, 0xFFFF, 
0xFFFF, 0xFFFF, 0xFFFF, 0xFFFF, 0xFFFF, 0xFFFF, 0xFFFF, 0xFFFF, 0xFFFF, 0xFFFF, 0xFFFF, 0xFFFF, 0xFFFF, 0xFFFF, 0xFFFF, 0xFFFF, 
0xFFFF, 0xFFFF, 0xFFFF, 0xFFFF, 0xFFFF, 0xFFFF, 0xFFFF, 0xFFFF, 0xFFFF, 0xFFFF, 0xFFFF, 0xFFFF, 0xFFFF, 0xFFFF, 0xFFFF, 0xFFFF, 
0xFFFF, 0xFFFF, 0xFFFF, 0xFFFF, 0xFFFF, 0xFFFF, 0xFFFF, 0xFFFF, 0xFFFF, 0xFFFF, 0xFFFF, 0xFFFF, 0xFFFF, 0xFFFF, 0xFFFF, 0xFFFF, 
0xFFFF, 0xFFFF, 0xFFFF, 0xFFFF, 0xFFFF, 0xFFFF, 0xFFFF, 0xFFFF, 0xFFFF, 0xFFFF, 0xFFFF, 0xFFFF, 0xFFFF, 0xFFFF, 0xFFFF, 0xFFFF, 
0xFFFF, 0xFFFF, 0xFFFF, 0xFFDE, 0xB48F, 0xD572, 0xFF7A, 0xFF59, 0xFF39, 0xFF38, 0xFF18, 0xFF38, 0xFEB6, 0xF5F2, 0xF5D1, 0xF5F2, 
0x69E3, 0x4922, 0x3923, 0x4984, 0x4101, 0x9B69, 0xFE32, 0xF5AF, 0xF5F0, 0xF5F1, 0xF611, 0xF5D0, 0xFDD0, 0xFDD0, 0xFDD0, 0xFDF1, 
0xC40A, 0xD4AC, 0xFE11, 0xF5D1, 0xE591, 0x69E3, 0x8AC7, 0x8AC8, 0x92E8, 0x8AA7, 0x92E8, 0x8AE7, 0x8AA6, 0x8AC6, 0x7244, 0x8AE7, 
0x92E7, 0x92E7, 0x8AA6, 0x9329, 0x6A46, 0x8B6C, 0xFFFE, 0xFFFF, 0xFFFF, 0xFFFF, 0xFFFF, 0xFFFF, 0xFFFF, 0xFFFF, 0xFFFF, 0xFFFF, 
0xFFFF, 0xFFFF, 0xFFFF, 0xFFFF, 0xFFFF, 0xFFFF, 0xFFFF, 0xFFFF, 0xFFFF, 0xFFFF, 0xFFFF, 0xFFFF, 0xFFFF, 0xFFFF, 0xFFFF, 0xFFFF, 
0xFFFF, 0xFFFF, 0xFFFF, 0xFFFF, 0xFFFF, 0xFFFF, 0xFFFF, 0xFFFF, 0xFFFF, 0xFFFF, 0xFFFF, 0xFFFF, 0xFFFF, 0xFFFF, 0xFFFF, 0xFFFF, 
0xFFFF, 0xFFFF, 0xFFFF, 0xFFFF, 0xFFFF, 0xFFFF, 0xFFFF, 0xFFFF, 0xFFFF, 0xFFFF, 0xFFFF, 0xFFFF, 0xFFFF, 0xFFFF, 0xFFFF, 0xFFFF, 
0xFFFF, 0xFFFF, 0xFFFF, 0xFFFF, 0xFFFF, 0xFFFF, 0xFFFF, 0xFFFF, 0xFFFF, 0xFFFF, 0xFFFF, 0xFFFF, 0xFFFF, 0xFFFF, 0xFFFF, 0xFFFF, 
0xFFFF, 0xFFFF, 0xFFFF, 0xFFFF, 0xFFFF, 0xFFFF, 0xFFFF, 0xFFFF, 0xFFFF, 0xFFFF, 0xFFFF, 0xFFFF, 0xFFFF, 0xFFFF, 0xFFFF, 0xFFFF, 
0xFFFF, 0xFFFF, 0xFFFF, 0xFFFF, 0xFFFF, 0xFFFF, 0xFFFF, 0xFFFF, 0xFFFF, 0xFFFF, 0xFFFF, 0xFFFF, 0xFFFF, 0xFFFF, 0xFFFF, 0xFFFF, 
0xFFFF, 0xFFFF, 0xFFFF, 0xFF3B, 0x9BAB, 0xFEF7, 0xFF39, 0xF739, 0xFF38, 0xFF18, 0xFF18, 0xFF38, 0xF633, 0xEDD1, 0xF5F1, 0xF5F2, 
0x8286, 0x48C0, 0x5163, 0x4962, 0x48E0, 0xCCCE, 0xFE32, 0xFDD0, 0xF5F0, 0xF5F0, 0xF5F1, 0xF5D0, 0xFDF0, 0xFDF0, 0xF5D0, 0xFE12, 
0xB3C9, 0xC42A, 0xFE12, 0xF5F1, 0xE5B1, 0x69E3, 0x8286, 0x8AE8, 0x92C7, 0x92E8, 0x8AE8, 0x9308, 0x92E7, 0x9307, 0x7A65, 0x82C7, 
0x8AE7, 0x9307, 0x8AA6, 0x92E7, 0x8B09, 0x4983, 0xF75B, 0xFFFF, 0xFFFF, 0xFFFF, 0xFFFF, 0xFFFF, 0xFFFF, 0xFFFF, 0xFFFF, 0xFFFF, 
0xFFFF, 0xFFFF, 0xFFFF, 0xFFFF, 0xFFFF, 0xFFFF, 0xFFFF, 0xFFFF, 0xFFFF, 0xFFFF, 0xFFFF, 0xFFFF, 0xFFFF, 0xFFFF, 0xFFFF, 0xFFFF, 
0xFFFF, 0xFFFF, 0xFFFF, 0xFFFF, 0xFFFF, 0xFFFF, 0xFFFF, 0xFFFF, 0xFFFF, 0xFFFF, 0xFFFF, 0xFFFF, 0xFFFF, 0xFFFF, 0xFFFF, 0xFFFF, 
0xFFFF, 0xFFFF, 0xFFFF, 0xFFFF, 0xFFFF, 0xFFFF, 0xFFFF, 0xFFFF, 0xFFFF, 0xFFFF, 0xFFFF, 0xFFFF, 0xFFFF, 0xFFFF, 0xFFFF, 0xFFFF, 
0xFFFF, 0xFFFF, 0xFFFF, 0xFFFF, 0xFFFF, 0xFFFF, 0xFFFF, 0xFFFF, 0xFFFF, 0xFFFF, 0xFFFF, 0xFFFF, 0xFFFF, 0xFFFF, 0xFFFF, 0xFFFF, 
0xFFFF, 0xFFFF, 0xFFFF, 0xFFFF, 0xFFFF, 0xFFFF, 0xFFFF, 0xFFFF, 0xFFFF, 0xFFFF, 0xFFFF, 0xFFFF, 0xFFFF, 0xFFFF, 0xFFFF, 0xFFFF, 
0xFFFF, 0xFFFF, 0xFFFF, 0xFFFF, 0xFFFF, 0xFFFF, 0xFFFF, 0xFFFF, 0xFFFF, 0xFFFF, 0xFFFF, 0xFFFF, 0xFFFF, 0xFFFF, 0xFFFF, 0xFFFF, 
0xFFFF, 0xFFFF, 0xFFFE, 0xB511, 0xC510, 0xFF59, 0xF719, 0xF759, 0xFF38, 0xFF38, 0xFF38, 0xFEF7, 0xEDD2, 0xF5D1, 0xF611, 0xF5F2, 
0xE591, 0x8AC7, 0x61A2, 0x5982, 0xA3AA, 0xFE12, 0xF5D0, 0xF5AF, 0xFDF0, 0xFDF0, 0xF5F1, 0xF5F0, 0xFDF1, 0xFDF1, 0xF5B0, 0xFDF1, 
0xB3A8, 0xC44B, 0xFE11, 0xF5F1, 0xE590, 0x69E3, 0x82A6, 0x8AE8, 0x92E8, 0x8A86, 0x82C7, 0x8286, 0x8AE7, 0x8AE7, 0x7A66, 0x7A86, 
0x82A7, 0x92C7, 0x92C7, 0x92A7, 0x9308, 0x61E5, 0xB533, 0xFFFF, 0xFFFF, 0xFFFF, 0xFFFF, 0xFFFF, 0xFFFF, 0xFFFF, 0xFFFF, 0xFFFF, 
0xFFFF, 0xFFFF, 0xFFFF, 0xFFFF, 0xFFFF, 0xFFFF, 0xFFFF, 0xFFFF, 0xFFFF, 0xFFFF, 0xFFFF, 0xFFFF, 0xFFFF, 0xFFFF, 0xFFFF, 0xFFFF, 
0xFFFF, 0xFFFF, 0xFFFF, 0xFFFF, 0xFFFF, 0xFFFF, 0xFFFF, 0xFFFF, 0xFFFF, 0xFFFF, 0xFFFF, 0xFFFF, 0xFFFF, 0xFFFF, 0xFFFF, 0xFFFF, 
0xFFFF, 0xFFFF, 0xFFFF, 0xFFFF, 0xFFFF, 0xFFFF, 0xFFFF, 0xFFFF, 0xFFFF, 0xFFFF, 0xFFFF, 0xFFFF, 0xFFFF, 0xFFFF, 0xFFFF, 0xFFFF, 
0xFFFF, 0xFFFF, 0xFFFF, 0xFFFF, 0xFFFF, 0xFFFF, 0xFFFF, 0xFFFF, 0xFFFF, 0xFFFF, 0xFFFF, 0xFFFF, 0xFFFF, 0xFFFF, 0xFFFF, 0xFFFF, 
0xFFFF, 0xFFFF, 0xFFFF, 0xFFFF, 0xFFFF, 0xFFFF, 0xFFFF, 0xFFFF, 0xFFFF, 0xFFFF, 0xFFFF, 0xFFFF, 0xFFFF, 0xFFFF, 0xFFFF, 0xFFFF, 
0xFFFF, 0xFFFF, 0xFFFF, 0xFFFF, 0xFFFF, 0xFFFF, 0xFFFF, 0xFFFF, 0xFFFF, 0xFFFF, 0xFFFF, 0xFFFF, 0xFFFF, 0xFFFF, 0xFFFF, 0xFFFF, 
0xFFFF, 0xFFFE, 0xEEFA, 0x93CC, 0xFEF7, 0xFF18, 0xFF39, 0xF759, 0xFF59, 0xFF38, 0xFF38, 0xFE95, 0xEDD1, 0xF5D0, 0xF5F0, 0xF5F1, 
0xF612, 0xF5F2, 0xE591, 0xE570, 0xF612, 0xF5F1, 0xFDF0, 0xFDF0, 0xFDF0, 0xFDF0, 0xFDF1, 0xFDF1, 0xFDF1, 0xF5D0, 0xF5D1, 0xFDF1, 
0xAB88, 0xD4AC, 0xFE11, 0xF5D1, 0xF612, 0x7223, 0x7A85, 0x8AE7, 0x8AC7, 0x9329, 0x6A05, 0x59A3, 0x92E7, 0x92E7, 0x7A86, 0x7A86, 
0x8286, 0x8286, 0x92E7, 0x92C7, 0x92C7, 0x7AA7, 0x6AA8, 0xFFDE, 0xFFFF, 0xFFFF, 0xFFFF, 0xFFFF, 0xFFFF, 0xFFFF, 0xFFFF, 0xFFFF, 
0xFFFF, 0xFFFF, 0xFFFF, 0xFFFF, 0xFFFF, 0xFFFF, 0xFFFF, 0xFFFF, 0xFFFF, 0xFFFF, 0xFFFF, 0xFFFF, 0xFFFF, 0xFFFF, 0xFFFF, 0xFFFF, 
0xFFFF, 0xFFFF, 0xFFFF, 0xFFFF, 0xFFFF, 0xFFFF, 0xFFFF, 0xFFFF, 0xFFFF, 0xFFFF, 0xFFFF, 0xFFFF, 0xFFFF, 0xFFFF, 0xFFFF, 0xFFFF, 
0xFFFF, 0xFFFF, 0xFFFF, 0xFFFF, 0xFFFF, 0xFFFF, 0xFFFF, 0xFFFF, 0xFFFF, 0xFFFF, 0xFFFF, 0xFFFF, 0xFFFF, 0xFFFF, 0xFFFF, 0xFFFF, 
0xFFFF, 0xFFFF, 0xFFFF, 0xFFFF, 0xFFFF, 0xFFFF, 0xFFFF, 0xFFFF, 0xFFFF, 0xFFFF, 0xFFFF, 0xFFFF, 0xFFFF, 0xFFFF, 0xFFFF, 0xFFFF, 
0xFFFF, 0xFFFF, 0xFFFF, 0xFFFF, 0xFFFF, 0xFFFF, 0xFFFF, 0xFFFF, 0xFFFF, 0xFFFF, 0xFFFF, 0xFFFF, 0xFFFF, 0xFFFF, 0xFFFF, 0xFFFF, 
0xFFFF, 0xFFFF, 0xFFFF, 0xFFFF, 0xFFFF, 0xFFFF, 0xFFFF, 0xFFFF, 0xFFFF, 0xFFFF, 0xFFFF, 0xFFFF, 0xFFFF, 0xFFFF, 0xFFFF, 0xFFFF, 
0xFFFE, 0xFFFE, 0xAC8F, 0xCD72, 0xFF59, 0xFF18, 0xFF39, 0xF739, 0xF739, 0xFF38, 0xFF18, 0xF654, 0xF5F1, 0xFDF0, 0xF5D0, 0xF5F1, 
0xF5D1, 0xF5F1, 0xFE12, 0xFE12, 0xF5F1, 0xF5D0, 0xF5D0, 0xFDF1, 0xFDF0, 0xFDF0, 0xFDF1, 0xFDF1, 0xF5D0, 0xF5D0, 0xFE11, 0xED90, 
0xA327, 0xE52E, 0xFE11, 0xF5D0, 0xFE12, 0xA388, 0x61A2, 0x9349, 0x8AE7, 0x82C7, 0x5142, 0x59A3, 0x9308, 0x92E7, 0x8AA6, 0x7A66, 
0x8286, 0x8286, 0x92C7, 0x92C7, 0x92C7, 0x8AE8, 0x5184, 0xEEFA, 0xFFFF, 0xFFFF, 0xFFFF, 0xFFFF, 0xFFFF, 0xFFFF, 0xFFFF, 0xFFFF, 
0xFFFF, 0xFFFF, 0xFFFF, 0xFFFF, 0xFFFF, 0xFFFF, 0xFFFF, 0xFFFF, 0xFFFF, 0xFFFF, 0xFFFF, 0xFFFF, 0xFFFF, 0xFFFF, 0xFFFF, 0xFFFF, 
0xFFFF, 0xFFFF, 0xFFFF, 0xFFFF, 0xFFFF, 0xFFFF, 0xFFFF, 0xFFFF, 0xFFFF, 0xFFFF, 0xFFFF, 0xFFFF, 0xFFFF, 0xFFFF, 0xFFFF, 0xFFFF, 
0xFFFF, 0xFFFF, 0xFFFF, 0xFFFF, 0xFFFF, 0xFFFF, 0xFFFF, 0xFFFF, 0xFFFF, 0xFFFF, 0xFFFF, 0xFFFF, 0xFFFF, 0xFFFF, 0xFFFF, 0xFFFF, 
0xFFFF, 0xFFFF, 0xFFFF, 0xFFFF, 0xFFFF, 0xFFFF, 0xFFFF, 0xFFFF, 0xFFFF, 0xFFFF, 0xFFFF, 0xFFFF, 0xFFFF, 0xFFFF, 0xFFFF, 0xFFFF, 
0xFFFF, 0xFFFF, 0xFFFF, 0xFFFF, 0xFFFF, 0xFFFF, 0xFFFF, 0xFFFF, 0xFFFF, 0xFFFF, 0xFFFF, 0xFFFF, 0xFFFF, 0xFFFF, 0xFFFF, 0xFFFF, 
0xFFFF, 0xFFFF, 0xFFFF, 0xFFFF, 0xFFFF, 0xFFFF, 0xFFFF, 0xFFFF, 0xFFFF, 0xFFFF, 0xFFFF, 0xFFFF, 0xFFFF, 0xFFFF, 0xFFFF, 0xFFFF, 
0xFFFE, 0xDE98, 0xA42D, 0xFF19, 0xFEF8, 0xFF19, 0xFF39, 0xFF39, 0xF739, 0xFF38, 0xFF18, 0xF613, 0xF5D1, 0xFDF0, 0xF5D0, 0xFDF0, 
0xF5D0, 0xF5F0, 0xF5D0, 0xF5F0, 0xF5F0, 0xF5D0, 0xFE31, 0xF5B0, 0xF5F1, 0xF5D1, 0xFDF1, 0xF5D0, 0xF5D0, 0xF5D0, 0xFE11, 0xD4AC, 
0xAB88, 0xFDF2, 0xF5B0, 0xFE11, 0xFDF1, 0xEDD1, 0x6A03, 0x61A2, 0x8AE7, 0x5162, 0x7267, 0x7266, 0x8AC7, 0x92C7, 0x8A86, 0x8245, 
0x82A7, 0x8286, 0x92C7, 0x92C7, 0x92C7, 0x9329, 0x59E5, 0xBD73, 0xFFFF, 0xFFFF, 0xFFFF, 0xFFFF, 0xFFFF, 0xFFFF, 0xFFFF, 0xFFFF, 
0xFFFF, 0xFFFF, 0xFFFF, 0xFFFF, 0xFFFF, 0xFFFF, 0xFFFF, 0xFFFF, 0xFFFF, 0xFFFF, 0xFFFF, 0xFFFF, 0xFFFF, 0xFFFF, 0xFFFF, 0xFFFF, 
0xFFFF, 0xFFFF, 0xFFFF, 0xFFFF, 0xFFFF, 0xFFFF, 0xFFFF, 0xFFFF, 0xFFFF, 0xFFFF, 0xFFFF, 0xFFFF, 0xFFFF, 0xFFFF, 0xFFFF, 0xFFFF, 
0xFFFF, 0xFFFF, 0xFFFF, 0xFFFF, 0xFFFF, 0xFFFF, 0xFFFF, 0xFFFF, 0xFFFF, 0xFFFF, 0xFFFF, 0xFFFF, 0xFFFF, 0xFFFF, 0xFFFF, 0xFFFF, 
0xFFFF, 0xFFFF, 0xFFFF, 0xFFFF, 0xFFFF, 0xFFFF, 0xFFFF, 0xFFFF, 0xFFFF, 0xFFFF, 0xFFFF, 0xFFFF, 0xFFFF, 0xFFFF, 0xFFFF, 0xFFFF, 
0xFFFF, 0xFFFF, 0xFFFF, 0xFFFF, 0xFFFF, 0xFFFF, 0xFFFF, 0xFFFF, 0xFFFF, 0xFFFF, 0xFFFF, 0xFFFF, 0xFFFF, 0xFFFF, 0xFFFF, 0xFFFF, 
0xFFFF, 0xFFFF, 0xFFFF, 0xFFFF, 0xFFFF, 0xFFFF, 0xFFFF, 0xFFFF, 0xFFFF, 0xFFFF, 0xFFFF, 0xFFFF, 0xFFFF, 0xFFFF, 0xFFFF, 0xFFFE, 
0xFF7C, 0x93ED, 0xEE76, 0xFF39, 0xFF18, 0xFF19, 0xFF39, 0xFF19, 0xFF39, 0xFF39, 0xFF18, 0xF634, 0xEDD1, 0xFDF1, 0xF5D0, 0xFDF0, 
0xFDF0, 0xF5F0, 0xFE10, 0xF5D0, 0xFDF1, 0xFDF1, 0xF5B0, 0xFE11, 0xF5F1, 0xF5D1, 0xFDF1, 0xF5D0, 0xFDF1, 0xF5F0, 0xF5D0, 0xAB87, 
0xC46B, 0xFE12, 0xF5D0, 0xF5D0, 0xF5D0, 0xF5F1, 0xDD6F, 0x82C6, 0x61A2, 0x7A65, 0xBCAF, 0x61E4, 0x92E8, 0x92C7, 0x92A7, 0x8A86, 
0x8AC7, 0x7A66, 0x92E8, 0x92E7, 0x8AA7, 0x9328, 0x6A46, 0x9C2E, 0xFFFE, 0xFFFF, 0xFFFF, 0xFFFF, 0xFFFF, 0xFFFF, 0xFFFF, 0xFFFF, 
0xFFFF, 0xFFFF, 0xFFFF, 0xFFFF, 0xFFFF, 0xFFFF, 0xFFFF, 0xFFFF, 0xFFFF, 0xFFFF, 0xFFFF, 0xFFFF, 0xFFFF, 0xFFFF, 0xFFFF, 0xFFFF, 
0xFFFF, 0xFFFF, 0xFFFF, 0xFFFF, 0xFFFF, 0xFFFF, 0xFFFF, 0xFFFF, 0xFFFF, 0xFFFF, 0xFFFF, 0xFFFF, 0xFFFF, 0xFFFF, 0xFFFF, 0xFFFF, 
0xFFFF, 0xFFFF, 0xFFFF, 0xFFFF, 0xFFFF, 0xFFFF, 0xFFFF, 0xFFFF, 0xFFFF, 0xFFFF, 0xFFFF, 0xFFFF, 0xFFFF, 0xFFFF, 0xFFFF, 0xFFFF, 
0xFFFF, 0xFFFF, 0xFFFF, 0xFFFF, 0xFFFF, 0xFFFF, 0xFFFF, 0xFFFF, 0xFFFF, 0xFFFF, 0xFFFF, 0xFFFF, 0xFFFF, 0xFFFF, 0xFFFF, 0xFFFF, 
0xFFFF, 0xFFFF, 0xFFFF, 0xFFFF, 0xFFFF, 0xFFFF, 0xFFFF, 0xFFFF, 0xFFFF, 0xFFFF, 0xFFFF, 0xFFFF, 0xFFFF, 0xFFFF, 0xFFFF, 0xFFFF, 
0xFFFF, 0xFFFF, 0xFFFF, 0xFFFF, 0xFFFF, 0xFFFF, 0xFFFF, 0xFFFF, 0xFFFF, 0xFFFF, 0xFFFF, 0xFFFF, 0xFFFF, 0xFFFF, 0xFFFE, 0xFF7C, 
0x9BED, 0xDDF4, 0xFF7A, 0xFF18, 0xFF18, 0xFF39, 0xFF39, 0xFF39, 0xF719, 0xFF59, 0xFF38, 0xFEF7, 0xF673, 0xEDF1, 0xF5D1, 0xFDD0, 
0xFDD0, 0xFDF0, 0xF5F1, 0xF5D1, 0xFDF1, 0xF5B0, 0xFDD1, 0xFDF1, 0xF5F0, 0xF5F0, 0xFDD0, 0xFDD0, 0xF5D0, 0xFE31, 0xCC8C, 0xAB67, 
0xF5D0, 0xF5D0, 0xF5D1, 0xF5D1, 0xF5D1, 0xF5F1, 0xF612, 0xF632, 0xE590, 0xFE54, 0xC4AE, 0x61A3, 0x9308, 0x92C7, 0x8AA7, 0x92C8, 
0x82A7, 0x7A86, 0x8AC7, 0x92E7, 0x8AE7, 0x8B08, 0x7286, 0x834A, 0xFFFF, 0xFFFF, 0xFFFF, 0xFFFF, 0xFFFF, 0xFFFF, 0xFFFF, 0xFFFF, 
0xFFFF, 0xFFFF, 0xFFFF, 0xFFFF, 0xFFFF, 0xFFFF, 0xFFFF, 0xFFFF, 0xFFFF, 0xFFFF, 0xFFFF, 0xFFFF, 0xFFFF, 0xFFFF, 0xFFFF, 0xFFFF, 
0xFFFF, 0xFFFF, 0xFFFF, 0xFFFF, 0xFFFF, 0xFFFF, 0xFFFF, 0xFFFF, 0xFFFF, 0xFFFF, 0xFFFF, 0xFFFF, 0xFFFF, 0xFFFF, 0xFFFF, 0xFFFF, 
0xFFFF, 0xFFFF, 0xFFFF, 0xFFFF, 0xFFFF, 0xFFFF, 0xFFFF, 0xFFFF, 0xFFFF, 0xFFFF, 0xFFFF, 0xFFFF, 0xFFFF, 0xFFFF, 0xFFFF, 0xFFFF, 
0xFFFF, 0xFFFF, 0xFFFF, 0xFFFF, 0xFFFF, 0xFFFF, 0xFFFF, 0xFFFF, 0xFFFF, 0xFFFF, 0xFFFF, 0xFFFF, 0xFFFF, 0xFFFF, 0xFFFF, 0xFFFF, 
0xFFFF, 0xFFFF, 0xFFFF, 0xFFFF, 0xFFFF, 0xFFFF, 0xFFFF, 0xFFFF, 0xFFFF, 0xFFFF, 0xFFFF, 0xFFFF, 0xFFFF, 0xFFFF, 0xFFFF, 0xFFFF, 
0xFFFF, 0xFFFF, 0xFFFF, 0xFFFF, 0xFFFF, 0xFFFF, 0xFFFF, 0xFFFF, 0xFFFF, 0xFFFF, 0xFFFF, 0xFFFF, 0xFFFF, 0xFFFF, 0xFFBD, 0xAC4F, 
0xDDD4, 0xFF59, 0xF6F8, 0xFF59, 0xFF59, 0xFF19, 0xFF3A, 0xFF19, 0xFF5A, 0xFF18, 0xFF38, 0xFF38, 0xFF17, 0xF674, 0xF5F2, 0xF5D1, 
0xF5D0, 0xF5D0, 0xF5F0, 0xFE11, 0xFDD1, 0xFDD1, 0xFDF1, 0xF5D0, 0xF611, 0xF5F0, 0xF5B0, 0xFDD0, 0xF5F0, 0xE56E, 0xA326, 0xDCCD, 
0xFDF0, 0xF5F0, 0xFDF1, 0xF5D1, 0xFDD1, 0xFDF1, 0xF5F1, 0xF5F1, 0xEDD0, 0xFE33, 0xBC4C, 0x69A2, 0x9308, 0x8AA7, 0x92C7, 0x92E7, 
0x8AA7, 0x8266, 0x92C8, 0x92C7, 0x8AE7, 0x8B08, 0x7AA6, 0x6A67, 0xFFFE, 0xFFFF, 0xFFFF, 0xFFFF, 0xFFFF, 0xFFDF, 0xFFFF, 0xFFFF, 
0xFFFF, 0xFFFF, 0xFFFF, 0xFFFF, 0xFFFF, 0xFFFF, 0xFFFF, 0xFFFF, 0xFFFF, 0xFFFF, 0xFFFF, 0xFFFF, 0xFFFF, 0xFFFF, 0xFFFF, 0xFFFF, 
0xFFFF, 0xFFFF, 0xFFFF, 0xFFFF, 0xFFFF, 0xFFFF, 0xFFFF, 0xFFFF, 0xFFFF, 0xFFFF, 0xFFFF, 0xFFFF, 0xFFFF, 0xFFFF, 0xFFFF, 0xFFFF, 
0xFFFF, 0xFFFF, 0xFFFF, 0xFFFF, 0xFFFF, 0xFFFF, 0xFFFF, 0xFFFF, 0xFFFF, 0xFFFF, 0xFFFF, 0xFFFF, 0xFFFF, 0xFFFF, 0xFFFF, 0xFFFF, 
0xFFFF, 0xFFFF, 0xFFFF, 0xFFFF, 0xFFFF, 0xFFFF, 0xFFFF, 0xFFFF, 0xFFFF, 0xFFFF, 0xFFFF, 0xFFFF, 0xFFFF, 0xFFFF, 0xFFFF, 0xFFFF, 
0xFFFF, 0xFFFF, 0xFFFF, 0xFFFF, 0xFFFF, 0xFFFF, 0xFFFF, 0xFFFF, 0xFFFF, 0xFFFF, 0xFFFF, 0xFFFF, 0xFFFF, 0xFFFF, 0xFFFF, 0xFFFF, 
0xFFFF, 0xFFFF, 0xFFFF, 0xFFFF, 0xFFFF, 0xFFFF, 0xFFFF, 0xFFFF, 0xFFFF, 0xFFFF, 0xFFFF, 0xFFFF, 0xFFFF, 0xFFDE, 0xD616, 0xC511, 
0xFF7A, 0xFF18, 0xFF39, 0xF719, 0xFF3A, 0xFF1A, 0xFEB8, 0xFF19, 0xFEF8, 0xFF39, 0xFF39, 0xFF18, 0xFF38, 0xFF58, 0xFEB6, 0xEDF2, 
0xF5F2, 0xFDF1, 0xF5D0, 0xF5D0, 0xF5D0, 0xFDD0, 0xFDF1, 0xF5D0, 0xF5D0, 0xFE11, 0xFDD1, 0xFDF1, 0xF5F1, 0xA387, 0xC429, 0xFE11, 
0xFDF0, 0xF5F0, 0xFDF1, 0xFDF1, 0xFDF1, 0xFDF1, 0xF5F0, 0xF5F0, 0xF5F1, 0xFE32, 0xB42B, 0x69A2, 0x9308, 0x8AC7, 0x92E7, 0x92E7, 
0x8AA7, 0x8245, 0x92E8, 0x8AC7, 0x8AE7, 0x8B07, 0x82A7, 0x59A3, 0x7B2B, 0xF75C, 0xFFFF, 0xFFFF, 0xFFFF, 0xFFFF, 0xFFFF, 0xFFFF, 
0xFFFF, 0xFFFF, 0xFFFF, 0xFFFF, 0xFFFF, 0xFFFF, 0xFFFF, 0xFFFF, 0xFFFF, 0xFFFF, 0xFFFF, 0xFFFF, 0xFFFF, 0xFFFF, 0xFFFF, 0xFFFF, 
0xFFFF, 0xFFFF, 0xFFFF, 0xFFFF, 0xFFFF, 0xFFFF, 0xFFFF, 0xFFFF, 0xFFFF, 0xFFFF, 0xFFFF, 0xFFFF, 0xFFFF, 0xFFFF, 0xFFFF, 0xFFFF, 
0xFFFF, 0xFFFF, 0xFFFF, 0xFFFF, 0xFFFF, 0xFFFF, 0xFFFF, 0xFFFF, 0xFFFF, 0xFFFF, 0xFFFF, 0xFFFF, 0xFFFF, 0xFFFF, 0xFFFF, 0xFFFF, 
0xFFFF, 0xFFFF, 0xFFFF, 0xFFFF, 0xFFFF, 0xFFFF, 0xFFFF, 0xFFFF, 0xFFFF, 0xFFFF, 0xFFFF, 0xFFFF, 0xFFFF, 0xFFFF, 0xFFFF, 0xFFFF, 
0xFFFF, 0xFFFF, 0xFFFF, 0xFFFF, 0xFFFF, 0xFFFF, 0xFFFF, 0xFFFF, 0xFFFF, 0xFFFF, 0xFFFF, 0xFFFF, 0xFFFF, 0xFFFF, 0xFFFF, 0xFFFF, 
0xFFFF, 0xFFFF, 0xFFFF, 0xFFFF, 0xFFFF, 0xFFFF, 0xFFFF, 0xFFFF, 0xFFFF, 0xFFFF, 0xFFFF, 0xFFFF, 0xFFFF, 0xFFFE, 0xACB0, 0xEE56, 
0xE5B3, 0xDD72, 0xF6D8, 0xFF3A, 0xFEF9, 0xDD94, 0xCCF1, 0xFED9, 0xFF19, 0xFF39, 0xFF59, 0xFF38, 0xFF59, 0xFEF8, 0xFF39, 0xFED7, 
0xEDF3, 0xEDB1, 0xFDF1, 0xFDF1, 0xFDF1, 0xF5D0, 0xFDD0, 0xFDF0, 0xF5F0, 0xF5D0, 0xFDF2, 0xF5B1, 0xA388, 0xB3E8, 0xF5D0, 0xFDD0, 
0xF5D0, 0xF5F0, 0xFDF1, 0xFDF1, 0xFDF1, 0xFDF1, 0xFDF1, 0xF5F1, 0xF5F1, 0xFE32, 0xBC4C, 0x61A2, 0x92E8, 0x92E8, 0x8AC7, 0x92E7, 
0x8AA6, 0x8265, 0x92E7, 0x8AC7, 0x92E7, 0x8AE7, 0x82A7, 0x5983, 0x7287, 0x6247, 0xF75C, 0xFFDF, 0xFFFF, 0xFFFF, 0xFFFF, 0xFFFF, 
0xFFFF, 0xFFFF, 0xFFFF, 0xFFFF, 0xFFFF, 0xFFFF, 0xFFFF, 0xFFFF, 0xFFFF, 0xFFFF, 0xFFFF, 0xFFFF, 0xFFFF, 0xFFFF, 0xFFFF, 0xFFFF, 
0xFFFF, 0xFFFF, 0xFFFF, 0xFFFF, 0xFFFF, 0xFFFF, 0xFFFF, 0xFFFF, 0xFFFF, 0xFFFF, 0xFFFF, 0xFFFF, 0xFFFF, 0xFFFF, 0xFFFF, 0xFFFF, 
0xFFFF, 0xFFFF, 0xFFFF, 0xFFFF, 0xFFFF, 0xFFFF, 0xFFFF, 0xFFFF, 0xFFFF, 0xFFFF, 0xFFFF, 0xFFFF, 0xFFFF, 0xFFFF, 0xFFFF, 0xFFFF, 
0xFFFF, 0xFFFF, 0xFFFF, 0xFFFF, 0xFFFF, 0xFFFF, 0xFFFF, 0xFFFF, 0xFFFF, 0xFFFF, 0xFFFF, 0xFFFF, 0xFFFF, 0xFFFF, 0xFFFF, 0xFFFF, 
0xFFFF, 0xFFFF, 0xFFFF, 0xFFFF, 0xFFFF, 0xFFFF, 0xFFFF, 0xFFFF, 0xFFFF, 0xFFFF, 0xFFFF, 0xFFFF, 0xFFFF, 0xFFFF, 0xFFFF, 0xFFFF, 
0xFFFF, 0xFFFF, 0xFFFF, 0xFFFF, 0xFFFF, 0xFFFF, 0xFFFF, 0xFFFF, 0xFFFF, 0xFFFF, 0xFFFF, 0xFFFF, 0xFFFF, 0xFFFE, 0xB4AF, 0xF636, 
0xD4F1, 0xC46F, 0xF656, 0xFF3A, 0xFE98, 0xC46F, 0xD4D1, 0xFED8, 0xFF19, 0xFF18, 0xF718, 0xFF38, 0xFF39, 0xFF39, 0xFF39, 0xFF39, 
0xFEF7, 0xEDF2, 0xF5D1, 0xF5D0, 0xF5D1, 0xFDD1, 0xF5B0, 0xFDD0, 0xFE11, 0xFE11, 0xE54F, 0xA347, 0xB3E9, 0xF5F1, 0xFE11, 0xFDD1, 
0xF5D0, 0xF5F1, 0xFDF1, 0xFDF1, 0xFDD1, 0xFDD1, 0xFDF1, 0xF5F1, 0xF5D0, 0xFE32, 0xBC2B, 0x6182, 0x9308, 0x8AE7, 0x8AC7, 0x92E7, 
0x8AA6, 0x8AA6, 0x92E7, 0x8AC7, 0x92C7, 0x92E7, 0x82A7, 0x5982, 0x8B09, 0x7267, 0x730B, 0xFFDE, 0xFFFF, 0xFFFF, 0xFFFF, 0xFFFF, 
0xFFFF, 0xFFFF, 0xFFFF, 0xFFFF, 0xFFFF, 0xFFFF, 0xFFFF, 0xFFFF, 0xFFFF, 0xFFFF, 0xFFFF, 0xFFFF, 0xFFFF, 0xFFFF, 0xFFFF, 0xFFFF, 
0xFFFF, 0xFFFF, 0xFFFF, 0xFFFF, 0xFFFF, 0xFFFF, 0xFFFF, 0xFFFF, 0xFFFF, 0xFFFF, 0xFFFF, 0xFFFF, 0xFFFF, 0xFFFF, 0xFFFF, 0xFFFF, 
0xFFFF, 0xFFFF, 0xFFFF, 0xFFFF, 0xFFFF, 0xFFFF, 0xFFFF, 0xFFFF, 0xFFFF, 0xFFFF, 0xFFFF, 0xFFFF, 0xFFFF, 0xFFFF, 0xFFFF, 0xFFFF, 
0xFFFF, 0xFFFF, 0xFFFF, 0xFFFF, 0xFFFF, 0xFFFF, 0xFFFF, 0xFFFF, 0xFFFF, 0xFFFF, 0xFFFF, 0xFFFF, 0xFFFF, 0xFFFF, 0xFFFF, 0xFFFF, 
0xFFFF, 0xFFFF, 0xFFFF, 0xFFFF, 0xFFFF, 0xFFFF, 0xFFFF, 0xFFFF, 0xFFFF, 0xFFFF, 0xFFFF, 0xFFFF, 0xFFFF, 0xFFFF, 0xFFFF, 0xFFFF, 
0xFFFF, 0xFFFF, 0xFFFF, 0xFFFF, 0xFFFF, 0xFFFF, 0xFFFF, 0xFFFF, 0xFFFF, 0xFFFF, 0xFFFF, 0xFFFF, 0xFFFF, 0xFFBD, 0xB48F, 0xFE97, 
0xE593, 0xDD53, 0xFF19, 0xFEF8, 0xFEF9, 0xDD32, 0xE593, 0xFEF8, 0xFF39, 0xF718, 0xFF39, 0xFF5A, 0xF719, 0xFF39, 0xFEF8, 0xFF39, 
0xFF38, 0xFEF7, 0xF613, 0xFE33, 0xFE33, 0xF612, 0xF5F2, 0xEDB1, 0xDD2E, 0xBC2A, 0xA368, 0xCCAD, 0xF5F1, 0xF611, 0xF5B1, 0xF5D1, 
0xFDF1, 0xF5F1, 0xFDF1, 0xFDF1, 0xFDD1, 0xFDD0, 0xFDF0, 0xFDF1, 0xF5D1, 0xFE32, 0xBC4C, 0x61A2, 0x9308, 0x8AC7, 0x8AE8, 0x8AE7, 
0x8AA6, 0x92E7, 0x8AC7, 0x8AC7, 0x92C7, 0x92E8, 0x8286, 0x5982, 0x8AE8, 0x8B09, 0x51C5, 0xCDD6, 0xFFDE, 0xFFFF, 0xFFFF, 0xFFFF, 
0xFFFF, 0xFFFF, 0xFFFF, 0xFFFF, 0xFFFF, 0xFFFF, 0xFFFF, 0xFFFF, 0xFFFF, 0xFFFF, 0xFFFF, 0xFFFF, 0xFFFF, 0xFFFF, 0xFFFF, 0xFFFF, 
0xFFFF, 0xFFFF, 0xFFFF, 0xFFFF, 0xFFFF, 0xFFFF, 0xFFFF, 0xFFFF, 0xFFFF, 0xFFFF, 0xFFFF, 0xFFFF, 0xFFFF, 0xFFFF, 0xFFFF, 0xFFFF, 
0xFFFF, 0xFFFF, 0xFFFF, 0xFFFF, 0xFFFF, 0xFFFF, 0xFFFF, 0xFFFF, 0xFFFF, 0xFFFF, 0xFFFF, 0xFFFF, 0xFFFF, 0xFFFF, 0xFFFF, 0xFFFF, 
0xFFFF, 0xFFFF, 0xFFFF, 0xFFFF, 0xFFFF, 0xFFFF, 0xFFFF, 0xFFFF, 0xFFFF, 0xFFFF, 0xFFFF, 0xFFFF, 0xFFFF, 0xFFFF, 0xFFFF, 0xFFFF, 
0xFFFF, 0xFFFF, 0xFFFF, 0xFFFF, 0xFFFF, 0xFFFF, 0xFFFF, 0xFFFF, 0xFFFF, 0xFFFF, 0xFFFF, 0xFFFF, 0xFFFF, 0xFFFF, 0xFFFF, 0xFFFF, 
0xFFFF, 0xFFFF, 0xFFFF, 0xFFFF, 0xFFFF, 0xFFFF, 0xFFFF, 0xFFFF, 0xFFFF, 0xFFFF, 0xFFFF, 0xFFFF, 0xFFFF, 0xFFFE, 0xAC4E, 0xEE55, 
0xFF3A, 0xFEF9, 0xFF19, 0xFF39, 0xFF38, 0xFF18, 0xFF39, 0xFF18, 0xFF18, 0xFF39, 0xFF5A, 0xF739, 0xFF19, 0xFF19, 0xFF39, 0xFF18, 
0xFF18, 0xDDD2, 0xC4EF, 0xC4CF, 0xC4CF, 0xBC8E, 0xB42D, 0xA3AB, 0x9327, 0xBC6C, 0xF5D1, 0xFE12, 0xF5F1, 0xF5D1, 0xFDF1, 0xFDF1, 
0xFDF1, 0xF5F1, 0xFDF1, 0xFDF1, 0xFDD1, 0xFDD1, 0xFDF0, 0xFDF1, 0xF5D1, 0xFE12, 0xD4EE, 0x69A2, 0x8AC7, 0x8AC7, 0x8AE8, 0x8AE7, 
0x8AC7, 0x92E7, 0x8AE7, 0x8AC7, 0x92C8, 0x8AC8, 0x82A7, 0x7205, 0x92E7, 0x8B08, 0x7AC8, 0x6A88, 0xFFFE, 0xFFFF, 0xFFFF, 0xFFFF, 
0xFFFF, 0xFFFF, 0xFFFF, 0xFFFF, 0xFFFF, 0xFFFF, 0xFFFF, 0xFFFF, 0xFFFF, 0xFFFF, 0xFFFF, 0xFFFF, 0xFFFF, 0xFFFF, 0xFFFF, 0xFFFF, 
0xFFFF, 0xFFFF, 0xFFFF, 0xFFFF, 0xFFFF, 0xFFFF, 0xFFFF, 0xFFFF, 0xFFFF, 0xFFFF, 0xFFFF, 0xFFFF, 0xFFFF, 0xFFFF, 0xFFFF, 0xFFFF, 
0xFFFF, 0xFFFF, 0xFFFF, 0xFFFF, 0xFFFF, 0xFFFF, 0xFFFF, 0xFFFF, 0xFFFF, 0xFFFF, 0xFFFF, 0xFFFF, 0xFFFF, 0xFFFF, 0xFFFF, 0xFFFF, 
0xFFFF, 0xFFFF, 0xFFFF, 0xFFFF, 0xFFFF, 0xFFFF, 0xFFFF, 0xFFFF, 0xFFFF, 0xFFFF, 0xFFFF, 0xFFFF, 0xFFFF, 0xFFFF, 0xFFFF, 0xFFFF, 
0xFFFF, 0xFFFF, 0xFFFF, 0xFFFF, 0xFFFF, 0xFFFF, 0xFFFF, 0xFFFF, 0xFFFF, 0xFFFF, 0xFFFF, 0xFFFF, 0xFFFF, 0xFFFF, 0xFFFF, 0xFFFF, 
0xFFFF, 0xFFFF, 0xFFFF, 0xFFFF, 0xFFFF, 0xFFFF, 0xFFFF, 0xFFFF, 0xFFFF, 0xFFFF, 0xFFFF, 0xFFFF, 0xFFFF, 0xFFFE, 0xBCF1, 0xD5B3, 
0xFF3A, 0xFF19, 0xFF39, 0xFF38, 0xFF38, 0xFF58, 0xFF18, 0xFF19, 0xFF39, 0xE676, 0xACD0, 0xFF39, 0xFF39, 0xFF3A, 0xFF19, 0xFF39, 
0xEE55, 0x9369, 0xDDD4, 0xE615, 0xD5F5, 0xE656, 0xEE98, 0xFF7B, 0xEE55, 0xB44C, 0xF5F1, 0xFDD0, 0xF5D0, 0xFDF1, 0xF5B0, 0xFDF1, 
0xFDF1, 0xF5F1, 0xFDF1, 0xFDF1, 0xFDD1, 0xFDD1, 0xFDD0, 0xFDD0, 0xF5D0, 0xF5F1, 0xF5D1, 0x69C2, 0x8285, 0x9308, 0x8AC7, 0x8AE7, 
0x8AE8, 0x8AE7, 0x8B07, 0x8B08, 0x92E8, 0x8AC8, 0x8AE9, 0x8AE8, 0x92C7, 0x8AC7, 0x8AE9, 0x59C5, 0xEEDA, 0xFFFE, 0xFFFF, 0xFFFF, 
0xFFFF, 0xFFFF, 0xFFFF, 0xFFFF, 0xFFFF, 0xFFFF, 0xFFFF, 0xFFFF, 0xFFFF, 0xFFFF, 0xFFFF, 0xFFFF, 0xFFFF, 0xFFFF, 0xFFFF, 0xFFFF, 
0xFFFF, 0xFFFF, 0xFFFF, 0xFFFF, 0xFFFF, 0xFFFF, 0xFFFF, 0xFFFF, 0xFFFF, 0xFFFF, 0xFFFF, 0xFFFF, 0xFFFF, 0xFFFF, 0xFFFF, 0xFFFF, 
0xFFFF, 0xFFFF, 0xFFFF, 0xFFFF, 0xFFFF, 0xFFFF, 0xFFFF, 0xFFFF, 0xFFFF, 0xFFFF, 0xFFFF, 0xFFFF, 0xFFFF, 0xFFFF, 0xFFFF, 0xFFFF, 
0xFFFF, 0xFFFF, 0xFFFF, 0xFFFF, 0xFFFF, 0xFFFF, 0xFFFF, 0xFFFF, 0xFFFF, 0xFFFF, 0xFFFF, 0xFFFF, 0xFFFF, 0xFFFF, 0xFFFF, 0xFFFF, 
0xFFFF, 0xFFFF, 0xFFFF, 0xFFFF, 0xFFFF, 0xFFFF, 0xFFFF, 0xFFFF, 0xFFFF, 0xFFFF, 0xFFFF, 0xFFFF, 0xFFFF, 0xFFFF, 0xFFFF, 0xFFFF, 
0xFFFF, 0xFFFF, 0xFFFF, 0xFFFF, 0xFFFF, 0xFFFF, 0xFFFF, 0xFFFF, 0xFFFF, 0xFFFF, 0xFFFF, 0xFFFF, 0xFFFF, 0xFFFE, 0xEEB9, 0x9C0D, 
0xFF39, 0xFF18, 0xFF39, 0xFF38, 0xFF39, 0xFF59, 0xFF19, 0xFF19, 0xFF3A, 0xD572, 0x9BCB, 0xFF39, 0xFF18, 0xFF18, 0xFF3A, 0xFF5A, 
0xD551, 0xAC2D, 0xFFDD, 0xFFFE, 0xFFDD, 0xFFFE, 0xFFFE, 0xFFFE, 0xFFFE, 0xB4D0, 0xCCAE, 0xFDF1, 0xFDD0, 0xFDF0, 0xFDF0, 0xF5D0, 
0xFDF1, 0xFDF1, 0xFDF1, 0xFDF1, 0xFDD1, 0xFDF0, 0xFDD1, 0xFDD1, 0xFDF1, 0xF5D1, 0xFE33, 0xABCA, 0x5920, 0x8AC6, 0x9308, 0x8B08, 
0x8B08, 0x7A86, 0x82A6, 0x8AE7, 0x92E8, 0x8AC8, 0x8AC8, 0x8AC8, 0x8AC7, 0x92E8, 0x8B08, 0x6226, 0xC594, 0xFFFE, 0xFFFF, 0xFFFF, 
0xFFFF, 0xFFFF, 0xFFFF, 0xFFFF, 0xFFFF, 0xFFFF, 0xFFFF, 0xFFFF, 0xFFFF, 0xFFFF, 0xFFFF, 0xFFFF, 0xFFFF, 0xFFFF, 0xFFFF, 0xFFFF, 
0xFFFF, 0xFFFF, 0xFFFF, 0xFFFF, 0xFFFF, 0xFFFF, 0xFFFF, 0xFFFF, 0xFFFF, 0xFFFF, 0xFFFF, 0xFFFF, 0xFFFF, 0xFFFF, 0xFFFF, 0xFFFF, 
0xFFFF, 0xFFFF, 0xFFFF, 0xFFFF, 0xFFDF, 0xFFFF, 0xFFDF, 0xFFFF, 0xFFDF, 0xFFFF, 0xFFFF, 0xFFFF, 0xFFFF, 0xFFFF, 0xFFFF, 0xFFFF, 
0xFFFF, 0xFFFF, 0xFFFF, 0xFFFF, 0xFFFF, 0xFFFF, 0xFFFF, 0xFFFF, 0xFFFF, 0xFFFF, 0xFFFF, 0xFFFF, 0xFFFF, 0xFFFF, 0xFFFF, 0xFFFF, 
0xFFFF, 0xFFFF, 0xFFFF, 0xFFFF, 0xFFFF, 0xFFFF, 0xFFFF, 0xFFFF, 0xFFFF, 0xFFFF, 0xFFFF, 0xFFFF, 0xFFFF, 0xFFFF, 0xFFFF, 0xFFFF, 
0xFFFF, 0xFFFF, 0xFFFF, 0xFFFF, 0xFFFF, 0xFFFF, 0xFFFF, 0xFFFF, 0xFFFF, 0xFFFF, 0xFFFF, 0xFFFF, 0xFFFF, 0xFFFF, 0xFFDE, 0xA44F, 
0xCDB3, 0xFF9A, 0xFF18, 0xFF39, 0xFF39, 0xFF39, 0xFF39, 0xFF19, 0xFF5A, 0xAC0D, 0xBC8F, 0xFF7A, 0xFF18, 0xFF59, 0xFF18, 0xFEF8, 
0x938A, 0xE615, 0xFFFE, 0xFFDF, 0xFFFF, 0xFFFF, 0xFFFF, 0xFFFF, 0xFFFF, 0xF71A, 0xABAA, 0xFDB1, 0xFDD0, 0xFDD0, 0xFDF0, 0xFDF1, 
0xFDF1, 0xFDF1, 0xFDF1, 0xFDF0, 0xFDF0, 0xFDF0, 0xFDD1, 0xFDD1, 0xF5D1, 0xF5B1, 0xF5D1, 0xFE33, 0xA389, 0x5940, 0x69E3, 0x7A86, 
0x6A04, 0x4920, 0x7A85, 0x9308, 0x8AA7, 0x92E8, 0x92E8, 0x8AC7, 0x92E7, 0x8AC7, 0x9308, 0x6A25, 0xBD53, 0xFFDE, 0xFFFF, 0xFFFF, 
0xFFFF, 0xFFFF, 0xFFFF, 0xFFFF, 0xFFFF, 0xFFFF, 0xFFFF, 0xFFDF, 0xFFFF, 0xFFFF, 0xFFDF, 0xFFDE, 0xFFFF, 0xFFFF, 0xFFDF, 0xFFDE, 
0xFFDE, 0xFFFE, 0xFFFF, 0xFFFF, 0xFFFF, 0xFFFF, 0xFFFF, 0xFFFF, 0xFFFF, 0xFFFF, 0xFFFF, 0xFFFF, 0xFFFF, 0xFFFF, 0xFFFF, 0xFFFF, 
0xFFFF, 0xFFFF, 0xFFFF, 0xFFFF, 0xFFFF, 0xFFFF, 0xFFFF, 0xFFFF, 0xFFFF, 0xFFFF, 0xFFFF, 0xFFFF, 0xFFFF, 0xFFFF, 0xFFFF, 0xFFFF, 
0xFFFF, 0xFFFF, 0xFFFF, 0xFFFF, 0xFFFF, 0xFFFF, 0xFFFF, 0xFFFF, 0xFFFF, 0xFFFF, 0xFFFF, 0xFFFF, 0xFFFF, 0xFFFF, 0xFFFF, 0xFFFF, 
0xFFFF, 0xFFFF, 0xFFFF, 0xFFFF, 0xFFFF, 0xFFFF, 0xFFFF, 0xFFFF, 0xFFFF, 0xFFFF, 0xFFFF, 0xFFFF, 0xFFFF, 0xFFFF, 0xFFFF, 0xFFFF, 
0xFFFF, 0xFFFF, 0xFFFF, 0xFFFF, 0xFFFF, 0xFFFF, 0xFFFF, 0xFFFF, 0xFFFF, 0xFFFF, 0xFFFF, 0xFFFF, 0xFFFF, 0xFFDF, 0xFFFE, 0xF71A, 
0x93AB, 0xEE75, 0xFF5A, 0xFF19, 0xFF39, 0xFF19, 0xFF18, 0xFEF7, 0xD550, 0x9BAA, 0xFED7, 0xFF18, 0xF738, 0xF738, 0xFF58, 0xB4AE, 
0xAC6E, 0xFFBD, 0xFFFF, 0xFFFF, 0xFFFF, 0xFFFF, 0xFFFF, 0xFFFF, 0xFFFF, 0xFFFE, 0xA3CB, 0xE52F, 0xFDF1, 0xF5B0, 0xFDF1, 0xF5D1, 
0xFDD1, 0xFDD1, 0xFDF1, 0xFDF0, 0xFDF0, 0xFDF0, 0xFDF1, 0xFDF1, 0xFDD1, 0xFE12, 0xF5D1, 0xF5D1, 0xFE33, 0xD52F, 0x8285, 0x5982, 
0x7265, 0x7245, 0x8285, 0x92C7, 0x92C7, 0x92C7, 0x9AC7, 0x92C7, 0x92E7, 0x8AC7, 0x9328, 0x6A25, 0x940E, 0xFFFF, 0xFFFF, 0xFFFF, 
0xFFFF, 0xFFFF, 0xFFFF, 0xFFFF, 0xFFFF, 0xFFFF, 0xFFFF, 0xFFFF, 0xFFFF, 0xFFFF, 0xFFFF, 0xFFFF, 0xFFFF, 0xFFFF, 0xFFFF, 0xFFFF, 
0xFFFE, 0xFFDE, 0xFFDE, 0xFFFF, 0xFFFF, 0xFFFF, 0xFFFF, 0xFFFF, 0xFFFF, 0xFFFF, 0xFFFF, 0xFFFF, 0xFFFF, 0xFFFF, 0xFFDE, 0xFFFF, 
0xFFFF, 0xFFFF, 0xFFFF, 0xF75C, 0xDE99, 0xCDF6, 0xC594, 0xC594, 0xCDF6, 0xE699, 0xFF7C, 0xFFDE, 0xFFFF, 0xFFFF, 0xFFFF, 0xFFFF, 
0xFFFF, 0xFFFF, 0xFFFF, 0xFFFF, 0xFFFF, 0xF7FF, 0xFFFF, 0xFFFF, 0xFFFF, 0xFFFF, 0xFFFF, 0xFFFF, 0xFFFF, 0xFFFF, 0xFFFF, 0xFFFF, 
0xFFFF, 0xFFFF, 0xFFFF, 0xFFFF, 0xFFFF, 0xFFFF, 0xFFFF, 0xFFFF, 0xFFFF, 0xFFFF, 0xFFFF, 0xFFFF, 0xFFFF, 0xFFFF, 0xFFFF, 0xFFFF, 
0xFFFF, 0xFFFF, 0xFFFF, 0xFFFF, 0xFFFF, 0xFFFF, 0xFFFF, 0xFFFF, 0xFFFF, 0xFFFF, 0xFFFF, 0xFFFF, 0xFFFF, 0xFFFF, 0xFFBE, 0xFFFE, 
0xD5F5, 0x9BEC, 0xF697, 0xFF5A, 0xFF19, 0xFEF7, 0xB4CE, 0xA42B, 0xB44C, 0xF675, 0xFF18, 0xFF59, 0xF738, 0xFF59, 0xD571, 0x8B6A, 
0xF71A, 0xFFFF, 0xFFFF, 0xFFFF, 0xFFFF, 0xFFFF, 0xFFFF, 0xFFFF, 0xFFFF, 0xFFBD, 0xC4F0, 0xC48D, 0xFE11, 0xF5F0, 0xF5F1, 0xF5D1, 
0xFDD1, 0xFDD1, 0xFDF1, 0xFDF0, 0xFDF0, 0xFDF0, 0xFDF1, 0xFDF1, 0xF5D1, 0xFDD1, 0xF5D1, 0xF5D1, 0xF5F1, 0xF612, 0xF612, 0xE5B1, 
0xF675, 0x8B08, 0x7A44, 0x9B28, 0x92C7, 0x92C7, 0x92C7, 0x92C7, 0x92E7, 0x8AA6, 0x9328, 0x6A24, 0x836B, 0xFFFE, 0xFFFF, 0xF7DF, 
0xFFFF, 0xFFDF, 0xFFFF, 0xFFFF, 0xFFFF, 0xFFDE, 0xFFDE, 0xFFFE, 0xFFDE, 0xFF5B, 0xE6B9, 0xD637, 0xCDD5, 0xC594, 0xBD33, 0xB512, 
0xBD11, 0xC532, 0xBD53, 0xBD73, 0xD616, 0xF71A, 0xFFBD, 0xFFDD, 0xFFDE, 0xFFFF, 0xFFFF, 0xFFFF, 0xFFFF, 0xFFFF, 0xFFFF, 0xFFFF, 
0xFFFF, 0xE6DA, 0x7B8C, 0x49E5, 0x51C5, 0x59E5, 0x6205, 0x6226, 0x6205, 0x5A05, 0x5A06, 0x72EA, 0xACF2, 0xEEFA, 0xFFFE, 0xFFFE, 
0xFFFF, 0xFFFF, 0xFFFF, 0xFFFF, 0xFFFF, 0xFFFF, 0xFFFF, 0xFFFF, 0xFFFF, 0xFFFF, 0xFFFF, 0xFFFF, 0xFFFF, 0xFFFF, 0xFFFF, 0xFFFF, 
0xFFFF, 0xFFFF, 0xFFFF, 0xFFFF, 0xFFFF, 0xFFFF, 0xFFFF, 0xFFFF, 0xFFFF, 0xFFFF, 0xFFFF, 0xFFFF, 0xFFFF, 0xFFFF, 0xFFFF, 0xFFFF, 
0xFFFF, 0xFFFF, 0xFFFF, 0xFFFF, 0xFFFF, 0xFFFF, 0xFFFF, 0xFFFF, 0xFFFF, 0xFFFF, 0xFFFF, 0xFFFF, 0xFFFF, 0xFFFF, 0xFFFF, 0xFFBE, 
0xFFDD, 0xCD94, 0xA3AC, 0xE593, 0xFED7, 0xFF79, 0xFEF7, 0xFEF8, 0xFF5A, 0xFF59, 0xFF38, 0xFF59, 0xFF18, 0xCD31, 0x8B4A, 0xE657, 
0xFFFF, 0xFFFF, 0xFFFF, 0xFFFF, 0xFFFF, 0xFFFF, 0xFFDE, 0xFFFF, 0xFFFF, 0xFFFE, 0xCD72, 0xB42C, 0xFE11, 0xF5F0, 0xF5D1, 0xF5F2, 
0xFDD1, 0xFDD1, 0xFDF0, 0xFDF0, 0xF5F0, 0xF5F0, 0xF5F1, 0xFDD1, 0xFDD1, 0xFDD1, 0xFDF1, 0xF5D0, 0xF5D1, 0xF5F1, 0xF5F1, 0xF5F2, 
0xEE13, 0x82C6, 0x7A44, 0x92E7, 0x92C7, 0x92E7, 0x92A7, 0x92C7, 0x8AC7, 0x8AE7, 0x9348, 0x7265, 0xAC6E, 0xFFDC, 0xFFDD, 0xFFFE, 
0xFFFE, 0xFFFE, 0xFFFE, 0xFFDE, 0xFFDD, 0xFF9B, 0xE656, 0xC531, 0xA40D, 0xA40C, 0xABEB, 0xB42C, 0xBC6D, 0xC4AD, 0xCCAD, 0xCCAD, 
0xCCCD, 0xCCAD, 0xCCCE, 0xC4AE, 0xB42C, 0xA3AA, 0xA3EC, 0xB48F, 0xE615, 0xFFBC, 0xFFDE, 0xFFFF, 0xFFFF, 0xFFFF, 0xFFFF, 0xFFDF, 
0xBD53, 0x4142, 0x6A46, 0x82E9, 0x8B29, 0x9329, 0x9308, 0x9308, 0x9B49, 0x8AE8, 0x8AE8, 0x8308, 0x6A46, 0x59E5, 0x8B8C, 0xD616, 
0xFFDD, 0xFFBD, 0xFFFF, 0xFFDE, 0xFFFF, 0xFFFF, 0xFFFF, 0xFFFF, 0xFFFF, 0xFFFF, 0xFFFF, 0xFFFF, 0xFFFF, 0xFFFF, 0xFFFF, 0xFFFF, 
0xFFFF, 0xFFFF, 0xFFFF, 0xFFFF, 0xFFFF, 0xFFFF, 0xFFFF, 0xFFFF, 0xFFFF, 0xFFFF, 0xFFFF, 0xFFFF, 0xFFFF, 0xFFFF, 0xFFFF, 0xFFFF, 
0xFFFF, 0xFFFF, 0xFFFF, 0xFFFF, 0xFFFF, 0xFFFF, 0xFFFF, 0xFFFF, 0xFFFF, 0xFFFF, 0xFFFF, 0xFFFF, 0xFFFF, 0xF7DF, 0xFFFF, 0xFFFF, 
0xFFFF, 0xFFDE, 0xEE37, 0xABED, 0xA42C, 0xBCF0, 0xDE14, 0xEE76, 0xEE56, 0xEE76, 0xEE96, 0xD5B3, 0xAC0D, 0x9B8C, 0xEE78, 0xFFFE, 
0xFFFF, 0xFFFF, 0xFFFF, 0xFFFF, 0xFFFF, 0xFFDF, 0xFFDF, 0xFFFF, 0xFFFF, 0xFFFE, 0xD5B4, 0xB40C, 0xF611, 0xF5F0, 0xF5D1, 0xF5F2, 
0xFDD1, 0xFDD1, 0xFDF0, 0xFDF0, 0xF5F0, 0xF5F0, 0xF5F1, 0xF5F1, 0xFDD1, 0xFDD1, 0xF5D0, 0xFDD0, 0xFDF1, 0xF5F1, 0xF5F1, 0xF5D1, 
0xFE33, 0x8AA5, 0x7A24, 0x9308, 0x8AC7, 0x8AC7, 0x92E8, 0x92C7, 0x92E7, 0x8AE7, 0x82E7, 0x6A03, 0xB42C, 0xB46E, 0xBCAF, 0xC531, 
0xC532, 0xBD32, 0xC552, 0xC511, 0xAC6E, 0x9BCB, 0xAC2C, 0xCCCE, 0xDD70, 0xED90, 0xF5F1, 0xFE12, 0xFE11, 0xFDF1, 0xFE11, 0xFE31, 
0xFE11, 0xFE11, 0xFE11, 0xFE12, 0xFE12, 0xF5F2, 0xE570, 0xD50F, 0xABEB, 0xAC2D, 0xF6B8, 0xFFDD, 0xFFDE, 0xFFDF, 0xFFFF, 0xB534, 
0x4942, 0x8B08, 0x9329, 0x8AE8, 0x8AC7, 0x9308, 0x92C7, 0x92E7, 0x92E7, 0x92E7, 0x8AC7, 0x8AC7, 0x9308, 0x8B29, 0x7A87, 0x6205, 
0x834B, 0xE6B9, 0xFFFE, 0xFFFF, 0xFFFF, 0xFFFF, 0xFFFF, 0xFFFF, 0xFFFF, 0xFFFF, 0xFFFF, 0xFFFF, 0xFFFF, 0xFFFF, 0xFFFF, 0xFFFF, 
0xFFFF, 0xFFFF, 0xFFFF, 0xFFFF, 0xFFFF, 0xFFFF, 0xFFFF, 0xFFFF, 0xFFFF, 0xFFFF, 0xFFFF, 0xFFFF, 0xFFFF, 0xFFFF, 0xFFFF, 0xFFFF, 
0xFFFF, 0xFFFF, 0xFFFF, 0xFFFF, 0xFFFF, 0xFFFF, 0xFFFF, 0xFFFF, 0xFFFF, 0xFFDE, 0xFFFF, 0xFFFF, 0xFFFF, 0xFFFF, 0xFFFF, 0xFFDF, 
0xFFFF, 0xFFFF, 0xFFDF, 0xFFFE, 0xDEB9, 0xB553, 0x9C4E, 0x93EC, 0x9BCC, 0x93AB, 0x93CC, 0x9C0E, 0xCDD5, 0xFFBD, 0xFFFF, 0xFFFF, 
0xFFFF, 0xFFFF, 0xFFFF, 0xFFFF, 0xFFFF, 0xFFFF, 0xFFFF, 0xFFFF, 0xFFFF, 0xFFDE, 0xE616, 0xABEC, 0xF611, 0xFDF0, 0xF5F0, 0xF5D1, 
0xFDD1, 0xFDD1, 0xFDF0, 0xFDF0, 0xF5F0, 0xF5F0, 0xF5F1, 0xF5F1, 0xFDF1, 0xF5D1, 0xFDF0, 0xFDF1, 0xFDD0, 0xFDF0, 0xF5D0, 0xF5D0, 
0xFE52, 0xA347, 0x71E3, 0x9308, 0x8AC7, 0x8AE8, 0x8AC7, 0x8AC8, 0x8AA6, 0x9328, 0x6A03, 0x6A24, 0xFE33, 0xF5D2, 0xEDB1, 0xDD70, 
0xDD50, 0xDD50, 0xDD2F, 0xD52F, 0xE54F, 0xEDD1, 0xFE12, 0xFE12, 0xFE11, 0xFDF1, 0xFDF1, 0xF5D0, 0xF5D0, 0xF5D0, 0xF5D0, 0xF5B0, 
0xF5D0, 0xF5D0, 0xEDD1, 0xEDD1, 0xF5D1, 0xF5F1, 0xFDF1, 0xFDF1, 0xFE12, 0xC4AD, 0x9369, 0xD5B3, 0xFFDD, 0xFFDD, 0xD616, 0x4984, 
0x9329, 0x9308, 0x82A6, 0x92E8, 0x8AC7, 0x92E8, 0x92C7, 0x92C7, 0x8AC7, 0x8AC7, 0x92E8, 0x92E8, 0x8AE7, 0x8AC7, 0x92E8, 0x8B29, 
0x7AC8, 0x49A4, 0xC574, 0xFFDE, 0xFFFF, 0xFFFF, 0xFFFF, 0xFFFF, 0xFFFF, 0xFFFF, 0xFFFF, 0xFFFF, 0xFFFF, 0xFFFF, 0xFFFF, 0xFFFF, 
0xFFFF, 0xFFFF, 0xFFFF, 0xFFFF, 0xFFFF, 0xFFFF, 0xFFFF, 0xFFFF, 0xFFFF, 0xFFFF, 0xFFFF, 0xFFFF, 0xFFFF, 0xFFFF, 0xFFFF, 0xFFFF, 
0xFFFF, 0xFFFF, 0xFFFF, 0xFFFF, 0xFFFF, 0xFFFF, 0xFFFF, 0xFFFF, 0xFFFF, 0xFFFF, 0xFFDE, 0xFFFF, 0xFFFF, 0xFFFF, 0xFFFF, 0xFFFF, 
0xFFFF, 0xFFFF, 0xFFFF, 0xFFFF, 0xFFFF, 0xFFFE, 0xFFDD, 0xFFDC, 0xFF9C, 0xFF7C, 0xFFBD, 0xFFFE, 0xFFFF, 0xFFFF, 0xFFFF, 0xFFFF, 
0xFFFF, 0xFFFF, 0xFFFF, 0xFFFE, 0xFFFF, 0xFFFF, 0xFFFF, 0xFFFF, 0xFFFF, 0xFFFF, 0xEE57, 0xABCB, 0xF5F1, 0xF5CF, 0xF5F0, 0xF5F1, 
0xFDD1, 0xFDD1, 0xFDF0, 0xFDF0, 0xF5F0, 0xF5F0, 0xF5F1, 0xFDD1, 0xFDD1, 0xFDF1, 0xFDD0, 0xFDF0, 0xF5D0, 0xFE11, 0xFDF0, 0xF5D0, 
0xFE11, 0xDD0E, 0x6161, 0x8AE7, 0x8AC7, 0x8AE8, 0x8AE8, 0x8AC8, 0x9308, 0x7A86, 0x5161, 0xCD2F, 0xF5F2, 0xFDD1, 0xFDD1, 0xFE11, 
0xFE11, 0xFE11, 0xFE11, 0xFE11, 0xFDF1, 0xFDF0, 0xFDD0, 0xFDD0, 0xF5D0, 0xF5D0, 0xFDD0, 0xF5D0, 0xF5D0, 0xFDF0, 0xFDF1, 0xF5F0, 
0xFDF1, 0xFE53, 0xFE94, 0xFE73, 0xF632, 0xF5F1, 0xF5D1, 0xF5D0, 0xF5F1, 0xF612, 0xE5B1, 0xABEB, 0xDDB2, 0xE635, 0x59C4, 0x8B29, 
0x8AC7, 0x92C7, 0x92E7, 0x8AC7, 0x8AC7, 0x8AA7, 0x8AA7, 0x8AA7, 0x8AC7, 0x8AC7, 0x92C7, 0x92C7, 0x8AC7, 0x92E7, 0x92E7, 0x8AC7, 
0x8B08, 0x8B4A, 0x4983, 0xDE57, 0xFFFF, 0xFFFF, 0xFFFF, 0xFFFF, 0xFFFF, 0xFFFF, 0xFFFF, 0xFFFF, 0xFFFF, 0xFFFF, 0xFFFF, 0xFFFF, 
0xFFFF, 0xFFFF, 0xFFFF, 0xFFFF, 0xFFFF, 0xFFFF, 0xFFFF, 0xFFFF, 0xFFFF, 0xFFFF, 0xFFFF, 0xFFFF, 0xFFFF, 0xFFFF, 0xFFFF, 0xFFFF, 
0xFFFF, 0xFFFF, 0xFFFF, 0xFFFF, 0xFFFF, 0xFFFF, 0xFFFF, 0xFFFF, 0xFFFF, 0xFFFF, 0xFFFF, 0xFFFF, 0xFFFF, 0xFFFF, 0xFFFF, 0xFFFF, 
0xFFFF, 0xFFFF, 0xFFFF, 0xFFFF, 0xFFFF, 0xFFFF, 0xFFFF, 0xFFFF, 0xFFFF, 0xFFFF, 0xFFFF, 0xFFFF, 0xFFFF, 0xFFFF, 0xFFFF, 0xFFFF, 
0xFFFF, 0xFFFF, 0xFFFF, 0xFFFF, 0xFFFF, 0xFFFF, 0xFFFF, 0xFFFF, 0xFFFF, 0xFFFF, 0xEE57, 0xA3CB, 0xF612, 0xF5D0, 0xF5F1, 0xF5F1, 
0xFDF1, 0xFDF1, 0xFDF1, 0xFDF0, 0xFDF1, 0xFDF1, 0xFDF1, 0xFDF1, 0xFDF1, 0xFDF1, 0xFDF1, 0xFDF0, 0xFDF0, 0xFDF0, 0xFDF1, 0xF5F1, 
0xF5D0, 0xFE32, 0x8AC6, 0x6182, 0x8AE8, 0x9329, 0x8AE8, 0x9329, 0x8286, 0x5120, 0xBC4C, 0xFE53, 0xEDB1, 0xFDF1, 0xF5D1, 0xF5D0, 
0xF5D0, 0xF5D0, 0xF5D0, 0xF5D0, 0xF5D0, 0xF5D0, 0xF5D0, 0xF5D0, 0xFDF1, 0xFDF1, 0xFDF1, 0xFDF1, 0xFDF1, 0xFDF1, 0xFDF1, 0xFDF1, 
0xFDF1, 0xFE73, 0xFED5, 0xFEF5, 0xFED5, 0xFED5, 0xF674, 0xEDF1, 0xF5F1, 0xF5F1, 0xFDF1, 0xFDF2, 0xC44B, 0x7A44, 0x8AC7, 0x8B08, 
0x8AE7, 0x92C7, 0x92C8, 0x8AC8, 0x8AA7, 0x8AC7, 0x8AA7, 0x8AC7, 0x8A86, 0x8286, 0x8AA6, 0x8AC7, 0x92C8, 0x8AE8, 0x8AC7, 0x92E7, 
0x8AC7, 0x8AE8, 0x7AA7, 0x6A67, 0xFFDE, 0xFFFF, 0xFFFF, 0xFFFF, 0xFFFF, 0xFFFF, 0xFFFF, 0xFFFF, 0xFFFF, 0xFFFF, 0xFFFF, 0xFFFF, 
0xFFFF, 0xFFFF, 0xFFFF, 0xFFFF, 0xFFFF, 0xFFFF, 0xFFFF, 0xFFFF, 0xFFFF, 0xFFFF, 0xFFFF, 0xFFFF, 0xFFFF, 0xFFFF, 0xFFFF, 0xFFFF, 
0xFFFF, 0xFFFF, 0xFFFF, 0xFFFF, 0xFFFF, 0xFFFF, 0xFFFF, 0xFFFF, 0xFFFF, 0xFFFF, 0xFFFF, 0xFFFF, 0xFFFF, 0xFFFF, 0xFFFF, 0xFFFF, 
0xFFFF, 0xFFFF, 0xFFFF, 0xFFFF, 0xFFFF, 0xFFFF, 0xFFFF, 0xFFFF, 0xFFFF, 0xFFFF, 0xFFFF, 0xFFFF, 0xFFFF, 0xFFFF, 0xFFFF, 0xFFFF, 
0xFFFF, 0xFFFF, 0xFFFF, 0xFFFF, 0xFFFF, 0xFFFF, 0xFFFF, 0xFFFF, 0xFFFF, 0xFFFF, 0xEE77, 0xA3CB, 0xF5F2, 0xFDF1, 0xF5F0, 0xF5F1, 
0xFDF1, 0xFDF1, 0xFDF1, 0xFDF1, 0xFDF1, 0xFDF1, 0xFDF1, 0xFDF1, 0xFDF1, 0xFDF1, 0xFDF1, 0xFDF1, 0xFDF1, 0xFDF1, 0xFDF1, 0xFDF1, 
0xF5F1, 0xF5F1, 0xEDB0, 0x8265, 0x6161, 0x7224, 0x69E4, 0x61C3, 0x5961, 0xC48D, 0xF612, 0xEDD1, 0xF5D0, 0xFE11, 0xFDF1, 0xFDD0, 
0xFDD1, 0xFDF1, 0xFDF1, 0xFDF1, 0xFDF1, 0xFDF1, 0xFDF1, 0xFDF1, 0xFDF1, 0xFDF1, 0xFDF1, 0xFDF1, 0xFDF1, 0xFDF1, 0xFDF1, 0xFDF1, 
0xFDF1, 0xF5F1, 0xF5F1, 0xF612, 0xF674, 0xFED5, 0xFEF6, 0xFED5, 0xF612, 0xF5D1, 0xFDD1, 0xFDD0, 0xF5B0, 0xB3C9, 0x92E6, 0x8AC7, 
0x92E7, 0x92C7, 0x92E8, 0x8AC8, 0x92E8, 0x92E8, 0x92E8, 0x8AC7, 0x8AA6, 0x92C7, 0x8266, 0x8A86, 0x92C8, 0x8AA7, 0x8AE7, 0x92E7, 
0x92C7, 0x92C8, 0x9308, 0x61E4, 0xD678, 0xFFFF, 0xFFFF, 0xFFFF, 0xFFFF, 0xFFFF, 0xFFFF, 0xFFFF, 0xFFFF, 0xFFFF, 0xFFFF, 0xFFFF, 
0xFFFF, 0xFFFF, 0xFFFF, 0xFFFF, 0xFFFF, 0xFFFF, 0xFFFF, 0xFFFF, 0xFFFF, 0xFFFF, 0xFFFF, 0xFFFF, 0xFFFF, 0xFFFF, 0xFFFF, 0xFFFF, 
0xFFFF, 0xFFFF, 0xFFFF, 0xFFFF, 0xFFFF, 0xFFFF, 0xFFFF, 0xFFFF, 0xFFFF, 0xFFFF, 0xFFFF, 0xFFFF, 0xFFFF, 0xFFFF, 0xFFFF, 0xFFFF, 
0xFFFF, 0xFFFF, 0xFFFF, 0xFFFF, 0xFFFF, 0xFFFF, 0xFFFF, 0xFFFF, 0xFFFF, 0xFFFF, 0xFFFF, 0xFFFF, 0xFFFF, 0xFFFF, 0xFFFF, 0xFFFF, 
0xFFFF, 0xFFFF, 0xFFFF, 0xFFFF, 0xFFFF, 0xFFFF, 0xFFFF, 0xFFFF, 0xFFFF, 0xFFFF, 0xEE77, 0xA3CB, 0xF5F1, 0xFDF1, 0xF5F0, 0xF5F1, 
0xFDF1, 0xFDF1, 0xFDF1, 0xFDF1, 0xFDF1, 0xFDF1, 0xFDF1, 0xFDF1, 0xFDF1, 0xFDF1, 0xFDF1, 0xFDF1, 0xFDF1, 0xFDF1, 0xFDF1, 0xFDF1, 
0xF5F0, 0xF5D0, 0xF5F1, 0xFE33, 0xBC2C, 0x9B28, 0x9307, 0xA3A9, 0xE590, 0xF612, 0xF5F1, 0xF5F1, 0xFDF1, 0xF5B0, 0xFDD0, 0xFDF0, 
0xFDD1, 0xFDF1, 0xFDF1, 0xFDF1, 0xFDF1, 0xFDF1, 0xFDF1, 0xFDF1, 0xFDF1, 0xFDF1, 0xFDF1, 0xFDF1, 0xFDF1, 0xFDF1, 0xFDF1, 0xF5F1, 
0xF5D1, 0xF5F1, 0xFDF1, 0xF5F1, 0xF5D1, 0xF612, 0xFE74, 0xFEF6, 0xFEB5, 0xFE33, 0xF5B0, 0xF5B0, 0xFE12, 0xE54F, 0x9B27, 0x92E6, 
0x8AE7, 0x92E7, 0x92C8, 0x8AA7, 0x8AC7, 0x8AC7, 0x8AE7, 0x8AC7, 0x92E7, 0x8AA6, 0x92C7, 0x8A86, 0x8266, 0x92E8, 0x92E7, 0x8AC7, 
0x92E8, 0x8AC7, 0x9308, 0x6A46, 0x83CD, 0xFFFF, 0xFFFF, 0xFFFF, 0xFFFF, 0xFFFF, 0xFFFF, 0xFFFF, 0xFFFF, 0xFFFF, 0xFFFF, 0xFFFF, 
0xFFFF, 0xFFFF, 0xFFFF, 0xFFFF, 0xFFFF, 0xFFFF, 0xFFFF, 0xFFFF, 0xFFFF, 0xFFFF, 0xFFFF, 0xFFFF, 0xFFFF, 0xFFFF, 0xFFFF, 0xFFFF, 
0xFFFF, 0xFFFF, 0xFFFF, 0xFFFF, 0xFFFF, 0xFFFF, 0xFFFF, 0xFFFF, 0xFFFF, 0xFFFF, 0xFFFF, 0xFFFF, 0xFFFF, 0xFFFF, 0xFFFF, 0xFFFF, 
0xFFFF, 0xFFFF, 0xFFFF, 0xFFFF, 0xFFFF, 0xFFFF, 0xFFFF, 0xFFFF, 0xFFFF, 0xFFFF, 0xFFFF, 0xFFFF, 0xFFFF, 0xFFFF, 0xFFFF, 0xFFFF, 
0xFFFF, 0xFFFF, 0xFFFF, 0xFFFF, 0xFFFF, 0xFFFF, 0xFFFF, 0xFFFF, 0xFFFF, 0xFFFE, 0xEE76, 0xABEB, 0xF5F1, 0xFDF1, 0xF5F0, 0xF5F1, 
0xFDF1, 0xFDF1, 0xFDF1, 0xFDF1, 0xFDF1, 0xFDF1, 0xFDF1, 0xFDF1, 0xFDF1, 0xFDF1, 0xFDF1, 0xFDF1, 0xFDF1, 0xFDF1, 0xFDF1, 0xFDF1, 
0xF5F0, 0xF5F0, 0xFE12, 0xEDB0, 0xFE53, 0xFE53, 0xFE12, 0xF612, 0xF611, 0xEDD0, 0xF5F0, 0xF610, 0xF5D0, 0xFDD0, 0xFDD0, 0xFDD0, 
0xFDD1, 0xFDF1, 0xFDF1, 0xFDF1, 0xFDF1, 0xFDF1, 0xFDF1, 0xFDF1, 0xFDF1, 0xFDF1, 0xFDF1, 0xFDF1, 0xFDF1, 0xFDF1, 0xFDF1, 0xF5F1, 
0xF5F1, 0xF5F1, 0xFDF1, 0xFDF1, 0xFDD0, 0xF5D1, 0xF5F2, 0xF653, 0xFEF5, 0xFE94, 0xF5F1, 0xF5F1, 0xF5B0, 0xFDF1, 0xB3EA, 0x9306, 
0x8AC6, 0x92E7, 0x92E8, 0x92E8, 0x92E7, 0x92C7, 0x92E7, 0x8AC7, 0x92C7, 0x8AC7, 0x92E7, 0x92C7, 0x8266, 0x8A87, 0x92E7, 0x8AC7, 
0x8AC7, 0x92C7, 0x8AC7, 0x82E9, 0x5206, 0xFFBD, 0xFFFF, 0xFFFF, 0xFFFF, 0xFFFF, 0xFFFF, 0xFFFF, 0xFFFF, 0xFFFF, 0xFFFF, 0xFFFF, 
0xFFFF, 0xFFFF, 0xFFFF, 0xFFFF, 0xFFFF, 0xFFFF, 0xFFFF, 0xFFFF, 0xFFFF, 0xFFFF, 0xFFFF, 0xFFFF, 0xFFFF, 0xFFFF, 0xFFFF, 0xFFFF, 
0xFFFF, 0xFFFF, 0xFFFF, 0xFFFF, 0xFFFF, 0xFFFF, 0xFFFF, 0xFFFF, 0xFFFF, 0xFFFF, 0xFFFF, 0xFFFF, 0xFFFF, 0xFFFF, 0xFFFF, 0xFFFF, 
0xFFFF, 0xFFFF, 0xFFFF, 0xFFFF, 0xFFFF, 0xFFFF, 0xFFFF, 0xFFFF, 0xFFFF, 0xFFFF, 0xFFFF, 0xFFFF, 0xFFFF, 0xFFFF, 0xFFFF, 0xFFFF, 
0xFFFF, 0xFFFF, 0xFFFF, 0xFFFF, 0xFFFF, 0xFFFF, 0xFFFF, 0xFFFF, 0xFFFF, 0xFFFE, 0xE615, 0xAC0B, 0xF5F2, 0xF5D1, 0xF5F1, 0xF5F0, 
0xFDF1, 0xFDF1, 0xFDF1, 0xFDF1, 0xFDF1, 0xFDF1, 0xFDF1, 0xFDF1, 0xFDF1, 0xFDF1, 0xFDF1, 0xFDF1, 0xFDF1, 0xFDF1, 0xFDF1, 0xFDF1, 
0xF5D0, 0xFDF1, 0xF5D1, 0xF5F1, 0xF5D1, 0xF5D1, 0xF5D0, 0xF611, 0xF5F0, 0xFE31, 0xF5F0, 0xF5F0, 0xFE11, 0xFDD0, 0xFDD1, 0xFDF1, 
0xFDD1, 0xFDF1, 0xFDF1, 0xFDF1, 0xFDF1, 0xFDF1, 0xFDF1, 0xFDF1, 0xFDF1, 0xFDF1, 0xFDF1, 0xFDF1, 0xFDF1, 0xFDF1, 0xFDF1, 0xF5F1, 
0xF5F1, 0xF5D1, 0xF5D0, 0xFDD0, 0xFDD0, 0xFDD0, 0xF5D1, 0xF5F1, 0xFE94, 0xFEB4, 0xFE53, 0xEDF1, 0xEDD1, 0xFE11, 0xDD0E, 0x9B06, 
0x8AC6, 0x8AE7, 0x8AC7, 0x92C7, 0x92C7, 0x92E7, 0x92E7, 0x92E7, 0x8AC7, 0x92E7, 0x8AA7, 0x92E7, 0x92E8, 0x8266, 0x8286, 0x92E7, 
0x8AA7, 0x92E8, 0x8AC7, 0x8B09, 0x51E5, 0xD658, 0xFFFE, 0xFFFF, 0xFFFF, 0xFFFF, 0xFFFF, 0xFFFF, 0xFFFF, 0xFFFF, 0xFFFF, 0xFFFF, 
0xFFFF, 0xFFFF, 0xFFFF, 0xFFFF, 0xFFFF, 0xFFFF, 0xFFFF, 0xFFFF, 0xFFFF, 0xFFFF, 0xFFFF, 0xFFFF, 0xFFFF, 0xFFFF, 0xFFFF, 0xFFFF, 
0xFFFF, 0xFFFF, 0xFFFF, 0xFFFF, 0xFFFF, 0xFFFF, 0xFFFF, 0xFFFF, 0xFFFF, 0xFFFF, 0xFFFF, 0xFFFF, 0xFFFF, 0xFFFF, 0xFFFF, 0xFFFF, 
0xFFFF, 0xFFFF, 0xFFFF, 0xFFFF, 0xFFFF, 0xFFFF, 0xFFFF, 0xFFFF, 0xFFFF, 0xFFFF, 0xFFFF, 0xFFFF, 0xFFFF, 0xFFFF, 0xFFFF, 0xFFFF, 
0xFFFF, 0xFFFF, 0xFFFF, 0xFFFF, 0xFFFF, 0xFFFF, 0xFFFF, 0xFFFF, 0xFFFF, 0xFFDE, 0xD592, 0xBC4C, 0xFE12, 0xF5D0, 0xF5F1, 0xF5F0, 
0xFDF1, 0xFDF1, 0xFDF1, 0xFDF1, 0xFDF1, 0xFDF1, 0xFDF1, 0xFDF1, 0xFDF1, 0xFDF1, 0xFDF1, 0xFDF1, 0xFDF1, 0xFDF1, 0xFDF1, 0xFDF1, 
0xFDF1, 0xF5D1, 0xF5F1, 0xFDF1, 0xF5D1, 0xFDF1, 0xFDF1, 0xF5D0, 0xF5F0, 0xFDF0, 0xFDF0, 0xFDF0, 0xFDD0, 0xF5D0, 0xFDF1, 0xF5D0, 
0xFDF1, 0xFDF1, 0xFDF1, 0xFDF1, 0xFDF1, 0xFDF1, 0xFDF1, 0xFDF1, 0xFDF1, 0xFDF1, 0xFDF1, 0xFDF1, 0xFDF1, 0xFDF1, 0xFDF1, 0xFDF1, 
0xF5F1, 0xFDF1, 0xFDF1, 0xFDF0, 0xFDD0, 0xFDD0, 0xF5D0, 0xF5D1, 0xFE32, 0xFED5, 0xFEB4, 0xEDF1, 0xF5F1, 0xF5D1, 0xF5D0, 0xB3A9, 
0x9307, 0x8AE7, 0x92E8, 0x92E8, 0x8AC7, 0x92C7, 0x8AC7, 0x92E7, 0x92E8, 0x92C7, 0x92E7, 0x92C7, 0x92C8, 0x8AC7, 0x7A66, 0x8AA7, 
0x92C7, 0x92C7, 0x92C7, 0x8B09, 0x5A47, 0xA4D2, 0xFFFF, 0xFFFF, 0xFFFF, 0xFFFF, 0xFFFF, 0xFFFF, 0xFFFF, 0xFFFF, 0xFFFF, 0xFFFF, 
0xFFFF, 0xFFFF, 0xFFFF, 0xFFFF, 0xFFFF, 0xFFFF, 0xFFFF, 0xFFFF, 0xFFFF, 0xFFFF, 0xFFFF, 0xFFFF, 0xFFFF, 0xFFFF, 0xFFFF, 0xFFFF, 
0xFFFF, 0xFFFF, 0xFFFF, 0xFFFF, 0xFFFF, 0xFFFF, 0xFFFF, 0xFFFF, 0xFFFF, 0xFFFF, 0xFFFF, 0xFFFF, 0xFFFF, 0xFFFF, 0xFFFF, 0xFFFF, 
0xFFFF, 0xFFFF, 0xFFFF, 0xFFFF, 0xFFFF, 0xFFFF, 0xFFFF, 0xFFFF, 0xFFFF, 0xFFFF, 0xFFFF, 0xFFFF, 0xFFFF, 0xFFFF, 0xFFFF, 0xFFFF, 
0xFFFF, 0xFFFF, 0xFFFF, 0xFFFF, 0xFFFF, 0xFFFF, 0xFFFF, 0xFFFF, 0xFFFF, 0xFFDE, 0xC4F0, 0xC48D, 0xFE12, 0xF5D0, 0xFDF1, 0xFDF0, 
0xFDF1, 0xFDF1, 0xFDF1, 0xFDF1, 0xFDF1, 0xFDF1, 0xFDF1, 0xFDF1, 0xFDF1, 0xFDF1, 0xFDF1, 0xFDF1, 0xFDF1, 0xFDF1, 0xFDF1, 0xFDF1, 
0xFDF1, 0xF5D1, 0xF5D1, 0xFDF1, 0xFDF2, 0xF5D0, 0xFDF1, 0xFDF0, 0xFDF0, 0xF5D0, 0xFE11, 0xF5D0, 0xF5D0, 0xFE11, 0xF5D1, 0xFDF1, 
0xFDF1, 0xFDF1, 0xFDF1, 0xFDF1, 0xFDF1, 0xFDF1, 0xFDF1, 0xFDF1, 0xFDF1, 0xFDF1, 0xFDF1, 0xFDF1, 0xFDF1, 0xFDF1, 0xFDF1, 0xFDF1, 
0xF5D1, 0xF5F1, 0xF5F0, 0xFDF0, 0xFDF0, 0xFDF0, 0xFDF1, 0xF5D1, 0xF5D1, 0xFEB4, 0xFE94, 0xF611, 0xF5F1, 0xF5D0, 0xFDD1, 0xCC4C, 
0x9308, 0x82A7, 0x8AE8, 0x82C8, 0x9328, 0x9308, 0x92C7, 0x92E7, 0x92C7, 0x92E8, 0x92C7, 0x92E7, 0x8AC7, 0x8AC7, 0x92E7, 0x7A45, 
0x92C7, 0x8AC7, 0x8AC7, 0x9329, 0x6247, 0x8BEE, 0xFFFF, 0xFFDE, 0xFFFF, 0xFFFF, 0xFFFF, 0xFFFF, 0xFFFF, 0xFFFF, 0xFFFF, 0xFFFF, 
0xFFFF, 0xFFFF, 0xFFFF, 0xFFFF, 0xFFFF, 0xFFFF, 0xFFFF, 0xFFFF, 0xFFFF, 0xFFFF, 0xFFFF, 0xFFFF, 0xFFFF, 0xFFFF, 0xFFFF, 0xFFFF, 
0xFFFF, 0xFFFF, 0xFFFF, 0xFFFF, 0xFFFF, 0xFFFF, 0xFFFF, 0xFFFF, 0xFFFF, 0xFFFF, 0xFFFF, 0xFFFF, 0xFFFF, 0xFFFF, 0xFFFF, 0xFFFF, 
0xFFFF, 0xFFFF, 0xFFFF, 0xFFFF, 0xFFFF, 0xFFFF, 0xFFFF, 0xFFFF, 0xFFFF, 0xFFFF, 0xFFFF, 0xFFFF, 0xFFFF, 0xFFFF, 0xFFFF, 0xFFFF, 
0xFFFF, 0xFFFF, 0xFFFF, 0xFFFF, 0xFFFF, 0xFFFF, 0xFFFF, 0xFFFF, 0xFFFF, 0xFFDE, 0xB46E, 0xCCAD, 0xFE12, 0xF5D0, 0xFDF1, 0xFDF0, 
0xFDF1, 0xFDF1, 0xFDF1, 0xFDF1, 0xFDF1, 0xFDF1, 0xFDF1, 0xFDF1, 0xFDF1, 0xFDF1, 0xFDF1, 0xFDF1, 0xFDF1, 0xFDF1, 0xFDF1, 0xFDF1, 
0xF5D1, 0xFDF1, 0xF5D1, 0xF5D1, 0xF5D1, 0xFDD1, 0xFDF1, 0xFDF1, 0xFDF1, 0xF5D0, 0xFDF0, 0xFDF1, 0xF5D1, 0xFDF1, 0xFDD1, 0xFDF1, 
0xFDF1, 0xFDF1, 0xFDF1, 0xFDF1, 0xFDF1, 0xFDF1, 0xFDF1, 0xFDF1, 0xFDF1, 0xFDF1, 0xFDF1, 0xFDF1, 0xFDF1, 0xFDF1, 0xFDF1, 0xFDF1, 
0xF5D0, 0xF5F1, 0xF5F0, 0xF5F0, 0xF5F0, 0xF5F0, 0xF5F0, 0xF5D1, 0xF5D1, 0xFE12, 0xFE32, 0xF5D0, 0xF5D1, 0xF5D1, 0xFE12, 0xDD0E, 
0x9307, 0x6A04, 0x6205, 0x59C4, 0x7AC8, 0x8AE8, 0x8AE8, 0x92E7, 0x92C7, 0x8AC7, 0x92E7, 0x8AC7, 0x8AC7, 0x92E8, 0x8AA6, 0x8286, 
0x8A86, 0x92C7, 0x92C7, 0x8AE8, 0x6A87, 0x83AC, 0xFFFE, 0xFFFF, 0xFFFF, 0xFFFF, 0xFFFF, 0xFFFF, 0xFFFF, 0xFFFF, 0xFFFF, 0xFFFF, 
0xFFFF, 0xFFFF, 0xFFFF, 0xFFFF, 0xFFFF, 0xFFFF, 0xFFFF, 0xFFFF, 0xFFFF, 0xFFFF, 0xFFFF, 0xFFFF, 0xFFFF, 0xFFFF, 0xFFFF, 0xFFFF, 
0xFFFF, 0xFFFF, 0xFFFF, 0xFFFF, 0xFFFF, 0xFFFF, 0xFFFF, 0xFFFF, 0xFFFF, 0xFFFF, 0xFFFF, 0xFFFF, 0xFFFF, 0xFFFF, 0xFFFF, 0xFFFF, 
0xFFFF, 0xFFFF, 0xFFFF, 0xFFFF, 0xFFFF, 0xFFFF, 0xFFFF, 0xFFFF, 0xFFFF, 0xFFFF, 0xFFFF, 0xFFFF, 0xFFFF, 0xFFFF, 0xFFFF, 0xFFFF, 
0xFFFF, 0xFFFF, 0xFFFF, 0xFFFF, 0xFFFF, 0xFFFF, 0xFFFF, 0xFFFF, 0xFFFF, 0xFFDE, 0xAC0C, 0xD50E, 0xFE12, 0xF5D0, 0xF5D0, 0xFDF0, 
0xFDF1, 0xFDF1, 0xFDF1, 0xFDF1, 0xFDF1, 0xFDF1, 0xFDF1, 0xFDF1, 0xFDF1, 0xFDF1, 0xFDF1, 0xFDF1, 0xFDF1, 0xFDF1, 0xFDF1, 0xFDF1, 
0xF5F1, 0xF5F1, 0xF5F1, 0xF5F1, 0xFDD1, 0xFDD1, 0xFDD1, 0xFDF1, 0xFDF1, 0xFDF1, 0xFDF1, 0xFDF1, 0xF5F1, 0xF5F1, 0xF5F1, 0xF5F1, 
0xFDF1, 0xFDF1, 0xFDF1, 0xFDF1, 0xFDF1, 0xFDF1, 0xFDF1, 0xFDF1, 0xFDF1, 0xFDF1, 0xFDF1, 0xFDF1, 0xFDF1, 0xFDF1, 0xFDF1, 0xFDF1, 
0xF5F1, 0xF5F1, 0xF5F1, 0xF5F1, 0xF5F1, 0xF5F1, 0xF5F1, 0xF5F1, 0xF5F1, 0xF5D1, 0xF5F1, 0xF5D1, 0xF5D1, 0xFDF1, 0xFDF1, 0xEDB0, 
0x9B89, 0xF696, 0xFF7B, 0xE678, 0x6226, 0x7287, 0x9309, 0x8AC7, 0x92E7, 0x92E7, 0x8AE7, 0x8AE7, 0x8AE8, 0x92C7, 0x92C7, 0x92C7, 
0x8266, 0x92C7, 0x92E7, 0x9308, 0x7287, 0x7B0A, 0xFFFE, 0xFFFF, 0xFFFF, 0xFFFF, 0xFFFF, 0xFFFF, 0xFFFF, 0xFFFF, 0xFFFF, 0xFFFF, 
0xFFFF, 0xFFFF, 0xFFFF, 0xFFFF, 0xFFFF, 0xFFFF, 0xFFFF, 0xFFFF, 0xFFFF, 0xFFFF, 0xFFFF, 0xFFFF, 0xFFFF, 0xFFFF, 0xFFFF, 0xFFFF, 
0xFFFF, 0xFFFF, 0xFFFF, 0xFFFF, 0xFFFF, 0xFFFF, 0xFFFF, 0xFFFF, 0xFFFF, 0xFFFF, 0xFFFF, 0xFFFF, 0xFFFF, 0xFFFF, 0xFFFF, 0xFFFF, 
0xFFFF, 0xFFFF, 0xFFFF, 0xFFFF, 0xFFFF, 0xFFFF, 0xFFFF, 0xFFFF, 0xFFFF, 0xFFFF, 0xFFFF, 0xFFFF, 0xFFFF, 0xFFFF, 0xFFFF, 0xFFFF, 
0xFFFF, 0xFFFF, 0xFFFF, 0xFFFF, 0xFFFF, 0xFFFF, 0xFFFF, 0xFFFF, 0xFFFF, 0xFFBD, 0xA3EB, 0xDD2F, 0xFE12, 0xF5D0, 0xF5D0, 0xFDF0, 
0xFDF1, 0xFDF1, 0xFDF1, 0xFDF1, 0xFDF1, 0xFDF1, 0xFDF1, 0xFDF1, 0xFDF1, 0xFDF1, 0xFDF1, 0xFDF1, 0xFDF1, 0xFDF1, 0xFDF1, 0xFDF1, 
0xF5F0, 0xF5F0, 0xF5F1, 0xF5F1, 0xFDF1, 0xFDF1, 0xFDD1, 0xFDD1, 0xFDD1, 0xFDF1, 0xFDF1, 0xFDF1, 0xF5F1, 0xF5F1, 0xF5F1, 0xF5F1, 
0xFDF1, 0xFDF1, 0xFDF1, 0xFDF1, 0xFDF1, 0xFDF1, 0xFDF1, 0xFDF1, 0xFDF1, 0xFDF1, 0xFDF1, 0xFDF1, 0xFDF1, 0xFDF1, 0xFDF1, 0xFDF1, 
0xF5F1, 0xF5F1, 0xFDF1, 0xFDF1, 0xFDF1, 0xF5F0, 0xF5F1, 0xF5F1, 0xF5F1, 0xF5F1, 0xF5D1, 0xF5D1, 0xF5D1, 0xF5D1, 0xF5F1, 0xF5F1, 
0xA3CA, 0xF697, 0xFFDD, 0xFFDE, 0xEF1A, 0x51C5, 0x82C8, 0x9308, 0x92C7, 0x92C7, 0x8AE8, 0x8AE7, 0x8AC7, 0x92C7, 0x92C6, 0x92C6, 
0x8266, 0x8AA6, 0x92E7, 0x8AE8, 0x7AA7, 0x72A8, 0xFFFE, 0xFFFF, 0xFFFF, 0xFFFF, 0xFFFF, 0xFFFF, 0xFFFF, 0xFFFF, 0xFFFF, 0xFFFF, 
0xFFFF, 0xFFFF, 0xFFFF, 0xFFFF, 0xFFFF, 0xFFFF, 0xFFFF, 0xFFFF, 0xFFFF, 0xFFFF, 0xFFFF, 0xFFFF, 0xFFFF, 0xFFFF, 0xFFFF, 0xFFFF, 
0xFFFF, 0xFFFF, 0xFFFF, 0xFFFF, 0xFFFF, 0xFFFF, 0xFFFF, 0xFFFF, 0xFFFF, 0xFFFF, 0xFFFF, 0xFFFF, 0xFFFF, 0xFFFF, 0xFFFF, 0xFFFF, 
0xFFFF, 0xFFFF, 0xFFFF, 0xFFFF, 0xFFFF, 0xFFFF, 0xFFFF, 0xFFFF, 0xFFFF, 0xFFFF, 0xFFFF, 0xFFFF, 0xFFFF, 0xFFFF, 0xFFFF, 0xFFFF, 
0xFFFF, 0xFFFF, 0xFFFF, 0xFFFF, 0xFFFF, 0xFFFF, 0xFFFF, 0xFFFF, 0xFFFF, 0xFF7C, 0xA3AA, 0xE54F, 0xFDF2, 0xFDF1, 0xFDD0, 0xFDF0, 
0xFDF1, 0xFDF1, 0xFDF1, 0xFDF1, 0xFDF1, 0xFDF1, 0xFDF1, 0xFDF1, 0xFDF1, 0xFDF1, 0xFDF1, 0xFDF1, 0xFDF1, 0xFDF1, 0xFDF1, 0xFDF0, 
0xF5F0, 0xF5F0, 0xF5F0, 0xF5F0, 0xF5F1, 0xF5F1, 0xFDF1, 0xFDF1, 0xFDF1, 0xFDF1, 0xF5F1, 0xF5F1, 0xF5F0, 0xF5F0, 0xF5F0, 0xF5F0, 
0xFDF1, 0xFDF1, 0xFDF1, 0xFDF1, 0xFDF1, 0xFDF1, 0xFDF1, 0xFDF1, 0xFDF1, 0xFDF1, 0xFDF1, 0xFDF1, 0xFDF1, 0xFDF1, 0xFDF1, 0xFDF1, 
0xFDD1, 0xFDD1, 0xFDD1, 0xFDD1, 0xFDF0, 0xFDF0, 0xFDF0, 0xF5F1, 0xF5F1, 0xF5F1, 0xF5F2, 0xFE33, 0xFE33, 0xF5F1, 0xF5F0, 0xFE32, 
0xB44C, 0xD5B3, 0xFFFE, 0xFFDF, 0xFFFF, 0xB512, 0x59C4, 0x9308, 0x92C7, 0x8AC7, 0x8AE8, 0x8AE7, 0x8AC7, 0x92C7, 0x92A6, 0x92C7, 
0x8A86, 0x8266, 0x92E7, 0x8AE7, 0x82C7, 0x6226, 0xFF9D, 0xFFFF, 0xFFFF, 0xFFFF, 0xFFFF, 0xFFFF, 0xFFFF, 0xFFFF, 0xFFFF, 0xFFFF, 
0xFFFF, 0xFFFF, 0xFFFF, 0xFFFF, 0xFFFF, 0xFFFF, 0xFFFF, 0xFFFF, 0xFFFF, 0xFFFF, 0xFFFF, 0xFFFF, 0xFFFF, 0xFFFF, 0xFFFF, 0xFFFF, 
0xFFFF, 0xFFFF, 0xFFFF, 0xFFFF, 0xFFFF, 0xFFFF, 0xFFFF, 0xFFFF, 0xFFFF, 0xFFFF, 0xFFFF, 0xFFFF, 0xFFFF, 0xFFFF, 0xFFFF, 0xFFFF, 
0xFFFF, 0xFFFF, 0xFFFF, 0xFFFF, 0xFFFF, 0xFFFF, 0xFFFF, 0xFFFF, 0xFFFF, 0xFFFF, 0xFFFF, 0xFFFF, 0xFFFF, 0xFFFF, 0xFFFF, 0xFFFF, 
0xFFFF, 0xFFFF, 0xFFFF, 0xFFFF, 0xFFFF, 0xFFFF, 0xFFFF, 0xFFFF, 0xFFFF, 0xFF1A, 0x9B89, 0xED90, 0xFDF1, 0xFDF1, 0xFDD0, 0xFDF0, 
0xFDF1, 0xFDF1, 0xFDF1, 0xFDF1, 0xFDF1, 0xFDF1, 0xFDF1, 0xFDF1, 0xFDF1, 0xFDF1, 0xFDF1, 0xFDF1, 0xFDF1, 0xFDF1, 0xFDF1, 0xFDF0, 
0xF5F0, 0xF5F0, 0xF5F0, 0xF5F0, 0xF5F0, 0xF5F0, 0xFDF1, 0xFDF1, 0xFDF1, 0xFDF1, 0xF5F1, 0xF5F0, 0xF5F0, 0xF5F0, 0xF5F0, 0xF5F0, 
0xFDF0, 0xFDF1, 0xFDF1, 0xFDF1, 0xFDF1, 0xFDF1, 0xFDF1, 0xFDF1, 0xFDF1, 0xFDF1, 0xFDF1, 0xFDF1, 0xFDF1, 0xFDF1, 0xFDF1, 0xFDD1, 
0xFDD1, 0xFDD1, 0xFDD1, 0xFDF1, 0xFDF0, 0xFDF0, 0xFDD0, 0xFDF0, 0xF5D1, 0xF5F1, 0xFE33, 0xFED5, 0xFED5, 0xF652, 0xF5F0, 0xF631, 
0xCCCE, 0xBCCF, 0xFFDE, 0xFFFF, 0xFFFF, 0xFFDE, 0x59E5, 0x82A8, 0x92E8, 0x8AC7, 0x8AE7, 0x8AE7, 0x8AC7, 0x92C7, 0x8AA6, 0x92C7, 
0x8AC7, 0x8265, 0x92E7, 0x8AE7, 0x8AE7, 0x59C4, 0xF73C, 0xFFFF, 0xFFFF, 0xFFFF, 0xFFFF, 0xFFFF, 0xFFFF, 0xFFFF, 0xFFFF, 0xFFFF, 
0xFFFF, 0xFFFF, 0xFFFF, 0xFFFF, 0xFFFF, 0xFFFF, 0xFFFF, 0xFFFF, 0xFFFF, 0xFFFF, 0xFFFF, 0xFFFF, 0xFFFF, 0xFFFF, 0xFFFF, 0xFFFF, 
0xFFFF, 0xFFFF, 0xFFFF, 0xFFFF, 0xFFFF, 0xFFFF, 0xFFFF, 0xFFFF, 0xFFFF, 0xFFFF, 0xFFFF, 0xFFFF, 0xFFFF, 0xFFFF, 0xFFFF, 0xFFFF, 
0xFFFF, 0xFFFF, 0xFFFF, 0xFFFF, 0xFFFF, 0xFFFF, 0xFFFF, 0xFFFF, 0xFFFF, 0xFFFF, 0xFFFF, 0xFFFF, 0xFFFF, 0xFFFF, 0xFFFF, 0xFFFF, 
0xFFFF, 0xFFFF, 0xFFFF, 0xFFFF, 0xFFFF, 0xFFFF, 0xFFFF, 0xFFFF, 0xFFFF, 0xE698, 0xA3AA, 0xF5D1, 0xFDF1, 0xFDF1, 0xFDD0, 0xFDF0, 
0xFDF1, 0xFDF1, 0xFDF1, 0xFDF1, 0xFDF1, 0xFDF1, 0xFDF1, 0xFDF1, 0xFDF1, 0xFDF1, 0xFDF1, 0xFDF1, 0xFDF1, 0xFDF1, 0xFDF1, 0xFDF0, 
0xFDF0, 0xFDF0, 0xF5F0, 0xF5F0, 0xF5F0, 0xF5F0, 0xF5F0, 0xF5F0, 0xF5F1, 0xF5F0, 0xFDF0, 0xFDF0, 0xFDF0, 0xFDF0, 0xFDF0, 0xFDF0, 
0xFDF0, 0xFDF1, 0xFDF1, 0xFDF1, 0xFDF1, 0xFDF1, 0xFDF1, 0xFDF1, 0xFDF1, 0xFDF1, 0xFDF1, 0xFDF1, 0xFDF1, 0xFDF1, 0xFDF1, 0xFDD1, 
0xFDD1, 0xFDD1, 0xFDF1, 0xF5F1, 0xF5F1, 0xFDF0, 0xFDD0, 0xFDD0, 0xFDD1, 0xF5F1, 0xF633, 0xFED5, 0xFEF5, 0xFE52, 0xF5F0, 0xFE11, 
0xE570, 0xBCCF, 0xFFFE, 0xFFFF, 0xFFFF, 0xFFFE, 0xB4F1, 0x61E5, 0x9329, 0x8AC7, 0x8AE7, 0x8AE7, 0x92E7, 0x92C7, 0x8AA6, 0x92C7, 
0x8AE7, 0x8286, 0x8AE7, 0x8AE7, 0x8AE7, 0x59A4, 0xEF1B, 0xFFFF, 0xFFFF, 0xFFFF, 0xFFFF, 0xFFFF, 0xFFFF, 0xFFFF, 0xFFFF, 0xFFFF, 
0xFFFF, 0xFFFF, 0xFFFF, 0xFFFF, 0xFFFF, 0xFFFF, 0xFFFF, 0xFFFF, 0xFFFF, 0xFFFF, 0xFFFF, 0xFFFF, 0xFFFF, 0xFFFF, 0xFFFF, 0xFFFF, 
0xFFFF, 0xFFFF, 0xFFFF, 0xFFFF, 0xFFFF, 0xFFFF, 0xFFFF, 0xFFFF, 0xFFFF, 0xFFFF, 0xFFFF, 0xFFFF, 0xFFFF, 0xFFFF, 0xFFFF, 0xFFFF, 
0xFFFF, 0xFFFF, 0xFFFF, 0xFFFF, 0xFFFF, 0xFFFF, 0xFFFF, 0xFFFF, 0xFFFF, 0xFFFF, 0xFFFF, 0xFFFF, 0xFFFF, 0xFFFF, 0xFFFF, 0xFFFF, 
0xFFFF, 0xFFFF, 0xFFFF, 0xFFFF, 0xFFFF, 0xFFFF, 0xFFFF, 0xFFFF, 0xFFFF, 0xD5F5, 0xABEB, 0xFDF2, 0xF5D1, 0xF5D0, 0xFDD0, 0xFDF0, 
0xFDF1, 0xFDF1, 0xFDF1, 0xFDF1, 0xFDF1, 0xFDF1, 0xFDF1, 0xFDF1, 0xFDF1, 0xFDF1, 0xFDF1, 0xFDF1, 0xFDF1, 0xFDF1, 0xFDF1, 0xFDF1, 
0xFDF1, 0xFDF0, 0xFDF0, 0xF5F0, 0xF5F0, 0xF5F0, 0xF5F0, 0xF5F0, 0xF5F0, 0xF5F0, 0xFDF0, 0xFDF1, 0xFDF1, 0xFDF1, 0xFDF0, 0xFDF0, 
0xFDF1, 0xFDF1, 0xFDF1, 0xFDF1, 0xFDF1, 0xFDF1, 0xFDF1, 0xFDF1, 0xFDF1, 0xFDF1, 0xFDF1, 0xFDF1, 0xFDF1, 0xFDF1, 0xFDF1, 0xFDD1, 
0xFDD0, 0xFDD0, 0xF5F1, 0xF5F1, 0xF5F1, 0xFDF1, 0xFDD0, 0xFDD0, 0xFDF1, 0xF5D1, 0xF5F1, 0xF653, 0xFE73, 0xF611, 0xF5F0, 0xFDF1, 
0xE570, 0xBCCF, 0xFFFE, 0xFFFF, 0xFFFF, 0xFFFF, 0xDE57, 0x5984, 0x8B09, 0x8AE7, 0x8AC7, 0x8AE7, 0x92E7, 0x92C7, 0x8AC7, 0x8AA7, 
0x8AE7, 0x82A6, 0x8AC7, 0x8AE7, 0x8AE8, 0x59A4, 0xE6FB, 0xFFFF, 0xFFFF, 0xFFFF, 0xFFFF, 0xFFFF, 0xFFFF, 0xFFFF, 0xFFFF, 0xFFFF, 
0xFFFF, 0xFFFF, 0xFFFF, 0xFFFF, 0xFFFF, 0xFFFF, 0xFFFF, 0xFFFF, 0xFFFF, 0xFFFF, 0xFFFF, 0xFFFF, 0xFFFF, 0xFFFF, 0xFFFF, 0xFFFF, 
0xFFFF, 0xFFFF, 0xFFFF, 0xFFFF, 0xFFFF, 0xFFFF, 0xFFFF, 0xFFFF, 0xFFFF, 0xFFFF, 0xFFFF, 0xFFFF, 0xFFFF, 0xFFFF, 0xFFFF, 0xFFFF, 
0xFFFF, 0xFFFF, 0xFFFF, 0xFFFF, 0xFFFF, 0xFFFF, 0xFFFF, 0xFFFF, 0xFFFF, 0xFFFF, 0xFFFF, 0xFFFF, 0xFFFF, 0xFFFF, 0xFFFF, 0xFFFF, 
0xFFFF, 0xFFFF, 0xFFFF, 0xFFFF, 0xFFFF, 0xFFFF, 0xFFFF, 0xFFFF, 0xFFFF, 0xC573, 0xB42C, 0xFE12, 0xF5D0, 0xFDF1, 0xFDD0, 0xFDF0, 
0xFDF1, 0xFDF1, 0xFDF1, 0xFDF1, 0xFDF1, 0xFDF1, 0xFDF1, 0xFDF1, 0xFDF1, 0xFDF1, 0xFDF1, 0xFDF1, 0xFDF1, 0xFDF1, 0xFDF1, 0xFDF1, 
0xFDD1, 0xFDD1, 0xFDF1, 0xFDF1, 0xF5F0, 0xF5F0, 0xF5F0, 0xF5F0, 0xF5F1, 0xF5F1, 0xFDF1, 0xFDF1, 0xFDD1, 0xFDD1, 0xFDD1, 0xFDD1, 
0xFDF1, 0xFDF1, 0xFDF1, 0xFDF1, 0xFDF1, 0xFDF1, 0xFDF1, 0xFDF1, 0xFDF1, 0xFDF1, 0xFDF1, 0xFDF1, 0xFDF1, 0xFDF1, 0xFDF1, 0xFDF0, 
0xFDF0, 0xFDF0, 0xF5F1, 0xF5F1, 0xF5F1, 0xF5F1, 0xFDD1, 0xFDF0, 0xFDF1, 0xF5D0, 0xF5D0, 0xF5D1, 0xF5D1, 0xF5D1, 0xF5D1, 0xF5F1, 
0xEDB1, 0xB46D, 0xFFFE, 0xFFFF, 0xFFFF, 0xFFFF, 0xFF9D, 0x6206, 0x82A8, 0x8AE8, 0x92E7, 0x92E6, 0x92C6, 0x92C7, 0x8AC7, 0x8287, 
0x8AE8, 0x82A6, 0x8AC7, 0x8AE7, 0x92E7, 0x59A3, 0xE6DA, 0xFFFF, 0xFFFF, 0xFFFF, 0xFFFF, 0xFFFF, 0xFFFF, 0xFFFF, 0xFFFF, 0xFFFF, 
0xFFFF, 0xFFFF, 0xFFFF, 0xFFFF, 0xFFFF, 0xFFFF, 0xFFFF, 0xFFFF, 0xFFFF, 0xFFFF, 0xFFFF, 0xFFFF, 0xFFFF, 0xFFFF, 0xFFFF, 0xFFFF, 
0xFFFF, 0xFFFF, 0xFFFF, 0xFFFF, 0xFFFF, 0xFFFF, 0xFFFF, 0xFFFF, 0xFFFF, 0xFFFF, 0xFFFF, 0xFFFF, 0xFFFF, 0xFFFF, 0xFFFF, 0xFFFF, 
0xFFFF, 0xFFFF, 0xFFFF, 0xFFFF, 0xFFFF, 0xFFFF, 0xFFFF, 0xFFFF, 0xFFFF, 0xFFFF, 0xFFFF, 0xFFFF, 0xFFFF, 0xFFFF, 0xFFFF, 0xFFFF, 
0xFFFF, 0xFFFF, 0xFFFF, 0xFFFF, 0xFFFF, 0xFFFF, 0xFFFF, 0xFFFF, 0xFFFF, 0xBD12, 0xBC4C, 0xFE12, 0xF5D0, 0xFDF1, 0xFDD0, 0xFDF0, 
0xFDF0, 0xFDF1, 0xFDF1, 0xFDF1, 0xFDF1, 0xFDF1, 0xFDF1, 0xFDF1, 0xFDF1, 0xFDF1, 0xFDF1, 0xFDF1, 0xFDF1, 0xFDF1, 0xFDF1, 0xFDF1, 
0xFDD1, 0xFDD1, 0xFDD1, 0xFDF1, 0xF5F1, 0xF5F0, 0xF5F0, 0xF5F0, 0xF5F1, 0xF5F1, 0xFDF1, 0xFDF1, 0xFDD1, 0xFDD1, 0xFDD1, 0xFDD1, 
0xFDF1, 0xFDF1, 0xFDF1, 0xFDF1, 0xFDF1, 0xFDF1, 0xFDF1, 0xFDF1, 0xFDF1, 0xFDF1, 0xFDF1, 0xFDF1, 0xFDF1, 0xFDF1, 0xFDF1, 0xFDF0, 
0xFDF0, 0xFDF0, 0xF5F1, 0xF5F1, 0xF5F1, 0xF5F1, 0xFDF1, 0xFDF0, 0xFDF0, 0xFDD0, 0xFDF0, 0xFDF1, 0xF5D1, 0xF5F1, 0xFDF1, 0xF5D1, 
0xF5B0, 0xB42C, 0xFFDD, 0xFFFF, 0xFFFF, 0xFFDE, 0xFFDE, 0x7AEA, 0x7A67, 0x92E8, 0x92E7, 0x92E6, 0x92C6, 0x92C7, 0x92E8, 0x8286, 
0x8AC8, 0x82A7, 0x8AC7, 0x8AE7, 0x92E7, 0x5183, 0xE6BA, 0xFFFF, 0xFFFF, 0xFFFF, 0xFFFF, 0xFFFF, 0xFFFF, 0xFFFF, 0xFFFF, 0xFFFF, 
0xFFFF, 0xFFFF, 0xFFFF, 0xFFFF, 0xFFFF, 0xFFFF, 0xFFFF, 0xFFFF, 0xFFFF, 0xFFFF, 0xFFFF, 0xFFFF, 0xFFFF, 0xFFFF, 0xFFFF, 0xFFFF, 
0xFFFF, 0xFFFF, 0xFFFF, 0xFFFF, 0xFFFF, 0xFFFF, 0xFFFF, 0xFFFF, 0xFFFF, 0xFFFF, 0xFFFF, 0xFFFF, 0xFFFF, 0xFFFF, 0xFFFF, 0xFFFF, 
0xFFFF, 0xFFFF, 0xFFFF, 0xFFFF, 0xFFFF, 0xFFFF, 0xFFFF, 0xFFFF, 0xFFFF, 0xFFFF, 0xFFFF, 0xFFFF, 0xFFFF, 0xFFFF, 0xFFFF, 0xFFFF, 
0xFFFF, 0xFFFF, 0xFFFF, 0xFFFF, 0xFFFF, 0xFFFF, 0xFFFF, 0xFFFF, 0xFFFF, 0xBD12, 0xC46D, 0xFE11, 0xF5D0, 0xFDF0, 0xFDD0, 0xFDD0, 
0xFDF0, 0xFDF1, 0xFDF1, 0xFDF1, 0xFDF1, 0xFDF1, 0xFDF1, 0xFDF1, 0xFDF1, 0xFDF1, 0xFDF1, 0xFDF1, 0xFDF1, 0xFDF1, 0xFDF1, 0xFDF1, 
0xFDF1, 0xFDF1, 0xFDF1, 0xFDF1, 0xFDF1, 0xFDF1, 0xFDF1, 0xFDF1, 0xFDF1, 0xFDF1, 0xFDF1, 0xFDF1, 0xFDF1, 0xFDF1, 0xFDF1, 0xFDF1, 
0xFDF1, 0xF5D0, 0xFDF1, 0xFDF1, 0xF5D0, 0xFDF1, 0xFE11, 0xF5D0, 0xF5D0, 0xFDF1, 0xFDF1, 0xFDF1, 0xFDF1, 0xFDF1, 0xFDF1, 0xFDF1, 
0xFDF0, 0xFDF0, 0xFDF1, 0xF5F1, 0xFDF1, 0xFDF1, 0xFDF1, 0xFDF1, 0xFDF0, 0xFDF0, 0xFDF1, 0xF5D0, 0xFDF1, 0xFDF1, 0xF5D0, 0xFDF1, 
0xFDD1, 0xABEB, 0xFFBD, 0xFFFF, 0xFFFF, 0xFFFF, 0xFFFF, 0x838D, 0x6A26, 0x9308, 0x92C7, 0x92E7, 0x8AC7, 0x92E7, 0x8AE7, 0x82A6, 
0x8AC7, 0x8AA7, 0x8AC7, 0x8AE7, 0x9308, 0x51A3, 0xD658, 0xFFFF, 0xFFFF, 0xFFFF, 0xFFFF, 0xFFFF, 0xFFFF, 0xFFFF, 0xFFFF, 0xFFFF, 
0xFFFF, 0xFFFF, 0xFFFF, 0xFFFF, 0xFFFF, 0xFFFF, 0xFFFF, 0xFFFF, 0xFFFF, 0xFFFF, 0xFFFF, 0xFFFF, 0xFFFF, 0xFFFF, 0xFFFF, 0xFFFF, 
0xFFFF, 0xFFFF, 0xFFFF, 0xFFFF, 0xFFFF, 0xFFFF, 0xFFFF, 0xFFFF, 0xFFFF, 0xFFFF, 0xFFFF, 0xFFFF, 0xFFFF, 0xFFFF, 0xFFFF, 0xFFFF, 
0xFFFF, 0xFFFF, 0xFFFF, 0xFFFF, 0xFFFF, 0xFFFF, 0xFFFF, 0xFFFF, 0xFFFF, 0xFFFF, 0xFFFF, 0xFFFF, 0xFFFF, 0xFFFF, 0xFFFF, 0xFFFF, 
0xFFFF, 0xFFFF, 0xFFFF, 0xFFFE, 0xFFFF, 0xFFFF, 0xFFFF, 0xFFFF, 0xFFFE, 0xBD11, 0xBC2C, 0xFE12, 0xF5F0, 0xF5D0, 0xFDF0, 0xFDD0, 
0xFDF0, 0xFDF1, 0xFDF1, 0xFDF1, 0xFDF1, 0xFDF1, 0xFDF1, 0xFDF1, 0xFDF1, 0xFDF1, 0xFDF1, 0xFDF1, 0xFDF1, 0xFDF1, 0xFDF1, 0xFDF1, 
0xFDF1, 0xFDF1, 0xFDF1, 0xFDF1, 0xFDF1, 0xFDF1, 0xFDF1, 0xFDF1, 0xFDF1, 0xFDF1, 0xFDF1, 0xFDF1, 0xFDF1, 0xFDF1, 0xFDF1, 0xFDF1, 
0xF5D0, 0xFDF1, 0xFDF1, 0xFDF1, 0xFDF1, 0xF5D0, 0xF5B0, 0xFDF1, 0xF5D0, 0xFDF1, 0xFDF1, 0xFDF1, 0xFDF1, 0xFDF1, 0xFDF1, 0xFDF1, 
0xFDF1, 0xFDF1, 0xFDF1, 0xFDF1, 0xFDF1, 0xFDF1, 0xFDF1, 0xFDF1, 0xFDF1, 0xFDF1, 0xFDF1, 0xF5D0, 0xFDF1, 0xFDF1, 0xF5D0, 0xFDF1, 
0xF56F, 0xB3EB, 0xFFBD, 0xFFFF, 0xFFFF, 0xFFDF, 0xFFFF, 0x942F, 0x6A25, 0x9308, 0x92C7, 0x92C7, 0x92C7, 0x8AE7, 0x8AC7, 0x8286, 
0x8AC8, 0x8AA7, 0x92E7, 0x92C7, 0x8B08, 0x51A3, 0xDE58, 0xFFFF, 0xFFFF, 0xFFFF, 0xFFFF, 0xFFFF, 0xFFFF, 0xFFFF, 0xFFFF, 0xFFFF, 
0xFFFF, 0xFFFF, 0xFFFF, 0xFFFF, 0xFFFF, 0xFFFF, 0xFFFF, 0xFFFF, 0xFFFF, 0xFFFF, 0xFFFF, 0xFFFF, 0xFFFF, 0xFFFF, 0xFFFF, 0xFFFF, 
0xFFFF, 0xFFFF, 0xFFFF, 0xFFFF, 0xFFFF, 0xFFFF, 0xFFFF, 0xFFFF, 0xFFFF, 0xFFFF, 0xFFFF, 0xFFFF, 0xFFFF, 0xFFFF, 0xFFFF, 0xFFFF, 
0xFFFF, 0xFFFF, 0xFFFF, 0xFFFF, 0xFFFF, 0xFFFF, 0xFFFF, 0xFFFF, 0xFFFF, 0xFFFF, 0xFFFF, 0xFFFF, 0xFFFF, 0xFFFF, 0xFFFF, 0xFFFF, 
0xFFFF, 0xFFFF, 0xFFFF, 0xFFFF, 0xFFFF, 0xFFFF, 0xFFFF, 0xFFFF, 0xFFFE, 0xBD32, 0xBC2B, 0xFE11, 0xF5F1, 0xF5F1, 0xFDF1, 0xFDF0, 
0xFDF1, 0xFDF1, 0xFDF1, 0xFDF1, 0xFDF1, 0xFDF1, 0xFDF1, 0xFDF1, 0xFDF1, 0xFDF1, 0xFDF1, 0xFDF1, 0xFDF1, 0xFDF1, 0xFDF1, 0xFDF1, 
0xFDF1, 0xFDF1, 0xFDF1, 0xFDF1, 0xFDF1, 0xFDF1, 0xFDF1, 0xFDF1, 0xFDF1, 0xFDF1, 0xFDF1, 0xFDF1, 0xFDF1, 0xFDF1, 0xFDF1, 0xFDF1, 
0xF5D0, 0xFDF1, 0xFDF1, 0xF5D0, 0xFE11, 0xED6F, 0xDCED, 0xFE11, 0xF5D0, 0xFDF1, 0xFDF1, 0xFDF1, 0xFDF1, 0xFDF1, 0xFDF1, 0xFDF1, 
0xFDF1, 0xFDF1, 0xFDF1, 0xFDF1, 0xFDF1, 0xFDF1, 0xFDF1, 0xFDF1, 0xFDF1, 0xF5D0, 0xFDF1, 0xF5D0, 0xFDF1, 0xFDF1, 0xF5D0, 0xFDF1, 
0xED6F, 0xABCA, 0xFF7C, 0xFFFF, 0xFFFF, 0xFFFF, 0xFFFF, 0xA491, 0x6A05, 0x9308, 0x92C7, 0x92E7, 0x92E7, 0x8AC7, 0x8AC7, 0x8286, 
0x8AC7, 0x8AA7, 0x92E7, 0x92C7, 0x8B08, 0x51A4, 0xDE58, 0xFFFF, 0xFFFF, 0xFFFF, 0xFFFF, 0xFFFF, 0xFFFF, 0xFFFF, 0xFFFF, 0xFFFF, 
0xFFFF, 0xFFFF, 0xFFFF, 0xFFFF, 0xFFFF, 0xFFFF, 0xFFFF, 0xFFFF, 0xFFFF, 0xFFFF, 0xFFFF, 0xFFFF, 0xFFFF, 0xFFFF, 0xFFFF, 0xFFFF, 
0xFFFF, 0xFFFF, 0xFFFF, 0xFFFF, 0xFFFF, 0xFFFF, 0xFFFF, 0xFFFF, 0xFFFF, 0xFFFF, 0xFFFF, 0xFFFF, 0xFFFF, 0xFFFF, 0xFFFF, 0xFFFF, 
0xFFFF, 0xFFFF, 0xFFFF, 0xFFFF, 0xFFFF, 0xFFFF, 0xFFFF, 0xFFFF, 0xFFFF, 0xFFFF, 0xFFFF, 0xFFFF, 0xFFFF, 0xFFFF, 0xFFFF, 0xFFFF, 
0xFFFF, 0xFFFF, 0xFFFF, 0xFFFF, 0xFFFF, 0xFFFF, 0xFFFF, 0xFFFF, 0xFFFF, 0xCDB4, 0xBBEA, 0xFDF1, 0xF5F1, 0xF5F1, 0xF5F1, 0xF5F1, 
0xFDF1, 0xFDF1, 0xFDF1, 0xFDF1, 0xFDF1, 0xFDF1, 0xFDF1, 0xFDF1, 0xFDF1, 0xFDF1, 0xFDF1, 0xFDF1, 0xFDF1, 0xFDF1, 0xFDF1, 0xFDF1, 
0xFDF1, 0xFDF1, 0xFDF1, 0xFDF1, 0xFDF1, 0xFDF1, 0xFDF1, 0xFDF1, 0xFDF1, 0xFDF1, 0xFDF1, 0xFDF1, 0xFDF1, 0xFDF1, 0xFDF1, 0xFDF1, 
0xFDF1, 0xFDF1, 0xFDF1, 0xF5D0, 0xFDF1, 0xE52E, 0xCC6B, 0xFE11, 0xF5D0, 0xFDF1, 0xFDF1, 0xFDF1, 0xFDF1, 0xFDF1, 0xFDF1, 0xFDF1, 
0xFDF1, 0xFDF1, 0xFDF1, 0xFDF1, 0xFDF1, 0xFDF1, 0xFDF1, 0xFDF1, 0xFDF1, 0xF5D0, 0xFDF1, 0xF5D0, 0xFDF1, 0xFDF1, 0xF5D0, 0xFDF1, 
0xED8F, 0xA38A, 0xFF7C, 0xFFFF, 0xFFFF, 0xFFFF, 0xFFDE, 0x940F, 0x6A25, 0x9308, 0x92C7, 0x92E7, 0x92E8, 0x8AC7, 0x8AE7, 0x8286, 
0x8AC7, 0x8AC7, 0x92E7, 0x8AC7, 0x9308, 0x51C4, 0xD658, 0xFFFF, 0xFFFF, 0xFFFF, 0xFFFF, 0xFFFF, 0xFFFF, 0xFFFF, 0xFFFF, 0xFFFF, 
0xFFFF, 0xFFFF, 0xFFFF, 0xFFFF, 0xFFFF, 0xFFFF, 0xFFFF, 0xFFFF, 0xFFFF, 0xFFFF, 0xFFFF, 0xFFFF, 0xFFFF, 0xFFFF, 0xFFFF, 0xFFFF, 
0xFFFF, 0xFFFF, 0xFFFF, 0xFFFF, 0xFFFF, 0xFFFF, 0xFFFF, 0xFFFF, 0xFFFF, 0xFFFF, 0xFFFF, 0xFFFF, 0xFFFF, 0xFFFF, 0xFFFF, 0xFFFF, 
0xFFFF, 0xFFFF, 0xFFFF, 0xFFFF, 0xFFFF, 0xFFFF, 0xFFFF, 0xFFFF, 0xFFFF, 0xFFFF, 0xFFFF, 0xFFFF, 0xFFFF, 0xFFFF, 0xFFFF, 0xFFFF, 
0xFFFF, 0xFFFF, 0xFFFF, 0xFFFF, 0xFFFF, 0xFFFF, 0xFFFF, 0xFFFF, 0xFFFF, 0xE677, 0xAB69, 0xFDB0, 0xF5F1, 0xF5F1, 0xF5F1, 0xF5F1, 
0xF5F1, 0xFDF1, 0xFDF1, 0xFDF1, 0xFDF1, 0xFDF1, 0xFDF1, 0xFDF1, 0xFDF1, 0xFDF1, 0xFDF1, 0xFDF1, 0xFDF1, 0xFDF1, 0xFDF1, 0xFDF1, 
0xFDF1, 0xFDF1, 0xFDF1, 0xFDF1, 0xFDF1, 0xFDF1, 0xFDF1, 0xFDF1, 0xFDF1, 0xFDF1, 0xFDF1, 0xFDF1, 0xFDF1, 0xFDF1, 0xFDF1, 0xFDF1, 
0xFDF1, 0xF5D0, 0xFDF1, 0xF5D0, 0xFE11, 0xE52E, 0xCC6B, 0xFE11, 0xF5D0, 0xFDF1, 0xFDF1, 0xFDF1, 0xFDF1, 0xFDF1, 0xFDF1, 0xFDF1, 
0xFDF1, 0xFDF1, 0xFDF1, 0xFDF1, 0xFDF1, 0xFDF1, 0xFDF1, 0xFDF1, 0xFDF1, 0xF5D0, 0xFDF1, 0xFDF1, 0xFDF1, 0xFDF1, 0xF5D0, 0xFDF1, 
0xE54F, 0xA3CA, 0xFFBD, 0xFFFF, 0xFFFF, 0xFFFF, 0xFFFF, 0x730A, 0x7266, 0x9308, 0x8AC7, 0x92C7, 0x92E8, 0x8AC7, 0x8AE7, 0x8286, 
0x8AA7, 0x92C7, 0x92E7, 0x8AC7, 0x9328, 0x51A4, 0xD637, 0xFFFF, 0xFFFF, 0xFFFF, 0xFFFF, 0xFFFF, 0xFFFF, 0xFFFF, 0xFFFF, 0xFFFF, 
0xFFFF, 0xFFFF, 0xFFFF, 0xFFFF, 0xFFFF, 0xFFFF, 0xFFFF, 0xFFFF, 0xFFFF, 0xFFFF, 0xFFFF, 0xFFFF, 0xFFFF, 0xFFFF, 0xFFFF, 0xFFFF, 
0xFFFF, 0xFFFF, 0xFFFF, 0xFFFF, 0xFFFF, 0xFFFF, 0xFFFF, 0xFFFF, 0xFFFF, 0xFFFF, 0xFFFF, 0xFFFF, 0xFFFF, 0xFFFF, 0xFFFF, 0xFFFF, 
0xFFFF, 0xFFFF, 0xFFFF, 0xFFFF, 0xFFFF, 0xFFFF, 0xFFFF, 0xFFFF, 0xFFFF, 0xFFFF, 0xFFFF, 0xFFFF, 0xFFFF, 0xFFFF, 0xFFFF, 0xFFFF, 
0xFFFF, 0xFFFF, 0xFFFF, 0xFFFF, 0xFFFF, 0xFFFF, 0xFFFF, 0xFFFF, 0xFFFF, 0xFF3B, 0x9B28, 0xED4F, 0xF5F2, 0xEDF1, 0xF611, 0xF5F1, 
0xF5F1, 0xFDF1, 0xFDF1, 0xFDF1, 0xFDF1, 0xFDF1, 0xFDF1, 0xFDF1, 0xFDF1, 0xFDF1, 0xFDF1, 0xFDF1, 0xFDF1, 0xFDF1, 0xFDF1, 0xFDF1, 
0xFDF1, 0xFDF1, 0xFDF1, 0xFDF1, 0xFDF1, 0xFDF1, 0xFDF1, 0xFDF1, 0xFDF1, 0xFDF1, 0xFDF1, 0xFDF1, 0xFDF1, 0xFDF1, 0xFDF1, 0xFDF1, 
0xFDF1, 0xF5D0, 0xFDF1, 0xF5D0, 0xFE11, 0xE52E, 0xCC6B, 0xFE11, 0xF5D0, 0xF5D0, 0xFDF1, 0xFDF1, 0xFDF1, 0xFDF1, 0xFDF1, 0xFDF1, 
0xFDF1, 0xFDF1, 0xFDF1, 0xFDF1, 0xFDF1, 0xFDF1, 0xFDF1, 0xFDF1, 0xFDF1, 0xF5D0, 0xFDF1, 0xFDF1, 0xFDF1, 0xF5D0, 0xF5D0, 0xFE11, 
0xDD2F, 0xA3EB, 0xFFDE, 0xFFFF, 0xFFFF, 0xFFFE, 0xFFBD, 0x51E5, 0x82A7, 0x92E7, 0x92C7, 0x92C7, 0x8AE7, 0x8AE7, 0x8AC7, 0x8286, 
0x8AC7, 0x92E8, 0x92C7, 0x8AE7, 0x9329, 0x51A3, 0xD678, 0xFFFF, 0xFFFF, 0xFFFF, 0xFFFF, 0xFFFF, 0xFFFF, 0xFFFF, 0xFFFF, 0xFFFF, 
0xFFFF, 0xFFFF, 0xFFFF, 0xFFFF, 0xFFFF, 0xFFFF, 0xFFFF, 0xFFFF, 0xFFFF, 0xFFFF, 0xFFFF, 0xFFFF, 0xFFFF, 0xFFFF, 0xFFFF, 0xFFFF, 
0xFFFF, 0xFFFF, 0xFFFF, 0xFFFF, 0xFFFF, 0xFFFF, 0xFFFF, 0xFFFF, 0xFFFF, 0xFFFF, 0xFFFF, 0xFFFF, 0xFFFF, 0xFFFF, 0xFFFF, 0xFFFF, 
0xFFFF, 0xFFFF, 0xFFFF, 0xFFFF, 0xFFFF, 0xFFFF, 0xFFFF, 0xFFFF, 0xFFFF, 0xFFFF, 0xFFFF, 0xFFFF, 0xFFFF, 0xFFFF, 0xFFFF, 0xFFFF, 
0xFFFF, 0xFFFF, 0xFFFF, 0xFFFF, 0xFFFF, 0xFFFF, 0xFFFF, 0xFFFF, 0xFFFF, 0xFFBD, 0xB3EC, 0xCC6C, 0xFE12, 0xF5F1, 0xF5F1, 0xF5F0, 
0xF5F1, 0xFDF1, 0xFDF1, 0xFDF1, 0xFDF1, 0xFDF1, 0xFDF1, 0xFDF1, 0xFDF1, 0xFDF1, 0xFDF1, 0xFDF1, 0xFDF1, 0xFDF1, 0xFDF1, 0xFDF1, 
0xFDF1, 0xFDF1, 0xFDF1, 0xFDF1, 0xFDF1, 0xFDF1, 0xFDF1, 0xFDF1, 0xFDF1, 0xFDF1, 0xFDF1, 0xFDF1, 0xFDF1, 0xFDF1, 0xFDF1, 0xFDF1, 
0xFDF1, 0xF5D0, 0xFDF1, 0xF5D0, 0xFE11, 0xDD0D, 0xC44A, 0xFE11, 0xF5D0, 0xF5D0, 0xFDF1, 0xFDF1, 0xF5D0, 0xFDF1, 0xFDF1, 0xFDF1, 
0xFDF1, 0xFDF1, 0xFDF1, 0xFDF1, 0xFDF1, 0xFDF1, 0xFDF1, 0xFDF1, 0xFDF1, 0xF5D0, 0xFDF1, 0xFDF1, 0xFDF1, 0xF5D0, 0xF5D0, 0xFE12, 
0xD4EE, 0xAC4D, 0xFFDE, 0xFFFF, 0xFFFF, 0xFFFE, 0xD637, 0x51A4, 0x8B08, 0x8AC7, 0x92E7, 0x92E7, 0x8AC7, 0x92E8, 0x8AC7, 0x8286, 
0x8AC7, 0x92E8, 0x92C7, 0x92E7, 0x8B08, 0x51A4, 0xE6DA, 0xFFFF, 0xFFFF, 0xFFFF, 0xFFFF, 0xFFFF, 0xFFFF, 0xFFFF, 0xFFFF, 0xFFFF, 
0xFFFF, 0xFFFF, 0xFFFF, 0xFFFF, 0xFFFF, 0xFFFF, 0xFFFF, 0xFFFF, 0xFFFF, 0xFFFF, 0xFFFF, 0xFFFF, 0xFFFF, 0xFFFF, 0xFFFF, 0xFFFF, 
0xFFFF, 0xFFFF, 0xFFFF, 0xFFFF, 0xFFFF, 0xFFFF, 0xFFFF, 0xFFFF, 0xFFFF, 0xFFFF, 0xFFFF, 0xFFFF, 0xFFFF, 0xFFFF, 0xFFFF, 0xFFFF, 
0xFFFF, 0xFFFF, 0xFFFF, 0xFFFF, 0xFFFF, 0xFFFF, 0xFFFF, 0xFFFF, 0xFFFF, 0xFFFF, 0xFFFF, 0xFFFF, 0xFFFF, 0xFFFF, 0xFFFF, 0xFFFF, 
0xFFFF, 0xFFFF, 0xFFFF, 0xFFFF, 0xFFFF, 0xFFFF, 0xFFFF, 0xFFFF, 0xFFFF, 0xFFFE, 0xCD31, 0xABAA, 0xF5F2, 0xF5D0, 0xF5F0, 0xF5F0, 
0xFDF0, 0xFDF1, 0xFDF1, 0xFDF1, 0xFDF1, 0xFDF1, 0xFDF1, 0xFDF1, 0xFDF1, 0xFDF1, 0xFDF1, 0xFDF1, 0xFDF1, 0xFDF1, 0xFDF1, 0xFDF1, 
0xFDF1, 0xFDF1, 0xFDF1, 0xFDF1, 0xFDF1, 0xFDF1, 0xFDF1, 0xFDF1, 0xFDF1, 0xFDF1, 0xFDF1, 0xFDF1, 0xFDF1, 0xFDF1, 0xFDF1, 0xFDF1, 
0xF5D0, 0xFDF1, 0xFDF1, 0xF5D0, 0xFE11, 0xDD0D, 0xC44A, 0xFE11, 0xF5D0, 0xF5D0, 0xFDF1, 0xFDF1, 0xF5D0, 0xFDF1, 0xFDF1, 0xFDF1, 
0xFDF1, 0xFDF1, 0xFDF1, 0xFDF1, 0xFDF1, 0xFDF1, 0xFDF1, 0xFDF1, 0xFDF1, 0xF5D0, 0xFDF1, 0xFDF1, 0xFDF1, 0xF5D0, 0xF5D0, 0xFE12, 
0xC48C, 0xBCCF, 0xFFFE, 0xFFFF, 0xFFFF, 0xFFFE, 0x942E, 0x6226, 0x9329, 0x8AC7, 0x92E7, 0x92E7, 0x8AC7, 0x92E8, 0x8AC7, 0x8286, 
0x8AC7, 0x8AC7, 0x8AC7, 0x92E7, 0x82E8, 0x51C4, 0xF73C, 0xFFFF, 0xFFFF, 0xFFFF, 0xFFFF, 0xFFFF, 0xFFFF, 0xFFFF, 0xFFFF, 0xFFFF, 
0xFFFF, 0xFFFF, 0xFFFF, 0xFFFF, 0xFFFF, 0xFFFF, 0xFFFF, 0xFFFF, 0xFFFF, 0xFFFF, 0xFFFF, 0xFFFF, 0xFFFF, 0xFFFF, 0xFFFF, 0xFFFF, 
0xFFFF, 0xFFFF, 0xFFFF, 0xFFFF, 0xFFFF, 0xFFFF, 0xFFFF, 0xFFFF, 0xFFFF, 0xFFFF, 0xFFFF, 0xFFFF, 0xFFFF, 0xFFFF, 0xFFFF, 0xFFFF, 
0xFFFF, 0xFFFF, 0xFFFF, 0xFFFF, 0xFFFF, 0xFFFF, 0xFFFF, 0xFFFF, 0xFFFF, 0xFFFF, 0xFFFF, 0xFFFF, 0xFFFF, 0xFFFF, 0xFFFF, 0xFFFF, 
0xFFFF, 0xFFFF, 0xFFFF, 0xFFFF, 0xFFFF, 0xFFFF, 0xFFFF, 0xFFFF, 0xFFFF, 0xFFDE, 0xFEFA, 0x9329, 0xDD0E, 0xFE11, 0xFDD0, 0xF5CF, 
0xFDF0, 0xFDF1, 0xFDF1, 0xF5D0, 0xFDF1, 0xFDF1, 0xF5D0, 0xFDF1, 0xFDF1, 0xFDF1, 0xFDF1, 0xFDF1, 0xFDF1, 0xFDF1, 0xFDF1, 0xFDF1, 
0xFDF1, 0xFDF1, 0xFDF1, 0xFDF1, 0xFDF1, 0xFDF1, 0xF5D0, 0xFDF1, 0xFDF1, 0xFDF1, 0xFDF1, 0xFDF1, 0xFDF1, 0xFDF1, 0xFDF1, 0xFDF1, 
0xFDF1, 0xFDF1, 0xFDF1, 0xF5D0, 0xFDF1, 0xED6F, 0xBC09, 0xFE11, 0xF5D0, 0xF5D0, 0xFDF1, 0xFDF1, 0xF5D0, 0xF5D0, 0xFDF1, 0xF5D0, 
0xFDF1, 0xFDF1, 0xFDF1, 0xFDF1, 0xFDF1, 0xFDF1, 0xFDF1, 0xFDF1, 0xF5D0, 0xFDF1, 0xFDF1, 0xFDF1, 0xF5D0, 0xF5D0, 0xF5D0, 0xF612, 
0xB42B, 0xD593, 0xFFFE, 0xFFFF, 0xFFFE, 0xFFBD, 0x5A26, 0x72A7, 0x8AE8, 0x92C7, 0x8AC7, 0x92C7, 0x92E8, 0x92E8, 0x8AC7, 0x8AA6, 
0x8AA7, 0x92E8, 0x92C7, 0x8AE7, 0x7AA7, 0x5A26, 0xFFBE, 0xFFFF, 0xFFFF, 0xFFFF, 0xFFFF, 0xFFFF, 0xFFFF, 0xFFFF, 0xFFFF, 0xFFFF, 
0xFFFF, 0xFFFF, 0xFFFF, 0xFFFF, 0xFFFF, 0xFFFF, 0xFFFF, 0xFFFF, 0xFFFF, 0xFFFF, 0xFFFF, 0xFFFF, 0xFFFF, 0xFFFF, 0xFFFF, 0xFFFF, 
0xFFFF, 0xFFFF, 0xFFFF, 0xFFFF, 0xFFFF, 0xFFFF, 0xFFFF, 0xFFFF, 0xFFFF, 0xFFFF, 0xFFFF, 0xFFFF, 0xFFFF, 0xFFFF, 0xFFFF, 0xFFFF, 
0xFFFF, 0xFFFF, 0xFFFF, 0xFFFF, 0xFFFF, 0xFFFF, 0xFFFF, 0xFFFF, 0xFFFF, 0xFFFF, 0xFFFF, 0xFFFF, 0xFFFF, 0xFFFF, 0xFFFF, 0xFFFF, 
0xFFFF, 0xFFFF, 0xFFFF, 0xFFFF, 0xFFFF, 0xFFFF, 0xFFFF, 0xFFFF, 0xFFFF, 0xFFFF, 0xFFDE, 0xB48F, 0xABCA, 0xF5D0, 0xFDCF, 0xFDF0, 
0xF5D0, 0xFDF1, 0xFDF1, 0xFDF1, 0xF5D0, 0xF5D0, 0xFDF1, 0xFDF1, 0xFDF1, 0xFDF1, 0xFDF1, 0xFDF1, 0xFDF1, 0xFDF1, 0xFDF1, 0xFDF1, 
0xFDF1, 0xFDF1, 0xF5D0, 0xFDF1, 0xFDF1, 0xF5D0, 0xFDF1, 0xFDF1, 0xFDF1, 0xFDF1, 0xFDF1, 0xFDF1, 0xFDF1, 0xFDF1, 0xFDF1, 0xFDF1, 
0xF5D0, 0xFDF1, 0xFDF1, 0xF5D0, 0xFDF1, 0xED6F, 0xB3C8, 0xF5D0, 0xF5D0, 0xFDF1, 0xFDF1, 0xFDF1, 0xF5D0, 0xFDF1, 0xFDF1, 0xFDF1, 
0xFDF1, 0xFDF1, 0xFDF1, 0xFDF1, 0xFDF1, 0xFDF1, 0xFDF1, 0xFDF1, 0xFDF1, 0xFDF1, 0xFDF1, 0xFDF1, 0xFDF1, 0xF5D0, 0xFDF1, 0xF5F1, 
0xA3CB, 0xE676, 0xFFDE, 0xFFDE, 0xFFFF, 0xEF1A, 0x4984, 0x82E8, 0x8AE7, 0x92C7, 0x92C7, 0x92C7, 0x8AE7, 0x8AE7, 0x8AC7, 0x8AC7, 
0x8AC7, 0x92C7, 0x92C7, 0x8B08, 0x7AA7, 0x6A88, 0xFFDE, 0xFFFF, 0xFFFF, 0xFFFF, 0xFFFF, 0xFFFF, 0xFFFF, 0xFFFF, 0xFFFF, 0xFFFF, 
0xFFFF, 0xFFFF, 0xFFFF, 0xFFFF, 0xFFFF, 0xFFFF, 0xFFFF, 0xFFFF, 0xFFFF, 0xFFFF, 0xFFFF, 0xFFFF, 0xFFFF, 0xFFFF, 0xFFFF, 0xFFFF, 
0xFFFF, 0xFFFF, 0xFFFF, 0xFFFF, 0xFFFF, 0xFFFF, 0xFFFF, 0xFFFF, 0xFFFF, 0xFFFF, 0xFFFF, 0xFFFF, 0xFFFF, 0xFFFF, 0xFFFF, 0xFFFF, 
0xFFFF, 0xFFFF, 0xFFFF, 0xFFFF, 0xFFFF, 0xFFFF, 0xFFFF, 0xFFFF, 0xFFFF, 0xFFFF, 0xFFFF, 0xFFFF, 0xFFFF, 0xFFFF, 0xFFFF, 0xFFFF, 
0xFFFF, 0xFFFF, 0xFFFF, 0xFFFF, 0xFFFF, 0xFFFF, 0xFFFF, 0xFFFF, 0xFFFF, 0xFFFF, 0xFFDF, 0xFF5B, 0x9328, 0xCCAC, 0xFE11, 0xF5B0, 
0xF5D0, 0xFDF1, 0xF5D0, 0xFDF1, 0xFE11, 0xF5D0, 0xF5D0, 0xF5D0, 0xFDF1, 0xFDF1, 0xFDF1, 0xFDF1, 0xFDF1, 0xFDF1, 0xFDF1, 0xFDF1, 
0xFDF1, 0xF5D0, 0xFDF1, 0xFDF1, 0xFDF1, 0xF5D0, 0xFDF1, 0xF5D0, 0xFDF1, 0xFDF1, 0xFDF1, 0xFDF1, 0xFDF1, 0xFDF1, 0xFDF1, 0xFDF1, 
0xFDF1, 0xFDF1, 0xF5D0, 0xF5D0, 0xFDF1, 0xF5B0, 0xB3C8, 0xF5B0, 0xFDF1, 0xF5D0, 0xFDF1, 0xF5D0, 0xFDF1, 0xFDF1, 0xF5D0, 0xFDF1, 
0xFDF1, 0xFDF1, 0xFDF1, 0xFDF1, 0xFDF1, 0xFDF1, 0xFDF1, 0xFDF1, 0xFDF1, 0xFDF1, 0xF5D0, 0xFDF1, 0xFDF1, 0xF5D0, 0xFDF1, 0xEDB1, 
0x938A, 0xF6D8, 0xFFDE, 0xFFDF, 0xFFFF, 0xC5B4, 0x51A4, 0x8B29, 0x8AC7, 0x92C7, 0x92C7, 0x92E8, 0x8AE7, 0x8AC7, 0x8AC7, 0x92C7, 
0x92C7, 0x92C7, 0x92C7, 0x9308, 0x7287, 0x7B2A, 0xFFFF, 0xFFFF, 0xFFFF, 0xFFFF, 0xFFFF, 0xFFFF, 0xFFFF, 0xFFFF, 0xFFFF, 0xFFFF, 
0xFFFF, 0xFFFF, 0xFFFF, 0xFFFF, 0xFFFF, 0xFFFF, 0xFFFF, 0xFFFF, 0xFFFF, 0xFFFF, 0xFFFF, 0xFFFF, 0xFFFF, 0xFFFF, 0xFFFF, 0xFFFF, 
0xFFFF, 0xFFFF, 0xFFFF, 0xFFFF, 0xFFFF, 0xFFFF, 0xFFFF, 0xFFFF, 0xFFFF, 0xFFFF, 0xFFFF, 0xFFFF, 0xFFFF, 0xFFFF, 0xFFFF, 0xFFFF, 
0xFFFF, 0xFFFF, 0xFFFF, 0xFFFF, 0xFFFF, 0xFFFF, 0xFFFF, 0xFFFF, 0xFFFF, 0xFFFF, 0xFFFF, 0xFFFF, 0xFFFF, 0xFFFF, 0xFFFF, 0xFFFF, 
0xFFFF, 0xFFFF, 0xFFFF, 0xFFFF, 0xFFFF, 0xFFFF, 0xFFFF, 0xFFFF, 0xFFFF, 0xFFFF, 0xFFFF, 0xFFDE, 0xD592, 0x9B48, 0xE570, 0xFDF1, 
0xFDF1, 0xF5D0, 0xFDF1, 0xF5D0, 0xF5D0, 0xFDF1, 0xFDF1, 0xFDF1, 0xFDF1, 0xFDF1, 0xFDF1, 0xFDF1, 0xFDF1, 0xFDF1, 0xFDF1, 0xFDF1, 
0xFDF1, 0xF5D0, 0xFDF1, 0xF5D0, 0xF5D0, 0xFDF1, 0xF5D0, 0xF5D0, 0xFDF1, 0xFDF1, 0xFDF1, 0xFDF1, 0xFDF1, 0xFDF1, 0xFDF1, 0xFDF1, 
0xFDF1, 0xFDF1, 0xFDF1, 0xF5D0, 0xF5D0, 0xFDF1, 0xBBE9, 0xE54E, 0xFDF1, 0xF5D0, 0xFDF1, 0xFDF1, 0xFDF1, 0xFDF1, 0xF5D0, 0xFDF1, 
0xFDF1, 0xFDF1, 0xFDF1, 0xFDF1, 0xFDF1, 0xFDF1, 0xFDF1, 0xFDF1, 0xFDF1, 0xFDF1, 0xFDF1, 0xFDF1, 0xF5D0, 0xF5D0, 0xFE11, 0xE590, 
0x936A, 0xF71A, 0xFFFF, 0xFFFF, 0xFFFE, 0x93EE, 0x6A46, 0x9328, 0x8AC7, 0x92C7, 0x92E8, 0x92E8, 0x8AE7, 0x8AC7, 0x92C7, 0x92C7, 
0x92E7, 0x92C7, 0x92C7, 0x9308, 0x6A46, 0x93CD, 0xFFFF, 0xFFFF, 0xFFFF, 0xFFFF, 0xFFFF, 0xFFFF, 0xFFFF, 0xFFFF, 0xFFFF, 0xFFFF, 
0xFFFF, 0xFFFF, 0xFFFF, 0xFFFF, 0xFFFF, 0xFFFF, 0xFFFF, 0xFFFF, 0xFFFF, 0xFFFF, 0xFFFF, 0xFFFF, 0xFFFF, 0xFFFF, 0xFFFF, 0xFFFF, 
0xFFFF, 0xFFFF, 0xFFFF, 0xFFFF, 0xFFFF, 0xFFFF, 0xFFFF, 0xFFFF, 0xFFFF, 0xFFFF, 0xFFFF, 0xFFFF, 0xFFFF, 0xFFFF, 0xFFFF, 0xFFFF, 
0xFFFF, 0xFFFF, 0xFFFF, 0xFFFF, 0xFFFF, 0xFFFF, 0xFFFF, 0xFFFF, 0xFFFF, 0xFFFF, 0xFFFF, 0xFFFF, 0xFFFF, 0xFFFF, 0xFFFF, 0xFFFF, 
0xFFFF, 0xFFFF, 0xFFFF, 0xFFFF, 0xFFFF, 0xFFFF, 0xFFFF, 0xFFFF, 0xFFFF, 0xFFFF, 0xFFFF, 0xFFDF, 0xFFBC, 0xA42D, 0xABCB, 0xEDB1, 
0xF5F1, 0xF5B0, 0xFDF1, 0xFDF1, 0xF5D0, 0xFDF1, 0xF5D0, 0xF5D0, 0xFDF1, 0xFDF1, 0xFDF1, 0xFDF1, 0xFDF1, 0xFDF1, 0xFDF1, 0xFDF1, 
0xF5D0, 0xFDF1, 0xF5D0, 0xF5D0, 0xF5D0, 0xFDF1, 0xF5D0, 0xFDF1, 0xFDF1, 0xFDF1, 0xFDF1, 0xFDF1, 0xFDF1, 0xFDF1, 0xFDF1, 0xFDF1, 
0xF5D0, 0xFDF1, 0xFDF1, 0xF5D0, 0xF5D0, 0xFE11, 0xC42A, 0xD4AC, 0xFE32, 0xF5B0, 0xF5D0, 0xFDF1, 0xF5D0, 0xFDF1, 0xFDF1, 0xF5D0, 
0xFDF1, 0xFDF1, 0xFDF1, 0xFDF1, 0xFDF1, 0xFDF1, 0xFDF1, 0xFDF1, 0xFDF1, 0xFDF1, 0xFDF1, 0xFDF1, 0xF5D0, 0xF5D0, 0xFE11, 0xDD2F, 
0x93AB, 0xFF9C, 0xFFFF, 0xFFFF, 0xFFFF, 0x6AA9, 0x7287, 0x9308, 0x8AC7, 0x92C7, 0x92C7, 0x8AE8, 0x8AE7, 0x8AE7, 0x92C7, 0x92C7, 
0x92E7, 0x8AC7, 0x92E7, 0x9328, 0x6205, 0xA490, 0xFFFF, 0xFFFF, 0xFFFF, 0xFFFF, 0xFFFF, 0xFFFF, 0xFFFF, 0xFFFF, 0xFFFF, 0xFFFF, 
0xFFFF, 0xFFFF, 0xFFFF, 0xFFFF, 0xFFFF, 0xFFFF, 0xFFFF, 0xFFFF, 0xFFFF, 0xFFFF, 0xFFFF, 0xFFFF, 0xFFFF, 0xFFFF, 0xFFFF, 0xFFFF, 
0xFFFF, 0xFFFF, 0xFFFF, 0xFFFF, 0xFFFF, 0xFFFF, 0xFFFF, 0xFFFF, 0xFFFF, 0xFFFF, 0xFFFF, 0xFFFF, 0xFFFF, 0xFFFF, 0xFFFF, 0xFFFF, 
0xFFFF, 0xFFFF, 0xFFFF, 0xFFFF, 0xFFFF, 0xFFFF, 0xFFFF, 0xFFFF, 0xFFFF, 0xFFFF, 0xFFFF, 0xFFFF, 0xFFFF, 0xFFFF, 0xFFFF, 0xFFFF, 
0xFFFF, 0xFFFF, 0xFFFF, 0xFFFF, 0xFFFF, 0xFFFF, 0xFFFF, 0xFFFF, 0xFFFF, 0xFFFF, 0xFFFF, 0xFFFF, 0xFFFE, 0xF73A, 0x936A, 0xABCA, 
0xEDB1, 0xFE11, 0xF5B0, 0xF5B0, 0xFE11, 0xFDF1, 0xF5D0, 0xFDF1, 0xFDF1, 0xFDF1, 0xFDF1, 0xFDF1, 0xFDF1, 0xFDF1, 0xFDF1, 0xFDF1, 
0xFDF1, 0xFE11, 0xF5D0, 0xFDF1, 0xFDF1, 0xF5D0, 0xFDF1, 0xFDF1, 0xFDF1, 0xFDF1, 0xFDF1, 0xFDF1, 0xFDF1, 0xFDF1, 0xFDF1, 0xFDF1, 
0xF5D0, 0xFDF1, 0xFDF1, 0xF5D0, 0xF5D0, 0xFE11, 0xD4CC, 0xC42A, 0xFE11, 0xF5D0, 0xF5D0, 0xFDF1, 0xF5D0, 0xF5D0, 0xFDF1, 0xF5D0, 
0xFDF1, 0xFDF1, 0xFDF1, 0xFDF1, 0xFDF1, 0xFDF1, 0xFDF1, 0xFDF1, 0xFDF1, 0xFDF1, 0xFDF1, 0xFDF1, 0xF5D0, 0xF5D0, 0xFE11, 0xC4AD, 
0xAC4E, 0xFFDE, 0xFFDF, 0xFFFF, 0xFFDE, 0x5206, 0x7AC7, 0x92E7, 0x92C7, 0x92C7, 0x92C7, 0x8AE8, 0x8AE7, 0x8AE7, 0x92C7, 0x92C7, 
0x92E7, 0x92C7, 0x92C7, 0x9328, 0x61E4, 0xBD53, 0xFFFF, 0xFFFF, 0xFFFF, 0xFFFF, 0xFFFF, 0xFFFF, 0xFFFF, 0xFFFF, 0xFFFF, 0xFFFF, 
0xFFFF, 0xFFFF, 0xFFFF, 0xFFFF, 0xFFFF, 0xFFFF, 0xFFFF, 0xFFFF, 0xFFFF, 0xFFFF, 0xFFFF, 0xFFFF, 0xFFFF, 0xFFFF, 0xFFFF, 0xFFFF, 
0xFFFF, 0xFFFF, 0xFFFF, 0xFFFF, 0xFFFF, 0xFFFF, 0xFFFF, 0xFFFF, 0xFFFF, 0xFFFF, 0xFFFF, 0xFFFF, 0xFFFF, 0xFFFF, 0xFFFF, 0xFFFF, 
0xFFFF, 0xFFFF, 0xFFFF, 0xFFFF, 0xFFFF, 0xFFFF, 0xFFFF, 0xFFFF, 0xFFFF, 0xFFFF, 0xFFFF, 0xFFFF, 0xFFFF, 0xFFFF, 0xFFFF, 0xFFFF, 
0xFFFF, 0xFFFF, 0xFFFF, 0xFFFF, 0xFFFF, 0xFFFF, 0xFFFF, 0xFFFF, 0xFFDE, 0xFFFF, 0xFFFF, 0xFFFF, 0xFFFF, 0xFFFE, 0xEEB8, 0x9349, 
0xABC9, 0xED8F, 0xFE32, 0xFE11, 0xFDF1, 0xF5D0, 0xF5D0, 0xFDF1, 0xFDF1, 0xFDF1, 0xFDF1, 0xFDF1, 0xFDF1, 0xFDF1, 0xFDF1, 0xFDF1, 
0xF5D0, 0xED8F, 0xFDF1, 0xFDF1, 0xFDF1, 0xF5D0, 0xFDF1, 0xF5D0, 0xFDF1, 0xFDF1, 0xFDF1, 0xFDF1, 0xFDF1, 0xFDF1, 0xFDF1, 0xFDF1, 
0xFDF1, 0xF5D0, 0xFDF1, 0xF5D0, 0xF5D0, 0xFE11, 0xE54E, 0xB3C8, 0xED8F, 0xFDF1, 0xF5D0, 0xF5D0, 0xFDF1, 0xF5D0, 0xFDF1, 0xFDF1, 
0xFDF1, 0xFDF1, 0xFDF1, 0xFDF1, 0xFDF1, 0xFDF1, 0xFDF1, 0xFDF1, 0xFDF1, 0xFDF1, 0xFDF1, 0xFDF1, 0xF5D0, 0xFDF1, 0xFDF1, 0xB42B, 
0xC532, 0xFFFE, 0xFFDE, 0xFFFF, 0xF77D, 0x51C5, 0x82E8, 0x8AE7, 0x92C7, 0x92C7, 0x8AE8, 0x8AE8, 0x8AE7, 0x8AE7, 0x92C7, 0x92C7, 
0x92E7, 0x92C7, 0x8AC7, 0x9328, 0x59C4, 0xD5F5, 0xFFFF, 0xFFFF, 0xFFFF, 0xFFFF, 0xFFFF, 0xFFFF, 0xFFFF, 0xFFFF, 0xFFFF, 0xFFFF, 
0xFFFF, 0xFFFF, 0xFFFF, 0xFFFF, 0xFFFF, 0xFFFF, 0xFFFF, 0xFFFF, 0xFFFF, 0xFFFF, 0xFFFF, 0xFFFF, 0xFFFF, 0xFFFF, 0xFFFF, 0xFFFF, 
0xFFFF, 0xFFFF, 0xFFFF, 0xFFFF, 0xFFFF, 0xFFFF, 0xFFFF, 0xFFFF, 0xFFFF, 0xFFFF, 0xFFFF, 0xFFFF, 0xFFFF, 0xFFFF, 0xFFFF, 0xFFFF, 
0xFFFF, 0xFFFF, 0xFFFF, 0xFFFF, 0xFFFF, 0xFFFF, 0xFFFF, 0xFFFF, 0xFFFF, 0xFFFF, 0xFFFF, 0xFFFF, 0xFFFF, 0xFFFF, 0xFFFF, 0xFFFF, 
0xFFFF, 0xFFFF, 0xFFFF, 0xFFFF, 0xFFFF, 0xFFFF, 0xFFFF, 0xFFFF, 0xFFFF, 0xFFFF, 0xFFFF, 0xFFFF, 0xFFFF, 0xFFFF, 0xFFDE, 0xF6B8, 
0xA3AA, 0xABA8, 0xCC8B, 0xED6F, 0xF5B0, 0xFDF1, 0xFDF1, 0xF5D0, 0xFDD1, 0xFDD1, 0xFDF1, 0xFDF0, 0xFDF0, 0xFDF1, 0xFDF1, 0xFDF1, 
0xED6F, 0xD4AC, 0xFDF1, 0xF5B0, 0xFDF0, 0xFDF1, 0xFDF1, 0xF5D0, 0xF5F1, 0xF5F1, 0xFDF1, 0xFDF1, 0xFDF1, 0xFDF1, 0xFDF1, 0xFDF1, 
0xF5D1, 0xF5B0, 0xFDF1, 0xFDF1, 0xFE11, 0xFDF1, 0xE54E, 0xA326, 0xDD0D, 0xFDF1, 0xF5D1, 0xF5D0, 0xFDF1, 0xF5D1, 0xFDF1, 0xFDD0, 
0xFDD1, 0xFDD1, 0xFDF1, 0xFDF1, 0xFDF1, 0xFDF1, 0xFDF1, 0xFDF0, 0xFDF1, 0xFDF1, 0xFDF1, 0xF5F1, 0xF5F0, 0xFDF1, 0xFDF1, 0xABCA, 
0xD5D5, 0xFFDE, 0xFFFF, 0xFFFF, 0xF75C, 0x49C5, 0x82C8, 0x92E7, 0x92C7, 0x92C7, 0x92E7, 0x92E8, 0x8AE7, 0x8AC7, 0x92E7, 0x92E7, 
0x92E7, 0x92E7, 0x92C7, 0x9308, 0x59C4, 0xDE37, 0xFFFF, 0xFFFF, 0xFFFF, 0xFFFF, 0xFFFF, 0xFFFF, 0xFFFF, 0xFFFF, 0xFFFF, 0xFFFF, 
0xFFFF, 0xFFFF, 0xFFFF, 0xFFFF, 0xFFFF, 0xFFFF, 0xFFFF, 0xFFFF, 0xFFFF, 0xFFFF, 0xFFFF, 0xFFFF, 0xFFFF, 0xFFFF, 0xFFFF, 0xFFFF, 
0xFFFF, 0xFFFF, 0xFFFF, 0xFFFF, 0xFFFF, 0xFFFF, 0xFFFF, 0xFFFF, 0xFFFF, 0xFFFF, 0xFFFF, 0xFFFF, 0xFFFF, 0xFFFF, 0xFFFF, 0xFFFF, 
0xFFFF, 0xFFFF, 0xFFFF, 0xFFFF, 0xFFFF, 0xFFFF, 0xFFFF, 0xFFFF, 0xFFFF, 0xFFFF, 0xFFFF, 0xFFFF, 0xFFFF, 0xFFFF, 0xFFFF, 0xFFFF, 
0xFFFF, 0xFFFF, 0xFFFF, 0xFFFF, 0xFFFF, 0xFFFF, 0xFFFF, 0xFFFF, 0xFFFF, 0xFFFF, 0xFFFF, 0xFFFF, 0xFFFF, 0xFFFF, 0xFFFF, 0xFFDE, 
0xEE35, 0x9B68, 0xA346, 0xA325, 0xB3E9, 0xF5F1, 0xF5D1, 0xF5D0, 0xFDD1, 0xFDD1, 0xF5F0, 0xF5F0, 0xFDF0, 0xFDF0, 0xF5D1, 0xFE11, 
0xED4F, 0xCC6B, 0xF5F1, 0xF5D0, 0xFDD0, 0xF5D0, 0xFDD0, 0xF5D0, 0xF5D1, 0xF5D1, 0xFDF1, 0xFDD0, 0xF5D0, 0xF5D1, 0xF5F1, 0xFDF1, 
0xFE12, 0xFE12, 0xFDF2, 0xF5B1, 0xDCCD, 0xBBC9, 0xA346, 0xAB66, 0xBBC9, 0xFDD1, 0xF5D1, 0xF5F2, 0xF5D1, 0xF5F1, 0xFDF1, 0xFDD1, 
0xFDD1, 0xFDD1, 0xFDF1, 0xF5F1, 0xF5F1, 0xF5F0, 0xFDF0, 0xFDF0, 0xFDF0, 0xFDF1, 0xF5F0, 0xF5F1, 0xF5F1, 0xF5D1, 0xFDD1, 0xABAA, 
0xDE36, 0xFFDF, 0xFFFF, 0xFFDF, 0xF75C, 0x49A5, 0x82E9, 0x8AE8, 0x8AE7, 0x92E7, 0x92C7, 0x92E7, 0x92E8, 0x92E8, 0x8AC7, 0x92E7, 
0x92E7, 0x8AA6, 0x92C7, 0x9B28, 0x51A4, 0xDE77, 0xFFFF, 0xFFDE, 0xFFFF, 0xFFFF, 0xFFFF, 0xFFFF, 0xFFFF, 0xFFFF, 0xFFFF, 0xFFFF, 
0xFFFF, 0xFFFF, 0xFFFF, 0xFFFF, 0xFFFF, 0xFFFF, 0xFFFF, 0xFFFF, 0xFFFF, 0xFFFF, 0xFFFF, 0xFFFF, 0xFFFF, 0xFFFF, 0xFFFF, 0xFFFF, 
0xFFFF, 0xFFFF, 0xFFFF, 0xFFFF, 0xFFFF, 0xFFFF, 0xFFFF, 0xFFFF, 0xFFFF, 0xFFFF, 0xFFFF, 0xFFFF, 0xFFFF, 0xFFFF, 0xFFFF, 0xFFFF, 
0xFFFF, 0xFFFF, 0xFFFF, 0xFFFF, 0xFFFF, 0xFFFF, 0xFFFF, 0xFFFF, 0xFFFF, 0xFFFF, 0xFFFF, 0xFFFF, 0xFFFF, 0xFFFF, 0xFFFF, 0xFFFF, 
0xFFFF, 0xFFFF, 0xFFFF, 0xFFFF, 0xFFFF, 0xFFFF, 0xFFFF, 0xFFFF, 0xFFFF, 0xFFFF, 0xFFFF, 0xFFFF, 0xFFFF, 0xFFFF, 0xFFFF, 0xFFFE, 
0xEE97, 0xABEB, 0xD48C, 0xC42A, 0xB3A8, 0xEDB1, 0xFDF1, 0xFDD0, 0xFDD1, 0xFDD1, 0xF5F0, 0xF5F0, 0xFDD0, 0xFDD0, 0xF5D1, 0xFE11, 
0xE52E, 0xCC8C, 0xFE33, 0xF612, 0xFE12, 0xFE11, 0xFE12, 0xFE12, 0xFE33, 0xF612, 0xFE12, 0xFE12, 0xFE12, 0xF5F2, 0xEDB1, 0xE570, 
0xD50F, 0xCCCE, 0xB40B, 0xAB89, 0xA327, 0xB387, 0xD46B, 0xDCED, 0xAB47, 0xE52E, 0xFDF2, 0xF5D1, 0xF612, 0xF5D1, 0xFDD1, 0xFDD0, 
0xFDD1, 0xFDD1, 0xFDF1, 0xF5F1, 0xF5F1, 0xF5F0, 0xFDF0, 0xFDF0, 0xFDF0, 0xF5D0, 0xF5F1, 0xF5F1, 0xF5D1, 0xF5F1, 0xFDD1, 0xABAA, 
0xDE57, 0xFFFF, 0xFFFF, 0xFFFF, 0xF73B, 0x51C5, 0x8309, 0x8AC8, 0x8AE8, 0x92E7, 0x92C7, 0x92E7, 0x92C7, 0x8AE7, 0x92E8, 0x8AE7, 
0x8AC7, 0x9B08, 0x92C6, 0x92E8, 0x59C4, 0xDE37, 0xFFFE, 0xFFFF, 0xFFFF, 0xFFDF, 0xFFFF, 0xFFFF, 0xFFFF, 0xFFFF, 0xFFFF, 0xFFFF, 
0xFFFF, 0xFFFF, 0xFFFF, 0xFFFF, 0xFFFF, 0xFFFF, 0xFFFF, 0xFFFF, 0xFFFF, 0xFFFF, 0xFFFF, 0xFFFF, 0xFFFF, 0xFFFF, 0xFFFF, 0xFFFF, 
0xFFFF, 0xFFFF, 0xFFFF, 0xFFFF, 0xFFFF, 0xFFFF, 0xFFFF, 0xFFFF, 0xFFFF, 0xFFFF, 0xFFFF, 0xFFFF, 0xFFFF, 0xFFFF, 0xFFFF, 0xFFFF, 
0xFFFF, 0xFFFF, 0xFFFF, 0xFFFF, 0xFFFF, 0xFFFF, 0xFFFF, 0xFFFF, 0xFFFF, 0xFFFF, 0xFFFF, 0xFFFF, 0xFFFF, 0xFFFF, 0xFFFF, 0xFFFF, 
0xFFFF, 0xFFFF, 0xFFFF, 0xFFFF, 0xFFFF, 0xFFFF, 0xFFFF, 0xFFFF, 0xFFFF, 0xFFFF, 0xFFFF, 0xFFFF, 0xFFFF, 0xFFFF, 0xFFFF, 0xFFFE, 
0xFF1A, 0xA3CB, 0xDD0E, 0xDD0D, 0xBBE9, 0xE52E, 0xFDF1, 0xFDD0, 0xFDD1, 0xFDD1, 0xF5F0, 0xF5F0, 0xFDD0, 0xFDD0, 0xF5D1, 0xFE12, 
0xDD2E, 0xA368, 0xB40B, 0xBC2C, 0xCCAE, 0xCCCE, 0xCCCE, 0xD4EF, 0xC4CE, 0xCCEF, 0xCCCE, 0xC48D, 0xB3EB, 0xA389, 0x9B69, 0x9B69, 
0x9BAB, 0xA40D, 0xBCF0, 0xB48E, 0xCC8C, 0xE50D, 0xE4EC, 0xDCCC, 0xBBEA, 0xB3A9, 0xFDD0, 0xFDD0, 0xF5D1, 0xFDF1, 0xFDD0, 0xFDF0, 
0xFDD0, 0xFDD1, 0xFDF1, 0xF5F1, 0xF5F1, 0xF5F1, 0xFDF1, 0xFDF0, 0xFDF1, 0xF5D0, 0xFDF1, 0xF5F1, 0xF5D0, 0xFDF1, 0xF5D0, 0xA389, 
0xE6B9, 0xFFFF, 0xFFFF, 0xFFDE, 0xFF3C, 0x51A4, 0x82C8, 0x8AE8, 0x8AE8, 0x8AC7, 0x92C7, 0x92E7, 0x92C7, 0x8AC7, 0x92E8, 0x8AE7, 
0x8AE7, 0x82C7, 0x8AE7, 0x8B09, 0x51C5, 0xDE78, 0xFFFF, 0xFFDF, 0xFFFF, 0xFFFF, 0xFFFF, 0xFFFF, 0xFFFF, 0xFFFF, 0xFFFF, 0xFFFF, 
0xFFFF, 0xFFFF, 0xFFFF, 0xFFFF, 0xFFFF, 0xFFFF, 0xFFFF, 0xFFFF, 0xFFFF, 0xFFFF, 0xFFFF, 0xFFFF, 0xFFFF, 0xFFFF, 0xFFFF, 0xFFFF, 
0xFFFF, 0xFFFF, 0xFFFF, 0xFFFF, 0xFFFF, 0xFFFF, 0xFFFF, 0xFFFF, 0xFFFF, 0xFFFF, 0xFFFF, 0xFFFF, 0xFFFF, 0xFFFF, 0xFFFF, 0xFFFF, 
0xFFFF, 0xFFFF, 0xFFFF, 0xFFFF, 0xFFFF, 0xFFFF, 0xFFFF, 0xFFFF, 0xFFFF, 0xFFFF, 0xFFFF, 0xFFFF, 0xFFFF, 0xFFFF, 0xFFFF, 0xFFFF, 
0xFFFF, 0xFFFF, 0xFFFF, 0xFFFF, 0xFFFF, 0xFFFF, 0xFFFF, 0xFFFF, 0xFFFF, 0xFFFF, 0xFFFF, 0xFFFF, 0xFFFF, 0xFFFF, 0xFFFF, 0xFFFF, 
0xFFBD, 0xA3EC, 0xC46C, 0xE52E, 0xC42A, 0xCC8C, 0xFE11, 0xF5D0, 0xFDD1, 0xF5D1, 0xF5F0, 0xF5F0, 0xFDD0, 0xFDD1, 0xF5D0, 0xFE12, 
0xCCCE, 0xCD10, 0xEE36, 0xD593, 0xC4F0, 0xBCAF, 0xBCAF, 0xB46E, 0xB48F, 0xAC6F, 0xB48E, 0xC4F0, 0xDDB3, 0xEE76, 0xFF19, 0xFF5A, 
0xFFBC, 0xFFBD, 0xFFFD, 0xDE35, 0xABEA, 0xE50D, 0xDC8B, 0xE4ED, 0xD4CD, 0xA367, 0xD4AC, 0xFE11, 0xF5D0, 0xFDF1, 0xFDF0, 0xFDCF, 
0xFDD0, 0xFDD0, 0xFDF1, 0xF5F1, 0xF5F1, 0xF5F1, 0xFDD1, 0xFDD1, 0xFDD1, 0xF5D0, 0xFDF1, 0xF5F1, 0xF5D1, 0xF5F1, 0xF5D0, 0xA389, 
0xE698, 0xFFFF, 0xFFFF, 0xFFDF, 0xFF7D, 0x5184, 0x82C8, 0x92E7, 0x92E8, 0x8AC7, 0x92C7, 0x92C7, 0x92E8, 0x8AE7, 0x8AE7, 0x8AE7, 
0x8B08, 0x8AE7, 0x9308, 0x8B09, 0x51C4, 0xCDB5, 0xFFFF, 0xFFFF, 0xFFDF, 0xFFFF, 0xFFFF, 0xFFFF, 0xFFFF, 0xFFFF, 0xFFFF, 0xFFFF, 
0xFFFF, 0xFFFF, 0xFFFF, 0xFFFF, 0xFFFF, 0xFFFF, 0xFFFF, 0xFFFF, 0xFFFF, 0xFFFF, 0xFFFF, 0xFFFF, 0xFFFF, 0xFFFF, 0xFFFF, 0xFFFF, 
0xFFFF, 0xFFFF, 0xFFFF, 0xFFFF, 0xFFFF, 0xFFFF, 0xFFFF, 0xFFFF, 0xFFFF, 0xFFFF, 0xFFFF, 0xFFFF, 0xFFFF, 0xFFFF, 0xFFFF, 0xFFFF, 
0xFFFF, 0xFFFF, 0xFFFF, 0xFFFF, 0xFFFF, 0xFFFF, 0xFFFF, 0xFFFF, 0xFFFF, 0xFFFF, 0xFFFF, 0xFFFF, 0xFFFF, 0xFFFF, 0xFFFF, 0xFFFF, 
0xFFFF, 0xFFFF, 0xFFFF, 0xFFFF, 0xFFFF, 0xFFFF, 0xFFFF, 0xFFFF, 0xFFFF, 0xFFFF, 0xFFFF, 0xFFFF, 0xFFFF, 0xFFFF, 0xFFFF, 0xFFFF, 
0xFFFE, 0xC511, 0xB40B, 0xE50E, 0xCC6B, 0xC409, 0xFE11, 0xF5D0, 0xFDD1, 0xF5D1, 0xF5F1, 0xF5F1, 0xFDD1, 0xFDD0, 0xF5D0, 0xF612, 
0xC4EF, 0xDE15, 0xFFDD, 0xFFFE, 0xFFFE, 0xFFDE, 0xFFDE, 0xFFFE, 0xFFDE, 0xFFFE, 0xFFFE, 0xFFFE, 0xFFFE, 0xFFDE, 0xFFDE, 0xFFFE, 
0xFFDE, 0xFFFE, 0xFFFF, 0xFF9C, 0xA3CA, 0xD4AC, 0xE4ED, 0xE4CC, 0xDCED, 0xCC6A, 0xA325, 0xED6F, 0xFE11, 0xF5B0, 0xF5B0, 0xFDF0, 
0xFDF0, 0xFDF0, 0xFDF1, 0xF5F1, 0xF5F1, 0xF5F1, 0xFDD1, 0xFDD1, 0xFDD0, 0xF5D1, 0xFDD1, 0xF5D1, 0xF5F1, 0xF5D0, 0xFDF0, 0xABE9, 
0xC572, 0xFFDE, 0xFFFF, 0xFFFF, 0xFFBE, 0x6247, 0x8287, 0x92E7, 0x8AC7, 0x92E7, 0x92C7, 0x8AC7, 0x8AE8, 0x8AE8, 0x8AC7, 0x92C7, 
0x8AC7, 0x8AC7, 0x8AA7, 0x9308, 0x7266, 0x6A87, 0xFFDD, 0xFFFF, 0xFFFF, 0xFFFF, 0xFFDF, 0xFFFF, 0xFFFF, 0xFFFF, 0xFFFF, 0xFFFF, 
0xFFFF, 0xFFFF, 0xFFFF, 0xFFFF, 0xFFFF, 0xFFFF, 0xFFFF, 0xFFFF, 0xFFFF, 0xFFFF, 0xFFFF, 0xFFFF, 0xFFFF, 0xFFFF, 0xFFFF, 0xFFFF, 
0xFFFF, 0xFFFF, 0xFFFF, 0xFFFF, 0xFFFF, 0xFFFF, 0xFFFF, 0xFFFF, 0xFFFF, 0xFFFF, 0xFFFF, 0xFFFF, 0xFFFF, 0xFFFF, 0xFFFF, 0xFFFF, 
0xFFFF, 0xFFFF, 0xFFFF, 0xFFFF, 0xFFFF, 0xFFFF, 0xFFFF, 0xFFFF, 0xFFFF, 0xFFFF, 0xFFFF, 0xFFFF, 0xFFFF, 0xFFFF, 0xFFFF, 0xFFFF, 
0xFFFF, 0xFFFF, 0xFFFF, 0xFFFF, 0xFFFF, 0xFFFF, 0xFFFF, 0xFFFF, 0xFFFF, 0xFFFF, 0xFFFF, 0xFFFF, 0xFFFF, 0xFFFF, 0xFFFF, 0xFFFF, 
0xFFFE, 0xE677, 0xA3AA, 0xDCEE, 0xDCAC, 0xBBC8, 0xF5AF, 0xFDF0, 0xF5D1, 0xF5D1, 0xF5F1, 0xF5F1, 0xFDD1, 0xFDD0, 0xF5D0, 0xF632, 
0xB48E, 0xDE36, 0xFFDE, 0xFFFF, 0xFFFF, 0xFFFF, 0xFFFF, 0xFFFF, 0xFFFF, 0xFFFF, 0xFFFF, 0xFFFF, 0xFFFF, 0xFFFF, 0xFFFF, 0xFFFF, 
0xFFFF, 0xFFFF, 0xF7FF, 0xFFFE, 0xD5F4, 0xA3AA, 0xE50E, 0xE4CC, 0xDCEC, 0xDCCC, 0xBBC8, 0xAB67, 0xF5B0, 0xFDF1, 0xF5D0, 0xF5F0, 
0xFDF0, 0xFDF0, 0xF5F1, 0xF5F1, 0xF5F1, 0xFDD1, 0xFDD1, 0xFDD0, 0xFDF1, 0xFDD1, 0xF5D1, 0xF5D1, 0xFDF1, 0xF5D0, 0xFE11, 0xCCCD, 
0x9BAA, 0xFF9C, 0xFFFE, 0xFFFF, 0xFFFF, 0x8BCE, 0x7205, 0x9AE8, 0x8AC7, 0x92E7, 0x8AC8, 0x8AE8, 0x8AC8, 0x92E8, 0x92C7, 0x92E7, 
0x8AC7, 0x92E8, 0x92E8, 0x8AE8, 0x8AE7, 0x61E4, 0x72E9, 0xF77C, 0xFFDE, 0xFFFF, 0xFFFF, 0xFFFF, 0xFFFF, 0xFFFF, 0xFFFF, 0xFFFF, 
0xFFFF, 0xFFFF, 0xFFFF, 0xFFFF, 0xFFFF, 0xFFFF, 0xFFFF, 0xFFFF, 0xFFFF, 0xFFFF, 0xFFFF, 0xFFFF, 0xFFFF, 0xFFFF, 0xFFFF, 0xFFFF, 
0xFFFF, 0xFFFF, 0xFFFF, 0xFFFF, 0xFFFF, 0xFFFF, 0xFFFF, 0xFFFF, 0xFFFF, 0xFFFF, 0xFFFF, 0xFFFF, 0xFFFF, 0xFFFF, 0xFFFF, 0xFFFF, 
0xFFFF, 0xFFFF, 0xFFFF, 0xFFFF, 0xFFFF, 0xFFFF, 0xFFFF, 0xFFFF, 0xFFFF, 0xFFFF, 0xFFFF, 0xFFFF, 0xFFFF, 0xFFFF, 0xFFFF, 0xFFFF, 
0xFFFF, 0xFFFF, 0xFFFF, 0xFFFF, 0xFFFF, 0xFFFF, 0xFFFF, 0xFFFF, 0xFFFF, 0xFFFF, 0xFFFF, 0xFFFF, 0xFFFF, 0xFFFF, 0xFFFF, 0xFFFF, 
0xFFFF, 0xFF3B, 0x9B6A, 0xD4AD, 0xE50D, 0xBBA8, 0xED4E, 0xFE11, 0xF5F0, 0xF5F1, 0xF5F1, 0xF5F1, 0xFDD1, 0xFDD1, 0xF5D0, 0xF632, 
0xB44C, 0xEE97, 0xFFFE, 0xFFDF, 0xFFFF, 0xFFFF, 0xFFFF, 0xFFFF, 0xFFFF, 0xFFFF, 0xFFFF, 0xFFFF, 0xFFFF, 0xFFFF, 0xFFFF, 0xFFFF, 
0xFFFF, 0xFFFF, 0xFFFF, 0xFFFF, 0xFFBD, 0xAC6F, 0xBC4C, 0xDCEC, 0xDCCC, 0xE4EC, 0xDCEC, 0xAB67, 0xB3A8, 0xFDD1, 0xF5F1, 0xF5D0, 
0xF5F0, 0xFDF0, 0xF5F1, 0xF5F1, 0xFDD1, 0xFDD1, 0xFDD1, 0xFDF0, 0xFDF0, 0xFDF0, 0xFDF1, 0xFDD1, 0xF5F1, 0xF5F1, 0xFDF0, 0xEDD0, 
0xA3A9, 0xCD72, 0xFFFE, 0xFFBE, 0xFFFF, 0xDE79, 0x5163, 0x9308, 0x92E8, 0x8286, 0x7A66, 0x8AE8, 0x8AC7, 0x92E8, 0x92C7, 0x92E7, 
0x8AC7, 0x7A86, 0x7A86, 0x8AE8, 0x9308, 0x9329, 0x6225, 0x5A27, 0xB554, 0xFFFF, 0xFFFF, 0xFFFF, 0xFFDE, 0xFFFF, 0xFFFF, 0xFFFF, 
0xFFFF, 0xFFFF, 0xFFFF, 0xFFFF, 0xFFFF, 0xFFFF, 0xFFFF, 0xFFFF, 0xFFFF, 0xFFFF, 0xFFFF, 0xFFFF, 0xFFFF, 0xFFFF, 0xFFFF, 0xFFFF, 
0xFFFF, 0xFFFF, 0xFFFF, 0xFFFF, 0xFFFF, 0xFFFF, 0xFFFF, 0xFFFF, 0xFFFF, 0xFFFF, 0xFFFF, 0xFFFF, 0xFFFF, 0xFFFF, 0xFFFF, 0xFFFF, 
0xFFFF, 0xFFFF, 0xFFFF, 0xFFFF, 0xFFFF, 0xFFFF, 0xFFFF, 0xFFFF, 0xFFFF, 0xFFFF, 0xFFFF, 0xFFFF, 0xFFFF, 0xFFFF, 0xFFFF, 0xFFFF, 
0xFFFF, 0xFFFF, 0xFFFF, 0xFFFF, 0xFFFF, 0xFFFF, 0xFFFF, 0xFFFF, 0xFFFF, 0xFFFF, 0xFFFF, 0xFFFF, 0xFFFF, 0xFFFF, 0xFFFF, 0xFFFF, 
0xFFFF, 0xFFDE, 0xA3CC, 0xC42B, 0xED2E, 0xBBA7, 0xE50D, 0xFE11, 0xF5F0, 0xF5F1, 0xF5F1, 0xF5F1, 0xFDD1, 0xFDD1, 0xF5D0, 0xF632, 
0xB44C, 0xF6B8, 0xFFFE, 0xFFDF, 0xFFFF, 0xFFFF, 0xFFFF, 0xFFFF, 0xFFFF, 0xFFFF, 0xFFFF, 0xFFFF, 0xFFFF, 0xFFFF, 0xFFFF, 0xFFFF, 
0xFFFF, 0xFFFF, 0xFFFF, 0xFFFF, 0xFFFF, 0xFF5C, 0x9B8A, 0xCC6C, 0xE50D, 0xDCCC, 0xE4EC, 0xDCCC, 0xAB47, 0xB3C8, 0xF5F1, 0xFE12, 
0xF5F0, 0xF5D0, 0xF5F1, 0xF5F1, 0xFDD1, 0xFDF1, 0xFDF0, 0xFDF0, 0xFDD0, 0xFDD0, 0xFDF1, 0xFDF1, 0xF5D0, 0xFDF1, 0xF5D0, 0xFE31, 
0xCCAC, 0x9B89, 0xFEF9, 0xFFFE, 0xFFFF, 0xFFDE, 0x6247, 0x7266, 0x934A, 0x6A25, 0x69C4, 0x8B08, 0x92C7, 0x92E7, 0x8AC7, 0x92E7, 
0x8B08, 0x59A3, 0x5162, 0x59C4, 0x7A87, 0x7A87, 0x7267, 0x4984, 0x5228, 0xFFDE, 0xFFFF, 0xFFFF, 0xFFFF, 0xFFFF, 0xFFFF, 0xFFFF, 
0xFFFF, 0xFFFF, 0xFFFF, 0xFFFF, 0xFFFF, 0xFFFF, 0xFFFF, 0xFFFF, 0xFFFF, 0xFFFF, 0xFFFF, 0xFFFF, 0xFFFF, 0xFFFF, 0xFFFF, 0xFFFF, 
0xFFFF, 0xFFFF, 0xFFFF, 0xFFFF, 0xFFFF, 0xFFFF, 0xFFFF, 0xFFFF, 0xFFFF, 0xFFFF, 0xFFFF, 0xFFFF, 0xFFFF, 0xFFFF, 0xFFFF, 0xFFFF, 
0xFFFF, 0xFFFF, 0xFFFF, 0xFFFF, 0xFFFF, 0xFFFF, 0xFFFF, 0xFFFF, 0xFFFF, 0xFFFF, 0xFFFF, 0xFFFF, 0xFFFF, 0xFFFF, 0xFFFF, 0xFFFF, 
0xFFFF, 0xFFFF, 0xFFFF, 0xFFFF, 0xFFFF, 0xFFFF, 0xFFFF, 0xFFFF, 0xFFFF, 0xFFFF, 0xFFFF, 0xFFFF, 0xFFFF, 0xFFFF, 0xFFFF, 0xFFFF, 
0xFFFF, 0xFFDE, 0xBCAF, 0xB3EA, 0xED2E, 0xC3E8, 0xD48B, 0xFE11, 0xF5D0, 0xF5F1, 0xF5F1, 0xF5D1, 0xFDF1, 0xFDD1, 0xF5D0, 0xF612, 
0xABEB, 0xFF19, 0xFFDE, 0xFFFF, 0xFFFF, 0xFFFF, 0xFFFF, 0xFFFF, 0xFFFF, 0xFFFF, 0xFFFF, 0xFFFF, 0xFFFF, 0xFFFF, 0xFFFF, 0xFFFF, 
0xFFFF, 0xFFFF, 0xFFFF, 0xFFFF, 0xFFFF, 0xFFFE, 0xEE98, 0x9369, 0xC44B, 0xE4ED, 0xDCCC, 0xDCED, 0xD4AC, 0xAB47, 0xAB68, 0xD4ED, 
0xFDF1, 0xFDF1, 0xF5D1, 0xFDF1, 0xFDF1, 0xF5D0, 0xFDF0, 0xFDF0, 0xF5F0, 0xFE11, 0xF5D0, 0xFDF1, 0xFDD1, 0xFDF1, 0xF5D0, 0xF5D0, 
0xFDF1, 0xB3EA, 0xA3EB, 0xFF7B, 0xFFFE, 0xFFFF, 0xDE78, 0x4163, 0x6267, 0x4983, 0x59A3, 0x8AE8, 0x92C6, 0x92C7, 0x92C7, 0x8AC8, 
0x8AE8, 0x5183, 0xC573, 0xB4F2, 0x5A06, 0x5A27, 0x72EA, 0xA4D2, 0xFFDE, 0xFFFF, 0xFFFF, 0xFFFF, 0xFFFF, 0xFFFF, 0xFFFF, 0xFFFF, 
0xFFFF, 0xFFFF, 0xFFFF, 0xFFFF, 0xFFFF, 0xFFFF, 0xFFFF, 0xFFFF, 0xFFFF, 0xFFFF, 0xFFFF, 0xFFFF, 0xFFFF, 0xFFFF, 0xFFFF, 0xFFFF, 
0xFFFF, 0xFFFF, 0xFFFF, 0xFFFF, 0xFFFF, 0xFFFF, 0xFFFF, 0xFFFF, 0xFFFF, 0xFFFF, 0xFFFF, 0xFFFF, 0xFFFF, 0xFFFF, 0xFFFF, 0xFFFF, 
0xFFFF, 0xFFFF, 0xFFFF, 0xFFFF, 0xFFFF, 0xFFFF, 0xFFFF, 0xFFFF, 0xFFFF, 0xFFFF, 0xFFFF, 0xFFFF, 0xFFFF, 0xFFFF, 0xFFFF, 0xFFFF, 
0xFFFF, 0xFFFF, 0xFFFF, 0xFFFF, 0xFFFF, 0xFFFF, 0xFFFF, 0xFFFF, 0xFFFF, 0xFFFF, 0xFFFF, 0xFFFF, 0xFFFF, 0xFFFF, 0xFFFF, 0xFFFF, 
0xFFFF, 0xFFFF, 0xC511, 0xABAA, 0xE52E, 0xCC29, 0xC409, 0xFDF1, 0xF5D1, 0xF5F1, 0xF5F1, 0xF5D1, 0xFDF1, 0xFDD1, 0xFDF1, 0xEDD1, 
0xA3CB, 0xFF5B, 0xFFFF, 0xFFFF, 0xFFFF, 0xFFFF, 0xFFFF, 0xFFFF, 0xFFFF, 0xFFFF, 0xFFFF, 0xFFFF, 0xFFFF, 0xFFFF, 0xFFFF, 0xFFFF, 
0xFFFF, 0xFFFF, 0xFFFF, 0xFFFF, 0xFFFF, 0xFFFF, 0xFFBC, 0xE636, 0x9B49, 0xC42B, 0xDCED, 0xDCED, 0xDCEC, 0xDCCC, 0xBBC9, 0xA327, 
0xBBE9, 0xED90, 0xFDF2, 0xF5D1, 0xFDD1, 0xF5D0, 0xFDF0, 0xF5D0, 0xF5F0, 0xFDF0, 0xF5D0, 0xFDF1, 0xF5D1, 0xF5D1, 0xFDF1, 0xFDF1, 
0xF5D1, 0xF5B1, 0xA389, 0x9BCC, 0xFF9C, 0xFFFE, 0xFFFE, 0xD678, 0x6AEA, 0xACD1, 0x72A8, 0x82C8, 0x92E7, 0x92C7, 0x92C7, 0x8AC7, 
0x9308, 0x5163, 0xCDD6, 0xFFDE, 0xFFBE, 0xFFDE, 0xFFDE, 0xFFFF, 0xFFFF, 0xFFFF, 0xFFFF, 0xFFFF, 0xFFFF, 0xFFFF, 0xFFFF, 0xFFFF, 
0xFFFF, 0xFFFF, 0xFFFF, 0xFFFF, 0xFFFF, 0xFFFF, 0xFFFF, 0xFFFF, 0xFFFF, 0xFFFF, 0xFFFF, 0xFFFF, 0xFFFF, 0xFFFF, 0xFFFF, 0xFFFF, 
0xFFFF, 0xFFFF, 0xFFFF, 0xFFFF, 0xFFFF, 0xFFFF, 0xFFFF, 0xFFFF, 0xFFFF, 0xFFFF, 0xFFFF, 0xFFFF, 0xFFFF, 0xFFFF, 0xFFFF, 0xFFFF, 
0xFFFF, 0xFFFF, 0xFFFF, 0xFFFF, 0xFFFF, 0xFFFF, 0xFFFF, 0xFFFF, 0xFFFF, 0xFFFF, 0xFFFF, 0xFFFF, 0xFFFF, 0xFFFF, 0xFFFF, 0xFFFF, 
0xFFFF, 0xFFFF, 0xFFFF, 0xFFFF, 0xFFFF, 0xFFFF, 0xFFFF, 0xFFFF, 0xFFFF, 0xFFFF, 0xFFFF, 0xFFFF, 0xFFFF, 0xFFFF, 0xFFFF, 0xFFFF, 
0xFFFF, 0xFFFF, 0xD5B4, 0xA389, 0xDD0D, 0xD48B, 0xB3A8, 0xFDD1, 0xF5D1, 0xF5D0, 0xFDF1, 0xF5D1, 0xF5D1, 0xF5D1, 0xFDF1, 0xE570, 
0xA3CB, 0xFFBC, 0xFFFF, 0xFFFF, 0xFFFF, 0xFFFF, 0xFFFF, 0xFFFF, 0xFFFF, 0xFFFF, 0xFFFF, 0xFFFF, 0xFFFF, 0xFFFF, 0xFFFF, 0xFFFF, 
0xFFFF, 0xFFFF, 0xFFFF, 0xFFFF, 0xFFFF, 0xFFFF, 0xFFFE, 0xFFDD, 0xE636, 0x9349, 0xBC0B, 0xDD0D, 0xDCCC, 0xDCEC, 0xDCCC, 0xD48B, 
0xAB67, 0xA326, 0xCC6B, 0xFDD1, 0xFE11, 0xFDF1, 0xF5F1, 0xF5F0, 0xFE11, 0xF5F0, 0xF5D0, 0xF5D0, 0xFDF1, 0xFDF1, 0xF5D0, 0xF5D1, 
0xFDD1, 0xFDF1, 0xEDB1, 0xABEB, 0xD636, 0xFFFE, 0xFFFE, 0xFFFF, 0xFFFF, 0xFFFE, 0xC594, 0x51A4, 0x9329, 0x8AC7, 0x8AC8, 0x8AC7, 
0x9308, 0x5983, 0xACD1, 0xFFFF, 0xFFFF, 0xFFFF, 0xFFFF, 0xFFDF, 0xFFFF, 0xFFFF, 0xFFFF, 0xFFFF, 0xFFFF, 0xFFFF, 0xFFFF, 0xFFFF, 
0xFFFF, 0xFFFF, 0xFFFF, 0xFFFF, 0xFFFF, 0xFFFF, 0xFFFF, 0xFFFF, 0xFFFF, 0xFFFF, 0xFFFF, 0xFFFF, 0xFFFF, 0xFFFF, 0xFFFF, 0xFFFF, 
0xFFFF, 0xFFFF, 0xFFFF, 0xFFFF, 0xFFFF, 0xFFFF, 0xFFFF, 0xFFFF, 0xFFFF, 0xFFFF, 0xFFFF, 0xFFFF, 0xFFFF, 0xFFFF, 0xFFFF, 0xFFFF, 
0xFFFF, 0xFFFF, 0xFFFF, 0xFFFF, 0xFFFF, 0xFFFF, 0xFFFF, 0xFFFF, 0xFFFF, 0xFFFF, 0xFFFF, 0xFFFF, 0xFFFF, 0xFFFF, 0xFFFF, 0xFFFF, 
0xFFFF, 0xFFFF, 0xFFFF, 0xFFFF, 0xFFFF, 0xFFFF, 0xFFFF, 0xFFFF, 0xFFFF, 0xFFFF, 0xFFFF, 0xFFFF, 0xFFFF, 0xFFFF, 0xFFFF, 0xFFFF, 
0xFFFF, 0xFFFF, 0xE636, 0x9B69, 0xDCED, 0xDCAB, 0xAB67, 0xF5B0, 0xFDF1, 0xF5D0, 0xFDF1, 0xFDF1, 0xF5D1, 0xF5D1, 0xFDF1, 0xD50E, 
0xA40D, 0xFFDD, 0xFFFF, 0xFFFF, 0xFFFF, 0xFFFF, 0xFFFF, 0xFFFF, 0xFFFF, 0xFFFF, 0xFFFF, 0xFFFF, 0xFFFF, 0xFFFF, 0xFFFF, 0xFFFF, 
0xFFFF, 0xFFFF, 0xFFFF, 0xFFFF, 0xFFFF, 0xFFFF, 0xFFDE, 0xFFDE, 0xFFDE, 0xEEB8, 0x9349, 0xB3CA, 0xDCED, 0xE4EC, 0xE4EC, 0xE4CD, 
0xDCCD, 0xCC4B, 0xA326, 0xAB47, 0xD4AC, 0xF5B0, 0xFE11, 0xF5F1, 0xEDD0, 0xF5D0, 0xFDF1, 0xF5D0, 0xFDF1, 0xFDF1, 0xF5D0, 0xFDF1, 
0xFDD1, 0xF590, 0xFE32, 0xCCCE, 0xB511, 0xFFFE, 0xFFFF, 0xFFFF, 0xFFFF, 0xFFFF, 0xFFDE, 0x72EA, 0x6226, 0x9329, 0x8AE8, 0x8AC7, 
0x8AE7, 0x7266, 0x5A67, 0xFFFE, 0xFFFF, 0xFFFF, 0xFFFF, 0xFFFF, 0xFFFF, 0xFFFF, 0xFFFF, 0xFFFF, 0xFFFF, 0xFFFF, 0xFFFF, 0xFFFF, 
0xFFFF, 0xFFFF, 0xFFFF, 0xFFFF, 0xFFFF, 0xFFFF, 0xFFFF, 0xFFFF, 0xFFFF, 0xFFFF, 0xFFFF, 0xFFFF, 0xFFFF, 0xFFFF, 0xFFFF, 0xFFFF, 
0xFFFF, 0xFFFF, 0xFFFF, 0xFFFF, 0xFFFF, 0xFFFF, 0xFFFF, 0xFFFF, 0xFFFF, 0xFFFF, 0xFFFF, 0xFFFF, 0xFFFF, 0xFFFF, 0xFFFF, 0xFFFF, 
0xFFFF, 0xFFFF, 0xFFFF, 0xFFFF, 0xFFFF, 0xFFFF, 0xFFFF, 0xFFFF, 0xFFFF, 0xFFFF, 0xFFFF, 0xFFFF, 0xFFFF, 0xFFFF, 0xFFFF, 0xFFFF, 
0xFFFF, 0xFFFF, 0xFFFF, 0xFFFF, 0xFFFF, 0xFFFF, 0xFFFF, 0xFFFF, 0xFFFF, 0xFFFF, 0xFFFF, 0xFFFF, 0xFFFF, 0xFFFF, 0xFFFF, 0xFFFF, 
0xFFFF, 0xFFFE, 0xEE77, 0x9B69, 0xD4CC, 0xD4CC, 0xAB67, 0xED70, 0xFDF1, 0xF5D0, 0xFDF0, 0xFDF1, 0xF5D1, 0xF5D1, 0xFE11, 0xCCCD, 
0xAC8F, 0xFFFE, 0xFFFF, 0xFFFF, 0xFFFF, 0xFFFF, 0xFFFF, 0xFFFF, 0xFFFF, 0xFFFF, 0xFFFF, 0xFFFF, 0xFFFF, 0xFFFF, 0xFFFF, 0xFFFF, 
0xFFFF, 0xFFFF, 0xFFFF, 0xFFFF, 0xFFFF, 0xFFFF, 0xFFFF, 0xFFFF, 0xFFFF, 0xFFDE, 0xF71A, 0xA3EC, 0xAB68, 0xDCCC, 0xDCCC, 0xDCCC, 
0xE4ED, 0xDCCD, 0xDCCC, 0xBBC8, 0xA326, 0xB3A8, 0xCC8C, 0xEDD1, 0xF612, 0xF612, 0xF5D1, 0xFDF1, 0xFDF0, 0xF5D0, 0xFDF1, 0xFDF1, 
0xF5D1, 0xFDF1, 0xFDF1, 0xC4AD, 0xBD11, 0xFFFE, 0xFFFE, 0xFFFF, 0xFFFF, 0xFFFF, 0xFFDF, 0xF75D, 0x51E6, 0x59E5, 0x7AC8, 0x8B09, 
0x9308, 0x8B08, 0x4983, 0xC5D6, 0xFFFF, 0xFFFF, 0xFFFF, 0xFFFF, 0xFFFF, 0xFFFF, 0xFFFF, 0xFFFF, 0xFFFF, 0xFFFF, 0xFFFF, 0xFFFF, 
0xFFFF, 0xFFFF, 0xFFFF, 0xFFFF, 0xFFFF, 0xFFFF, 0xFFFF, 0xFFFF, 0xFFFF, 0xFFFF, 0xFFFF, 0xFFFF, 0xFFFF, 0xFFFF, 0xFFFF, 0xFFFF, 
0xFFFF, 0xFFFF, 0xFFFF, 0xFFFF, 0xFFFF, 0xFFFF, 0xFFFF, 0xFFFF, 0xFFFF, 0xFFFF, 0xFFFF, 0xFFFF, 0xFFFF, 0xFFFF, 0xFFFF, 0xFFFF, 
0xFFFF, 0xFFFF, 0xFFFF, 0xFFFF, 0xFFFF, 0xFFFF, 0xFFFF, 0xFFFF, 0xFFFF, 0xFFFF, 0xFFFF, 0xFFFF, 0xFFFF, 0xFFFF, 0xFFFF, 0xFFFF, 
0xFFFF, 0xFFFF, 0xFFFF, 0xFFFF, 0xFFFF, 0xFFFF, 0xFFFF, 0xFFFF, 0xFFFF, 0xFFFF, 0xFFFF, 0xFFFF, 0xFFFF, 0xFFFF, 0xFFFF, 0xFFFF, 
0xFFFF, 0xFFDE, 0xEE98, 0x9B8A, 0xCCAC, 0xD4CC, 0xAB68, 0xE52F, 0xFDF1, 0xF5D0, 0xFDF0, 0xFDF0, 0xF5F0, 0xF5D0, 0xFE11, 0xC48C, 
0xB4F0, 0xFFDE, 0xFFFF, 0xFFFF, 0xFFFF, 0xFFFF, 0xFFFF, 0xFFFF, 0xFFFF, 0xFFFF, 0xFFFF, 0xFFFF, 0xFFFF, 0xFFFF, 0xFFFF, 0xFFFF, 
0xFFFF, 0xFFFF, 0xFFFF, 0xFFFF, 0xFFFF, 0xFFFF, 0xFFFF, 0xFFFF, 0xFFDF, 0xFFFF, 0xFFFF, 0xFF7B, 0xA3CA, 0xC42A, 0xDCCC, 0xDCEC, 
0xDCCC, 0xE4ED, 0xE4ED, 0xE4EC, 0xD4AC, 0xB3A9, 0x9B27, 0xA369, 0xC48D, 0xEDB1, 0xF5F1, 0xF5D0, 0xFDF0, 0xF5D0, 0xFDF1, 0xF5D0, 
0xF5F1, 0xF5B0, 0xFE32, 0xC46C, 0xBD11, 0xFFFE, 0xFFFF, 0xFFFF, 0xFFFF, 0xFFFF, 0xFFFF, 0xFFFF, 0xF75C, 0x8BED, 0x4163, 0x51A4, 
0x61C5, 0x6205, 0x49A4, 0x3984, 0xFFBE, 0xFFFF, 0xFFFF, 0xFFFF, 0xFFFF, 0xFFFF, 0xFFFF, 0xFFFF, 0xFFFF, 0xFFFF, 0xFFFF, 0xFFFF, 
0xFFFF, 0xFFFF, 0xFFFF, 0xFFFF, 0xFFFF, 0xFFFF, 0xFFFF, 0xFFFF, 0xFFFF, 0xFFFF, 0xFFFF, 0xFFFF, 0xFFFF, 0xFFFF, 0xFFFF, 0xFFFF, 
0xFFFF, 0xFFFF, 0xFFFF, 0xFFFF, 0xFFFF, 0xFFFF, 0xFFFF, 0xFFFF, 0xFFFF, 0xFFFF, 0xFFFF, 0xFFFF, 0xFFFF, 0xFFFF, 0xFFFF, 0xFFFF, 
0xFFFF, 0xFFFF, 0xFFFF, 0xFFFF, 0xFFFF, 0xFFFF, 0xFFFF, 0xFFFF, 0xFFFF, 0xFFFF, 0xFFFF, 0xFFFF, 0xFFFF, 0xFFFF, 0xFFFF, 0xFFFF, 
0xFFFF, 0xFFFF, 0xFFFF, 0xFFFF, 0xFFFF, 0xFFFF, 0xFFFF, 0xFFFF, 0xFFFF, 0xFFFF, 0xFFFF, 0xFFFF, 0xFFFF, 0xFFFF, 0xFFFF, 0xFFFF, 
0xFFFF, 0xFFFE, 0xF6B8, 0x9369, 0xCCAC, 0xD4EC, 0xAB68, 0xE50F, 0xFDF1, 0xFDD0, 0xFDD0, 0xFDF0, 0xF5F1, 0xF5D0, 0xFE11, 0xBC4C, 
0xBD12, 0xFFFE, 0xFFFF, 0xFFFF, 0xFFFF, 0xFFFF, 0xFFFF, 0xFFFF, 0xFFFF, 0xFFFF, 0xFFFF, 0xFFFF, 0xFFFF, 0xFFFF, 0xFFFF, 0xFFFF, 
0xFFFF, 0xFFFE, 0xFFFF, 0xFFFF, 0xFFFF, 0xFFFF, 0xFFFF, 0xFFFF, 0xFFFF, 0xFFFF, 0xFFFF, 0xFFFE, 0xE635, 0x9328, 0xD4CD, 0xDCCC, 
0xDCCC, 0xDCCC, 0xDCCC, 0xDCCC, 0xED2E, 0xD4AC, 0xB3CA, 0xD510, 0x9B28, 0xBC4C, 0xFE12, 0xF5D0, 0xF5D0, 0xFDF0, 0xFE11, 0xF5D1, 
0xF5F1, 0xF5F1, 0xFDF0, 0xBC0A, 0xCDB4, 0xFFFF, 0xFFFF, 0xFFDF, 0xFFFF, 0xFFFF, 0xFFFF, 0xFFFF, 0xFFFE, 0xFFDE, 0xF77C, 0xBD95, 
0xA4B2, 0x9430, 0x8C2F, 0xB554, 0xFFDF, 0xFFFF, 0xFFFF, 0xFFFF, 0xFFFF, 0xFFFF, 0xFFFF, 0xFFFF, 0xFFFF, 0xFFFF, 0xFFFF, 0xFFFF, 
0xFFFF, 0xFFFF, 0xFFFF, 0xFFFF, 0xFFFF, 0xFFFF, 0xFFFF, 0xFFFF, 0xFFFF, 0xFFFF, 0xFFFF, 0xFFFF, 0xFFFF, 0xFFFF, 0xFFFF, 0xFFFF, 
0xFFFF, 0xFFFF, 0xFFFF, 0xFFFF, 0xFFFF, 0xFFFF, 0xFFFF, 0xFFFF, 0xFFFF, 0xFFFF, 0xFFFF, 0xFFFF, 0xFFFF, 0xFFFF, 0xFFFF, 0xFFFF, 
0xFFFF, 0xFFFF, 0xFFFF, 0xFFFF, 0xFFFF, 0xFFFF, 0xFFFF, 0xFFFF, 0xFFFF, 0xFFFF, 0xFFFF, 0xFFFF, 0xFFFF, 0xFFFF, 0xFFFF, 0xFFFF, 
0xFFFF, 0xFFFF, 0xFFFF, 0xFFFF, 0xFFFF, 0xFFFF, 0xFFFF, 0xFFFF, 0xFFFF, 0xFFFF, 0xFFFF, 0xFFFF, 0xFFFF, 0xFFFF, 0xFFFF, 0xFFFF, 
0xFFFF, 0xFFFF, 0xF6D9, 0x9349, 0xCCCC, 0xDCED, 0xA347, 0xDD0E, 0xFDF1, 0xFDD0, 0xFDD0, 0xFDD0, 0xF5F1, 0xF5D0, 0xFE11, 0xBC4C, 
0xBD32, 0xFFFF, 0xFFFF, 0xFFDF, 0xFFFF, 0xFFFF, 0xFFFF, 0xFFFF, 0xFFFF, 0xFFFF, 0xFFFF, 0xFFFF, 0xFFFF, 0xFFFF, 0xFFFF, 0xFFFF, 
0xFFFF, 0xFFFF, 0xFFFF, 0xFFFF, 0xFFFF, 0xFFFF, 0xFFFF, 0xFFFF, 0xFFFF, 0xFFFF, 0xF7FF, 0xFFFF, 0xFF7B, 0x9B8A, 0xCC6C, 0xE50D, 
0xDCCC, 0xDCCC, 0xE4EC, 0xDCEC, 0xDCED, 0xC46C, 0xCD10, 0xFFBB, 0xEDF4, 0x9B49, 0xE590, 0xFDF1, 0xFDD0, 0xFDF0, 0xF5D0, 0xF5F1, 
0xF5F1, 0xF611, 0xF5D0, 0xABC9, 0xDE36, 0xFFFF, 0xFFFF, 0xFFFF, 0xFFFF, 0xFFFF, 0xFFFF, 0xFFFF, 0xFFFF, 0xFFFF, 0xFFDE, 0xFFFF, 
0xFFFF, 0xFFFF, 0xFFFF, 0xFFFE, 0xFFFF, 0xFFDF, 0xFFFF, 0xFFFF, 0xFFFF, 0xFFFF, 0xFFFF, 0xFFFF, 0xFFFF, 0xFFFF, 0xFFFF, 0xFFFF, 
0xFFFF, 0xFFFF, 0xFFFF, 0xFFFF, 0xFFFF, 0xFFFF, 0xFFFF, 0xFFFF, 0xFFFF, 0xFFFF, 0xFFFF, 0xFFFF, 0xFFFF, 0xFFFF, 0xFFFF, 0xFFFF, 
0xFFFF, 0xFFFF, 0xFFFF, 0xFFFF, 0xFFFF, 0xFFFF, 0xFFFF, 0xFFFF, 0xFFFF, 0xFFFF, 0xFFFF, 0xFFFF, 0xFFFF, 0xFFFF, 0xFFFF, 0xFFFF, 
0xFFFF, 0xFFFF, 0xFFFF, 0xFFFF, 0xFFFF, 0xFFFF, 0xFFFF, 0xFFFF, 0xFFFF, 0xFFFF, 0xFFFF, 0xFFFF, 0xFFFF, 0xFFFF, 0xFFFF, 0xFFFF, 
0xFFFF, 0xFFFF, 0xFFFF, 0xFFFF, 0xFFFF, 0xFFFF, 0xFFFF, 0xFFFF, 0xFFFF, 0xFFFF, 0xFFFF, 0xFFFF, 0xFFFF, 0xFFFF, 0xFFFF, 0xFFFF, 
0xFFFF, 0xFFFF, 0xF6B8, 0x9B6A, 0xCCAD, 0xDCED, 0xAB67, 0xDCED, 0xFE11, 0xFDCF, 0xFDD0, 0xFDD0, 0xF5D0, 0xF5F1, 0xFDF2, 0xAC0B, 
0xC5B4, 0xFFFF, 0xFFDF, 0xFFFF, 0xFFFF, 0xFFFF, 0xFFFF, 0xFFFF, 0xFFFF, 0xFFFF, 0xFFFF, 0xFFFF, 0xFFFF, 0xFFFF, 0xFFFF, 0xFFFF, 
0xFFFF, 0xFFFF, 0xFFFF, 0xFFFF, 0xFFFF, 0xFFFF, 0xFFFF, 0xFFFF, 0xFFFF, 0xFFFF, 0xFFFF, 0xFFFF, 0xFF5B, 0x9BAB, 0xC44B, 0xE4ED, 
0xE4ED, 0xDCCC, 0xE4ED, 0xDCCC, 0xDCEE, 0xABEB, 0xE656, 0xFFDD, 0xFF7B, 0x938A, 0xD4CE, 0xFE12, 0xFDD0, 0xFDF0, 0xF5D1, 0xF5F1, 
0xF5F1, 0xF5F1, 0xF5B0, 0xA389, 0xEED9, 0xFFFF, 0xFFFF, 0xFFFF, 0xFFFF, 0xFFFF, 0xFFFF, 0xFFFF, 0xFFFF, 0xFFFF, 0xFFFF, 0xFFFF, 
0xFFFF, 0xFFFF, 0xFFFF, 0xFFFF, 0xFFFF, 0xFFFF, 0xFFFF, 0xFFFF, 0xFFFF, 0xFFFF, 0xFFFF, 0xFFFF, 0xFFFF, 0xFFFF, 0xFFFF, 0xFFFF, 
0xFFFF, 0xFFFF, 0xFFFF, 0xFFFF, 0xFFFF, 0xFFFF, 0xFFFF, 0xFFFF, 0xFFFF, 0xFFFF, 0xFFFF, 0xFFFF, 0xFFFF, 0xFFFF, 0xFFFF, 0xFFFF, 
0xFFFF, 0xFFFF, 0xFFFF, 0xFFFF, 0xFFFF, 0xFFFF, 0xFFFF, 0xFFFF, 0xFFFF, 0xFFFF, 0xFFFF, 0xFFFF, 0xFFFF, 0xFFFF, 0xFFFF, 0xFFFF, 
0xFFFF, 0xFFFF, 0xFFFF, 0xFFFF, 0xFFFF, 0xFFFF, 0xFFFF, 0xFFFF, 0xFFFF, 0xFFFF, 0xFFFF, 0xFFFF, 0xFFFF, 0xFFFF, 0xFFFF, 0xFFFF, 
0xFFFF, 0xFFFF, 0xFFFF, 0xFFFF, 0xFFFF, 0xFFFF, 0xFFFF, 0xFFFF, 0xFFFF, 0xFFFF, 0xFFFF, 0xFFFF, 0xFFFF, 0xFFFF, 0xFFFF, 0xFFFF, 
0xFFFF, 0xFFFF, 0xF6B8, 0x9B69, 0xCCAD, 0xDCED, 0xAB47, 0xDCED, 0xFE11, 0xFDCF, 0xFDD0, 0xFDD0, 0xF5D0, 0xF5F1, 0xF5F2, 0xABEB, 
0xCDD5, 0xFFFF, 0xFFFF, 0xFFFF, 0xFFFF, 0xFFFF, 0xFFFF, 0xFFFF, 0xFFFF, 0xFFFF, 0xFFFF, 0xFFFF, 0xFFFF, 0xFFFF, 0xFFFF, 0xFFFF, 
0xFFFF, 0xFFFF, 0xFFFF, 0xFFFF, 0xFFFF, 0xFFFF, 0xFFFF, 0xFFFF, 0xFFFF, 0xFFFF, 0xFFFF, 0xFFDD, 0xFF7B, 0x936A, 0xC44B, 0xE50E, 
0xDCCC, 0xE4ED, 0xDCCC, 0xDCED, 0xD4CD, 0xA3AA, 0xF73B, 0xFFFE, 0xFFBC, 0x9BCB, 0xCCAD, 0xFE11, 0xF5D0, 0xFDF0, 0xF5D1, 0xF5F1, 
0xF5D1, 0xFDF1, 0xF5B0, 0x9B89, 0xEEFA, 0xFFFF, 0xFFFF, 0xFFFF, 0xFFFF, 0xFFFF, 0xFFFF, 0xFFFF, 0xFFFF, 0xFFFF, 0xFFFF, 0xFFFF, 
0xFFFF, 0xFFFF, 0xFFFF, 0xFFFF, 0xFFFF, 0xFFFF, 0xFFFF, 0xFFFF, 0xFFFF, 0xFFFF, 0xFFFF, 0xFFFF, 0xFFFF, 0xFFFF, 0xFFFF, 0xFFFF, 
0xFFFF, 0xFFFF, 0xFFFF, 0xFFFF, 0xFFFF, 0xFFFF, 0xFFFF, 0xFFFF, 0xFFFF, 0xFFFF, 0xFFFF, 0xFFFF, 0xFFFF, 0xFFFF, 0xFFFF, 0xFFFF, 
0xFFFF, 0xFFFF, 0xFFFF, 0xFFFF, 0xFFFF, 0xFFFF, 0xFFFF, 0xFFFF, 0xFFFF, 0xFFFF, 0xFFFF, 0xFFFF, 0xFFFF, 0xFFFF, 0xFFFF, 0xFFFF, 
0xFFFF, 0xFFFF, 0xFFFF, 0xFFFF, 0xFFFF, 0xFFFF, 0xFFFF, 0xFFFF, 0xFFFF, 0xFFFF, 0xFFFF, 0xFFFF, 0xFFFF, 0xFFFF, 0xFFFF, 0xFFFF, 
0xFFFF, 0xFFFF, 0xFFFF, 0xFFFF, 0xFFFF, 0xFFFF, 0xFFFF, 0xFFFF, 0xFFFF, 0xFFFF, 0xFFFF, 0xFFFF, 0xFFFF, 0xFFFF, 0xFFFF, 0xFFFF, 
0xFFFF, 0xFFFE, 0xF6B8, 0x9B49, 0xCCAD, 0xDD0D, 0xAB67, 0xDCCD, 0xFE11, 0xF5D0, 0xFDD1, 0xFDD1, 0xF5D0, 0xF5F1, 0xF5F1, 0xABEB, 
0xD5F6, 0xFFFF, 0xFFFF, 0xFFFF, 0xFFFF, 0xFFFF, 0xFFFF, 0xFFFF, 0xFFFF, 0xFFFF, 0xFFFF, 0xFFFF, 0xFFFF, 0xFFFF, 0xFFFF, 0xFFFF, 
0xFFFF, 0xFFFF, 0xFFFF, 0xFFFF, 0xFFFF, 0xFFFF, 0xFFFF, 0xFFFF, 0xFFFF, 0xFFFF, 0xFFFF, 0xFFFE, 0xF6D8, 0x9369, 0xD48C, 0xE4ED, 
0xDCCC, 0xE4EC, 0xDCCC, 0xDCED, 0xCC8C, 0xAC0C, 0xFFDE, 0xFFDE, 0xFFDD, 0xAC2D, 0xC48D, 0xFDF1, 0xF5D0, 0xFDF0, 0xF5D1, 0xF5F1, 
0xF5D1, 0xFDF1, 0xED8F, 0x9B89, 0xF73B, 0xFFFF, 0xFFFF, 0xFFFF, 0xFFFF, 0xFFFF, 0xFFFF, 0xFFFF, 0xFFFF, 0xFFFF, 0xFFFF, 0xFFFF, 
0xFFFF, 0xFFFF, 0xFFFF, 0xFFFF, 0xFFFF, 0xFFFF, 0xFFFF, 0xFFFF, 0xFFFF, 0xFFFF, 0xFFFF, 0xFFFF, 0xFFFF, 0xFFFF, 0xFFFF, 0xFFFF, 
0xFFFF, 0xFFFF, 0xFFFF, 0xFFFF, 0xFFFF, 0xFFFF, 0xFFFF, 0xFFFF, 0xFFFF, 0xFFFF, 0xFFFF, 0xFFFF, 0xFFFF, 0xFFFF, 0xFFFF, 0xFFFF, 
0xFFFF, 0xFFFF, 0xFFFF, 0xFFFF, 0xFFFF, 0xFFFF, 0xFFFF, 0xFFFF, 0xFFFF, 0xFFFF, 0xFFFF, 0xFFFF, 0xFFFF, 0xFFFF, 0xFFFF, 0xFFFF, 
0xFFFF, 0xFFFF, 0xFFFF, 0xFFFF, 0xFFFF, 0xFFFF, 0xFFFF, 0xFFFF, 0xFFFF, 0xFFFF, 0xFFFF, 0xFFFF, 0xFFFF, 0xFFFF, 0xFFFF, 0xFFFF, 
0xFFFF, 0xFFFF, 0xFFFF, 0xFFFF, 0xFFFF, 0xFFFF, 0xFFFF, 0xFFFF, 0xFFFF, 0xFFFF, 0xFFFF, 0xFFFF, 0xFFFF, 0xFFFF, 0xFFFF, 0xFFFF, 
0xFFFF, 0xFFFE, 0xF697, 0x9B48, 0xD4AD, 0xDD0D, 0xAB67, 0xD4CD, 0xFE11, 0xF5D0, 0xFDF1, 0xFDF1, 0xFDF1, 0xFDF1, 0xF5D1, 0xABCA, 
0xD616, 0xFFFF, 0xFFDF, 0xFFFF, 0xFFFF, 0xFFFF, 0xFFFF, 0xFFFF, 0xFFFF, 0xFFFF, 0xFFFF, 0xFFFF, 0xFFFF, 0xFFFF, 0xFFFF, 0xFFFF, 
0xFFFF, 0xFFFF, 0xFFFF, 0xFFFF, 0xFFFF, 0xFFFF, 0xFFFF, 0xFFFF, 0xFFFF, 0xFFFF, 0xFFDE, 0xFFFE, 0xD5D4, 0xA3AA, 0xDCEE, 0xDCCC, 
0xE4CC, 0xDCCC, 0xE4ED, 0xDD0E, 0xBC2B, 0xC511, 0xFFFE, 0xFFDE, 0xFFDD, 0xB48F, 0xBC4C, 0xFDF1, 0xF5D0, 0xFDF0, 0xF5F1, 0xF5F1, 
0xF5D0, 0xFDF1, 0xED6F, 0x9B89, 0xFF7B, 0xFFFF, 0xFFFF, 0xFFFF, 0xFFFF, 0xFFFF, 0xFFFF, 0xFFFF, 0xFFFF, 0xFFFF, 0xFFFF, 0xFFFF, 
0xFFFF, 0xFFFF, 0xFFFF, 0xFFFF, 0xFFFF, 0xFFFF, 0xFFFF, 0xFFFF, 0xFFFF, 0xFFFF, 0xFFFF, 0xFFFF, 0xFFFF, 0xFFFF, 0xFFFF, 0xFFFF, 
0xFFFF, 0xFFFF, 0xFFFF, 0xFFFF, 0xFFFF, 0xFFFF, 0xFFFF, 0xFFFF, 0xFFFF, 0xFFFF, 0xFFFF, 0xFFFF, 0xFFFF, 0xFFFF, 0xFFFF, 0xFFFF, 
0xFFFF, 0xFFFF, 0xFFFF, 0xFFFF, 0xFFFF, 0xFFFF, 0xFFFF, 0xFFFF, 0xFFFF, 0xFFFF, 0xFFFF, 0xFFFF, 0xFFFF, 0xFFFF, 0xFFFF, 0xFFFF, 
0xFFFF, 0xFFFF, 0xFFFF, 0xFFFF, 0xFFFF, 0xFFFF, 0xFFFF, 0xFFFF, 0xFFFF, 0xFFFF, 0xFFFF, 0xFFFF, 0xFFFF, 0xFFFF, 0xFFFF, 0xFFFF, 
0xFFFF, 0xFFFF, 0xFFFF, 0xFFFF, 0xFFFF, 0xFFFF, 0xFFFF, 0xFFFF, 0xFFFF, 0xFFFF, 0xFFFF, 0xFFFF, 0xFFFF, 0xFFFF, 0xFFFF, 0xFFFF, 
0xFFFF, 0xFFFE, 0xEE56, 0x9B68, 0xD4AC, 0xE4ED, 0xAB68, 0xD4AD, 0xFE11, 0xF5D0, 0xF5F1, 0xF5F1, 0xFDF1, 0xFDF1, 0xFDD0, 0xABCA, 
0xDE36, 0xFFFF, 0xFFDF, 0xFFFF, 0xFFFF, 0xFFFF, 0xFFFF, 0xFFFF, 0xFFFF, 0xFFFF, 0xFFFF, 0xFFFF, 0xFFFF, 0xFFFF, 0xFFFF, 0xFFFF, 
0xFFFF, 0xFFFF, 0xFFFF, 0xFFFF, 0xFFFF, 0xFFFF, 0xFFFF, 0xFFFF, 0xFFFF, 0xFFFF, 0xFFFF, 0xFFFE, 0xC510, 0xB3EA, 0xDD0D, 0xE4CC, 
0xE4CC, 0xDCCC, 0xE4ED, 0xDCEE, 0xABCA, 0xEE56, 0xFFDE, 0xFFDE, 0xFFDE, 0xB4D0, 0xB40B, 0xFDF1, 0xFDD0, 0xFDD1, 0xF5F1, 0xF5F1, 
0xF5D0, 0xFDF1, 0xED6F, 0x9B89, 0xFF9C, 0xFFFF, 0xFFFF, 0xFFFF, 0xFFFF, 0xFFFF, 0xFFFF, 0xFFFF, 0xFFFF, 0xFFFF, 0xFFFF, 0xFFFF, 
0xFFFF, 0xFFFF, 0xFFFF, 0xFFFF, 0xFFFF, 0xFFFF, 0xFFFF, 0xFFFF, 0xFFFF, 0xFFFF, 0xFFFF, 0xFFFF, 0xFFFF, 0xFFFF, 0xFFFF, 0xFFFF, 
0xFFFF, 0xFFFF, 0xFFFF, 0xFFFF, 0xFFFF, 0xFFFF, 0xFFFF, 0xFFFF, 0xFFFF, 0xFFFF, 0xFFFF, 0xFFFF, 0xFFFF, 0xFFFF, 0xFFFF, 0xFFFF, 
0xFFFF, 0xFFFF, 0xFFFF, 0xFFFF, 0xFFFF, 0xFFFF, 0xFFFF, 0xFFFF, 0xFFFF, 0xFFFF, 0xFFFF, 0xFFFF, 0xFFFF, 0xFFFF, 0xFFFF, 0xFFFF, 
0xFFFF, 0xFFFF, 0xFFFF, 0xFFFF, 0xFFFF, 0xFFFF, 0xFFFF, 0xFFFF, 0xFFFF, 0xFFFF, 0xFFFF, 0xFFFF, 0xFFFF, 0xFFFF, 0xFFFF, 0xFFFF, 
0xFFFF, 0xFFFF, 0xFFFF, 0xFFFF, 0xFFFF, 0xFFFF, 0xFFFF, 0xFFFF, 0xFFFF, 0xFFFF, 0xFFFF, 0xFFFF, 0xFFFF, 0xFFFF, 0xFFFF, 0xFFFF, 
0xFFFF, 0xFFFE, 0xE614, 0xA389, 0xD4CD, 0xE4ED, 0xAB88, 0xD4AD, 0xFE12, 0xF5D1, 0xF5F1, 0xF5F1, 0xFDF1, 0xFDD1, 0xFDD0, 0xABCA, 
0xDE57, 0xFFFF, 0xFFFF, 0xFFFF, 0xFFFF, 0xFFFF, 0xFFFF, 0xFFFF, 0xFFFF, 0xFFFF, 0xFFFF, 0xFFFF, 0xFFFF, 0xFFFF, 0xFFFF, 0xFFFF, 
0xFFFF, 0xFFFF, 0xFFFF, 0xFFFF, 0xFFFF, 0xFFFF, 0xFFFF, 0xFFFF, 0xFFFF, 0xFFFF, 0xFFFF, 0xFFFE, 0xAC2C, 0xBC2B, 0xDCEC, 0xE4CC, 
0xDCCC, 0xE4EC, 0xDCCC, 0xD4CD, 0xA3AA, 0xFF3A, 0xFFDE, 0xFFFF, 0xFFFE, 0xBD11, 0xB40B, 0xFE11, 0xF5D0, 0xF5D0, 0xFDF1, 0xFDF1, 
0xF5D0, 0xFDF1, 0xED6F, 0x9B89, 0xFF7C, 0xFFFF, 0xFFFF, 0xFFFF, 0xFFFF, 0xFFFF, 0xFFFF, 0xFFFF, 0xFFFF, 0xFFFF, 0xFFFF, 0xFFFF, 
0xFFFF, 0xFFFF, 0xFFFF, 0xFFFF, 0xFFFF, 0xFFFF, 0xFFFF, 0xFFFF, 0xFFFF, 0xFFFF, 0xFFFF, 0xFFFF, 0xFFFF, 0xFFFF, 0xFFFF, 0xFFFF, 
0xFFFF, 0xFFFF, 0xFFFF, 0xFFFF, 0xFFFF, 0xFFFF, 0xFFFF, 0xFFFF, 0xFFFF, 0xFFFF, 0xFFFF, 0xFFFF, 0xFFFF, 0xFFFF, 0xFFFF, 0xFFFF, 
0xFFFF, 0xFFFF, 0xFFFF, 0xFFFF, 0xFFFF, 0xFFFF, 0xFFFF, 0xFFFF, 0xFFFF, 0xFFFF, 0xFFFF, 0xFFFF, 0xFFFF, 0xFFFF, 0xFFFF, 0xFFFF, 
0xFFFF, 0xFFFF, 0xFFFF, 0xFFFF, 0xFFFF, 0xFFFF, 0xFFFF, 0xFFFF, 0xFFFF, 0xFFFF, 0xFFFF, 0xFFFF, 0xFFFF, 0xFFFF, 0xFFFF, 0xFFFF, 
0xFFFF, 0xFFFF, 0xFFFF, 0xFFFF, 0xFFFF, 0xFFFF, 0xFFFF, 0xFFFF, 0xFFFF, 0xFFFF, 0xFFFF, 0xFFFF, 0xFFFF, 0xFFFF, 0xFFFF, 0xFFFF, 
0xFFFF, 0xFFFE, 0xD5B3, 0xA389, 0xDCED, 0xE4ED, 0xB388, 0xD4AC, 0xFE12, 0xF5D1, 0xF5F1, 0xF5F1, 0xFDF1, 0xFDD1, 0xFDD0, 0xABAA, 
0xDE57, 0xFFFF, 0xFFFF, 0xFFFF, 0xFFFF, 0xFFFF, 0xFFFF, 0xFFFF, 0xFFFF, 0xFFFF, 0xFFFF, 0xFFFF, 0xFFFF, 0xFFFF, 0xFFFF, 0xFFFF, 
0xFFFF, 0xFFFF, 0xFFFF, 0xFFFF, 0xFFFF, 0xFFFF, 0xFFFF, 0xFFFF, 0xFFFF, 0xFFFF, 0xFFFF, 0xFF5B, 0x9B89, 0xD4AC, 0xE4EC, 0xE4CC, 
0xE4CC, 0xE4EC, 0xE4CC, 0xCC6C, 0x9BCB, 0xFF9C, 0xFFFE, 0xFFFF, 0xFFFE, 0xBD12, 0xB40B, 0xFE11, 0xF5D0, 0xF5D0, 0xFDF1, 0xF5D0, 
0xFDF1, 0xFDF1, 0xED6F, 0x9B89, 0xFF7B, 0xFFFF, 0xFFFF, 0xFFFF, 0xFFFF, 0xFFFF, 0xFFFF, 0xFFFF, 0xFFFF, 0xFFFF, 0xFFFF, 0xFFFF, 
0xFFFF, 0xFFFF, 0xFFFF, 0xFFFF, 0xFFFF, 0xFFFF, 0xFFFF, 0xFFFF, 0xFFFF, 0xFFFF, 0xFFFF, 0xFFFF, 0xFFFF, 0xFFFF, 0xFFFF, 0xFFFF, 
0xFFFF, 0xFFFF, 0xFFFF, 0xFFFF, 0xFFFF, 0xFFFF, 0xFFFF, 0xFFFF, 0xFFFF, 0xFFFF, 0xFFFF, 0xFFFF, 0xFFFF, 0xFFFF, 0xFFFF, 0xFFFF, 
0xFFFF, 0xFFFF, 0xFFFF, 0xFFFF, 0xFFFF, 0xFFFF, 0xFFFF, 0xFFFF, 0xFFFF, 0xFFFF, 0xFFFF, 0xFFFF, 0xFFFF, 0xFFFF, 0xFFFF, 0xFFFF, 
0xFFFF, 0xFFFF, 0xFFFF, 0xFFFF, 0xFFFF, 0xFFFF, 0xFFFF, 0xFFFF, 0xFFFF, 0xFFFF, 0xFFFF, 0xFFFF, 0xFFFF, 0xFFFF, 0xFFFF, 0xFFFF, 
0xFFFF, 0xFFFF, 0xFFFF, 0xFFFF, 0xFFFF, 0xFFFF, 0xFFFF, 0xFFFF, 0xFFFF, 0xFFFF, 0xFFFF, 0xFFFF, 0xFFFF, 0xFFFF, 0xFFFF, 0xFFFF, 
0xFFFF, 0xFFFE, 0xCD72, 0xA3AA, 0xDCED, 0xE4ED, 0xB388, 0xD4AC, 0xFE31, 0xF5F0, 0xF5F1, 0xF5F1, 0xF5F1, 0xFDF1, 0xFDD0, 0xABAA, 
0xDE57, 0xFFDF, 0xFFFF, 0xFFFF, 0xFFFF, 0xFFFF, 0xFFFF, 0xFFFF, 0xFFFF, 0xFFFF, 0xFFFF, 0xFFFF, 0xFFFF, 0xFFFF, 0xFFFF, 0xFFFF, 
0xFFFF, 0xFFFF, 0xFFFF, 0xFFFF, 0xFFFF, 0xFFFF, 0xFFFF, 0xFFFF, 0xFFFF, 0xFFFF, 0xFFFF, 0xDE57, 0xA389, 0xDCED, 0xE4CC, 0xE4CB, 
0xE4CC, 0xDCCC, 0xE50D, 0xC44B, 0x9BEC, 0xFFBD, 0xFFFF, 0xFFFF, 0xFFFF, 0xBD32, 0xB40B, 0xFE11, 0xFDF1, 0xF5D0, 0xFDF1, 0xF5D0, 
0xFDF1, 0xF5D0, 0xED6F, 0xA389, 0xFF7B, 0xFFFF, 0xFFFF, 0xFFFF, 0xFFFF, 0xFFFF, 0xFFFF, 0xFFFF, 0xFFFF, 0xFFFF, 0xFFFF, 0xFFFF, 
0xFFFF, 0xFFFF, 0xFFFF, 0xFFFF, 0xFFFF, 0xFFFF, 0xFFFF, 0xFFFF, 0xFFFF, 0xFFFF, 0xFFFF, 0xFFFF, 0xFFFF, 0xFFFF, 0xFFFF, 0xFFFF, 
0xFFFF, 0xFFFF, 0xFFFF, 0xFFFF, 0xFFFF, 0xFFFF, 0xFFFF, 0xFFFF, 0xFFFF, 0xFFFF, 0xFFFF, 0xFFFF, 0xFFFF, 0xFFFF, 0xFFFF, 0xFFFF, 
0xFFFF, 0xFFFF, 0xFFFF, 0xFFFF, 0xFFFF, 0xFFFF, 0xFFFF, 0xFFFF, 0xFFFF, 0xFFFF, 0xFFFF, 0xFFFF, 0xFFFF, 0xFFFF, 0xFFFF, 0xFFFF, 
0xFFFF, 0xFFFF, 0xFFFF, 0xFFFF, 0xFFFF, 0xFFFF, 0xFFFF, 0xFFFF, 0xFFFF, 0xFFFF, 0xFFFF, 0xFFFF, 0xFFFF, 0xFFFF, 0xFFFF, 0xFFFF, 
0xFFFF, 0xFFFF, 0xFFFF, 0xFFFF, 0xFFFF, 0xFFFF, 0xFFFF, 0xFFFF, 0xFFFF, 0xFFFF, 0xFFFF, 0xFFFF, 0xFFFF, 0xFFFF, 0xFFFF, 0xFFFF, 
0xFFFF, 0xFFFE, 0xC532, 0xABCA, 0xDD0E, 0xE50D, 0xAB67, 0xD4AC, 0xFE11, 0xF5D0, 0xFDD1, 0xF5F1, 0xF5D1, 0xFDF1, 0xFDD0, 0xABAA, 
0xDE57, 0xFFFF, 0xFFFF, 0xFFFF, 0xFFFF, 0xFFFF, 0xFFFF, 0xFFFF, 0xFFFF, 0xFFFF, 0xFFFF, 0xFFFF, 0xFFFF, 0xFFFF, 0xFFFF, 0xFFFF, 
0xFFFF, 0xFFFF, 0xFFFF, 0xFFFF, 0xFFFF, 0xFFFF, 0xFFFF, 0xFFFF, 0xFFFF, 0xFFFF, 0xFFFE, 0xB4D0, 0xBC2B, 0xE4ED, 0xE4EC, 0xE4EC, 
0xE4CC, 0xDCCC, 0xE50D, 0xB40A, 0xACAF, 0xFFFE, 0xFFFF, 0xFFDE, 0xFFDF, 0xBD52, 0xB40B, 0xFDF1, 0xF5D0, 0xFDF1, 0xF5D0, 0xFDF1, 
0xF5D0, 0xF5D0, 0xF5B0, 0x9B89, 0xFF5B, 0xFFFF, 0xFFFF, 0xFFFF, 0xFFFF, 0xFFFF, 0xFFFF, 0xFFFF, 0xFFFF, 0xFFFF, 0xFFFF, 0xFFFF, 
0xFFFF, 0xFFFF, 0xFFFF, 0xFFFF, 0xFFFF, 0xFFFF, 0xFFFF, 0xFFFF, 0xFFFF, 0xFFFF, 0xFFFF, 0xFFFF, 0xFFFF, 0xFFFF, 0xFFFF, 0xFFFF, 
0xFFFF, 0xFFFF, 0xFFFF, 0xFFFF, 0xFFFF, 0xFFFF, 0xFFFF, 0xFFFF, 0xFFFF, 0xFFFF, 0xFFFF, 0xFFFF, 0xFFFF, 0xFFFF, 0xFFFF, 0xFFFF, 
0xFFFF, 0xFFFF, 0xFFFF, 0xFFFF, 0xFFFF, 0xFFFF, 0xFFFF, 0xFFFF, 0xFFFF, 0xFFFF, 0xFFFF, 0xFFFF, 0xFFFF, 0xFFFF, 0xFFFF, 0xFFFF, 
0xFFFF, 0xFFFF, 0xFFFF, 0xFFFF, 0xFFFF, 0xFFFF, 0xFFFF, 0xFFFF, 0xFFFF, 0xFFFF, 0xFFFF, 0xFFFF, 0xFFFF, 0xFFFF, 0xFFFF, 0xFFFF, 
0xFFFF, 0xFFFF, 0xFFFF, 0xFFFF, 0xFFFF, 0xFFFF, 0xFFFF, 0xFFFF, 0xFFFF, 0xFFFF, 0xFFFF, 0xFFFF, 0xFFDF, 0xFFFF, 0xFFFF, 0xFFFF, 
0xFFDF, 0xFFFE, 0xCD52, 0xB42C, 0xDD0D, 0xDCEC, 0xB3A8, 0xCC6B, 0xFE11, 0xF5D0, 0xFDD1, 0xFDF1, 0xF5D0, 0xFDF1, 0xF5D1, 0xA3AA, 
0xDE77, 0xFFFF, 0xFFFF, 0xFFFF, 0xFFFF, 0xFFFF, 0xFFFF, 0xFFFF, 0xFFFF, 0xFFFF, 0xFFFF, 0xFFFF, 0xFFFF, 0xFFFF, 0xFFFF, 0xFFFF, 
0xFFFF, 0xFFFF, 0xFFFF, 0xFFFF, 0xFFFF, 0xFFFF, 0xFFFF, 0xFFFF, 0xFFFF, 0xFFFF, 0xFF7B, 0x9BCB, 0xCCAD, 0xE4ED, 0xDCAB, 0xE4CC, 
0xE4CC, 0xE4CC, 0xE4ED, 0xABCA, 0xC553, 0xFFFF, 0xFFFF, 0xFFFF, 0xFFFF, 0xC553, 0xBC4C, 0xFE12, 0xF5D0, 0xFDF1, 0xFDD0, 0xFDF0, 
0xF5D0, 0xFDF1, 0xF5B0, 0xA3A9, 0xF71A, 0xFFFF, 0xFFFF, 0xFFFF, 0xFFFF, 0xFFFF, 0xFFFF, 0xFFFF, 0xFFFF, 0xFFFF, 0xFFFF, 0xFFFF, 
0xFFFF, 0xFFFF, 0xFFFF, 0xFFFF, 0xFFFF, 0xFFFF, 0xFFFF, 0xFFFF, 0xFFFF, 0xFFFF, 0xFFFF, 0xFFFF, 0xFFFF, 0xFFFF, 0xFFFF, 0xFFFF, 
0xFFFF, 0xFFFF, 0xFFFF, 0xFFFF, 0xFFFF, 0xFFFF, 0xFFFF, 0xFFFF, 0xFFFF, 0xFFFF, 0xFFFF, 0xFFFF, 0xFFFF, 0xFFFF, 0xFFFF, 0xFFFF, 
0xFFFF, 0xFFFF, 0xFFFF, 0xFFFF, 0xFFFF, 0xFFFF, 0xFFFF, 0xFFFF, 0xFFFF, 0xFFFF, 0xFFFF, 0xFFFF, 0xFFFF, 0xFFFF, 0xFFFF, 0xFFFF, 
0xFFFF, 0xFFFF, 0xFFFF, 0xFFFF, 0xFFFF, 0xFFFF, 0xFFFF, 0xFFFF, 0xFFFF, 0xFFFF, 0xFFFF, 0xFFFF, 0xFFFF, 0xFFFF, 0xFFFF, 0xFFFF, 
0xFFFF, 0xFFFF, 0xFFFF, 0xFFFF, 0xFFFF, 0xFFFF, 0xFFFF, 0xFFFF, 0xFFFF, 0xFFFF, 0xFFFF, 0xFFFF, 0xFFFF, 0xFFFF, 0xFFDF, 0xFFFF, 
0xFFFF, 0xFFFE, 0xB46E, 0xC48D, 0xDCED, 0xE50D, 0xAB67, 0xD48C, 0xFE11, 0xFDD0, 0xFDD1, 0xFDD0, 0xFDF1, 0xFDF1, 0xF5D1, 0xA3AA, 
0xE698, 0xFFFF, 0xFFFF, 0xFFFF, 0xFFFF, 0xFFFF, 0xFFFF, 0xFFFF, 0xFFFF, 0xFFFF, 0xFFFF, 0xFFFF, 0xFFFF, 0xFFFF, 0xFFFF, 0xFFFF, 
0xFFFF, 0xFFFF, 0xFFFF, 0xFFFF, 0xFFFF, 0xFFFF, 0xFFFF, 0xFFFF, 0xFFFF, 0xFFFE, 0xDDD4, 0xA3AA, 0xDD0E, 0xDCED, 0xDCCC, 0xE4EC, 
0xE4CC, 0xE4ED, 0xDCED, 0xA389, 0xDE37, 0xFFFF, 0xFFDF, 0xFFFF, 0xFFFF, 0xC573, 0xBC4C, 0xFE12, 0xF5B0, 0xFDF0, 0xFDF1, 0xF5D0, 
0xF5D0, 0xFDF1, 0xF5B0, 0xA3AA, 0xEEF9, 0xFFFF, 0xFFFF, 0xFFFF, 0xFFFF, 0xFFFF, 0xFFFF, 0xFFFF, 0xFFFF, 0xFFFF, 0xFFFF, 0xFFFF, 
0xFFFF, 0xFFFF, 0xFFFF, 0xFFFF, 0xFFFF, 0xFFFF, 0xFFFF, 0xFFFF, 0xFFFF, 0xFFFF, 0xFFFF, 0xFFFF, 0xFFFF, 0xFFFF, 0xFFFF, 0xFFFF, 
0xFFFF, 0xFFFF, 0xFFFF, 0xFFFF, 0xFFFF, 0xFFFF, 0xFFFF, 0xFFFF, 0xFFFF, 0xFFFF, 0xFFFF, 0xFFFF, 0xFFFF, 0xFFFF, 0xFFFF, 0xFFFF, 
0xFFFF, 0xFFFF, 0xFFFF, 0xFFFF, 0xFFFF, 0xFFFF, 0xFFFF, 0xFFFF, 0xFFFF, 0xFFFF, 0xFFFF, 0xFFFF, 0xFFFF, 0xFFFF, 0xFFFF, 0xFFFF, 
0xFFFF, 0xFFFF, 0xFFFF, 0xFFFF, 0xFFFF, 0xFFFF, 0xFFFF, 0xFFFF, 0xFFFF, 0xFFFF, 0xFFFF, 0xFFFF, 0xFFFF, 0xFFFF, 0xFFFF, 0xFFFF, 
0xFFFF, 0xFFFF, 0xFFFF, 0xFFFF, 0xFFFF, 0xFFFF, 0xFFFF, 0xFFFF, 0xFFFF, 0xFFFF, 0xFFFF, 0xFFFF, 0xFFFF, 0xFFFF, 0xFFFF, 0xFFFF, 
0xFFDD, 0xF6F9, 0x9BAA, 0xD4EE, 0xDCCD, 0xE4ED, 0xB3A8, 0xCC6B, 0xFE11, 0xFDD0, 0xFDD0, 0xFDD0, 0xFDD1, 0xFDF1, 0xF5B1, 0xA38A, 
0xE6B9, 0xFFFF, 0xFFFF, 0xFFFF, 0xFFFF, 0xFFFF, 0xFFFF, 0xFFFF, 0xFFFF, 0xFFFF, 0xFFFF, 0xFFFF, 0xFFFF, 0xFFFF, 0xFFFF, 0xFFFF, 
0xFFFF, 0xFFFF, 0xFFFF, 0xFFFF, 0xFFFF, 0xFFFF, 0xFFFF, 0xFFFE, 0xFFFE, 0xFFDD, 0xAC0C, 0xCC8C, 0xDCEE, 0xDCCD, 0xE4EC, 0xE4EC, 
0xE4CC, 0xE4ED, 0xD4AC, 0x9B48, 0xEED9, 0xFFFF, 0xFFDF, 0xFFFF, 0xFFFE, 0xCD93, 0xBC4C, 0xFE12, 0xF5D0, 0xFDD0, 0xFDF1, 0xFDF1, 
0xF5D0, 0xFDF1, 0xF5D0, 0xA3CA, 0xE6B8, 0xFFFF, 0xFFFF, 0xFFFF, 0xFFFF, 0xFFFF, 0xFFFF, 0xFFFF, 0xFFFF, 0xFFFF, 0xFFFF, 0xFFFF, 
0xFFFF, 0xFFFF, 0xFFFF, 0xFFFF, 0xFFFF, 0xFFFF, 0xFFFF, 0xFFFF, 0xFFFF, 0xFFFF, 0xFFFF, 0xFFFF, 0xFFFF, 0xFFFF, 0xFFFF, 0xFFFF, 
0xFFFF, 0xFFFF, 0xFFFF, 0xFFFF, 0xFFFF, 0xFFFF, 0xFFFF, 0xFFFF, 0xFFFF, 0xFFFF, 0xFFFF, 0xFFFF, 0xFFFF, 0xFFFF, 0xFFFF, 0xFFFF, 
0xFFFF, 0xFFFF, 0xFFFF, 0xFFFF, 0xFFFF, 0xFFFF, 0xFFFF, 0xFFFF, 0xFFFF, 0xFFFF, 0xFFFF, 0xFFFF, 0xFFFF, 0xFFFF, 0xFFFF, 0xFFFF, 
0xFFFF, 0xFFFF, 0xFFFF, 0xFFFF, 0xFFFF, 0xFFFF, 0xFFFF, 0xFFFF, 0xFFFF, 0xFFFF, 0xFFFF, 0xFFFF, 0xFFFF, 0xFFFF, 0xFFFF, 0xFFFF, 
0xFFFF, 0xFFFF, 0xFFFF, 0xFFFF, 0xFFFF, 0xFFFF, 0xFFFF, 0xFFFF, 0xFFFF, 0xFFFF, 0xFFFF, 0xFFFF, 0xFFDF, 0xFFFF, 0xFFFF, 0xFFDE, 
0xFFDD, 0xBCCF, 0xB42B, 0xDCED, 0xDCED, 0xE4ED, 0xB388, 0xD48C, 0xFE11, 0xFDD0, 0xFDD0, 0xFDD0, 0xFDD1, 0xFDD1, 0xF5B1, 0x9B89, 
0xEED9, 0xFFFF, 0xFFFF, 0xFFFF, 0xFFFF, 0xFFFF, 0xFFFF, 0xFFFF, 0xFFFF, 0xFFFF, 0xFFFF, 0xFFFF, 0xFFFF, 0xFFFF, 0xFFFF, 0xFFFF, 
0xFFFF, 0xFFFF, 0xFFFF, 0xFFFF, 0xFFFF, 0xFFFF, 0xFFFF, 0xFFFE, 0xFFFE, 0xEE77, 0xABA9, 0xDCCD, 0xDCCD, 0xDCED, 0xDCEC, 0xE4CC, 
0xDCCC, 0xE4ED, 0xD48C, 0x9B69, 0xF73B, 0xFFFF, 0xFFFF, 0xFFDF, 0xFFFE, 0xD5B4, 0xBC4C, 0xFE32, 0xFDD0, 0xFDD0, 0xFDF1, 0xF5F1, 
0xF5D0, 0xF5D0, 0xFDF1, 0xA3CA, 0xE698, 0xFFFF, 0xFFFF, 0xFFFF, 0xFFFF, 0xFFFF, 0xFFFF, 0xFFFF, 0xFFFF, 0xFFFF, 0xFFFF, 0xFFFF, 
0xFFFF, 0xFFFF, 0xFFFF, 0xFFFF, 0xFFFF, 0xFFFF, 0xFFFF, 0xFFFF, 0xFFFF, 0xFFFF, 0xFFFF, 0xFFFF, 0xFFFF, 0xFFFF, 0xFFFF, 0xFFFF, 
0xFFFF, 0xFFFF, 0xFFFF, 0xFFFF, 0xFFFF, 0xFFFF, 0xFFFF, 0xFFFF, 0xFFFF, 0xFFFF, 0xFFFF, 0xFFFF, 0xFFFF, 0xFFFF, 0xFFFF, 0xFFFF, 
0xFFFF, 0xFFFF, 0xFFFF, 0xFFFF, 0xFFFF, 0xFFFF, 0xFFFF, 0xFFFF, 0xFFFF, 0xFFFF, 0xFFFF, 0xFFFF, 0xFFFF, 0xFFFF, 0xFFFF, 0xFFFF, 
0xFFFF, 0xFFFF, 0xFFFF, 0xFFFF, 0xFFFF, 0xFFFF, 0xFFFF, 0xFFFF, 0xFFFF, 0xFFFF, 0xFFFF, 0xFFFF, 0xFFFF, 0xFFFF, 0xFFFF, 0xFFFF, 
0xFFFF, 0xFFFF, 0xFFFF, 0xFFFF, 0xFFFF, 0xFFFF, 0xFFFF, 0xFFFF, 0xFFFF, 0xFFFF, 0xFFFF, 0xFFFF, 0xFFFF, 0xFFFF, 0xFFDF, 0xFFFE, 
0xF6B7, 0xA3CA, 0xDCEE, 0xDCCC, 0xE4ED, 0xE4ED, 0xA347, 0xDCEE, 0xFE11, 0xF5D0, 0xFDD0, 0xFDD0, 0xFDD1, 0xFDD1, 0xF5B1, 0x9B69, 
0xEED9, 0xFFFF, 0xFFFF, 0xFFFF, 0xFFFF, 0xFFFF, 0xFFFF, 0xFFFF, 0xFFFF, 0xFFFF, 0xFFFF, 0xFFFF, 0xFFFF, 0xFFFF, 0xFFFF, 0xFFFF, 
0xFFFF, 0xFFFF, 0xFFFF, 0xFFFF, 0xFFFF, 0xFFFF, 0xFFFF, 0xFFFF, 0xFFDC, 0xB46D, 0xCC6C, 0xDCCC, 0xDCCD, 0xDCED, 0xDCEC, 0xE4CC, 
0xE4CC, 0xE4ED, 0xCC6B, 0xA3AA, 0xFF7C, 0xFFFF, 0xFFFF, 0xFFDF, 0xFFFE, 0xCD72, 0xC48D, 0xFE12, 0xFDD0, 0xFDD0, 0xF5D0, 0xF5D1, 
0xFDF1, 0xF5D0, 0xFDF1, 0xABCA, 0xDE77, 0xFFFF, 0xFFFF, 0xFFFF, 0xFFFF, 0xFFFF, 0xFFFF, 0xFFFF, 0xFFFF, 0xFFFF, 0xFFFF, 0xFFFF, 
0xFFFF, 0xFFFF, 0xFFFF, 0xFFFF, 0xFFFF, 0xFFFF, 0xFFFF, 0xFFFF, 0xFFFF, 0xFFFF, 0xFFFF, 0xFFFF, 0xFFFF, 0xFFFF, 0xFFFF, 0xFFFF, 
0xFFFF, 0xFFFF, 0xFFFF, 0xFFFF, 0xFFFF, 0xFFFF, 0xFFFF, 0xFFFF, 0xFFFF, 0xFFFF, 0xFFFF, 0xFFFF, 0xFFFF, 0xFFFF, 0xFFFF, 0xFFFF, 
0xFFFF, 0xFFFF, 0xFFFF, 0xFFFF, 0xFFFF, 0xFFFF, 0xFFFF, 0xFFFF, 0xFFFF, 0xFFFF, 0xFFFF, 0xFFFF, 0xFFFF, 0xFFFF, 0xFFFF, 0xFFFF, 
0xFFFF, 0xFFFF, 0xFFFF, 0xFFFF, 0xFFFF, 0xFFFF, 0xFFFF, 0xFFFF, 0xFFFF, 0xFFFF, 0xFFFF, 0xFFFF, 0xFFFF, 0xFFFF, 0xFFFF, 0xFFFF, 
0xFFFF, 0xFFFF, 0xFFFF, 0xFFFF, 0xFFFF, 0xFFFF, 0xFFFF, 0xFFFF, 0xFFFF, 0xFFFF, 0xFFFF, 0xFFDF, 0xFFFF, 0xFFFF, 0xFFFF, 0xFF9D, 
0xA40C, 0xC48C, 0xE50D, 0xE4EC, 0xE4CC, 0xDCAB, 0xAB88, 0xE52F, 0xFE11, 0xF5D0, 0xFDF0, 0xFDD0, 0xFDD0, 0xFDD1, 0xF5B0, 0x9B69, 
0xEED9, 0xFFFF, 0xFFFF, 0xFFFF, 0xFFFF, 0xFFFF, 0xFFFF, 0xFFFF, 0xFFFF, 0xFFFF, 0xFFFF, 0xFFFF, 0xFFFF, 0xFFFF, 0xFFFF, 0xFFFF, 
0xFFFF, 0xFFFF, 0xFFFF, 0xFFFF, 0xFFFF, 0xFFFF, 0xFFFF, 0xFFDE, 0xDE15, 0xABCA, 0xE50E, 0xE4EC, 0xDCED, 0xDCCC, 0xE4EC, 0xDCEC, 
0xDCEC, 0xE4ED, 0xC44B, 0xA3CB, 0xFFBD, 0xFFFF, 0xFFFF, 0xFFFF, 0xFFDE, 0xB4D0, 0xCCEE, 0xFE12, 0xF5D0, 0xFDD0, 0xF5D1, 0xF5D1, 
0xF5D0, 0xF5D0, 0xFDF1, 0xABEA, 0xD616, 0xFFFF, 0xFFFF, 0xFFFF, 0xFFFF, 0xFFFF, 0xFFFF, 0xFFFF, 0xFFFF, 0xFFFF, 0xFFFF, 0xFFFF, 
0xFFFF, 0xFFFF, 0xFFFF, 0xFFFF, 0xFFFF, 0xFFFF, 0xFFFF, 0xFFFF, 0xFFFF, 0xFFFF, 0xFFFF, 0xFFFF, 0xFFFF, 0xFFFF, 0xFFFF, 0xFFFF, 
0xFFFF, 0xFFFF, 0xFFFF, 0xFFFF, 0xFFFF, 0xFFFF, 0xFFFF, 0xFFFF, 0xFFFF, 0xFFFF, 0xFFFF, 0xFFFF, 0xFFFF, 0xFFFF, 0xFFFF, 0xFFFF, 
0xFFFF, 0xFFFF, 0xFFFF, 0xFFFF, 0xFFFF, 0xFFFF, 0xFFFF, 0xFFFF, 0xFFFF, 0xFFFF, 0xFFFF, 0xFFFF, 0xFFFF, 0xFFFF, 0xFFFF, 0xFFFF, 
0xFFFF, 0xFFFF, 0xFFFF, 0xFFFF, 0xFFFF, 0xFFFF, 0xFFFF, 0xFFFF, 0xFFFF, 0xFFFF, 0xFFFF, 0xFFFF, 0xFFFF, 0xFFFF, 0xFFFF, 0xFFFF, 
0xFFFF, 0xFFFF, 0xFFFF, 0xFFFF, 0xFFFF, 0xFFFF, 0xFFFF, 0xFFFF, 0xFFFF, 0xFFFF, 0xFFFF, 0xFFFF, 0xFFFF, 0xFFDF, 0xFFFE, 0xB4D0, 
0xAC0A, 0xDCED, 0xE4CC, 0xE4CB, 0xE4CC, 0xD4AB, 0xAB67, 0xEDB0, 0xFDF1, 0xF5D0, 0xFDF0, 0xFDD0, 0xFDD0, 0xFDD0, 0xF5B0, 0x9B69, 
0xEED9, 0xFFFF, 0xFFFF, 0xFFFF, 0xFFFF, 0xFFFF, 0xFFFF, 0xFFFF, 0xFFFF, 0xFFFF, 0xFFFF, 0xFFFF, 0xFFFF, 0xFFFF, 0xFFFF, 0xFFFF, 
0xFFFF, 0xFFFF, 0xFFFF, 0xFFFF, 0xFFFF, 0xFFFF, 0xF7DF, 0xFF7C, 0x9BAB, 0xD4CD, 0xDCCC, 0xE4CC, 0xE4EC, 0xDCCC, 0xDCEC, 0xDCEC, 
0xDCEC, 0xDD0D, 0xC42B, 0xA3EB, 0xFFDE, 0xFFFF, 0xFFFF, 0xFFFF, 0xFFDD, 0xA42D, 0xDD50, 0xFE11, 0xF5D0, 0xFDF0, 0xF5F1, 0xF5F1, 
0xF5D1, 0xF5D1, 0xFDF1, 0xABEA, 0xCDF5, 0xFFFF, 0xFFDF, 0xFFFF, 0xFFFF, 0xFFFF, 0xFFFF, 0xFFFF, 0xFFFF, 0xFFFF, 0xFFFF, 0xFFFF, 
0xFFFF, 0xFFFF, 0xFFFF, 0xFFFF, 0xFFFF, 0xFFFF, 0xFFFF, 0xFFFF, 0xFFFF, 0xFFFF, 0xFFFF, 0xFFFF, 0xFFFF, 0xFFFF, 0xFFFF, 0xFFFF, 
0xFFFF, 0xFFFF, 0xFFFF, 0xFFFF, 0xFFFF, 0xFFFF, 0xFFFF, 0xFFFF, 0xFFFF, 0xFFFF, 0xFFFF, 0xFFFF, 0xFFFF, 0xFFFF, 0xFFFF, 0xFFFF, 
0xFFFF, 0xFFFF, 0xFFFF, 0xFFFF, 0xFFFF, 0xFFFF, 0xFFFF, 0xFFFF, 0xFFFF, 0xFFFF, 0xFFFF, 0xFFFF, 0xFFFF, 0xFFFF, 0xFFFF, 0xFFFF, 
0xFFFF, 0xFFFF, 0xFFFF, 0xFFFF, 0xFFFF, 0xFFFF, 0xFFFF, 0xFFFF, 0xFFFF, 0xFFFF, 0xFFFF, 0xFFFF, 0xFFFF, 0xFFFF, 0xFFFF, 0xFFFF, 
0xFFFF, 0xFFFF, 0xFFFF, 0xFFFF, 0xFFFF, 0xFFFF, 0xFFFF, 0xFFFF, 0xFFFF, 0xFFFF, 0xFFFF, 0xFFFF, 0xFFFF, 0xFFFE, 0xDDF4, 0xA38A, 
0xD4CD, 0xDCEC, 0xE4CC, 0xE4CC, 0xE4CC, 0xC42A, 0xB3A8, 0xF5F2, 0xF5D0, 0xFDF0, 0xFDD0, 0xFDD0, 0xFDF0, 0xFDF1, 0xF590, 0x9B69, 
0xEED9, 0xFFFF, 0xFFFF, 0xFFFF, 0xFFFF, 0xFFFF, 0xFFDF, 0xFFFF, 0xFFFF, 0xFFFF, 0xFFFF, 0xFFFF, 0xFFFF, 0xFFFF, 0xFFFF, 0xFFFF, 
0xFFFF, 0xFFFE, 0xFFFF, 0xFFFF, 0xFFFF, 0xFFDE, 0xFFFE, 0xC593, 0xB42C, 0xDD0E, 0xE4EC, 0xECEB, 0xE4CB, 0xDCCB, 0xDCEC, 0xDCEC, 
0xDCCC, 0xDD0E, 0xBC4B, 0xAC4D, 0xFFBD, 0xFFFF, 0xFFFF, 0xFFFF, 0xFF1A, 0xA3CB, 0xEDB1, 0xFDF1, 0xF5D0, 0xF5D0, 0xF5F1, 0xF5F1, 
0xF5F1, 0xF5D0, 0xFDF1, 0xB42B, 0xCD93, 0xFFDE, 0xFFFF, 0xFFFF, 0xFFFF, 0xFFFF, 0xFFFF, 0xFFFF, 0xFFFF, 0xFFFF, 0xFFFF, 0xFFFF, 
0xFFFF, 0xFFFF, 0xFFFF, 0xFFFF, 0xFFFF, 0xFFFF, 0xFFFF, 0xFFFF, 0xFFFF, 0xFFFF, 0xFFFF, 0xFFFF, 0xFFFF, 0xFFFF, 0xFFFF, 0xFFFF, 
0xFFFF, 0xFFFF, 0xFFFF, 0xFFFF, 0xFFFF, 0xFFFF, 0xFFFF, 0xFFFF, 0xFFFF, 0xFFFF, 0xFFFF, 0xFFFF, 0xFFFF, 0xFFFF, 0xFFFF, 0xFFFF, 
0xFFFF, 0xFFFF, 0xFFFF, 0xFFFF, 0xFFFF, 0xFFFF, 0xFFFF, 0xFFFF, 0xFFFF, 0xFFFF, 0xFFFF, 0xFFFF, 0xFFFF, 0xFFFF, 0xFFFF, 0xFFFF, 
0xFFFF, 0xFFFF, 0xFFFF, 0xFFFF, 0xFFFF, 0xFFFF, 0xFFFF, 0xFFFF, 0xFFFF, 0xFFFF, 0xFFFF, 0xFFFF, 0xFFFF, 0xFFFF, 0xFFFF, 0xFFFF, 
0xFFFF, 0xFFFF, 0xFFFF, 0xFFFF, 0xFFFF, 0xFFFF, 0xFFFF, 0xFFFF, 0xFFFF, 0xFFFF, 0xFFFF, 0xFFFF, 0xFFFF, 0xF75B, 0x936A, 0xC46C, 
0xE52E, 0xDCEC, 0xE4CC, 0xE4ED, 0xE4ED, 0xB3A8, 0xC46B, 0xFE12, 0xF5D0, 0xF5D0, 0xFDF0, 0xFDF0, 0xFDF0, 0xFDF1, 0xF5B1, 0x9B89, 
0xEED9, 0xFFFF, 0xFFFF, 0xFFFF, 0xFFFF, 0xFFFF, 0xFFFF, 0xFFFF, 0xFFFF, 0xFFFF, 0xFFFF, 0xFFFF, 0xFFFF, 0xFFFF, 0xFFFF, 0xFFFF, 
0xFFFF, 0xFFFF, 0xFFFF, 0xFFFF, 0xFFFF, 0xFFDE, 0xC5D5, 0x6A87, 0x9B89, 0xB3C9, 0xCC4A, 0xD48A, 0xE4EC, 0xE50D, 0xDD0D, 0xDCED, 
0xE52E, 0xD4CD, 0xB40B, 0xA40C, 0xFFDD, 0xFFDF, 0xFFFF, 0xFFFF, 0xEE76, 0xAC0B, 0xFDF2, 0xFDD0, 0xFDD0, 0xF5F1, 0xF611, 0xF5F1, 
0xFDF1, 0xF5B0, 0xFE12, 0xBC2B, 0xB4CF, 0xFFFD, 0xFFDF, 0xFFFF, 0xFFFF, 0xFFFF, 0xFFFF, 0xFFFF, 0xFFFF, 0xFFFF, 0xFFFF, 0xFFFF, 
0xFFFF, 0xFFFF, 0xFFFF, 0xFFFF, 0xFFFF, 0xFFFF, 0xFFFF, 0xFFFF, 0xFFFF, 0xFFFF, 0xFFFF, 0xFFFF, 0xFFFF, 0xFFFF, 0xFFFF, 0xFFFF, 
0xFFFF, 0xFFFF, 0xFFFF, 0xFFFF, 0xFFFF, 0xFFFF, 0xFFFF, 0xFFFF, 0xFFFF, 0xFFFF, 0xFFFF, 0xFFFF, 0xFFFF, 0xFFFF, 0xFFFF, 0xFFFF, 
0xFFFF, 0xFFFF, 0xFFFF, 0xFFFF, 0xFFFF, 0xFFFF, 0xFFFF, 0xFFFF, 0xFFFF, 0xFFFF, 0xFFFF, 0xFFFF, 0xFFFF, 0xFFFF, 0xFFFF, 0xFFFF, 
0xFFFF, 0xFFFF, 0xFFFF, 0xFFFF, 0xFFFF, 0xFFFF, 0xFFFF, 0xFFFF, 0xFFFF, 0xFFFF, 0xFFFF, 0xFFFF, 0xFFFF, 0xFFFF, 0xFFFF, 0xFFFF, 
0xFFFF, 0xFFFF, 0xFFFF, 0xFFFF, 0xFFFF, 0xFFFF, 0xFFFF, 0xFFFF, 0xFFFF, 0xFFFF, 0xFFDF, 0xFFFF, 0xFFFF, 0xACD1, 0x936A, 0xBC0B, 
0xC46C, 0xDCED, 0xDCCD, 0xE4CD, 0xE50D, 0xAB47, 0xDCCD, 0xFE32, 0xF5D0, 0xF5D0, 0xFDF0, 0xFDD0, 0xF5D0, 0xFDF1, 0xF5B1, 0x9B69, 
0xE6B9, 0xFFFF, 0xFFFF, 0xFFFF, 0xFFFF, 0xFFFF, 0xFFFF, 0xFFFF, 0xFFFF, 0xFFFF, 0xFFFF, 0xFFFF, 0xFFFF, 0xFFFF, 0xFFFF, 0xFFFF, 
0xFFDF, 0xFFFF, 0xFFFF, 0xFFFF, 0xFFFF, 0xAD34, 0x41A5, 0x7309, 0x936A, 0x9308, 0x9B48, 0xA368, 0xB3C9, 0xC42B, 0xCC8D, 0xD4AD, 
0xC44B, 0xAB89, 0x9B69, 0xC511, 0xFFFE, 0xFFFF, 0xFFDE, 0xFFDE, 0xBCF0, 0xCCCE, 0xFE12, 0xF5B0, 0xF5D0, 0xF5D0, 0xFDF0, 0xF5D0, 
0xFDF1, 0xF5D0, 0xFDF1, 0xCCAD, 0xA40C, 0xFFDD, 0xFFDE, 0xFFFF, 0xFFFF, 0xFFFF, 0xFFFF, 0xFFFF, 0xFFFF, 0xFFFF, 0xFFFF, 0xFFFF, 
0xFFFF, 0xFFFF, 0xFFFF, 0xFFFF, 0xFFFF, 0xFFFF, 0xFFFF, 0xFFFF, 0xFFFF, 0xFFFF, 0xFFFF, 0xFFFF, 0xFFFF, 0xFFFF, 0xFFFF, 0xFFFF, 
0xFFFF, 0xFFFF, 0xFFFF, 0xFFFF, 0xFFFF, 0xFFFF, 0xFFFF, 0xFFFF, 0xFFFF, 0xFFFF, 0xFFFF, 0xFFFF, 0xFFFF, 0xFFFF, 0xFFFF, 0xFFFF, 
0xFFFF, 0xFFFF, 0xFFFF, 0xFFFF, 0xFFFF, 0xFFFF, 0xFFFF, 0xFFFF, 0xFFFF, 0xFFFF, 0xFFFF, 0xFFFF, 0xFFFF, 0xFFFF, 0xFFFF, 0xFFFF, 
0xFFFF, 0xFFFF, 0xFFFF, 0xFFFF, 0xFFFF, 0xFFFF, 0xFFFF, 0xFFFF, 0xFFFF, 0xFFFF, 0xFFFF, 0xFFFF, 0xFFFF, 0xFFFF, 0xFFFF, 0xFFFF, 
0xFFFF, 0xFFFF, 0xFFFF, 0xFFFF, 0xFFFF, 0xFFFF, 0xFFFF, 0xFFFF, 0xFFFF, 0xFFFF, 0xFFFF, 0xFFFF, 0xA4D2, 0x51E5, 0x9B6A, 0x9B28, 
0x9B68, 0xA389, 0xABA9, 0xBBC9, 0xBBA8, 0xB3A8, 0xF5B0, 0xFDF1, 0xF5D1, 0xFDF1, 0xF5F1, 0xF5D0, 0xFDF0, 0xFDF1, 0xF5B1, 0xA38A, 
0xE699, 0xFFFF, 0xFFFF, 0xFFFF, 0xFFFF, 0xFFFF, 0xFFFF, 0xFFFF, 0xFFFF, 0xFFFF, 0xFFFF, 0xFFFF, 0xFFFF, 0xFFFF, 0xFFFF, 0xFFFF, 
0xFFFF, 0xFFFF, 0xFFFF, 0xFFFF, 0xDE99, 0x3964, 0x7B4B, 0x8B6C, 0x8B4A, 0x8B4A, 0x9349, 0x9329, 0x9B28, 0x9B28, 0xA349, 0xA348, 
0xA368, 0x8AE7, 0xDDD4, 0xFFDD, 0xFFFF, 0xFFFF, 0xFFDE, 0xFF9C, 0x9B8A, 0xE590, 0xFDF1, 0xFDD0, 0xFE11, 0xFDF0, 0xFDF0, 0xFDF0, 
0xFDF0, 0xFDD0, 0xFDF1, 0xDD0E, 0x938A, 0xFF7B, 0xFFFE, 0xFFDF, 0xFFFF, 0xFFFF, 0xFFFF, 0xFFFF, 0xFFFF, 0xFFFF, 0xFFFF, 0xFFFF, 
0xFFFF, 0xFFFF, 0xFFFF, 0xFFFF, 0xFFFF, 0xFFFF, 0xFFFF, 0xFFFF, 0xFFFF, 0xFFFF, 0xFFFF, 0xFFFF, 0xFFFF, 0xFFFF, 0xFFFF, 0xFFFF, 
0xFFFF, 0xFFFF, 0xFFFF, 0xFFFF, 0xFFFF, 0xFFFF, 0xFFFF, 0xFFFF, 0xFFFF, 0xFFFF, 0xFFFF, 0xFFFF, 0xFFFF, 0xFFFF, 0xFFFF, 0xFFFF, 
0xFFFF, 0xFFFF, 0xFFFF, 0xFFFF, 0xFFFF, 0xFFFF, 0xFFFF, 0xFFFF, 0xFFFF, 0xFFFF, 0xFFFF, 0xFFFF, 0xFFFF, 0xFFFF, 0xFFFF, 0xFFFF, 
0xFFFF, 0xFFFF, 0xFFFF, 0xFFFF, 0xFFFF, 0xFFFF, 0xFFFF, 0xFFFF, 0xFFFF, 0xFFFF, 0xFFFF, 0xFFFF, 0xFFFF, 0xFFFF, 0xFFFF, 0xFFFF, 
0xFFFF, 0xFFFF, 0xFFFF, 0xFFFF, 0xFFFF, 0xFFFF, 0xFFFF, 0xFFFF, 0xFFFF, 0xFFFF, 0xFFDF, 0xC5F7, 0x4185, 0x8B6B, 0x934A, 0x9329, 
0x8B28, 0x9328, 0x9B49, 0xA348, 0x9AC5, 0xCC6B, 0xFDF1, 0xF5D1, 0xF5F1, 0xF5D1, 0xF5F1, 0xFDF1, 0xFDF1, 0xF5D0, 0xF591, 0x9B8A, 
0xEEFA, 0xFFFF, 0xFFFF, 0xFFFF, 0xFFFF, 0xFFFF, 0xFFFF, 0xFFFF, 0xFFFF, 0xFFFF, 0xFFFF, 0xFFFF, 0xFFFF, 0xFFFF, 0xFFFF, 0xFFFF, 
0xFFFF, 0xFFFF, 0xFFFF, 0xFFFF, 0x836C, 0x6267, 0x8B8C, 0x8B4B, 0x8B4B, 0x936B, 0x8B2A, 0x934A, 0x9349, 0x9349, 0x9B49, 0x9B49, 
0x8308, 0x4163, 0xFF7C, 0xFFFF, 0xFFFF, 0xFFFF, 0xFFFE, 0xC532, 0xBC4C, 0xFE12, 0xF5B0, 0xF5B0, 0xF5D1, 0xF5D0, 0xFDD0, 0xFDD0, 
0xFDD0, 0xFDD0, 0xFDF1, 0xDD0F, 0x938A, 0xFF5B, 0xFFFE, 0xFFFF, 0xFFFF, 0xFFFF, 0xFFFF, 0xFFFF, 0xFFFF, 0xFFFF, 0xFFFF, 0xFFFF, 
0xFFFF, 0xFFFF, 0xFFFF, 0xFFFF, 0xFFFF, 0xFFFF, 0xFFFF, 0xFFFF, 0xFFFF, 0xFFFF, 0xFFFF, 0xFFFF, 0xFFFF, 0xFFFF, 0xFFFF, 0xFFFF, 
0xFFFF, 0xFFFF, 0xFFFF, 0xFFFF, 0xFFFF, 0xFFFF, 0xFFFF, 0xFFFF, 0xFFFF, 0xFFFF, 0xFFFF, 0xFFFF, 0xFFFF, 0xFFFF, 0xFFFF, 0xFFFF, 
0xFFFF, 0xFFFF, 0xFFFF, 0xFFFF, 0xFFFF, 0xFFFF, 0xFFFF, 0xFFFF, 0xFFFF, 0xFFFF, 0xFFFF, 0xFFFF, 0xFFFF, 0xFFFF, 0xFFFF, 0xFFFF, 
0xFFFF, 0xFFFF, 0xFFFF, 0xFFFF, 0xFFFF, 0xFFFF, 0xFFFF, 0xFFFF, 0xFFFF, 0xFFFF, 0xFFFF, 0xFFFF, 0xFFFF, 0xFFFF, 0xFFFF, 0xFFFF, 
0xFFFF, 0xFFFF, 0xFFFF, 0xFFFF, 0xFFFF, 0xFFFF, 0xFFFF, 0xFFFF, 0xFFDF, 0xFFFF, 0xFFBE, 0x4A07, 0x730A, 0x8B6B, 0x8B29, 0x934A, 
0x8B6A, 0x8B4A, 0x8B29, 0x9B49, 0xAB69, 0xF590, 0xFDF1, 0xF5D1, 0xFDF2, 0xF5D1, 0xF5F1, 0xF5D0, 0xF5D0, 0xFDF1, 0xE52F, 0x9349, 
0xFF7C, 0xFFFF, 0xFFFF, 0xFFFF, 0xFFFF, 0xFFFF, 0xFFFF, 0xFFFF, 0xFFFF, 0xFFFF, 0xFFFF, 0xFFFF, 0xFFFF, 0xFFFF, 0xFFFF, 0xFFFF, 
0xFFFF, 0xFFFF, 0xFFFF, 0xF77C, 0x5227, 0x7B0A, 0x8B6B, 0x8B2A, 0x8B2B, 0x8B4B, 0x8B4B, 0x8B4A, 0x8B2A, 0x8B4A, 0x8B09, 0x936A, 
0x6246, 0x62C9, 0xFFDE, 0xFFFF, 0xFFFF, 0xFFDF, 0xFF9C, 0x9BCB, 0xE591, 0xFDF1, 0xF5D1, 0xF5D1, 0xFE12, 0xF5F1, 0xFDF1, 0xFDD0, 
0xFDF0, 0xF5B0, 0xFE12, 0xC46D, 0x9BEC, 0xFFBD, 0xFFFF, 0xFFFF, 0xFFFF, 0xFFFF, 0xFFFF, 0xFFFF, 0xFFFF, 0xFFFF, 0xFFFF, 0xFFFF, 
0xFFFF, 0xFFFF, 0xFFFF, 0xFFFF, 0xFFFF, 0xFFFF, 0xFFFF, 0xFFFF, 0xFFFF, 0xFFFF, 0xFFFF, 0xFFFF, 0xFFFF, 0xFFFF, 0xFFFF, 0xFFFF, 
0xFFFF, 0xFFFF, 0xFFFF, 0xFFFF, 0xFFFF, 0xFFFF, 0xFFFF, 0xFFFF, 0xFFFF, 0xFFFF, 0xFFFF, 0xFFFF, 0xFFFF, 0xFFFF, 0xFFFF, 0xFFFF, 
0xFFFF, 0xFFFF, 0xFFFF, 0xFFFF, 0xFFFF, 0xFFFF, 0xFFFF, 0xFFFF, 0xFFFF, 0xFFFF, 0xFFFF, 0xFFFF, 0xFFFF, 0xFFFF, 0xFFFF, 0xFFFF, 
0xFFFF, 0xFFFF, 0xFFFF, 0xFFFF, 0xFFFF, 0xFFFF, 0xFFFF, 0xFFFF, 0xFFFF, 0xFFFF, 0xFFFF, 0xFFFF, 0xFFFF, 0xFFFF, 0xFFFF, 0xFFFF, 
0xFFFF, 0xFFFF, 0xFFFF, 0xFFFF, 0xFFFF, 0xFFFF, 0xFFFF, 0xFFFF, 0xFFFF, 0xFFDF, 0xC5F7, 0x4A27, 0x8BAC, 0x832A, 0x8B6B, 0x8B4A, 
0x834A, 0x8309, 0x936B, 0x9329, 0xA369, 0xE52F, 0xF5B0, 0xFE12, 0xF5F1, 0xF5F1, 0xFDF1, 0xFDD0, 0xFDD0, 0xFE11, 0xCC4C, 0xBC6E, 
0xFFDE, 0xFFFF, 0xFFFF, 0xFFFF, 0xFFFF, 0xFFFF, 0xFFFF, 0xFFFF, 0xFFFF, 0xFFFF, 0xFFFF, 0xFFFF, 0xFFFF, 0xFFFF, 0xFFFF, 0xFFFF, 
0xFFFF, 0xFFFF, 0xFFFF, 0xF75C, 0x4184, 0x836B, 0x8B6B, 0x8B6B, 0x8B6B, 0x8B6B, 0x8B6B, 0x8B6B, 0x834A, 0x8B6B, 0x8B6B, 0x836B, 
0x49A5, 0xACF3, 0xFFFF, 0xFFFF, 0xF7DF, 0xFFFF, 0xE636, 0xA3CB, 0xF5F2, 0xFDD1, 0xFDF1, 0xF5D1, 0xEDD1, 0xF5D1, 0xF5F1, 0xFDF1, 
0xF5B0, 0xFE32, 0xDD50, 0x9349, 0xD616, 0xFFDE, 0xFFFF, 0xFFFF, 0xFFFF, 0xFFFF, 0xFFFF, 0xFFFF, 0xFFFF, 0xFFFF, 0xFFFF, 0xFFFF, 
0xFFFF, 0xFFFF, 0xFFFF, 0xFFFF, 0xFFFF, 0xFFFF, 0xFFFF, 0xFFFF, 0xFFFF, 0xFFFF, 0xFFFF, 0xFFFF, 0xFFFF, 0xFFFF, 0xFFFF, 0xFFFF, 
0xFFFF, 0xFFFF, 0xFFFF, 0xFFFF, 0xFFFF, 0xFFFF, 0xFFFF, 0xFFFF, 0xFFFF, 0xFFFF, 0xFFFF, 0xFFFF, 0xFFFF, 0xFFFF, 0xFFFF, 0xFFFF, 
0xFFFF, 0xFFFF, 0xFFFF, 0xFFFF, 0xFFFF, 0xFFFF, 0xFFFF, 0xFFFF, 0xFFFF, 0xFFFF, 0xFFFF, 0xFFFF, 0xFFFF, 0xFFFF, 0xFFFF, 0xFFFF, 
0xFFFF, 0xFFFF, 0xFFFF, 0xFFFF, 0xFFFF, 0xFFFF, 0xFFFF, 0xFFFF, 0xFFFF, 0xFFFF, 0xFFFF, 0xFFFF, 0xFFFF, 0xFFFF, 0xFFFF, 0xFFFF, 
0xFFFF, 0xFFFF, 0xFFFF, 0xFFFF, 0xFFFF, 0xFFFF, 0xFFFF, 0xFFFF, 0xFFDF, 0xFFFF, 0xBDD6, 0x4A07, 0x836C, 0x8B8C, 0x8B6B, 0x836B, 
0x834B, 0x8B6B, 0x8B4B, 0x6A26, 0x8AC7, 0xA348, 0xB3C9, 0xCC8C, 0xE54F, 0xED91, 0xF590, 0xFDD1, 0xFDF1, 0xF590, 0xA369, 0xEE56, 
0xFFFE, 0xFFDF, 0xFFFF, 0xFFFF, 0xFFFF, 0xFFFF, 0xFFFF, 0xFFFF, 0xFFFF, 0xFFFF, 0xFFFF, 0xFFFF, 0xFFFF, 0xFFFF, 0xFFFF, 0xFFFF, 
0xFFFF, 0xFFFF, 0xFFFF, 0xFFBD, 0x6B0A, 0x49E6, 0x72EA, 0x7B2A, 0x7B2A, 0x834A, 0x7B2A, 0x834B, 0x7B4B, 0x732A, 0x730A, 0x49E5, 
0x5A88, 0xFF9E, 0xFFFF, 0xFFFF, 0xFFFF, 0xFFFF, 0xE636, 0x82E7, 0xABC9, 0xD4CD, 0xEDB0, 0xFE12, 0xFE32, 0xFE32, 0xF5F1, 0xF5F1, 
0xFE12, 0xDD2E, 0x9B69, 0xC531, 0xFFDD, 0xFFDF, 0xFFFF, 0xFFFF, 0xFFFF, 0xFFFF, 0xFFFF, 0xFFFF, 0xFFFF, 0xFFFF, 0xFFFF, 0xFFFF, 
0xFFFF, 0xFFFF, 0xFFFF, 0xFFFF, 0xFFFF, 0xFFFF, 0xFFFF, 0xFFFF, 0xFFFF, 0xFFFF, 0xFFFF, 0xFFFF, 0xFFFF, 0xFFFF, 0xFFFF, 0xFFFF, 
0xFFFF, 0xFFFF, 0xFFFF, 0xFFFF, 0xFFFF, 0xFFFF, 0xFFFF, 0xFFFF, 0xFFFF, 0xFFFF, 0xFFFF, 0xFFFF, 0xFFFF, 0xFFFF, 0xFFFF, 0xFFFF, 
0xFFFF, 0xFFFF, 0xFFFF, 0xFFFF, 0xFFFF, 0xFFFF, 0xFFFF, 0xFFFF, 0xFFFF, 0xFFFF, 0xFFFF, 0xFFFF, 0xFFFF, 0xFFFF, 0xFFFF, 0xFFFF, 
0xFFFF, 0xFFFF, 0xFFFF, 0xFFFF, 0xFFFF, 0xFFFF, 0xFFFF, 0xFFFF, 0xFFFF, 0xFFFF, 0xFFFF, 0xFFFF, 0xFFFF, 0xFFFF, 0xFFFF, 0xFFFF, 
0xFFFF, 0xFFFF, 0xFFFF, 0xFFFF, 0xFFFF, 0xFFFF, 0xFFFF, 0xFFFF, 0xFFFF, 0xFFFF, 0xFFDE, 0x9430, 0x49E5, 0x6288, 0x7B4B, 0x838C, 
0x838C, 0x838C, 0x6247, 0x6206, 0x8B29, 0x9328, 0x9B48, 0x9B27, 0x9B28, 0xA369, 0xAB89, 0xABA9, 0xB40B, 0xABCA, 0xA40D, 0xFFBD, 
0xFFFF, 0xFFFF, 0xFFFF, 0xFFFF, 0xFFFF, 0xFFFF, 0xFFFF, 0xFFFF, 0xFFFF, 0xFFFF, 0xFFFF, 0xFFFF, 0xFFFF, 0xFFFF, 0xFFFF, 0xFFFF, 
0xFFFF, 0xFFFF, 0xFFFF, 0xFFFF, 0xF77C, 0x9CB1, 0x5288, 0x41E6, 0x41C5, 0x49E5, 0x41A5, 0x41C5, 0x41E6, 0x39A5, 0x5227, 0x7BAD, 
0xF75C, 0xFFFF, 0xFFFF, 0xFFFF, 0xFFFF, 0xFFDE, 0x72EA, 0x72A7, 0x9B69, 0x9B28, 0xAB89, 0xBC2B, 0xD4AD, 0xDD0E, 0xED6F, 0xF5B0, 
0xDD0E, 0xA389, 0xBCD0, 0xFFDD, 0xFFDE, 0xFFFF, 0xFFFF, 0xFFFF, 0xFFFF, 0xFFFF, 0xFFFF, 0xFFFF, 0xFFFF, 0xFFFF, 0xFFFF, 0xFFFF, 
0xFFFF, 0xFFFF, 0xFFFF, 0xFFFF, 0xFFFF, 0xFFFF, 0xFFFF, 0xFFFF, 0xFFFF, 0xFFFF, 0xFFFF, 0xFFFF, 0xFFFF, 0xFFFF, 0xFFFF, 0xFFFF, 
0xFFFF, 0xFFFF, 0xFFFF, 0xFFFF, 0xFFFF, 0xFFFF, 0xFFFF, 0xFFFF, 0xFFFF, 0xFFFF, 0xFFFF, 0xFFFF, 0xFFFF, 0xFFFF, 0xFFFF, 0xFFFF, 
0xFFFF, 0xFFFF, 0xFFFF, 0xFFFF, 0xFFFF, 0xFFFF, 0xFFFF, 0xFFFF, 0xFFFF, 0xFFFF, 0xFFFF, 0xFFFF, 0xFFFF, 0xFFFF, 0xFFFF, 0xFFFF, 
0xFFFF, 0xFFFF, 0xFFFF, 0xFFFF, 0xFFFF, 0xFFFF, 0xFFFF, 0xFFFF, 0xFFFF, 0xFFFF, 0xFFFF, 0xFFFF, 0xFFFF, 0xFFFF, 0xFFFF, 0xFFFF, 
0xFFFF, 0xFFFF, 0xFFFF, 0xFFFF, 0xFFFF, 0xFFFF, 0xFFFF, 0xFFFF, 0xFFFF, 0xFFFF, 0xFFFF, 0xFFFF, 0xE698, 0x8BEE, 0x4A06, 0x5207, 
0x6AA8, 0x6247, 0x5A06, 0x834B, 0x8B6B, 0x936A, 0x9328, 0x9349, 0x9349, 0x9349, 0x9B49, 0x9348, 0x8B28, 0x7AC7, 0xDE16, 0xFFFE, 
0xFFFF, 0xFFFF, 0xFFFF, 0xFFFF, 0xFFFF, 0xFFFF, 0xFFFF, 0xFFFF, 0xFFFF, 0xFFFF, 0xFFFF, 0xFFFF, 0xFFFF, 0xFFFF, 0xFFFF, 0xFFFF, 
0xFFFF, 0xFFFF, 0xFFFF, 0xFFDF, 0xFFFF, 0xFFFF, 0xFFDE, 0xF7BD, 0xEF3B, 0xEF5B, 0xEF3B, 0xEF3B, 0xEF3C, 0xEF3C, 0xEF7D, 0xFFFF, 
0xFFFF, 0xFFDE, 0xFFFF, 0xFFFF, 0xFFFF, 0xB574, 0x49C5, 0x8B8B, 0x936A, 0x9329, 0x9328, 0x9328, 0x9B27, 0x9B27, 0xA348, 0xA368, 
0xA389, 0xAC4D, 0xFFDD, 0xFFDE, 0xFFFF, 0xFFFF, 0xFFFF, 0xFFFF, 0xFFFF, 0xFFFF, 0xFFFF, 0xFFFF, 0xFFFF, 0xFFFF, 0xFFFF, 0xFFFF, 
0xFFFF, 0xFFFF, 0xFFFF, 0xFFFF, 0xFFFF, 0xFFFF, 0xFFFF, 0xFFFF, 0xFFFF, 0xFFFF, 0xFFFF, 0xFFFF, 0xFFFF, 0xFFFF, 0xFFFF, 0xFFFF, 
0xFFFF, 0xFFFF, 0xFFFF, 0xFFFF, 0xFFFF, 0xFFFF, 0xFFFF, 0xFFFF, 0xFFFF, 0xFFFF, 0xFFFF, 0xFFFF, 0xFFFF, 0xFFFF, 0xFFFF, 0xFFFF, 
0xFFFF, 0xFFFF, 0xFFFF, 0xFFFF, 0xFFFF, 0xFFFF, 0xFFFF, 0xFFFF, 0xFFFF, 0xFFFF, 0xFFFF, 0xFFFF, 0xFFFF, 0xFFFF, 0xFFFF, 0xFFFF, 
0xFFFF, 0xFFFF, 0xFFFF, 0xFFFF, 0xFFFF, 0xFFFF, 0xFFFF, 0xFFFF, 0xFFFF, 0xFFFF, 0xFFFF, 0xFFFF, 0xFFFF, 0xFFFF, 0xFFFF, 0xFFFF, 
0xFFFF, 0xFFFF, 0xFFFF, 0xFFFF, 0xFFFF, 0xFFFF, 0xFFFF, 0xFFFF, 0xFFFF, 0xFFFF, 0xFFFF, 0xFFFF, 0xFFBE, 0xFFFE, 0xF77C, 0xCE37, 
0x5206, 0x51C4, 0x7B2B, 0x8B6B, 0x8B6B, 0x8B4A, 0x8B49, 0x8B49, 0x8B4A, 0x8B4A, 0x8B4A, 0x8B6A, 0x8B8B, 0x4184, 0xCE38, 0xFFFF, 
0xFFFF, 0xFFFF, 0xFFFF, 0xFFFF, 0xFFFF, 0xFFFF, 0xFFFF, 0xFFFF, 0xFFFF, 0xFFFF, 0xFFFF, 0xFFFF, 0xFFFF, 0xFFFF, 0xFFFF, 0xFFFF, 
0xFFFF, 0xFFDF, 0xFFFF, 0xFFFF, 0xFFFF, 0xFFFF, 0xFFFF, 0xFFFF, 0xFFFF, 0xFFFF, 0xFFFF, 0xFFFF, 0xFFFF, 0xFFFF, 0xFFFF, 0xFFFF, 
0xFFFF, 0xFFFF, 0xFFFF, 0xFFFF, 0xEF5C, 0x41E6, 0x6AEA, 0x8B8C, 0x834A, 0x8B4A, 0x8B4A, 0x9349, 0x9349, 0x9349, 0x9B69, 0x9B8A, 
0x7A87, 0x834A, 0xFFFE, 0xFFFF, 0xFFFF, 0xFFFF, 0xFFFF, 0xFFFF, 0xFFFF, 0xFFFF, 0xFFFF, 0xFFFF, 0xFFFF, 0xFFFF, 0xFFFF, 0xFFFF, 
0xFFFF, 0xFFFF, 0xFFFF, 0xFFFF, 0xFFFF, 0xFFFF, 0xFFFF, 0xFFFF, 0xFFFF, 0xFFFF, 0xFFFF, 0xFFFF, 0xFFFF, 0xFFFF, 0xFFFF, 0xFFFF, 
0xFFFF, 0xFFFF, 0xFFFF, 0xFFFF, 0xFFFF, 0xFFFF, 0xFFFF, 0xFFFF, 0xFFFF, 0xFFFF, 0xFFFF, 0xFFFF, 0xFFFF, 0xFFFF, 0xFFFF, 0xFFFF, 
0xFFFF, 0xFFFF, 0xFFFF, 0xFFFF, 0xFFFF, 0xFFFF, 0xFFFF, 0xFFFF, 0xFFFF, 0xFFFF, 0xFFFF, 0xFFFF, 0xFFFF, 0xFFFF, 0xFFFF, 0xFFFF, 
0xFFFF, 0xFFFF, 0xFFFF, 0xFFFF, 0xFFFF, 0xFFFF, 0xFFFF, 0xFFFF, 0xFFFF, 0xFFFF, 0xFFFF, 0xFFFF, 0xFFFF, 0xFFFF, 0xFFFF, 0xFFFF, 
0xFFFF, 0xFFFF, 0xFFFF, 0xFFFF, 0xFFFF, 0xFFFF, 0xFFFF, 0xFFFF, 0xFFFF, 0xFFFF, 0xFFFF, 0xFFDF, 0xFFFF, 0xFFFF, 0xFFDE, 0xDEB9, 
0x4184, 0x836B, 0x8B8C, 0x7B0A, 0x8B6B, 0x8B6A, 0x8B6A, 0x8B6A, 0x834A, 0x834A, 0x8B6A, 0x834A, 0x838C, 0x41A5, 0xCE39, 0xFFFF, 
0xFFFF, 0xFFFF, 0xFFFF, 0xFFFF, 0xFFFF, 0xFFFF, 0xFFFF, 0xFFFF, 0xFFFF, 0xFFFF, 0xFFFF, 0xFFFF, 0xFFFF, 0xFFFF, 0xFFFF, 0xFFFF, 
0xFFFF, 0xFFFF, 0xFFFF, 0xFFFF, 0xFFDF, 0xFFFF, 0xFFFF, 0xFFFF, 0xFFFF, 0xFFFF, 0xFFFF, 0xFFFF, 0xFFFF, 0xFFFF, 0xFFFF, 0xFFFF, 
0xFFFF, 0xFFFF, 0xFFFF, 0xFFFF, 0xA4D2, 0x49E6, 0x838C, 0x834B, 0x834A, 0x8B6B, 0x8B6A, 0x8B4A, 0x8B6A, 0x8B49, 0x8B29, 0x8B4A, 
0x6266, 0x6288, 0xFFFF, 0xFFFF, 0xFFFF, 0xFFFF, 0xFFFF, 0xFFFF, 0xFFFF, 0xFFFF, 0xFFFF, 0xFFFF, 0xFFFF, 0xFFFF, 0xFFFF, 0xFFFF, 
0xFFFF, 0xFFFF, 0xFFFF, 0xFFFF, 0xFFFF, 0xFFFF, 0xFFFF, 0xFFFF, 0xFFFF, 0xFFFF, 0xFFFF, 0xFFFF, 0xFFFF, 0xFFFF, 0xFFFF, 0xFFFF, 
0xFFFF, 0xFFFF, 0xFFFF, 0xFFFF, 0xFFFF, 0xFFFF, 0xFFFF, 0xFFFF, 0xFFFF, 0xFFFF, 0xFFFF, 0xFFFF, 0xFFFF, 0xFFFF, 0xFFFF, 0xFFFF, 
0xFFFF, 0xFFFF, 0xFFFF, 0xFFFF, 0xFFFF, 0xFFFF, 0xFFFF, 0xFFFF, 0xFFFF, 0xFFFF, 0xFFFF, 0xFFFF, 0xFFFF, 0xFFFF, 0xFFFF, 0xFFFF, 
0xFFFF, 0xFFFF, 0xFFFF, 0xFFFF, 0xFFFF, 0xFFFF, 0xFFFF, 0xFFFF, 0xFFFF, 0xFFFF, 0xFFFF, 0xFFFF, 0xFFFF, 0xFFFF, 0xFFFF, 0xFFFF, 
0xFFFF, 0xFFFF, 0xFFFF, 0xFFFF, 0xFFFF, 0xFFFF, 0xFFFF, 0xFFFF, 0xFFFF, 0xFFFF, 0xFFFF, 0xFFFF, 0xFFFF, 0xFFDF, 0xFFFF, 0xA512, 
0x5226, 0x8BAB, 0x8B6B, 0x8B6B, 0x8B6A, 0x834A, 0x834A, 0x834A, 0x8B6B, 0x8B4A, 0x8B6B, 0x836B, 0x838C, 0x49E6, 0xC617, 0xFFDF, 
0xFFFF, 0xFFFF, 0xFFFF, 0xFFFF, 0xFFFF, 0xFFFF, 0xFFFF, 0xFFFF, 0xFFFF, 0xFFFF, 0xFFFF, 0xFFFF, 0xFFFF, 0xFFFF, 0xFFFF, 0xFFFF, 
0xFFFF, 0xFFFF, 0xFFFF, 0xFFFF, 0xFFDF, 0xFFFF, 0xFFDF, 0xFFDF, 0xFFFF, 0xFFFF, 0xFFFF, 0xFFFF, 0xFFFF, 0xFFFF, 0xFFFF, 0xFFFF, 
0xFFFF, 0xFFFF, 0xFFFF, 0xFFDE, 0x5A68, 0x6AA8, 0x8B8B, 0x8B4A, 0x8B4A, 0x8B6A, 0x8B4A, 0x8B4A, 0x8B4A, 0x8B4A, 0x8B4A, 0x8B8B, 
0x6267, 0x62CA, 0xFFFF, 0xFFFF, 0xFFFF, 0xFFFF, 0xFFFF, 0xFFFF, 0xFFFF, 0xFFFF, 0xFFFF, 0xFFFF, 0xFFFF, 0xFFFF, 0xFFFF, 0xFFFF, 
0xFFFF, 0xFFFF, 0xFFFF, 0xFFFF, 0xFFFF, 0xFFFF, 0xFFFF, 0xFFFF, 0xFFFF, 0xFFFF, 0xFFFF, 0xFFFF, 0xFFFF, 0xFFFF, 0xFFFF, 0xFFFF, 
0xFFFF, 0xFFFF, 0xFFFF, 0xFFFF, 0xFFFF, 0xFFFF, 0xFFFF, 0xFFFF, 0xFFFF, 0xFFFF, 0xFFFF, 0xFFFF, 0xFFFF, 0xFFFF, 0xFFFF, 0xFFFF, 
0xFFFF, 0xFFFF, 0xFFFF, 0xFFFF, 0xFFFF, 0xFFFF, 0xFFFF, 0xFFFF, 0xFFFF, 0xFFFF, 0xFFFF, 0xFFFF, 0xFFFF, 0xFFFF, 0xFFFF, 0xFFFF, 
0xFFFF, 0xFFFF, 0xFFFF, 0xFFFF, 0xFFFF, 0xFFFF, 0xFFFF, 0xFFFF, 0xFFFF, 0xFFFF, 0xFFFF, 0xFFFF, 0xFFFF, 0xFFFF, 0xFFFF, 0xFFFF, 
0xFFFF, 0xFFFF, 0xFFFF, 0xFFFF, 0xFFFF, 0xFFFF, 0xFFFF, 0xFFFF, 0xFFFF, 0xFFFF, 0xFFFF, 0xFFFF, 0xFFFF, 0xFFDF, 0xFFFF, 0xE6FA, 
0x5227, 0x49C5, 0x72A8, 0x832A, 0x8B6B, 0x8B8B, 0x8BAC, 0x8B8C, 0x8B6B, 0x8B8C, 0x836B, 0x7B2A, 0x6AC9, 0x41A5, 0xD679, 0xFFFF, 
0xFFFF, 0xFFFF, 0xFFFF, 0xFFFF, 0xFFFF, 0xFFFF, 0xFFFF, 0xFFFF, 0xFFFF, 0xFFFF, 0xFFFF, 0xFFFF, 0xFFFF, 0xFFFF, 0xFFFF, 0xFFFF, 
0xFFFF, 0xFFFF, 0xFFDF, 0xFFFF, 0xFFFF, 0xFFFF, 0xFFDF, 0xFFFF, 0xFFFF, 0xFFFF, 0xFFFF, 0xFFFF, 0xFFFF, 0xFFFF, 0xFFFF, 0xFFFF, 
0xFFFF, 0xFFFF, 0xFFFF, 0xE6FB, 0x41C5, 0x834B, 0x8B6A, 0x8B6A, 0x8B6B, 0x8B6B, 0x834A, 0x8B4A, 0x8B6A, 0x8B4A, 0x8B4B, 0x8B6C, 
0x6288, 0x62CA, 0xFFFF, 0xFFFF, 0xFFDF, 0xFFFF, 0xFFFF, 0xFFDE, 0xFFFF, 0xFFFF, 0xFFFF, 0xFFFF, 0xFFFF, 0xFFFF, 0xFFFF, 0xFFFF, 
0xFFFF, 0xFFFF, 0xFFFF, 0xFFFF, 0xFFFF, 0xFFFF, 0xFFFF, 0xFFFF, 0xFFFF, 0xFFFF, 0xFFFF, 0xFFFF, 0xFFFF, 0xFFFF, 0xFFFF, 0xFFFF, 
0xFFFF, 0xFFFF, 0xFFFF, 0xFFFF, 0xFFFF, 0xFFFF, 0xFFFF, 0xFFFF, 0xFFFF, 0xFFFF, 0xFFFF, 0xFFFF, 0xFFFF, 0xFFFF, 0xFFFF, 0xFFFF, 
0xFFFF, 0xFFFF, 0xFFFF, 0xFFFF, 0xFFFF, 0xFFFF, 0xFFFF, 0xFFFF, 0xFFFF, 0xFFFF, 0xFFFF, 0xFFFF, 0xFFFF, 0xFFFF, 0xFFFF, 0xFFFF, 
0xFFFF, 0xFFFF, 0xFFFF, 0xFFFF, 0xFFFF, 0xFFFF, 0xFFFF, 0xFFFF, 0xFFFF, 0xFFFF, 0xFFFF, 0xFFFF, 0xFFFF, 0xFFFF, 0xFFFF, 0xFFFF, 
0xFFFF, 0xFFFF, 0xFFFF, 0xFFFF, 0xFFFF, 0xFFFF, 0xFFFF, 0xFFFF, 0xFFFF, 0xFFFF, 0xFFFF, 0xFFFF, 0xFFFF, 0xFFFF, 0xFFFF, 0xFFFF, 
0xF79D, 0xBD95, 0x6AEA, 0x49C5, 0x49C5, 0x49E5, 0x49E6, 0x4A06, 0x49E6, 0x49C6, 0x41A5, 0x41A5, 0x5268, 0x8C2F, 0xFFFF, 0xFFDE, 
0xFFFF, 0xFFFF, 0xFFFF, 0xFFFF, 0xFFFF, 0xFFFF, 0xFFFF, 0xFFFF, 0xFFFF, 0xFFFF, 0xFFFF, 0xFFFF, 0xFFFF, 0xFFFF, 0xFFFF, 0xFFFF, 
0xFFFF, 0xFFFF, 0xFFFF, 0xFFFF, 0xFFFF, 0xFFFF, 0xFFFF, 0xFFFF, 0xFFFF, 0xFFFF, 0xFFFF, 0xFFFF, 0xFFFF, 0xFFFF, 0xFFFF, 0xFFFF, 
0xFFFF, 0xFFFF, 0xFFFF, 0xEF5C, 0x3964, 0x6267, 0x7B09, 0x8329, 0x834B, 0x834B, 0x836C, 0x836C, 0x8B6B, 0x8B6B, 0x836B, 0x7B4B, 
0x5226, 0x5AA9, 0xFFFF, 0xFFFF, 0xFFFF, 0xFFFF, 0xFFDF, 0xFFFF, 0xFFFF, 0xFFFF, 0xFFFF, 0xFFFF, 0xFFFF, 0xFFFF, 0xFFFF, 0xFFFF, 
0xFFFF, 0xFFFF, 0xFFFF, 0xFFFF, 0xFFFF, 0xFFFF, 0xFFFF, 0xFFFF, 0xFFFF, 0xFFFF, 0xFFFF, 0xFFFF, 0xFFFF, 0xFFFF, 0xFFFF, 0xFFFF, 
0xFFFF, 0xFFFF, 0xFFFF, 0xFFFF, 0xFFFF, 0xFFFF, 0xFFFF, 0xFFFF, 0xFFFF, 0xFFFF, 0xFFFF, 0xFFFF, 0xFFFF, 0xFFFF, 0xFFFF, 0xFFFF, 
0xFFFF, 0xFFFF, 0xFFFF, 0xFFFF, 0xFFFF, 0xFFFF, 0xFFFF, 0xFFFF, 0xFFFF, 0xFFFF, 0xFFFF, 0xFFFF, 0xFFFF, 0xFFFF, 0xFFFF, 0xFFFF, 
0xFFFF, 0xFFFF, 0xFFFF, 0xFFFF, 0xFFFF, 0xFFFF, 0xFFFF, 0xFFFF, 0xFFFF, 0xFFFF, 0xFFFF, 0xFFFF, 0xFFFF, 0xFFFF, 0xFFFF, 0xFFFF, 
0xFFFF, 0xFFFF, 0xFFFF, 0xFFFF, 0xFFFF, 0xFFFF, 0xFFFF, 0xFFFF, 0xFFFF, 0xFFFF, 0xFFFF, 0xFFFF, 0xFFFF, 0xFFFF, 0xFFFF, 0xFFFF, 
0xFFFF, 0xFFFF, 0xFFFF, 0xF77D, 0xDE99, 0xCE37, 0xBDD6, 0xBDB5, 0xBD95, 0xC5D6, 0xDE99, 0xEF3C, 0xFFBE, 0xFFFF, 0xFFFF, 0xFFFF, 
0xFFFF, 0xFFFF, 0xFFFF, 0xFFFF, 0xFFFF, 0xFFFF, 0xFFFF, 0xFFFF, 0xFFFF, 0xFFFF, 0xFFFF, 0xFFFF, 0xFFFF, 0xFFFF, 0xFFFF, 0xFFFF, 
0xFFFF, 0xFFFF, 0xFFFF, 0xFFFF, 0xFFFF, 0xFFFF, 0xFFFF, 0xFFFF, 0xFFFF, 0xFFFF, 0xFFFF, 0xFFFF, 0xFFFF, 0xFFFF, 0xFFFF, 0xFFFF, 
0xFFFF, 0xFFFF, 0xFFFF, 0xFFFF, 0xC5D6, 0x62A9, 0x49C5, 0x49A4, 0x41A5, 0x41C5, 0x49C6, 0x49C6, 0x49C5, 0x49C5, 0x49C5, 0x4184, 
0x5A88, 0xD699, 0xFFFF, 0xFFFF, 0xFFFF, 0xFFFF, 0xFFFF, 0xFFFF, 0xFFFF, 0xFFFF, 0xFFFF, 0xFFFF, 0xFFFF, 0xFFFF, 0xFFFF, 0xFFFF, 
0xFFFF, 0xFFFF, 0xFFFF, 0xFFFF, 0xFFFF, 0xFFFF, 0xFFFF, 0xFFFF, 0xFFFF, 0xFFFF, 0xFFFF, 0xFFFF, 0xFFFF, 0xFFFF, 0xFFFF, 0xFFFF, 
0xFFFF, 0xFFFF, 0xFFFF, 0xFFFF, 0xFFFF, 0xFFFF, 0xFFFF, 0xFFFF, 0xFFFF, 0xFFFF, 0xFFFF, 0xFFFF, 0xFFFF, 0xFFFF, 0xFFFF, 0xFFFF, 
0xFFFF, 0xFFFF, 0xFFFF, 0xFFFF, 0xFFFF, 0xFFFF, 0xFFFF, 0xFFFF, 0xFFFF, 0xFFFF, 0xFFFF, 0xFFFF, 0xFFFF, 0xFFFF, 0xFFFF, 0xFFFF, 
0xFFFF, 0xFFFF, 0xFFFF, 0xFFFF, 0xFFFF, 0xFFFF, 0xFFFF, 0xFFFF, 0xFFFF, 0xFFFF, 0xFFFF, 0xFFFF, 0xFFFF, 0xFFFF, 0xFFFF, 0xFFFF, 
0xFFFF, 0xFFFF, 0xFFFF, 0xFFFF, 0xFFFF, 0xFFFF, 0xFFFF, 0xFFFF, 0xFFFF, 0xFFFF, 0xFFFF, 0xFFFF, 0xFFFF, 0xFFFF, 0xFFFF, 0xFFFF, 
0xFFFF, 0xFFFF, 0xFFFF, 0xFFFF, 0xFFFF, 0xFFFF, 0xFFFF, 0xFFFF, 0xFFFF, 0xFFFF, 0xFFFF, 0xFFFF, 0xFFFF, 0xFFFF, 0xFFFF, 0xFFFF, 
0xFFFF, 0xFFFF, 0xFFFF, 0xFFFF, 0xFFFF, 0xFFFF, 0xFFFF, 0xFFFF, 0xFFFF, 0xFFFF, 0xFFFF, 0xFFFF, 0xFFFF, 0xFFFF, 0xFFFF, 0xFFFF, 
0xFFFF, 0xFFFF, 0xFFFF, 0xFFFF, 0xFFFF, 0xFFFF, 0xFFFF, 0xFFFF, 0xFFFF, 0xFFFF, 0xFFFF, 0xFFFF, 0xFFFF, 0xFFFF, 0xFFFF, 0xFFFF, 
0xFFFF, 0xFFFF, 0xFFFF, 0xFFFF, 0xFFFF, 0xFFDE, 0xF75C, 0xDEDA, 0xD679, 0xCE18, 0xBDD7, 0xBDD6, 0xBDD6, 0xBDB6, 0xC617, 0xDE99, 
0xFFFF, 0xFFFF, 0xFFFF, 0xFFFF, 0xFFFF, 0xFFFF, 0xFFFF, 0xFFFF, 0xFFFF, 0xFFFF, 0xFFFF, 0xFFFF, 0xFFFF, 0xFFFF, 0xFFFF, 0xFFFF, 
0xFFFF, 0xFFFF, 0xFFFF, 0xFFFF, 0xFFFF, 0xFFFF, 0xFFFF, 0xFFFF, 0xFFFF, 0xFFFF, 0xFFFF, 0xFFFF, 0xFFFF, 0xFFFF, 0xFFFF, 0xFFFF, 
0xFFFF, 0xFFFF, 0xFFFF, 0xFFFF, 0xFFFF, 0xFFFF, 0xFFFF, 0xFFFF, 0xFFFF, 0xFFFF, 0xFFFF, 0xFFFF, 0xFFFF, 0xFFFF, 0xFFFF, 0xFFFF, 
0xFFFF, 0xFFFF, 0xFFFF, 0xFFFF, 0xFFFF, 0xFFFF, 0xFFFF, 0xFFFF, 0xFFFF, 0xFFFF, 0xFFFF, 0xFFFF, 0xFFFF, 0xFFFF, 0xFFFF, 0xFFFF, 
0xFFFF, 0xFFFF, 0xFFFF, 0xFFFF, 0xFFFF, 0xFFFF, 0xFFFF, 0xFFFF, 0xFFFF, 0xFFFF, 0xFFFF, 0xFFFF, 0xFFFF, 0xFFFF, 0xFFFF, 0xFFFF, 
0xFFFF, 0xFFFF, 0xFFFF, 0xFFFF, 0xFFFF, 0xFFFF, 0xFFFF, 0xFFFF, 0xFFFF, 0xFFFF, 0xFFFF, 0xFFFF, 0xFFFF, 0xFFFF, 0xFFFF, 0xFFFF, 
0xFFFF, 0xFFFF, 0xFFFF, 0xFFFF, 0xFFFF, 0xFFFF, 0xFFFF, 0xFFFF, 0xFFFF, 0xFFFF, 0xFFFF, 0xFFFF, 0xFFFF, 0xFFFF, 0xFFFF, 0xFFFF, 
0xFFFF, 0xFFFF, 0xFFFF, 0xFFFF, 0xFFFF, 0xFFFF, 0xFFFF, 0xFFFF, 0xFFFF, 0xFFFF, 0xFFFF, 0xFFFF, 0xFFFF, 0xFFFF, 0xFFFF, 0xFFFF, 
0xFFFF, 0xFFFF, 0xFFFF, 0xFFFF, 0xFFFF, 0xFFFF, 0xFFFF, 0xFFFF, 0xFFFF, 0xFFFF, 0xFFFF, 0xFFFF, 0xFFFF, 0xFFFF, 0xFFFF, 0xFFFF, 
0xFFFF, 0xFFFF, 0xFFFF, 0xFFFF, 0xFFFF, 0xFFFF, 0xFFFF, 0xFFFF, 0xFFFF, 0xFFFF, 0xFFFF, 0xFFFF, 0xFFFF, 0xFFFF, 0xFFFF, 0xFFFF, 
0xFFFF, 0xFFFF, 0xFFFF, 0xFFFF, 0xFFFF, 0xFFFF, 0xFFFF, 0xFFFF, 0xFFFF, 0xFFFF, 0xFFFF, 0xFFFF, 0xFFFF, 0xFFFF, 0xFFFF, 0xFFFF, 
0xFFFF, 0xFFFF, 0xFFFF, 0xFFFF, 0xFFFF, 0xFFFF, 0xFFFF, 0xFFFF, 0xFFFF, 0xFFFF, 0xFFFF, 0xFFFF, 0xFFFF, 0xFFFF, 0xFFFF, 0xFFFF, 
0xFFFF, 0xFFFF, 0xFFFF, 0xFFFF, 0xFFFF, 0xFFFF, 0xFFFF, 0xFFFF, 0xFFFF, 0xFFFF, 0xFFFF, 0xFFFF, 0xFFFF, 0xFFFF, 0xFFFF, 0xFFFF, 
0xFFFF, 0xFFFF, 0xFFFF, 0xFFFF, 0xFFFF, 0xFFFF, 0xFFFF, 0xFFFF, 0xFFFF, 0xFFFF, 0xFFFF, 0xFFFF, 0xFFFF, 0xFFFF, 0xFFFF, 0xFFFF, 
0xFFFF, 0xFFFF, 0xFFFF, 0xFFFF, 0xFFFF, 0xFFFF, 0xFFFF, 0xFFFF, 0xFFFF, 0xFFFF, 0xFFFF, 0xFFFF, 0xFFFF, 0xFFFF, 0xFFFF, 0xFFFF, 
0xFFFF, 0xFFFF, 0xFFFF, 0xFFFF, 0xFFFF, 0xFFFF, 0xFFFF, 0xFFFF, 0xFFFF, 0xFFFF, 0xFFFF, 0xFFFF, 0xFFFF, 0xFFFF, 0xFFFF, 0xFFFF, 
0xFFFF, 0xFFFF, 0xFFFF, 0xFFFF, 0xFFFF, 0xFFFF, 0xFFFF, 0xFFFF, 0xFFFF, 0xFFFF, 0xFFFF, 0xFFFF, 0xFFFF, 0xFFFF, 0xFFFF, 0xFFFF, 
0xFFFF, 0xFFFF, 0xFFFF, 0xFFFF, 0xFFFF, 0xFFFF, 0xFFFF, 0xFFFF, 0xFFFF, 0xFFFF, 0xFFFF, 0xFFFF, 0xFFFF, 0xFFFF, 0xFFFF, 0xFFFF, 
0xFFFF, 0xFFFF, 0xFFFF, 0xFFFF, 0xFFFF, 0xFFFF, 0xFFFF, 0xFFFF, 0xFFFF, 0xFFFF, 0xFFFF, 0xFFFF, 0xFFFF, 0xFFFF, 0xFFFF, 0xFFFF, 
0xFFFF, 0xFFFF, 0xFFFF, 0xFFFF, 0xFFFF, 0xFFFF, 0xFFFF, 0xFFFF, 0xFFFF, 0xFFFF, 0xFFFF, 0xFFDF, 0xFFFF, 0xFFFF, 0xFFFF, 0xFFFF, 
0xFFFF, 0xFFFF, 0xFFFF, 0xFFFF, 0xFFFF, 0xFFFF, 0xFFFF, 0xFFFF, 0xFFFF, 0xFFFF, 0xFFFF, 0xFFFF, 0xFFFF, 0xFFFF, 0xFFFF, 0xFFFF, 
0xFFFF, 0xFFFF, 0xFFFF, 0xFFFF, 0xFFFF, 0xFFFF, 0xFFFF, 0xFFFF, 0xFFFF, 0xFFFF, 0xFFFF, 0xFFFF, 0xFFFF, 0xFFFF, 0xFFFF, 0xFFFF, 
0xFFFF, 0xFFFF, 0xFFFF, 0xFFFF, 0xFFFF, 0xFFFF, 0xFFFF, 0xFFFF, 0xFFFF, 0xFFFF, 0xFFFF, 0xFFFF, 0xFFFF, 0xFFFF, 0xFFFF, 0xFFFF, 
0xFFFF, 0xFFFF, 0xFFFF, 0xFFFF, 0xFFFF, 0xFFFF, 0xFFFF, 0xFFFF, 0xFFFF, 0xFFFF, 0xFFFF, 0xFFFF, 0xFFFF, 0xFFFF, 0xFFFF, 0xFFFF, 
0xFFFF, 0xFFFF, 0xFFFF, 0xFFFF, 0xFFFF, 0xFFFF, 0xFFFF, 0xFFFF, 0xFFFF, 0xFFFF, 0xFFFF, 0xFFFF, 0xFFFF, 0xFFFF, 0xFFFF, 0xFFFF, 
0xFFFF, 0xFFFF, 0xFFFF, 0xFFFF, 0xFFFF, 0xFFFF, 0xFFFF, 0xFFFF, 0xFFFF, 0xFFFF, 0xFFFF, 0xFFFF, 0xFFFF, 0xFFFF, 0xFFFF, 0xFFFF, 
0xFFFF, 0xFFFF, 0xFFFF, 0xFFFF, 0xFFFF, 0xFFFF, 0xFFFF, 0xFFFF, 0xFFFF, 0xFFFF, 0xFFFF, 0xFFFF, 0xFFFF, 0xFFFF, 0xFFFF, 0xFFFF, 
0xFFFF, 0xFFFF, 0xFFFF, 0xFFFF, 0xFFFF, 0xFFFF, 0xFFFF, 0xFFFF, 0xFFFF, 0xFFFF, 0xFFFF, 0xFFFF, 0xFFFF, 0xFFFF, 0xFFFF, 0xFFFF, 
0xFFFF, 0xFFFF, 0xFFFF, 0xFFFF, 0xFFFF, 0xFFFF, 0xFFFF, 0xFFFF, 0xFFFF, 0xFFFF, 0xFFFF, 0xFFFF, 0xFFFF, 0xFFFF, 0xFFFF, 0xFFFF, 
0xFFFF, 0xFFFF, 0xFFFF, 0xFFFF, 0xFFFF, 0xFFFF, 0xFFFF, 0xFFFF, 0xFFFF, 0xFFFF, 0xFFFF, 0xFFFF, 0xFFFF, 0xFFFF, 0xFFFF, 0xFFFF, 
0xFFFF, 0xFFFF, 0xFFFF, 0xFFFF, 0xFFFF, 0xFFFF, 0xFFFF, 0xFFFF, 0xFFFF, 0xFFFF, 0xFFFF, 0xFFFF, 0xFFFF, 0xFFFF, 0xFFFF, 0xFFFF, 
0xFFFF, 0xFFFF, 0xFFFF, 0xFFFF, 0xFFFF, 0xFFFF, 0xFFFF, 0xFFFF, 0xFFFF, 0xFFFF, 0xFFFF, 0xFFFF, 0xFFFF, 0xFFFF, 0xFFFF, 0xFFFF, 
0xFFFF, 0xFFFF, 0xFFFF, 0xFFFF, 0xFFFF, 0xFFFF, 0xFFFF, 0xFFFF, 0xFFFF, 0xFFFF, 0xFFFF, 0xFFFF, 0xFFFF, 0xFFFF, 0xFFFF, 0xFFFF, 
0xFFFF, 0xFFFF, 0xFFFF, 0xFFFF, 0xFFFF, 0xFFFF, 0xFFFF, 0xFFFF, 0xFFFF, 0xFFFF, 0xFFFF, 0xFFFF, 0xFFFF, 0xFFFF, 0xFFFF, 0xFFFF, 
0xFFFF, 0xFFFF, 0xFFFF, 0xFFFF, 0xFFFF, 0xFFFF, 0xFFFF, 0xFFFF, 0xFFFF, 0xFFFF, 0xFFFF, 0xFFFF, 0xFFFF, 0xFFFF, 0xFFFF, 0xFFFF, 
0xFFFF, 0xFFFF, 0xFFFF, 0xFFFF, 0xFFFF, 0xFFFF, 0xFFFF, 0xFFFF, 0xFFFF, 0xFFFF, 0xFFFF, 0xFFFF, 0xFFFF, 0xFFFF, 0xFFFF, 0xFFFF, 
0xFFFF, 0xFFFF, 0xFFFF, 0xFFFF, 0xFFFF, 0xFFFF, 0xFFFF, 0xFFFF, 0xFFFF, 0xFFFF, 0xFFFF, 0xFFFF, 0xFFFF, 0xFFFF, 0xFFFF, 0xFFFF, 
0xFFFF, 0xFFFF, 0xFFFF, 0xFFFF, 0xFFFF, 0xFFFF, 0xFFFF, 0xFFFF, 0xFFFF, 0xFFFF, 0xFFFF, 0xFFFF, 0xFFFF, 0xFFFF, 0xFFFF, 0xFFFF, 
0xFFFF, 0xFFFF, 0xFFFF, 0xFFFF, 0xFFFF, 0xFFFF, 0xFFFF, 0xFFFF, 0xFFFF, 0xFFFF, 0xFFFF, 0xFFFF, 0xFFFF, 0xFFFF, 0xFFFF, 0xFFFF, 
0xFFFF, 0xFFFF, 0xFFFF, 0xFFFF, 0xFFFF, 0xFFFF, 0xFFFF, 0xFFFF, 0xFFFF, 0xFFFF, 0xFFFF, 0xFFFF, 0xFFFF, 0xFFFF, 0xFFFF, 0xFFFF, 
0xFFFF, 0xFFFF, 0xFFFF, 0xFFFF, 0xFFFF, 0xFFFF, 0xFFFF, 0xFFFF, 0xFFFF, 0xFFFF, 0xFFFF, 0xFFFF, 0xFFFF, 0xFFFF, 0xFFFF, 0xFFFF, 
0xFFFF, 0xFFFF, 0xFFFF, 0xFFFF, 0xFFFF, 0xFFFF, 0xFFFF, 0xFFFF, 0xFFFF, 0xFFFF, 0xFFFF, 0xFFFF, 0xFFFF, 0xFFFF, 0xFFFF, 0xFFFF, 
0xFFFF, 0xFFFF, 0xFFFF, 0xFFFF, 0xFFFF, 0xFFFF, 0xFFFF, 0xFFFF, 0xFFFF, 0xFFFF, 0xFFFF, 0xFFFF, 0xFFFF, 0xFFFF, 0xFFFF, 0xFFFF, 
0xFFFF, 0xFFFF, 0xFFFF, 0xFFFF, 0xFFFF, 0xFFFF, 0xFFFF, 0xFFFF, 0xFFFF, 0xFFFF, 0xFFFF, 0xFFFF, 0xFFFF, 0xFFFF, 0xFFFF, 0xFFFF, 
0xFFFF, 0xFFFF, 0xFFFF, 0xFFFF, 0xFFFF, 0xFFFF, 0xFFFF, 0xFFFF, 0xFFFF, 0xFFFF, 0xFFFF, 0xFFFF, 0xFFFF, 0xFFFF, 0xFFFF, 0xFFFF, 
0xFFFF, 0xFFFF, 0xFFFF, 0xFFFF, 0xFFFF, 0xFFFF, 0xFFFF, 0xFFFF, 0xFFFF, 0xFFFF, 0xFFFF, 0xFFFF, 0xFFFF, 0xFFFF, 0xFFFF, 0xFFFF, 
0xFFFF, 0xFFFF, 0xFFFF, 0xFFFF, 0xFFFF, 0xFFFF, 0xFFFF, 0xFFFF, 0xFFFF, 0xFFFF, 0xFFFF, 0xFFFF, 0xFFFF, 0xFFFF, 0xFFFF, 0xFFFF, 
0xFFFF, 0xFFFF, 0xFFFF, 0xFFFF, 0xFFFF, 0xFFFF, 0xFFFF, 0xFFFF, 0xFFFF, 0xFFFF, 0xFFFF, 0xFFFF, 0xFFFF, 0xFFFF, 0xFFFF, 0xFFFF, 
0xFFFF, 0xFFFF, 0xFFFF, 0xFFFF, 0xFFFF, 0xFFFF, 0xFFFF, 0xFFFF, 0xFFFF, 0xFFFF, 0xFFFF, 0xFFFF, 0xFFFF, 0xFFFF, 0xFFFF, 0xFFFF, 
0xFFFF, 0xFFFF, 0xFFFF, 0xFFFF, 0xFFFF, 0xFFFF, 0xFFFF, 0xFFFF, 0xFFFF, 0xFFFF, 0xFFFF, 0xFFFF, 0xFFFF, 0xFFFF, 0xFFFF, 0xFFFF, 
0xFFFF, 0xFFFF, 0xFFFF, 0xFFFF, 0xFFFF, 0xFFFF, 0xFFFF, 0xFFFF, 0xFFFF, 0xFFFF, 0xFFFF, 0xFFFF, 0xFFFF, 0xFFFF, 0xFFFF, 0xFFFF, 
0xFFFF, 0xFFFF, 0xFFFF, 0xFFFF, 0xFFFF, 0xFFFF, 0xFFFF, 0xFFFF, 0xFFFF, 0xFFFF, 0xFFFF, 0xFFFF, 0xFFFF, 0xFFFF, 0xFFFF, 0xFFFF, 
0xFFFF, 0xFFFF, 0xFFFF, 0xFFFF, 0xFFFF, 0xFFFF, 0xFFFF, 0xFFFF, 0xFFFF, 0xFFFF, 0xFFFF, 0xFFFF, 0xFFFF, 0xFFFF, 0xFFFF, 0xFFFF, 
0xFFFF, 0xFFFF, 0xFFFF, 0xFFFF, 0xFFFF, 0xFFFF, 0xFFFF, 0xFFFF, 0xFFFF, 0xFFFF, 0xFFFF, 0xFFFF, 0xFFFF, 0xFFFF, 0xFFFF, 0xFFFF, 
0xFFFF, 0xFFFF, 0xFFFF, 0xFFFF, 0xFFFF, 0xFFFF, 0xFFFF, 0xFFFF, 0xFFFF, 0xFFFF, 0xFFFF, 0xFFFF, 0xFFFF, 0xFFFF, 0xFFFF, 0xFFFF, 
0xFFFF, 0xFFFF, 0xFFFF, 0xFFFF, 0xFFFF, 0xFFFF, 0xFFFF, 0xFFFF, 0xFFFF, 0xFFFF, 0xFFFF, 0xFFFF, 0xFFFF, 0xFFFF, 0xFFFF, 0xFFFF, 
0xFFFF, 0xFFFF, 0xFFFF, 0xFFFF, 0xFFFF, 0xFFFF, 0xFFFF, 0xFFFF, 0xFFFF, 0xFFFF, 0xFFFF, 0xFFFF, 0xFFFF, 0xFFFF, 0xFFFF, 0xFFFF, 
0xFFFF, 0xFFFF, 0xFFFF, 0xFFFF, 0xFFFF, 0xFFFF, 0xFFFF, 0xFFFF, 0xFFFF, 0xFFFF, 0xFFFF, 0xFFFF, 0xFFFF, 0xFFFF, 0xFFFF, 0xFFFF, 
0xFFFF, 0xFFFF, 0xFFFF, 0xFFFF, 0xFFFF, 0xFFFF, 0xFFFF, 0xFFFF, 0xFFFF, 0xFFFF, 0xFFFF, 0xFFFF, 0xFFFF, 0xFFFF, 0xFFFF, 0xFFFF, 
0xFFFF, 0xFFFF, 0xFFFF, 0xFFFF, 0xFFFF, 0xFFFF, 0xFFFF, 0xFFFF, 0xFFFF, 0xFFFF, 0xFFFF, 0xFFFF, 0xFFFF, 0xFFFF, 0xFFFF, 0xFFFF, 
0xFFFF, 0xFFFF, 0xFFFF, 0xFFFF, 0xFFFF, 0xFFFF, 0xFFFF, 0xFFFF, 0xFFFF, 0xFFFF, 0xFFFF, 0xFFFF, 0xFFFF, 0xFFFF, 0xFFFF, 0xFFFF, 
0xFFFF, 0xFFFF, 0xFFFF, 0xFFFF, 0xFFFF, 0xFFFF, 0xFFFF, 0xFFFF, 0xFFFF, 0xFFFF, 0xFFFF, 0xFFFF, 0xFFFF, 0xFFFF, 0xFFFF, 0xFFFF, 
0xFFFF, 0xFFFF, 0xFFFF, 0xFFFF, 0xFFFF, 0xFFFF, 0xFFFF, 0xFFFF, 0xFFFF, 0xFFFF, 0xFFFF, 0xFFFF, 0xFFFF, 0xFFFF, 0xFFFF, 0xFFFF, 
0xFFFF, 0xFFFF, 0xFFFF, 0xFFFF, 0xFFFF, 0xFFFF, 0xFFFF, 0xFFFF, 0xFFFF, 0xFFFF, 0xFFFF, 0xFFFF, 0xFFFF, 0xFFFF, 0xFFFF, 0xFFFF, 
0xFFFF, 0xFFFF, 0xFFFF, 0xFFFF, 0xFFFF, 0xFFFF, 0xFFFF, 0xFFFF, 0xFFFF, 0xFFFF, 0xFFFF, 0xFFFF, 0xFFFF, 0xFFFF, 0xFFFF, 0xFFFF, 
0xFFFF, 0xFFFF, 0xFFFF, 0xFFFF, 0xFFFF, 0xFFFF, 0xFFFF, 0xFFFF, 0xFFFF, 0xFFFF, 0xFFFF, 0xFFFF, 0xFFFF, 0xFFFF, 0xFFFF, 0xFFFF, 
0xFFFF, 0xFFFF, 0xFFFF, 0xFFFF, 0xFFFF, 0xFFFF, 0xFFFF, 0xFFFF, 0xFFFF, 0xFFFF, 0xFFFF, 0xFFFF, 0xFFFF, 0xFFFF, 0xFFFF, 0xFFFF, 
0xFFFF, 0xFFFF, 0xFFFF, 0xFFFF, 0xFFFF, 0xFFFF, 0xFFFF, 0xFFFF, 0xFFFF, 0xFFFF, 0xFFFF, 0xFFFF, 0xFFFF, 0xFFFF, 0xFFFF, 0xFFFF, 
0xFFFF, 0xFFFF, 0xFFFF, 0xFFFF, 0xFFFF, 0xFFFF, 0xFFFF, 0xFFFF, 0xFFFF, 0xFFFF, 0xFFFF, 0xFFFF, 0xFFFF, 0xFFFF, 0xFFFF, 0xFFFF, 
0xFFFF, 0xFFFF, 0xFFFF, 0xFFFF, 0xFFFF, 0xFFFF, 0xFFFF, 0xFFFF, 0xFFFF, 0xFFFF, 0xFFFF, 0xFFFF, 0xFFFF, 0xFFFF, 0xFFFF, 0xFFFF, 
0xFFFF, 0xFFFF, 0xFFFF, 0xFFFF, 0xFFFF, 0xFFFF, 0xFFFF, 0xFFFF, 0xFFFF, 0xFFFF, 0xFFFF, 0xFFFF, 0xFFFF, 0xFFFF, 0xFFFF, 0xFFFF, 
0xFFFF, 0xFFFF, 0xFFFF, 0xFFFF, 0xFFFF, 0xFFFF, 0xFFFF, 0xFFFF, 0xFFFF, 0xFFFF, 0xFFFF, 0xFFFF, 0xFFFF, 0xFFFF, 0xFFFF, 0xFFFF, 
0xFFFF, 0xFFFF, 0xFFFF, 0xFFFF, 0xFFFF, 0xFFFF, 0xFFFF, 0xFFFF, 0xFFFF, 0xFFFF, 0xFFFF, 0xFFFF, 0xFFFF, 0xFFFF, 0xFFFF, 0xFFFF, 
0xFFFF, 0xFFFF, 0xFFFF, 0xFFFF, 0xFFFF, 0xFFFF, 0xFFFF, 0xFFFF, 0xFFFF, 0xFFFF, 0xFFFF, 0xFFFF, 0xFFFF, 0xFFFF, 0xFFFF, 0xFFFF, 
0xFFFF, 0xFFFF, 0xFFFF, 0xFFFF, 0xFFFF, 0xFFFF, 0xFFFF, 0xFFFF, 0xFFFF, 0xFFFF, 0xFFFF, 0xFFFF, 0xFFFF, 0xFFFF, 0xFFFF, 0xFFFF, 
0xFFFF, 0xFFFF, 0xFFFF, 0xFFFF, 0xFFFF, 0xFFFF, 0xFFFF, 0xFFFF, 0xFFFF, 0xFFFF, 0xFFFF, 0xFFFF, 0xFFFF, 0xFFFF, 0xFFFF, 0xFFFF, 
0xFFFF, 0xFFFF, 0xFFFF, 0xFFFF, 0xFFFF, 0xFFFF, 0xFFFF, 0xFFFF, 0xFFFF, 0xFFFF, 0xFFFF, 0xFFFF, 0xFFFF, 0xFFFF, 0xFFFF, 0xFFFF, 
0xFFFF, 0xFFFF, 0xFFFF, 0xFFFF, 0xFFFF, 0xFFFF, 0xFFFF, 0xFFFF, 0xFFFF, 0xFFFF, 0xFFFF, 0xFFFF, 0xFFFF, 0xFFFF, 0xFFFF, 0xFFFF, 
0xFFFF, 0xFFFF, 0xFFFF, 0xFFFF, 0xFFFF, 0xFFFF, 0xFFFF, 0xFFFF, 0xFFFF, 0xFFFF, 0xFFFF, 0xFFFF, 0xFFFF, 0xFFFF, 0xFFFF, 0xFFFF, 
0xFFFF, 0xFFFF, 0xFFFF, 0xFFFF, 0xFFFF, 0xFFFF, 0xFFFF, 0xFFFF, 0xFFFF, 0xFFFF, 0xFFFF, 0xFFFF, 0xFFFF, 0xFFFF, 0xFFFF, 0xFFFF, 
0xFFFF, 0xFFFF, 0xFFFF, 0xFFFF, 0xFFFF, 0xFFFF, 0xFFFF, 0xFFFF, 0xFFFF, 0xFFFF, 0xFFFF, 0xFFFF, 0xFFFF, 0xFFFF, 0xFFFF, 0xFFFF, 
0xFFFF, 0xFFFF, 0xFFFF, 0xFFFF, 0xFFFF, 0xFFFF, 0xFFFF, 0xFFFF, 0xFFFF, 0xFFFF, 0xFFFF, 0xFFFF, 0xFFFF, 0xFFFF, 0xFFFF, 0xFFFF, 
0xFFFF, 0xFFFF, 0xFFFF, 0xFFFF, 0xFFFF, 0xFFFF, 0xFFFF, 0xFFFF, 0xFFFF, 0xFFFF, 0xFFFF, 0xFFFF, 0xFFFF, 0xFFFF, 0xFFFF, 0xFFFF, 
0xFFFF, 0xFFFF, 0xFFFF, 0xFFFF, 0xFFFF, 0xFFFF, 0xFFFF, 0xFFFF, 0xFFFF, 0xFFFF, 0xFFFF, 0xFFFF, 0xFFFF, 0xFFFF, 0xFFFF, 0xFFFF, 
0xFFFF, 0xFFFF, 0xFFFF, 0xFFFF, 0xFFFF, 0xFFFF, 0xFFFF, 0xFFFF, 0xFFFF, 0xFFFF, 0xFFFF, 0xFFFF, 0xFFFF, 0xFFFF, 0xFFFF, 0xFFFF, 
0xFFFF, 0xFFFF, 0xFFFF, 0xFFFF, 0xFFFF, 0xFFFF, 0xFFFF, 0xFFFF, 0xFFFF, 0xFFFF, 0xFFFF, 0xFFFF, 0xFFFF, 0xFFFF, 0xFFFF, 0xFFFF, 
0xFFFF, 0xFFFF, 0xFFFF, 0xFFFF, 0xFFFF, 0xFFFF, 0xFFFF, 0xFFFF, 0xFFFF, 0xFFFF, 0xFFFF, 0xFFFF, 0xFFFF, 0xFFFF, 0xFFFF, 0xFFFF, 
0xFFFF, 0xFFFF, 0xFFFF, 0xFFFF, 0xFFFF, 0xFFFF, 0xFFFF, 0xFFFF, 0xFFFF, 0xFFFF, 0xFFFF, 0xFFFF, 0xFFFF, 0xFFFF, 0xFFFF, 0xFFFF, 
0xFFFF, 0xFFFF, 0xFFFF, 0xFFFF, 0xFFFF, 0xFFFF, 0xFFFF, 0xFFFF, 0xFFFF, 0xFFFF, 0xFFFF, 0xFFFF, 0xFFFF, 0xFFFF, 0xFFFF, 0xFFFF, 
0xFFFF, 0xFFFF, 0xFFFF, 0xFFFF, 0xFFFF, 0xFFFF, 0xFFFF, 0xFFFF, 0xFFFF, 0xFFFF, 0xFFFF, 0xFFFF, 0xFFFF, 0xFFFF, 0xFFFF, 0xFFFF, 
0xFFFF, 0xFFFF, 0xFFFF, 0xFFFF, 0xFFFF, 0xFFFF, 0xFFFF, 0xFFFF, 0xFFFF, 0xFFFF, 0xFFFF, 0xFFFF, 0xFFFF, 0xFFFF, 0xFFFF, 0xFFFF, 
0xFFFF, 0xFFFF, 0xFFFF, 0xFFFF, 0xFFFF, 0xFFFF, 0xFFFF, 0xFFFF, 0xFFFF, 0xFFFF, 0xFFFF, 0xFFFF, 0xFFFF, 0xFFFF, 0xFFFF, 0xFFFF, 
0xFFFF, 0xFFFF, 0xFFFF, 0xFFFF, 0xFFFF, 0xFFFF, 0xFFFF, 0xFFFF, 0xFFFF, 0xFFFF, 0xFFFF, 0xFFFF, 0xFFFF, 0xFFFF, 0xFFFF, 0xFFFF, 
0xFFFF, 0xFFFF, 0xFFFF, 0xFFFF, 0xFFFF, 0xFFFF, 0xFFFF, 0xFFFF, 0xFFFF, 0xFFFF, 0xFFFF, 0xFFFF, 0xFFFF, 0xFFFF, 0xFFFF, 0xFFFF, 
0xFFFF, 0xFFFF, 0xFFFF, 0xFFFF, 0xFFFF, 0xFFFF, 0xFFFF, 0xFFFF, 0xFFFF, 0xFFFF, 0xFFFF, 0xFFFF, 0xFFFF, 0xFFFF, 0xFFFF, 0xFFFF, 
0xFFFF, 0xFFFF, 0xFFFF, 0xFFFF, 0xFFFF, 0xFFFF, 0xFFFF, 0xFFFF, 0xFFFF, 0xFFFF, 0xFFFF, 0xFFFF, 0xFFFF, 0xFFFF, 0xFFFF, 0xFFFF, 
0xFFFF, 0xFFFF, 0xFFFF, 0xFFFF, 0xFFFF, 0xFFFF, 0xFFFF, 0xFFFF, 0xFFFF, 0xFFFF, 0xFFFF, 0xFFFF, 0xFFFF, 0xFFFF, 0xFFFF, 0xFFFF, 
0xFFFF, 0xFFFF, 0xFFFF, 0xFFFF, 0xFFFF, 0xFFFF, 0xFFFF, 0xFFFF, 0xFFFF, 0xFFFF, 0xFFFF, 0xFFFF, 0xFFFF, 0xFFFF, 0xFFFF, 0xFFFF, 
0xFFFF, 0xFFFF, 0xFFFF, 0xFFFF, 0xFFFF, 0xFFFF, 0xFFFF, 0xFFFF, 0xFFFF, 0xFFFF, 0xFFFF, 0xFFFF, 0xFFFF, 0xFFFF, 0xFFFF, 0xFFFF, 
0xFFFF, 0xFFFF, 0xFFFF, 0xFFFF, 0xFFFF, 0xFFFF, 0xFFFF, 0xFFFF, 0xFFFF, 0xFFFF, 0xFFFF, 0xFFFF, 0xFFFF, 0xFFFF, 0xFFFF, 0xFFFF, 
0xFFFF, 0xFFFF, 0xFFFF, 0xFFFF, 0xFFFF, 0xFFFF, 0xFFFF, 0xFFFF, 0xFFFF, 0xFFFF, 0xFFFF, 0xFFFF, 0xFFFF, 0xFFFF, 0xFFFF, 0xFFFF, 
0xFFFF, 0xFFFF, 0xFFFF, 0xFFFF, 0xFFFF, 0xFFFF, 0xFFFF, 0xFFFF, 0xFFFF, 0xFFFF, 0xFFFF, 0xFFFF, 0xFFFF, 0xFFFF, 0xFFFF, 0xFFFF, 
0xFFFF, 0xFFFF, 0xFFFF, 0xFFFF, 0xFFFF, 0xFFFF, 0xFFFF, 0xFFFF, 0xFFFF, 0xFFFF, 0xFFFF, 0xFFFF, 0xFFFF, 0xFFFF, 0xFFFF, 0xFFFF, 
0xFFFF, 0xFFFF, 0xFFFF, 0xFFFF, 0xFFFF, 0xFFFF, 0xFFFF, 0xFFFF, 0xFFFF, 0xFFFF, 0xFFFF, 0xFFFF, 0xFFFF, 0xFFFF, 0xFFFF, 0xFFFF, 
0xFFFF, 0xFFFF, 0xFFFF, 0xFFFF, 0xFFFF, 0xFFFF, 0xFFFF, 0xFFFF, 0xFFFF, 0xFFFF, 0xFFFF, 0xFFFF, 0xFFFF, 0xFFFF, 0xFFFF, 0xFFFF, 
0xFFFF, 0xFFFF, 0xFFFF, 0xFFFF, 0xFFFF, 0xFFFF, 0xFFFF, 0xFFFF, 0xFFFF, 0xFFFF, 0xFFFF, 0xFFFF, 0xFFFF, 0xFFFF, 0xFFFF, 0xFFFF, 
0xFFFF, 0xFFFF, 0xFFFF, 0xFFFF, 0xFFFF, 0xFFFF, 0xFFFF, 0xFFFF, 0xFFFF, 0xFFFF, 0xFFFF, 0xFFFF, 0xFFFF, 0xFFFF, 0xFFFF, 0xFFFF, 
0xFFFF, 0xFFFF, 0xFFFF, 0xFFFF, 0xFFFF, 0xFFFF, 0xFFFF, 0xFFFF, 0xFFFF, 0xFFFF, 0xFFFF, 0xFFFF, 0xFFFF, 0xFFFF, 0xFFFF, 0xFFFF, 
0xFFFF, 0xFFFF, 0xFFFF, 0xFFFF, 0xFFFF, 0xFFFF, 0xFFFF, 0xFFFF, 0xFFFF, 0xFFFF, 0xFFFF, 0xFFFF, 0xFFFF, 0xFFFF, 0xFFFF, 0xFFFF, 
0xFFFF, 0xFFFF, 0xFFFF, 0xFFFF, 0xFFFF, 0xFFFF, 0xFFFF, 0xFFFF, 0xFFFF, 0xFFFF, 0xFFFF, 0xFFFF, 0xFFFF, 0xFFFF, 0xFFFF, 0xFFFF, 
0xFFFF, 0xFFFF, 0xFFFF, 0xFFFF, 0xFFFF, 0xFFFF, 0xFFFF, 0xFFFF, 0xFFFF, 0xFFFF, 0xFFFF, 0xFFFF, 0xFFFF, 0xFFFF, 0xFFFF, 0xFFFF, 
0xFFFF, 0xFFFF, 0xFFFF, 0xFFFF, 0xFFFF, 0xFFFF, 0xFFFF, 0xFFFF, 0xFFFF, 0xFFFF, 0xFFFF, 0xFFFF, 0xFFFF, 0xFFFF, 0xFFFF, 0xFFFF, 
0xFFFF, 0xFFFF, 0xFFFF, 0xFFFF, 0xFFFF, 0xFFFF, 0xFFFF, 0xFFFF, 0xFFFF, 0xFFFF, 0xFFFF, 0xFFFF, 0xFFFF, 0xFFFF, 0xFFFF, 0xFFFF, 
0xFFFF, 0xFFFF, 0xFFFF, 0xFFFF, 0xFFFF, 0xFFFF, 0xFFFF, 0xFFFF, 0xFFFF, 0xFFFF, 0xFFFF, 0xFFFF, 0xFFFF, 0xFFFF, 0xFFFF, 0xFFFF, 
0xFFFF, 0xFFFF, 0xFFFF, 0xFFFF, 0xFFFF, 0xFFFF, 0xFFFF, 0xFFFF, 0xFFFF, 0xFFFF, 0xFFFF, 0xFFFF, 0xFFFF, 0xFFFF, 0xFFFF, 0xFFFF, 
0xFFFF, 0xFFFF, 0xFFFF, 0xFFFF, 0xFFFF, 0xFFFF, 0xFFFF, 0xFFFF, 0xFFFF, 0xFFFF, 0xFFFF, 0xFFFF, 0xFFFF, 0xFFFF, 0xFFFF, 0xFFFF, 
0xFFFF, 0xFFFF, 0xFFFF, 0xFFFF, 0xFFFF, 0xFFFF, 0xFFFF, 0xFFFF, 0xFFFF, 0xFFFF, 0xFFFF, 0xFFFF, 0xFFFF, 0xFFFF, 0xFFFF, 0xFFFF, 
0xFFFF, 0xFFFF, 0xFFFF, 0xFFFF, 0xFFFF, 0xFFFF, 0xFFFF, 0xFFFF, 0xFFFF, 0xFFFF, 0xFFFF, 0xFFFF, 0xFFFF, 0xFFFF, 0xFFFF, 0xFFFF, 
0xFFFF, 0xFFFF, 0xFFFF, 0xFFFF, 0xFFFF, 0xFFFF, 0xFFFF, 0xFFFF, 0xFFFF, 0xFFFF, 0xFFFF, 0xFFFF, 0xFFFF, 0xFFFF, 0xFFFF, 0xFFFF, 
0xFFFF, 0xFFFF, 0xFFFF, 0xFFFF, 0xFFFF, 0xFFFF, 0xFFFF, 0xFFFF, 0xFFFF, 0xFFFF, 0xFFFF, 0xFFFF, 0xFFFF, 0xFFFF, 0xFFFF, 0xFFFF, 
0xFFFF, 0xFFFF, 0xFFFF, 0xFFFF, 0xFFFF, 0xFFFF, 0xFFFF, 0xFFFF, 0xFFFF, 0xFFFF, 0xFFFF, 0xFFFF, 0xFFFF, 0xFFFF, 0xFFFF, 0xFFFF, 
0xFFFF, 0xFFFF, 0xFFFF, 0xFFFF, 0xFFFF, 0xFFFF, 0xFFFF, 0xFFFF, 0xFFFF, 0xFFFF, 0xFFFF, 0xFFFF, 0xFFFF, 0xFFFF, 0xFFFF, 0xFFFF, 
0xFFFF, 0xFFFF, 0xFFFF, 0xFFFF, 0xFFFF, 0xFFFF, 0xFFFF, 0xFFFF, 0xFFFF, 0xFFFF, 0xFFFF, 0xFFFF, 0xFFFF, 0xFFFF, 0xFFFF, 0xFFFF, 
0xFFFF, 0xFFFF, 0xFFFF, 0xFFFF, 0xFFFF, 0xFFFF, 0xFFFF, 0xFFFF, 0xFFFF, 0xFFFF, 0xFFFF, 0xFFFF, 0xFFFF, 0xFFFF, 0xFFFF, 0xFFFF, 
0xFFFF, 0xFFFF, 0xFFFF, 0xFFFF, 0xFFFF, 0xFFFF, 0xFFFF, 0xFFFF, 0xFFFF, 0xFFFF, 0xFFFF, 0xFFFF, 0xFFFF, 0xFFFF, 0xFFFF, 0xFFFF, 
0xFFFF, 0xFFFF, 0xFFFF, 0xFFFF, 0xFFFF, 0xFFFF, 0xFFFF, 0xFFFF, 0xFFFF, 0xFFFF, 0xFFFF, 0xFFFF, 0xFFFF, 0xFFFF, 0xFFFF, 0xFFFF, 
0xFFFF, 0xFFFF, 0xFFFF, 0xFFFF, 0xFFFF, 0xFFFF, 0xFFFF, 0xFFFF, 0xFFFF, 0xFFFF, 0xFFFF, 0xFFFF, 0xFFFF, 0xFFFF, 0xFFFF, 0xFFFF, 
0xFFFF, 0xFFFF, 0xFFFF, 0xFFFF, 0xFFFF, 0xFFFF, 0xFFFF, 0xFFFF, 0xFFFF, 0xFFFF, 0xFFFF, 0xFFFF, 0xFFFF, 0xFFFF, 0xFFFF, 0xFFFF, 
0xFFFF, 0xFFFF, 0xFFFF, 0xFFFF, 0xFFFF, 0xFFFF, 0xFFFF, 0xFFFF, 0xFFFF, 0xFFFF, 0xFFFF, 0xFFFF, 0xFFFF, 0xFFFF, 0xFFFF, 0xFFFF, 
0xFFFF, 0xFFFF, 0xFFFF, 0xFFFF, 0xFFFF, 0xFFFF, 0xFFFF, 0xFFFF, 0xFFFF, 0xFFFF, 0xFFFF, 0xFFFF, 0xFFFF, 0xFFFF, 0xFFFF, 0xFFFF, 
0xFFFF, 0xFFFF, 0xFFFF, 0xFFFF, 0xFFFF, 0xFFFF, 0xFFFF, 0xFFFF, 0xFFFF, 0xFFFF, 0xFFFF, 0xFFFF, 0xFFFF, 0xFFFF, 0xFFFF, 0xFFFF, 
0xFFFF, 0xFFFF, 0xFFFF, 0xFFFF, 0xFFFF, 0xFFFF, 0xFFFF, 0xFFFF, 0xFFFF, 0xFFFF, 0xFFFF, 0xFFFF, 0xFFFF, 0xFFFF, 0xFFFF, 0xFFFF, 
0xFFFF, 0xFFFF, 0xFFFF, 0xFFFF, 0xFFFF, 0xFFFF, 0xFFFF, 0xFFFF, 0xFFFF, 0xFFFF, 0xFFFF, 0xFFFF, 0xFFFF, 0xFFFF, 0xFFFF, 0xFFFF, 
0xFFFF, 0xFFFF, 0xFFFF, 0xFFFF, 0xFFFF, 0xFFFF, 0xFFFF, 0xFFFF, 0xFFFF, 0xFFFF, 0xFFFF, 0xFFFF, 0xFFFF, 0xFFFF, 0xFFFF, 0xFFFF, 
0xFFFF, 0xFFFF, 0xFFFF, 0xFFFF, 0xFFFF, 0xFFFF, 0xFFFF, 0xFFFF, 0xFFFF, 0xFFFF, 0xFFFF, 0xFFFF, 0xFFFF, 0xFFFF, 0xFFFF, 0xFFFF, 
0xFFFF, 0xFFFF, 0xFFFF, 0xFFFF, 0xFFFF, 0xFFFF, 0xFFFF, 0xFFFF, 0xFFFF, 0xFFFF, 0xFFFF, 0xFFFF, 0xFFFF, 0xFFFF, 0xFFFF, 0xFFFF, 
0xFFFF, 0xFFFF, 0xFFFF, 0xFFFF, 0xFFFF, 0xFFFF, 0xFFFF, 0xFFFF, 0xFFFF, 0xFFFF, 0xFFFF, 0xFFFF, 0xFFFF, 0xFFFF, 0xFFFF, 0xFFFF, 
0xFFFF, 0xFFFF, 0xFFFF, 0xFFFF, 0xFFFF, 0xFFFF, 0xFFFF, 0xFFFF, 0xFFFF, 0xFFFF, 0xFFFF, 0xFFFF, 0xFFFF, 0xFFFF, 0xFFFF, 0xFFFF, 
0xFFFF, 0xFFFF, 0xFFFF, 0xFFFF, 0xFFFF, 0xFFFF, 0xFFFF, 0xFFFF, 0xFFFF, 0xFFFF, 0xFFFF, 0xFFFF, 0xFFFF, 0xFFFF, 0xFFFF, 0xFFFF, 
0xFFFF, 0xFFFF, 0xFFFF, 0xFFFF, 0xFFFF, 0xFFFF, 0xFFFF, 0xFFFF, 0xFFFF, 0xFFFF, 0xFFFF, 0xFFFF, 0xFFFF, 0xFFFF, 0xFFFF, 0xFFFF, 
0xFFFF, 0xFFFF, 0xFFFF, 0xFFFF, 0xFFFF, 0xFFFF, 0xFFFF, 0xFFFF, 0xFFFF, 0xFFFF, 0xFFFF, 0xFFFF, 0xFFFF, 0xFFFF, 0xFFFF, 0xFFFF, 
0xFFFF, 0xFFFF, 0xFFFF, 0xFFFF, 0xFFFF, 0xFFFF, 0xFFFF, 0xFFFF, 0xFFFF, 0xFFFF, 0xFFFF, 0xFFFF, 0xFFFF, 0xFFFF, 0xFFFF, 0xFFFF, 
0xFFFF, 0xFFFF, 0xFFFF, 0xFFFF, 0xFFFF, 0xFFFF, 0xFFFF, 0xFFFF, 0xFFFF, 0xFFFF, 0xFFFF, 0xFFFF, 0xFFFF, 0xFFFF, 0xFFFF, 0xFFFF, 
0xFFFF, 0xFFFF, 0xFFFF, 0xFFFF, 0xFFFF, 0xFFFF, 0xFFFF, 0xFFFF, 0xFFFF, 0xFFFF, 0xFFFF, 0xFFFF, 0xFFFF, 0xFFFF, 0xFFFF, 0xFFFF, 
0xFFFF, 0xFFFF, 0xFFFF, 0xFFFF, 0xFFFF, 0xFFFF, 0xFFFF, 0xFFFF, 0xFFFF, 0xFFFF, 0xFFFF, 0xFFFF, 0xFFFF, 0xFFFF, 0xFFFF, 0xFFFF, 
0xFFFF, 0xFFFF, 0xFFFF, 0xFFFF, 0xFFFF, 0xFFFF, 0xFFFF, 0xFFFF, 0xFFFF, 0xFFFF, 0xFFFF, 0xFFFF, 0xFFFF, 0xFFFF, 0xFFFF, 0xFFFF, 
0xFFFF, 0xFFFF, 0xFFFF, 0xFFFF, 0xFFFF, 0xFFFF, 0xFFFF, 0xFFFF, 0xFFFF, 0xFFFF, 0xFFFF, 0xFFFF, 0xFFFF, 0xFFFF, 0xFFFF, 0xFFFF, 
0xFFFF, 0xFFFF, 0xFFFF, 0xFFFF, 0xFFFF, 0xFFFF, 0xFFFF, 0xFFFF, 0xFFFF, 0xFFFF, 0xFFFF, 0xFFFF, 0xFFFF, 0xFFFF, 0xFFFF, 0xFFFF, 
0xFFFF, 0xFFFF, 0xFFFF, 0xFFFF, 0xFFFF, 0xFFFF, 0xFFFF, 0xFFFF, 0xFFFF, 0xFFFF, 0xFFFF, 0xFFFF, 0xFFFF, 0xFFFF, 0xFFFF, 0xFFFF, 
0xFFFF, 0xFFFF, 0xFFFF, 0xFFFF, 0xFFFF, 0xFFFF, 0xFFFF, 0xFFFF, 0xFFFF, 0xFFFF, 0xFFFF, 0xFFFF, 0xFFFF, 0xFFFF, 0xFFFF, 0xFFFF, 
0xFFFF, 0xFFFF, 0xFFFF, 0xFFFF, 0xFFFF, 0xFFFF, 0xFFFF, 0xFFFF, 0xFFFF, 0xFFFF, 0xFFFF, 0xFFFF, 0xFFFF, 0xFFFF, 0xFFFF, 0xFFFF, 
0xFFFF, 0xFFFF, 0xFFFF, 0xFFFF, 0xFFFF, 0xFFFF, 0xFFFF, 0xFFFF, 0xFFFF, 0xFFFF, 0xFFFF, 0xFFFF, 0xFFFF, 0xFFFF, 0xFFFF, 0xFFFF, 
0xFFFF, 0xFFFF, 0xFFFF, 0xFFFF, 0xFFFF, 0xFFFF, 0xFFFF, 0xFFFF, 0xFFFF, 0xFFFF, 0xFFFF, 0xFFFF, 0xFFFF, 0xFFFF, 0xFFFF, 0xFFFF, 
};